parent_asin,title,price,average_rating,rating_number,price_segment,rating_category,popularity_score,potential_brand,price_per_rating
B018JN8B9G,Novpeak 16G CZ Gem Clear Crystal Stainless Steel Star/Love / Square/Round Shape Tragus Lip Labret Rings Monroe Ear Cartilage Studs Earrings Body Piercing Jewelry for Women Girls (4 pcs),,3.9,81,,Average (3.5-4),0.2900463815169655,Novpeak,
B018JO21BE,bestseller2016 10pcs SMA RF Coax Connector Male Plug Crimp for RG58 RG142 Cable New,7.99,3.7,43,Budget (<$20),Average (3.5-4),0.2700243502964069,bestseller2016,2.1536388140161726
B018JR10LS,Silver Edition 15.5 x 21mm [704] c,,4.7,27,,Excellent (4.5-5),0.3700150739930138,Silver,
B018JR74S6,iON Camera SnapCam Wearable HD Camera with Wi-Fi and Bluetooth (White),,2.6,53,,Poor (<3),0.1600301479860276,iON,
B018JRPLUY,"JETech Bluetooth Keyboard Case for iPad Pro 12.9"" (2015 Model ONLY), 360 Degree Rotation, Multi-Angel Stand",,3.8,438,,Average (3.5-4),0.28025335903642395,JETech,
B018JRSY5I,BXQINLENX 4020 Dc12v 0.12amaxQuiet Brushless Cooling Fan Miniature Cooling Fans 40x40X20mm 5 Blade,,3.8,15,,Average (3.5-4),0.28000811676546894,BXQINLENX,
B018JU3AOA,BXQINLENX 4010 Dc12v Quiet Brushless Cooling Fan Miniature Cooling Fans 2pin 40x40mm 9 Blade,,3.8,23,,Average (3.5-4),0.2800127549171655,BXQINLENX,
B018JWCX8M,"MP1584EN,Honbay® 6 Pack MP1584EN Ultra Small DC-DC 3A Power Step-Down Adjustable Module Buck Converter 24V to 12v 9V 5V 3V",7.69,4.1,43,Budget (<$20),Good (4-4.5),0.3100243502964069,"MP1584EN,Honbay®",1.8710462287104626
B018JWEV8W,BXQINLENX 5015 Dc12v Quiet Brushless Cooling Fan Miniature Cooling Fans 2pin 50x50X15mm 7 Blade,,3.7,12,,Average (3.5-4),0.27000637745858275,BXQINLENX,
B018JXPI4M,SIKAICASE SK012-88 Patent The New Apple TV 4Gen Siri Remote Case Non-Slip-Grip & Secure for Apple TV Siri Remote Ergonomic Design Dustproof Silicone Case - Black,,3.6,36,,Average (3.5-4),0.26002029191367243,SIKAICASE,
B018JYHB2S,"EVGA Supernova 750 T2, 80+ Titanium 750W, Fully Modular, ECO Mode, 10 Year Warranty, Includes Free Power On Self Tester, Power Supply 220-T2-0750-X1",,4.7,8,,Excellent (4.5-5),0.37000405838273454,EVGA,
B018JYMD4Y,"FintieCase Silicone Case for Amazon Fire (Previous 5th Generation, 2015) - [Honey Comb Series] [Kids Friendly] Light Weight Anti Slip Shockproof Back Cover (NOT Fit All-New Fire 7 2017), Magenta",,4.3,122,,Good (4-4.5),0.3300701520444103,FintieCase,
B018JYMEFW,"KFK Headphone Adapter & Splitter, Headphone Jack Audio & Charge Connector Splitter Calling/Charger/Music/Remote Control for iP7/7 plus/8/8 Plus/X/XS/XR",,4.3,199,,Good (4-4.5),0.3301147942544896,KFK,
B018K0GR12,Replacement IR Remote Controller for M8 Android TV Box Matricom G-Box Q,,4.3,248,,Good (4-4.5),0.330143202933631,Replacement,
B018K1BB1C,Goldenwide High Speed All in 1 USB Memory Card Reader & 22 Slots SD Memory Card Memory Card Case (Black) Combo,,3.1,23,,Below Avg (3-3.5),0.21001275491716553,Goldenwide,
B018K251JE,"Boytone BT-210FB Wireless Bluetooth Stereo Audio Speaker with Powerful Sound, Bass System, Excellent Clear Sound & FM Radio, Remote Control, Aux-In Port, USB/SD/for Phone's, Laptops, Black, 30 W",99.99,4.3,734,Mid ($50-100),Good (4-4.5),0.3304249706491963,Boytone,23.199535962877032
B018K28HOU,"MYPIN HDMI Extender with Loop-Out Local Display, 1080P Transmission up to 196ft/60m Over Single Cat6/6a/7/8 Ethernet Cable with IR Blaster and Receiver Cables (LKV372pro)",47.99,4.1,423,Low ($20-50),Good (4-4.5),0.31024466250199295,MYPIN,11.676399026763992
B018K7Z234,"[New Generation] Network HDMI Extender, AutoWT Over Cat6/6a/7 Ethernet Cable with IR up to 196ft 60m Support 3D 1080P",,3.5,21,,Below Avg (3-3.5),0.2500115953792414,[New,
B018KAR7G6,"Caeden Linea N°2 In-Ear Headphone, Faceted Carbon & Gold",,3.3,51,,Below Avg (3-3.5),0.2300289884481034,Caeden,
B018KDKTUO,Vehicle Car Reverse Backup Parking Camera HD Color CCD Waterproof 170 Degree Viewing Angle Rearview Black,,3.5,11,,Below Avg (3-3.5),0.25000579768962067,Vehicle,
B018KE5XUO,"EMART Umbrella Photography Lighting Kit with 700W CFL 5500K Bulbs,Soft Light Continuous Reflective Umbrella Lights Photography Kit for Portrait Studio Video Recording, Filming, Podcast",79.99,4.6,3767,Mid ($50-100),Excellent (4.5-5),0.3621834099111504,EMART,17.351409978308027
B018KM8AC4,Fingerprint Reader 2-PACK for Microsoft 8.1 and Windows 10 - Supports Windows Hello - Sign-in to Windows Using Your Finger - Remember Your Windows Password,,3.1,13,,Below Avg (3-3.5),0.21000695722754484,Fingerprint,
B018KMI2MW,"Asus X553SA-BHCLN10 15.6-Inch Laptop (Intel Celeron Dual Core N3050 Processor, 4GB, 500 GB HDD, Windows 10), Black",385.0,4.0,334,High ($200-500),Average (3.5-4),0.3001930630643689,Asus,96.00997506234414
B018KSQIEK,Seneca AV SN21 Stationary Flat Panel TV Mount – Fits Most 26-inch to 50-inch Displays – Black,,4.6,20,,Excellent (4.5-5),0.3600110156102793,Seneca,
B018KXK652,Apple iPad Air MD785LL/A 16GB (Black/Space Gray),,4.5,1356,,Good (4-4.5),0.350785586943603,Apple,
B018KYXBBC,"HP Pavilion 15.6"" Flagship Laptop, 6th Gen Skylake Intel i7-6700HQ Quad-Core Processor(6M Cache, up to 3.5 GHz), FHD IPS Touchscreen, 8GB DDR3, 1TB HDD, DVD, HDMI, 802.11AC, Windows 10",499.0,3.8,144,High ($200-500),Average (3.5-4),0.2800829069615758,HP,130.9711286089239
B018LALA5Y,"Rockville RVD15BGB Black/Grey/Tan 15"" Flip Down Car Monitor w DVD/HDMI/Games/USB",,2.9,68,,Poor (<3),0.1900388445204586,Rockville,
B018LB7YQM,"Parblo A610 10 x 6 Drawing Tablet with 8 Express Keys, 2 P50S Rechargeable Pen Graphics Tablet, Wool Felt Liner Bag, Replacement Nibs, Transparent Film and Two-Finger Glove",,4.3,118,,Good (4-4.5),0.33006783296856207,Parblo,
B018LD1XBW,"USB Cords(6ft), iSeekerKit 3 Pack High Charging Speed USB 2.0 A Male to Micro Nylon Braided Cords with Aluminum Connector Compatible for Android, Galaxy s6 s7 and More(Silver&Golden&Black)",,4.2,901,,Good (4-4.5),0.32052179206586184,USB,
B018LEUW8G,AKG K550MKII Sealed Headphone New Generation 50mm Diameter Dynamic Driver Adopted Reference Black K550MKIIBLK,,3.7,24,,Average (3.5-4),0.2700133346861276,AKG,
B018LHMRA4,Arama Walkie Talkie Earpiece Pro D Shape Radio Earpiece Headset with PTT & Mic Compatible with 2 PIN Kenwood HYT Puxing Wouxun Lt-2288 Lt-3107 Lt-3188 Lt-3260 Lt-3268 Etc 2 Way Radios B108K01,,4.0,224,,Average (3.5-4),0.30012928847854137,Arama,
B018LI2F14,"BlueAnt - Pump Lite HD Wireless Sportsbuds, IP54 Sweat-Proof, Siri and Google Integration (Black)",29.0,3.4,44,Low ($20-50),Below Avg (3-3.5),0.24002493006536893,BlueAnt,8.504398826979473
B018LK9PNS,Strontium Nitro Plus 64GB OTG USB 3.0 Flash Drive with Micro USB Connector for Android Mobile Devices - SR64GSLOTG1Z,,4.2,1206,,Good (4-4.5),0.32069862159929274,Strontium,
B018LKX8C2,"iPad Mini 4 Protective Keyboard Case,Dingrich Colorful Sleek Ultra-Slim Bluetooth Keyboard Case Cover Built-in Stand+Free Screen Protector&Stylus for iPad Mini 4 (Gold)",,3.6,31,,Average (3.5-4),0.26001739306886207,iPad,
B018LNFTLM,Kanto T3760 Tilting Mount for 37-60 Inch TVs | Black,79.99,4.2,89,Mid ($50-100),Good (4-4.5),0.3200510196686621,Kanto,19.0
B018LQGI6O,"Neewer 59""/150cm Aluminum Alloy Photography Light Stand,Reverse Folding Leg Stand for Reflector,Softbox,LED Light,Ring Light,Umbrella and Background",,4.1,185,,Good (4-4.5),0.3101066774890206,Neewer,
B018LU91UU,Bobino Screen Shelf Original - Black - Stylish Minimalist Monitor Mounted Organizer,,4.4,77,,Good (4-4.5),0.3400440624411173,Bobino,
B018LVN8B2,"Monoprice 107230 3.5mm Stereo Jack to 3.5mm Stereo Jack Adaptor, Gold Plated",3.88,4.4,640,Budget (<$20),Good (4-4.5),0.34037047236676193,Monoprice,0.8798185941043083
B018LWGXAY,"Fire 7 2015 Case, TabPow [Kids Case] - [Shockproof][Drop Protection][Heavy Duty] Kids Children EVA Case with Carrying Handle Stand For Amazon Fire 7 Tablet (will only fit Fire 7"" 2015 release), Pink",,3.7,41,,Average (3.5-4),0.27002319075848275,Fire,
B018LXO3RI,"Fintie Case for RCA Galileo Pro 11.5"" / RCA 11.6"" HD/Maven Pro 11.6"" Tablet - PU Leather Cover Compatible with RCA Cambio W1162 V2 / W116 11 inch 2-in-1 Tablet, Navy",,4.3,76,,Good (4-4.5),0.33004348267215516,Fintie,
B018LZVIM4,"ORICO 7-Port USB Hub, USB 2.0 with 1' USB Cable for PC, Mac, Laptop, Desktop, Windows - Black",,3.4,16,,Below Avg (3-3.5),0.24000869653443102,ORICO,
B018M1MDDK,New 65W USB-C Charger Travel Compatible with Lenovo Chromebook 100e 300e 500e C330 S330 ThinkPad T480 T580 E14 E15 L13 L14 L15 P14s p15s T14 T15 A485 T590 C930 C940 AC Adapter Power Supply,20.99,4.4,150,Low ($20-50),Good (4-4.5),0.3400863855753483,New,4.759637188208616
B018M8L7Z8,"Mountek AIRSNAP Air Vent Car Mount for Cell Phones, Smartphones, Phablets and Mini Tablets- Frustration-Free Packaging - Black",,3.9,180,,Average (3.5-4),0.2901037786442103,Mountek,
B018M8LDXE,Ematic EDT312ANT HD 1080p Motorized Rotating Outdoor Amplified TV Antenna UHF/VHF/FM/720P/1080P/4k with 150 Mile Range,29.93,4.1,711,Low ($20-50),Good (4-4.5),0.3104116359630687,Ematic,7.282238442822385
B018MCEUR6,"Bestfy 2Pack 6FT USB2.0 to Type C Charging Cable Cord with Reversible Connector for New Macbook(12 inch), Google Nexus 5X 6P Pixel C, Nokia N1, Oneplus 2 and Other USB C Supported Devices.",,3.2,115,,Below Avg (3-3.5),0.22006609366167584,Bestfy,
B018MCWT4M,"Rosepark iPod Touch 7th Generation Case, iPod Touch 5 case,iPod Touch 6 Case, Owls Pattern 3-Piece Style Hybrid Shockproof Hard Case Cover for Apple iPod Touch 5 6 7th Generation(Pink)",7.99,4.5,159,Budget (<$20),Good (4-4.5),0.3500916034960069,Rosepark,1.771618625277162
B018MLEWH0,WheelWitness - Dashcam & GPS Power Supply Adapter Car Charger - 12V to 5V Mini USB - for WheelWitness HD PRO & All Other Mini USB Dashboard Cameras & GPS Navigation - Long Wire 12 Feet,,4.2,39,,Good (4-4.5),0.32002203122055867,WheelWitness,
B018MOVAI6,"iPad Mini 4 Case, Cambond Slim Fit Smart Stand Premium PU Leather Case Cover with Card Slots and Stylus Holder, Protective Lightweight Classic Folio Case Cover for Apple iPad Mini 4 (Blue)",,3.4,25,,Below Avg (3-3.5),0.24001391445508963,iPad,
B018MOVAKO,"iPad Mini 4 Case, Cambond Slim Fit Smart Stand Premium PU Leather Case Cover with Card Slots and Stylus Holder, Protective Lightweight Classic Folio Case Cover for Apple iPad Mini 4 (Black)",,3.6,35,,Average (3.5-4),0.26001971214471037,iPad,
B018MZRYFS,"Galaxy Tab 4 Case, kUTECK Heavy Duty Rugged Impact Dual Layer Hybrid Case Cover with Build in Kickstand Protective Case Cover for Samsung Galaxy Tab 4 7 inch T230 Tablet case Cover (Black)",,3.9,36,,Average (3.5-4),0.2900202919136724,Galaxy,
B018N0L7LO,"Dell Inspiron 15.6-Inch Laptop (Intel Core i3-5015U Processor, 6GB RAM, 1TB HDD, Windows 10 Home 64-bit)",,3.8,132,,Average (3.5-4),0.28007594973403094,Dell,
B018N0LCLE,Webcam Cover | Silver Metal (1 Pack) Laptop Camera Cover Slide | Protects Computer & Smartphone Camera Against Hackers Swiss Made Webcamera Slider | Web Cam Blocker,,3.3,87,,Below Avg (3-3.5),0.2300498601307379,Webcam,
B018N8HSS2,RocketBus Replacement Sync Data Charger USB Cable for Fuhu Tablets Nabi DreamTab Nabi 2S Nabi Jr Jr. S XD Elev-8,,4.2,99,,Good (4-4.5),0.3200568173582828,RocketBus,
B018N9BLUC,Newmowa Waterproof Case for Polaroid Cube and Cube+,16.99,4.4,452,Budget (<$20),Good (4-4.5),0.34026147580189303,Newmowa,3.852607709750566
B018NEG92M,ZMD 3 IN 1 i-Flash Drive OTG iFlash MicroSD Memory Card Reader Adapter For iPhone 6 6 PLUS 5 5S IPAD MINI AIR,,3.4,37,,Below Avg (3-3.5),0.24002087168263447,ZMD,
B018NSWS78,"jntworld Adjustable Mount for GoPro, Skateboard Camera Bottom Mount X Games, Black",,3.0,15,,Poor (<3),0.20000811676546898,jntworld,
B018NVAWJG,"KILINEO cb31005 External CD/DVD Drive,USB 3.0 DVD +/-RW Superdrive CD Burner with High Speed Data Transfer Compatible for MacBook Laptop Desktop PC Windows10 /8/7 /XP Linux Mac OS, Black",,2.8,33,,Poor (<3),0.18001855260678618,KILINEO,
B018OB5RB8,G.Skill Ripjaws V Series 32GB (2 x 16GB) 288-Pin SDRAM (PC4-19200) DDR4 2400 CL15-15-15-35 1.20V Dual Channel Desktop Memory Model F4-2400C15D-32GVR,63.99,4.6,431,Mid ($50-100),Excellent (4.5-5),0.3602493006536895,G.Skill,13.88069414316703
B018OLTP7K,"iBenzer MacBook Pro Retina 13"" Plastic Hard Case, (Metallic Pink)",,3.5,66,,Below Avg (3-3.5),0.2500376849825345,iBenzer,
B018ON5ILU,"Dell 2016 High Peformance Inspiron i3050 Mini Micro Desktop (Intel Celeron, 2 GB RAM, 32 GB SSD)",,3.6,48,,Average (3.5-4),0.2600272491412172,Dell,
B018OV45UW,"Multi Charging Cable, 5 In1 Finger Ring Charger Cable with Type C, 8Pin, Micro, Mini USB Ports (1PC White+Blue)",,4.2,22,,Good (4-4.5),0.3200121751482035,Multi,
B018OW0JTW,Kyocera Hydro Air 4G LTE Android GSM Waterproof 8mp Led Camera LCD 5.0 Quad Core,,3.6,33,,Average (3.5-4),0.2600185526067862,Kyocera,
B018P8IWOO,Scanner SDR Antenna Tripod Portable Collapsible by Super Antenna SR1 UHF VHF broadband,99.99,4.2,35,Mid ($50-100),Good (4-4.5),0.3200197121447104,Scanner,23.750593824228027
B018PANFPS,"eTauro Compatible with Surface PRO/PRO4 Docking Station. DisplayPort, USB3, Charger, Gigabit Ethernet DUCGe4",,3.4,60,,Below Avg (3-3.5),0.24003420636876205,eTauro,
B018PIKY1I,Oursea 32GB Metal Usb Flash Drive 2.0 with Keychain (BW/6300),,3.8,49,,Average (3.5-4),0.28002782891017924,Oursea,
B018POLV3C,TCL 32S3750 32in 720p 60Hz Roku Smart LED HDTV (Renewed),,4.2,44,,Good (4-4.5),0.32002493006536903,TCL,
B018PON1CQ,"CASEMATIX Video Projector Hard Case with Customizable Foam Compatible with Epson VS240, EX3240, VS345, VS340, VS335W, EX7240 Pro, EX5240 Pro - Durable Hard Shell Travel Case with Padlock Rings",49.99,4.7,235,Low ($20-50),Excellent (4.5-5),0.3701356659371241,CASEMATIX,10.613588110403397
B018PQ3XTA,B+W 95MM F-PRO CLEAR with Multi-Resistant Coating (007M) for Camera Lens,158.0,3.3,23,Mid-High ($100-200),Below Avg (3-3.5),0.2300127549171655,B+W,47.734138972809674
B018PQ3ZX4,B+W 39MM XS-PRO Clear with Multi-Resistant Nano Coating (007M) for Camera Lens,,4.7,286,,Excellent (4.5-5),0.3701652341541896,B+W,
B018PQAXK2,Dashpoint AVC1 GoPro Action Video Case From Lowepro – Hard Shell Case For GoPro/Action Video Camera,43.54,4.6,227,Low ($20-50),Excellent (4.5-5),0.3601310277854275,Dashpoint,9.444685466377441
B018PQKETW,"SMSL Audio Sap-7 black Portable Headphone Amplifier, Black",,3.8,135,,Average (3.5-4),0.2800776890409172,SMSL,
B018PQPALY,Verbatim 32GB Metal Executive USB 3.0 Flash Drive - Gold - 99105,7.86,4.5,1297,Budget (<$20),Good (4-4.5),0.35075138057484095,Verbatim,1.7427937915742795
B018PYIAKE,Dual Electronics DC426BT Multimedia 3.7 inch Double DIN Car Stereo with Bluetooth & Built- in CD/MP3 Player,,4.0,82,,Average (3.5-4),0.3000469612859276,Dual,
B018Q0GN60,Intel BOXNUC6I5SYH NUC Kit NUC6i5SYH,349.0,4.1,269,High ($200-500),Good (4-4.5),0.3101553780818344,Intel,84.91484184914843
B018Q0L5GI,"iPod Touch 7th Generation case, 6th Generation Cases, Protective Case for iPod Touch 5 6 7 Gen Bumper Accessories (Orange)",,4.3,458,,Good (4-4.5),0.3302649544156654,iPod,
B018Q2IJZG,"West Coast Resale *New Turntable Belt After Market VPI HW 19, Mark 3, MkIII, Scout, SCOUTMASTER, Aries, Classic",17.99,3.5,13,Budget (<$20),Below Avg (3-3.5),0.25000695722754485,West,5.1253561253561255
B018Q3G2SQ,"iPhone Charger Dock,Walkas Charge and Sync Stand for iPod,iPhone 5 5s 6 6s plus with Charger Cable (gold)",,3.5,41,,Below Avg (3-3.5),0.2500231907584827,iPhone,
B018Q3JLEI,"Dell Optiplex 745 SFF Desktop Computer (Intel Core Duo Processor 1.86GHz, 4GB DDR2 Memory, 80GB HDD, DVDRW, Windows 10 Home) (Renewed)",,3.1,25,,Below Avg (3-3.5),0.21001391445508966,Dell,
B018Q5WJ9A,"Haafee Headphone Amplifier Portable Amps with Bass Turbo for Phones, For Car MP3s, Digital Players and computers (black)",,2.6,18,,Poor (<3),0.1600098560723552,Haafee,
B018Q6V4CM,"Samsung Galaxy Tab 4 7.0 Case, HAOCOO Stylish Art Print Slim PU Leather Flip Smart Stand Case with Card Slots for Samsung Galaxy Tab 4 7.0"" T230 /T231/ T235 (Butterfly)",,4.1,46,,Good (4-4.5),0.3100260896032931,Samsung,
B018Q70878,"SwissGear Breaker Laptop Backpack with 16"" Laptop Pocket & 10"" Tablet Pocket",,4.6,43,,Excellent (4.5-5),0.3600243502964069,SwissGear,
B018QDIO2S,"DIYPC Solo-T1-BK Black USB 3.0 ATX Mid Tower Gaming Computer Case with 2 x Blue Fans (1 x 120mm LED fan x front, 1x120mm fan x rear) Pre-installed",,4.1,29,,Good (4-4.5),0.31001623353093793,DIYPC,
B018QEETLM,"Vikeri Low Noise HDTV Indoor Digital Antenna Booster Signal Amplifier, Gain 25dB",,2.8,50,,Poor (<3),0.18002840867914136,Vikeri,
B018QLIVSC,"Leaton Digital Luxmeter/Digital Illuminance Light Meter lux meter with LCD Display(Range: 0.1~200,000 Lux Luxmeter, 0.01~20,000Fc)",14.99,4.3,422,Budget (<$20),Good (4-4.5),0.3302440827330309,Leaton,3.477958236658933
B018QPS0ZW,TNP iPad Screen Protector - Ultra Clear HD 0.33mm 9H 2.5D Anti-Scratch Anti-Fingerprint Tempered Glass Screen Protector Guard for iPad Air 2 and iPad Air 1 9.7-Inch,,4.1,13,,Good (4-4.5),0.31000695722754484,TNP,
B018QPS4XA,TNP iPad 4/3/2 Screen Protector - Premium Ultra Clear High Definition HD 0.33mm 9H 2.5D Anti-Scratch Anti-Fingerprint Tempered Glass Screen Protector Guard for Apple iPad 4/3/2 9.7-Inch Tablet,,3.4,17,,Below Avg (3-3.5),0.24000927630339308,TNP,
B018QPW6HA,DROK® 120W Car Power Supply Step Up Voltage Regulator 12V Transformer 10A DC-DC Boost Converter Module Input 5-11V Car Power Supply Converter for Radio,19.2,4.3,67,Budget (<$20),Good (4-4.5),0.33003826475149656,DROK®,4.454756380510441
B018QQOVF4,"Electronics-Salon 2PCS Aluminum Heatsink, 1.48"" x 1.44"" x 0.93"", Heat-Sink.",11.99,4.2,35,Budget (<$20),Good (4-4.5),0.3200197121447104,Electronics-Salon,2.847980997624703
B018QRO5FE,iPad Pro 12.9 Case (1st Gen) by Cuvr | Leather Folio Cover Stand with Apple Pencil Holder (Brown),,4.0,313,,Average (3.5-4),0.30018088791616543,iPad,
B018R1XOBK,Team Group TED48G2400C1601 D4 2400 8 GB C16 Internal Memory,17.99,4.5,791,Budget (<$20),Good (4-4.5),0.35045801748003425,Team,3.988913525498891
B018R3YBX8,SoundStrike 3.5mm Foldable Headphone Headset for Dj Headphone Mp3 Mp4 Pc Tablet sandisc Music Video and All Other Music Players (Sky Blue W/Mic),7.99,3.1,863,Budget (<$20),Below Avg (3-3.5),0.21049976084530317,SoundStrike,2.569131832797428
B018RA91ZE,Case Logic Reflexion Case for 17-Inch Laptop (RUL-117),44.63,4.4,54,Low ($20-50),Good (4-4.5),0.3400307277549897,Case,10.120181405895693
B018RBL3CC,Plantronics EHS APU-75 Electronic Hook Switch Adapter,63.56,4.3,103,Mid ($50-100),Good (4-4.5),0.33005913643413104,Plantronics,14.74709976798144
B018RE4CWW,"Mean Well LRS-150-24 Switching Power Supply, Single Output, 24V, 6.5A, 156W, 6.26"" L x 3.82"" W x 1.18"" H",22.87,4.6,203,Low ($20-50),Excellent (4.5-5),0.36011711333033786,Mean,4.9609544468546645
B018RELLL2,"Unik Case Black Gauntlet Amor EVA Hard Shell Universal Sleeve Zipper Case Bag for All 13"" 13-Inch Laptop Notebook/MacBook Pro/MacBook Unibody/MacBook Air/Ultrabook/Chromebook",,3.7,125,,Average (3.5-4),0.2700718913512965,Unik,
B018RFC9I0,4Keyboard Arabic Keyboard Stickers with White Lettering ON Transparent Background,3.76,4.3,347,Budget (<$20),Good (4-4.5),0.33020060006087576,4Keyboard,0.8723897911832947
B018RGBK66,HDE iPad Mini Kids Case Shockproof Handle Stand Cover for Apple iPad Mini 2/3 Retina (Light Pink),,4.4,81,,Good (4-4.5),0.3400463815169656,HDE,
B018RIKBQY,Earphones with Microphone 592W Premium Earbuds Stereo Headphones and Noise Isolating Made for iPhone iPod iPad Samsung Galaxy LG HTC (Bronze),,3.5,209,,Below Avg (3-3.5),0.2501205919441103,Earphones,
B018RIR02C,Ubiquiti Unifi Ap-AC Long Range - Wireless Access Point - 802.11 B/A/G/n/AC (UAPACLR5US),,3.9,36,,Average (3.5-4),0.2900202919136724,Ubiquiti,
B018RKDHRC,"MYTURTLE iPod Touch 7th 6th 5th Generation Case Shockproof Hybrid Hard Silicone Shell Impact Cover with Screen Protector for iPod Touch 7 (2019), iPod Touch 5/6 (2015), Kickstand Green Pink",12.99,4.5,974,Budget (<$20),Good (4-4.5),0.3505641152000928,MYTURTLE,2.8802660753880267
B018ROADJI,Expert Shield *Lifetime Guarantee* - THE Screen Protector for: Sony A7R III / A7R II / A7S II / A7 II - Anti Glare,14.95,4.1,44,Budget (<$20),Good (4-4.5),0.31002493006536896,Expert,3.637469586374696
B018RP7X0O,MEE audio EP-X7Plus-BK-MEE Stereo Bluetooth Wireless Sports in-Ear HD Headphones,,3.7,333,,Average (3.5-4),0.2701924832954068,MEE,
B018RSX0OY,Andoer® Crazy-Horse Leather Camera Case Bag with Shoulder Strap for Olympus OM-D EM10 E-M10 with 14-42mm Lens Only,,4.4,17,,Good (4-4.5),0.34000927630339317,Andoer®,
B018RV7SSU,"Leme EB20A Wireless Ergonomic Bluetooth 4.0 Over Ear Headphone with Built-in Mic and 12 Hour Battery, with Noise Reduction and Echo Cancellation, Perfect Headset for Gaming and Music (Black)",,4.1,307,,Good (4-4.5),0.310177409302393,Leme,
B018RVWADI,Minisuit Snap Rotating Case + Hand Strap for iPad Mini 4,,3.8,16,,Average (3.5-4),0.280008696534431,Minisuit,
B018RWVDY4,"Cmple - 1 Port Phone Jack Wall Plate RJ12 Telephone Cord Surface Mount Box Female Landline Phone Keystone Jack for 3 Line House Phone, Answering Machine, Fax",7.49,4.2,103,Budget (<$20),Good (4-4.5),0.3200591364341311,Cmple,1.7790973871733968
B018S2XR9W,Deepfox External USB3.0 Enclosure Caddy for 9.5mm SATA DVD Optical Drive,,3.9,14,,Average (3.5-4),0.2900075369965069,Deepfox,
B018S349RU,"USB C Cable, Tronsmart USB-C to USB-C Cable for ChromeBook Pixel, Google Pixel/Pixel XL, Nexus 5X / 6P, LG G5, HTC 10 and More (3.3 Feet, 1 x Black,1 x White)",11.62,3.9,62,Budget (<$20),Average (3.5-4),0.29003536590668616,USB,2.971867007672634
B018S49EVK,Dell Inspiron i3541-1001BLK Laptop Computer 15.6 LED Backlit Screen AMD A6 Procesor 4GB Memory 500GB Hard Drive Windows 10,,3.3,46,,Below Avg (3-3.5),0.23002608960329307,Dell,
B018S4OOIS,"ANTOP Dual-Omni-Directional Outdoor HDTV Antenna Exclusive Smartpass Amplifier &4G LTE Filter,Enhanced VHF/UHF Reception,45ft",,4.4,55,,Good (4-4.5),0.3400313075239518,ANTOP,
B018S65OBW,"Neewer® 30""-75""/76-190cm Swivel Head Aluminum Alloy 1/4"" Thread Mount Boom Arm Holder with Sandbag for Reflector,LED Video Light,Strobe Light,Monolight and Other Photographic Equipment",,4.1,285,,Good (4-4.5),0.3101646543852275,Neewer®,
B018S7DPU8,Zoegift ZOE-GB-040 16GB Glass Jar USB Flash Drive¡­,,4.4,152,,Good (4-4.5),0.34008754511327244,Zoegift,
B018S7ZNDU,Geekdigg High Speed All-in-1 USB 2.0 Card Reader USB Hub 3USB+MS/SD/M2/TF Card Reader 7 Slots USB Combo (USB 2.0),,4.0,167,,Average (3.5-4),0.30009624164770343,Geekdigg,
B018S8PO88,Hercules Tablet Holder (DG305B),,4.5,414,,Good (4-4.5),0.3502394445813344,Hercules,
B018S9GGH0,"Pilot Electronics EL-1400P Electroluminescent V2 Charge/Sync Micro USB Cable, Pink",40.1,4.0,80,Low ($20-50),Average (3.5-4),0.30004580174800344,Pilot,10.0
B018SA6D72,"Pilot Electronics CA-4213W 3 Foot Retractable Headphones, White",,3.7,63,,Average (3.5-4),0.27003594567564826,Pilot,
B018SB2Z3C,CSEXCEL® New Laptop Battery [Li-ion 14.8V / 58W] for Dell XPS 14z 14z-l412x 14z-l412z Laptop Battery V79y0 V79yo - 18 Months Warrantya,,3.9,21,,Average (3.5-4),0.29001159537924137,CSEXCEL®,
B018SJFCPM,CERRXIAN RJ45 Splitter Adapter 1 to 2 Dual Female Port CAT 5/CAT 6 LAN Ethernet Socket Splitter Connector Adapter,,3.6,117,,Average (3.5-4),0.26006725319959995,CERRXIAN,
B018SMYL9M,"Anwenk Standard 1/4""-20 Male to 1/4""-20 Male Threaded Tripod Screw Adapter Standard Tripod Mounting Thread Camera Screw Adapter Converter, Precision Made (5 Pack)",7.99,4.7,646,Budget (<$20),Excellent (4.5-5),0.3703739509805343,Anwenk,1.6963906581740977
B018SNHLA2,"FahanTech Simple Storage Series USB3.0 SuperSpeed External Hard Drive Enclosure for 2.5"" Laptop SATA Hard Drives and SSD. Anodized Aluminum Case Material/Super Compact Size",,3.6,58,,Average (3.5-4),0.26003304683083794,FahanTech,
B018SOU4PK,"Noctua NA-SAVP1 chromax.red, Anti-Vibration Pads for 120/140mm Noctua Fans (16-Pack, Red)",9.95,4.7,308,Budget (<$20),Excellent (4.5-5),0.37017798907135513,Noctua,2.1125265392781314
B018SOU6MG,"Noctua NA-SAVP1 chromax.Blue, Anti-Vibration Pads for 120/140mm Noctua Fans (16-Pack, Blue)",9.95,4.7,215,Budget (<$20),Excellent (4.5-5),0.3701240705578827,Noctua,2.1125265392781314
B018SPX73K,Sandisk Ultra micro SDHC Micro SD UHS-1 TF Memory Card 16GB 16G (Two Pack 16GB x 2 =32GB) Class 10 & Everything But Stromboli Memory Card Reader,14.04,4.2,53,Budget (<$20),Good (4-4.5),0.32003014798602764,Sandisk,3.334916864608076
B018SQDFLS,Amartshows 2 Pack Quick Install Metal Screw for Quick Release Neck Strap/R-Strap/Neck Sling Strap Holder/Canon/Nikon/Sony Camera,,3.5,17,,Below Avg (3-3.5),0.2500092763033931,Amartshows,
B018SRKKJC,Brenthaven Collins Courier 13in Laptop Bag Blue,,4.8,13,,Excellent (4.5-5),0.38000695722754485,Brenthaven,
B018STURCU,Canon XA35 Professional Camcorder,2690.0,4.2,29,Premium (>$500),Good (4-4.5),0.320016233530938,Canon,638.9548693586698
B018SX50ZK,Caseling Case Fits Graphing Calculator TI Nspire CX II CAS/CX II/CX/CX CAS | Carrying Storage Travel Bag Protective Pouch.,13.99,4.7,550,Budget (<$20),Excellent (4.5-5),0.3703182931601757,Caseling,2.970276008492569
B018T32HUU,"Arca-Swiss Compatible Fusion Lens Plate - 3.75"" Length - Color Black",,5.0,13,,Excellent (4.5-5),0.40000695722754487,Arca-Swiss,
B018T7O3IA,totallee iPhone 6 Tempered Glass Screen Protector | Hard Rounded Edges HD Clarity 3D Touch Compatible Bubble-Free Installation for iPhone 6 / 6s (4.7 inch) Clear Glass (2 Pack),,4.0,38,,Average (3.5-4),0.3000214514515966,totallee,
B018T98H7G,iJoy- Logo Premium Active Bluetooth Neck Band Gray,,3.5,40,,Below Avg (3-3.5),0.25002261098952067,iJoy-,
B018TF4MYC,DarbeeVision DVP5000S HDMI Video Processor with Darbee Visual Presence Technology,,3.7,66,,Average (3.5-4),0.2700376849825345,DarbeeVision,
B018TPL3VW,Cellphone Accessories,,4.2,35,,Good (4-4.5),0.3200197121447104,Cellphone,
B018TV7NQU,"CZH-LABS Electronics-Salon Low Voltage Disconnect Module LVD, 24V 30A, Protect/Prolong Battery Life.",19.99,4.5,16,Budget (<$20),Good (4-4.5),0.35000869653443106,CZH-LABS,4.4323725055432375
B018TVCZE0,ALFG Universal Replacement Remote Control for AKB69680438 AKB69680403 AKB69680401,,3.8,27,,Average (3.5-4),0.28001507399301373,ALFG,
B018TW0KN2,"Electronics-Salon Low Voltage Disconnect Module LVD, 12V 10A, Protect/Prolong Battery Life.",15.99,3.8,85,Budget (<$20),Average (3.5-4),0.2800487005928137,Electronics-Salon,4.196850393700788
B018TXQU4O,"Rockville 12"" Sub Box for 1999-2006 Chevy Silverado 1500 Xcab/99-06 GMC Sierra",109.95,3.9,67,Mid-High ($100-200),Average (3.5-4),0.2900382647514965,Rockville,28.120204603580564
B018TZ29K6,"Akonier in-The-Ear Earphones,Travel/Running/Sport Listening to Music Headphones with Mic, Noise Cancelling Stereo Sound Earbuds for MP3/CD/DVD/MD Player and Other Game Systems with 3.5mm Jack (Blue)",,3.1,29,,Below Avg (3-3.5),0.21001623353093793,Akonier,
B018U3DI6G,"EEEKit 2 in 1 Light Solution Kit for Gopro Hero 5 4 Session,External USB 2.0 Lens LED Ring Shooting Light",,3.9,30,,Average (3.5-4),0.2900168132999,EEEKit,
B018U3HDM6,TENQ 2-pin Covert Acoustic Tube Earpiece Headset for Kenwood Puxing Wouxun Baofeng Two Way Radio 2pin(3 Pack),17.99,4.1,319,Budget (<$20),Good (4-4.5),0.3101843665299378,TENQ,4.377128953771289
B018U5NVNY,"30 Pack SD MMC/SDHC PRO Duo Memory Card Plastic Storage Jewel Case (Memory Card not Included) (1 3/8"" x 1 3/8"" x 1/4"")",6.97,4.5,1220,Budget (<$20),Good (4-4.5),0.3507067383647617,30,1.5454545454545454
B018U79YQK,Angelbird Wings PX1 PCIe x4 M.2 Adapter,,4.2,58,,Good (4-4.5),0.320033046830838,Angelbird,
B018UF3MXI,"SoundOriginal 8mm (SMD3528) Strip to DC LED Light Strip Connector - 3528 to Transformer DC Jack - Connector of Single Color LED Strip Light, Connector Strip to Power Adaptor (4pack)",,3.9,19,,Average (3.5-4),0.2900104358413172,SoundOriginal,
B018UFCQE4,iMangoo Universal Zipper Wallet Case Battery Pack Carrying Case Protective EVA Hard Pouch Accessory Organizer Power Bank Sleeve Heavy Duty Storage Hard Drive Bag Travelling Carrying Case Black,,3.8,49,,Average (3.5-4),0.28002782891017924,iMangoo,
B018UFYOIA,"SKIVA [Apple MFi Certified][2-Pack] Cord2Go Duo (2.6ft/0.8m) Retractable Flat Charge and Sync 2-in-1 Cable with Lightning & microUSB connectors for iPhone X 8 8Plus 7 7+, Samsung & More [Model:CB145]",,4.0,34,,Average (3.5-4),0.3000191323757483,SKIVA,
B018UGVYFU,Cynergy 3 Port Ethernet Hub USB C with USB C for Macbook 12 Inch with Retina Display and Chromebook Pixel,,3.3,18,,Below Avg (3-3.5),0.23000985607235516,Cynergy,
B018UGWLFM,Samsung Gear VR Innovator Edition Wearable for Galaxy S6 and Galaxy S6 Edge (Certified Refurbished),,3.6,31,,Average (3.5-4),0.26001739306886207,Samsung,
B018UHLFVC,"Seadream 2Pack 6 inch 4-Pole 3.5mm Male Right Angle to 3.5mm Female Stereo Audio Cable Headset Extension Cable for Beats Dr. Dre Studio iPhone,M to F Audio Cable (2PACK RED)",,4.0,15,,Average (3.5-4),0.300008116765469,Seadream,
B018UJH34S,MOFI4500-4GXeLTE-SIM3 4G/LTE Router AT&T T-Mobile with Embedded SIM with Band 12,,2.9,14,,Poor (<3),0.19000753699650688,MOFI4500-4GXeLTE-SIM3,
B018UO72OO,"IFLASH [2 Pack] 3.5mm Auxiliary Audio Cable (3ft Long) AUX - Gold Plated Design, Male to Male - for iPods, iPhones, iPads, Android Smartphone, Tablet, MP3 Player, Home/Car Stereos & More (White)",7.99,4.4,37,Budget (<$20),Good (4-4.5),0.34002087168263456,IFLASH,1.8117913832199546
B018UOIH6G,"[Apple MFi Certified][4-Pack] Skiva Cord2Go Duo (2.6ft/0.8m) Retractable Flat Charge and Sync 2-in-1 Cable with Lightning & microUSB connectors for iPhone X 8 8Plus 7 7+, Samsung & More [Model:CB146]",,3.7,110,,Average (3.5-4),0.27006319481686547,[Apple,
B018UP7Z5O,Joby GorillaPod Magnetic Tripod with Ivation Wireless Bluetooth Camera Shutter Remote Control for Apple and Android Phones and Ivation Universal Tripod Mount for Smartphones,,4.1,454,,Good (4-4.5),0.31026263533981707,Joby,
B018UR5270,"Apple iPad Mini 4 (Wi-Fi + Cellular, 128GB) - Gold",,4.5,49,,Good (4-4.5),0.3500278289101793,Apple,
B018UR5OSW,"Apple iPad Mini 4 (Wi-Fi + Cellular, 128GB) - Space Gray",,4.6,58,,Excellent (4.5-5),0.3600330468308379,Apple,
B018UT1YJI,"[Photofast] Gigastone 32GB iPhone Flash Drive, Lightning and PC USB 3.0, Super App for iOS iPad, Backup Facebook Instagram Dropbox Google Drive Contacts 4K Video Music, Full iPhone Backup",,4.3,188,,Good (4-4.5),0.33010841679590686,[Photofast],
B018UWWMH8,SanDisk Extreme 32GB microSDHC UHS-I/V30/U3/Class 10 Card with Adapter (2-Pack),26.98,4.7,429,Low ($20-50),Excellent (4.5-5),0.37024814111576543,SanDisk,5.7282377919320595
B018UYHBVS,"Artix Headphones with Microphone for Travel, Work, Kids, Teens, Running Sport with In-line Controller (Green)",,4.1,84,,Good (4-4.5),0.3100481208238517,Artix,
B018UYOXS2,InFocus Projector,,3.5,13,,Below Avg (3-3.5),0.25000695722754485,InFocus,
B018V7BB4C,5V 2A(2000mAh) US Power Adaptor for Android TV MX2 MX Matricom Gbox Q MXIII MXQ CS918 M8 M8S M8N TX3 TX5 T95Z T95 Plus X96 X96 Mini,10.99,4.4,93,Budget (<$20),Good (4-4.5),0.3400533387445104,5V,2.492063492063492
B018V7VMMI,"ORICO 4-Port USB 3.0 Unibody Portable Data Hub for iMac, MacBook, MacBook Air, Mac Mini, PC, Laptop - Black",,3.9,45,,Average (3.5-4),0.290025509834331,ORICO,
B018V8ERSS,"Fintie Verizon Ellipsis 10 2015 Case - Slim Fit Premium Vegan Leather Cover for Verizon Ellipsis 10"" 4G LTE Tablet (NOT FIT 2017 Verizon Ellipsis 10 HD), Black",,4.6,124,,Excellent (4.5-5),0.3600713115823344,Fintie,
B018V9VXK2,"CERRXIAN Rotating and Swivel Twist USB 2.0 Type A Male to Type A Female 360 Degree Rotation Adjustable Right Angle Extension Adapter Convertor (2-Pack,AM-FM)",7.99,3.8,274,Budget (<$20),Average (3.5-4),0.2801582769266447,CERRXIAN,2.0971128608923886
B018VAQ2IO,GMYLE iPad Pro 12.9 Case Slim Snap Cover Crystal Hard Clear Case for Apple iPad Pro 12.9 Inch - Transparent,,3.6,15,,Average (3.5-4),0.260008116765469,GMYLE,
B018VBRT7Q,EBOUR High Speed 6Gbps USB 3.0 to SATA HDD Hard Disk Driver Converter Cable,,3.8,20,,Average (3.5-4),0.2800110156102793,EBOUR,
B018VD9MNS,"SwitchEasy CoverBuddy Pencil Holder Back Cover for iPad Pro 12.9-inch 2015 Version (Compatible with Smart Keyboard, Smart Cover and Apple Pencil) (White)",,3.0,45,,Poor (<3),0.20002550983433104,SwitchEasy,
B018VEI9RW,XRT500 Replacement Remote Control fit for Vizio Smart Internet LED TVs with QWERTY Keyboard,8.95,4.4,137,Budget (<$20),Good (4-4.5),0.3400788485788414,XRT500,2.0294784580498866
B018VHK10W,"iCasso Rubber Coated Hard Case Only Compatible Older MacBook Air 13 (Models: A1369 / A1466, Older Version Release 2010-2017), Left and Right Brain",,4.4,218,,Good (4-4.5),0.340125809864769,iCasso,
B018VILQ2I,"EMART 2000W Photography Video Studio Lighting Kit, Softbox Umbrella Continuous Photo Lighting, 8.5 x 10 Feet Backdrop Stand Support System, 3 Muslin Backdrops",,4.5,237,,Good (4-4.5),0.3501368254750482,EMART,
B018VKBGVC,HIGHROCK IR Hidden Infrared Remote Extender Receiver Emitter Repeater System (with Power Adapter),16.99,4.1,147,Budget (<$20),Good (4-4.5),0.310084646268462,HIGHROCK,4.1338199513382
B018VL9OME,"Nomadic Gear Universal Advanced Accessory kit with Epic Photo Shooting 101 ebook for GoPro, Sony Action Camera, Garmin, Ricoh Action Cam, SJCAM and Smartphones (41 Items)",,4.0,42,,Average (3.5-4),0.30002377052744483,Nomadic,
B018VQ24EO,"TNP 4K HDMI Cable (10FT) UHD HDMI 2.0 18GBPs High Speed Ultra HD 4K 60Hz HDR Cord, Gold Plated Connectors Ethernet & Audio Return Channel (ARC) for 4K TV Apple TV 4K, PS4 Pro, Xbox One X",18.99,4.4,73,Budget (<$20),Good (4-4.5),0.34004174336526904,TNP,4.3061224489795915
B018VY5844,PolarLander 2 DIN 7'' Inch LCD Touch Screen Car Radio Player Support Bluetooth Hands Free 1080P Movie Rear View Camera,39.9,3.8,200,Low ($20-50),Average (3.5-4),0.2801153740234516,PolarLander,10.47244094488189
B018WJQL0S,SDS DS-1250ZJ Universal Sun Rain Shade Camera Cover Shield for Outdoor Camera,22.99,4.5,1099,Low ($20-50),Good (4-4.5),0.3506365863203514,SDS,5.097560975609756
B018WKJZWS,"GRIFITI Nootle Heavy Duty Metal Bike Clamp and Universal Phone Mount Adjustable for All iPhones, Smartphones, Galaxy, Andriod, HTC One, Nokia, Fits Handlebars, Music and Mic Stands, Tripods",15.98,3.6,45,Budget (<$20),Average (3.5-4),0.26002550983433104,GRIFITI,4.426592797783933
B018WNFLH8,"Lenskirt XL- Larger Anti-Reflection Portable, Flexible, Cuts Glare from Camera Lens",54.0,3.7,35,Mid ($50-100),Average (3.5-4),0.2700197121447104,Lenskirt,14.555256064690028
B018WOOGN2,Spigen R12E Wireless Headphones Bluetooth Headphones w/Mic Earbuds Headset/CVC 6.0 Noise Cancelling/Bluetooth 4.1 / Sweat-Proof/HD Sound Quality/Workout Headphone/Noise Isolation Ear-tip,,3.7,305,,Average (3.5-4),0.27017624976446886,Spigen,
B018WUZURM,"Mosiso Plastic Hard Case Cover Only for MacBook Pro 13 Inch with Retina Display No CD-Rom (A1502/A1425, Version 2015/2014/2013/end 2012), Gold",,3.4,81,,Below Avg (3-3.5),0.24004638151696547,Mosiso,
B018WXZNSK,"Batterytec Battery for HP 240 G4, 245 G4, 250 G4, 255 G4, 256 G4, HP HS03 HS04, HP Notebook 14 14g, 15 15g Series, HSTNN-LB6U HSTNN-LB6V 807612-421 807956-001.",,3.9,15,,Average (3.5-4),0.29000811676546895,Batterytec,
B018WZK5XQ,DROK Waterproof 60W Automatic Step Up Down Voltage Regulator Stabilizer 10V-36V to 12V 5A Buck Boost Power Converter 12V Volts Regulator for Fan Motor,17.82,4.0,100,Budget (<$20),Average (3.5-4),0.30005739712724483,DROK,4.443890274314215
B018X3E1PA,Sapphire Radeon Nitro R7 370 2GB GDDR5 DVI-I/DVI-D/HDMI/DP OC Version PCI-Express Graphics Card 11240-10-20G,,3.3,5,,Below Avg (3-3.5),0.23000231907584825,Sapphire,
B018X3IM6Y,"Cable Matters 2-Pack USB-C Cable (USB A to USB C Cable, USB C to USB Cable) in Black 1 Foot for Samsung Galaxy S9, S8, Note 8, LG G6, V30, Nintendo Switch, Google Pixel, Nexus 5X, 6P and More",,3.9,99,,Average (3.5-4),0.2900568173582827,Cable,
B018X975QG,BZONE AC 100-240V to DC 24V 3A Black Color Switching Power Supply Converter Adapter for LED Rope Light Strip Lights (5.5x2.1mm DC Output Jack),,4.1,55,,Good (4-4.5),0.3100313075239517,BZONE,
B018XB7L9A,ONCHOICE 7 Ports USB 3.0 Hub Network with On/Off Switch High Super Speed Adapter with Cable for Laptop PC,,3.0,18,,Poor (<3),0.2000098560723552,ONCHOICE,
B018XCIGFC,Archeer Stereo Bluetooth 4.0 Speakers Home Theater Bookshelf Bass Subwoofer Wireless Speakers A320 with 3 Drivers,,3.2,18,,Below Avg (3-3.5),0.2200098560723552,Archeer,
B018XF558U,"TIRIN Case For Fire 7 2015- Super Light Weight Children Cover Kids Case For Fire 7 Inch Display Tablet (Only Fit Fire 7"" Display 5th Generation - 2015 Release) - Rose",,4.2,62,,Good (4-4.5),0.32003536590668624,TIRIN,
B018XG0M2I,ANTOBLE 9V AC/DC Adapter Charger for Korg Volca Bass/Volca Keys/Volca Beats Sequencer Analog Rythm Machine Power Supply 6.5ft Cord,,4.3,24,,Good (4-4.5),0.3300133346861276,ANTOBLE,
B018XGI0RW,LQM® 10.8V 7800mAh New 40Y6797 Laptop Battery for Lenovo IBM ThinkPad T60 R60 R500 W500 T500 SL300 SL400 SL500 40Y6795 42T4619 42T4620 92P1133,30.49,3.8,224,Low ($20-50),Average (3.5-4),0.2801292884785413,LQM®,8.002624671916012
B018XI7QSE,"iCoverCase for iPad Pro 12.9 Case Clear, Ultra-Thin Transparent Soft TPU Back Cover Resistant Flexible Case for iPad Pro 12.9""(2015/2017) (Clear)",11.59,4.5,263,Budget (<$20),Good (4-4.5),0.350151899468062,iCoverCase,2.5698447893569845
B018XIRD8C,"Type C/Micro USB 2-in-1 Duo Cable (3.3 ft), JOTO Micro Type-C Duo Cable with Type C Convert Adapter, Charging Data Sync Cable for Both Micro USB Devices and Type-C Devices (Black)",,4.4,83,,Good (4-4.5),0.3400475410548897,Type,
B018XIW4K4,SKYVAST 19.5V 7.7A 150W PA-5M10 Laptop Adapter Charger for Dell Alienware M14x M15x M2010; 5150 5160 9100 9200; Precision M4400 M4500,,3.9,30,,Average (3.5-4),0.2900168132999,SKYVAST,
B018XNXIEA,"ILEDGear Rapid Folding Softbox Diffuser Kit with Honey Comb Grid Compatible with Lightstorm LS 1S 1C / 500/576 F&V K4000 K4000S LED Light Panels, no Speedring Needed",,4.1,28,,Good (4-4.5),0.3100156537619759,ILEDGear,
B018XTGC60,Belinda 35 2-in-1 Mini Display Port to HDMI VGA Cable Adapter Aluminum Case for Apple MacBook/MacBook Pro/iMac MacBook Air/Mac Mini,,3.4,21,,Below Avg (3-3.5),0.24001159537924135,Belinda,
B018XUHWGS,"Belinda USB-C to 3-Port USB 3.0 Hub with Ethernet Adapter for USB Type-C Devices Including the new MacBook, ChromeBook Pixel and More (Silver Aluminum)",,3.0,7,,Poor (<3),0.20000347861377243,Belinda,
B018Y0RNMA,"Perixx Periduo-712W Wireless Mini Keyboard and Mouse Set, White, US English Layout,PERIDUO-712",22.99,4.2,191,Low ($20-50),Good (4-4.5),0.3201101561027931,Perixx,5.460807600950118
B018Y7LSN8,2) MB Quart XC1-216 90 Watt Car Audio Component 6.5 Inch Speaker Systems X-Line,,3.3,23,,Below Avg (3-3.5),0.2300127549171655,2),
B018YALTHK,"Rosewill SP-7260 2.0 Woofer Speaker System for Gaming, Music and Movies, 60W RMS",,3.2,34,,Below Avg (3-3.5),0.2200191323757483,Rosewill,
B018YD7XXG,HP Chromebook 11 G3 New Replacement LCD Screen for Laptop LED HD Matte,29.8,4.3,80,Low ($20-50),Good (4-4.5),0.3300458017480034,HP,6.914153132250581
B00YBCHVU0,SquareTrade 3-Year Floor Care Extended Protection Plan ($350-399.99),,3.9,86,,Average (3.5-4),0.2900492803617758,SquareTrade,
B018YGT8B8,JacobsParts Flat Tangle-Free Short USB 3.0 Cable A-Male to Micro-B (2 Foot),,4.1,74,,Good (4-4.5),0.310042323134231,JacobsParts,
B018YHSD3G,Cables Direct Online 500ft White Speaker Cable 14AWG Wire Cl2 in Wall Bulk 14/2 Gauge 2 Conductor Audio,88.5,4.6,233,Mid ($50-100),Excellent (4.5-5),0.3601345063991999,Cables,19.197396963123648
B018YKTD1Y,"Waterproof 8 GB SYRYN Swimbuds Flip Bundle for Swimming with Music | Drag and Drop MP3, AAC, M4a, FLAC Using PC or Mac (No Apple Music, Spotify, or Other Streaming Services)",79.99,4.0,4295,Mid ($50-100),Average (3.5-4),0.30248952792312267,Waterproof,19.947630922693268
B018YKVSMG,Epson Home Cinema 2045 1080p 3D Miracast 3LCD Home Theater Projector,500.0,4.3,192,High ($200-500),Good (4-4.5),0.3301107358717551,Epson,116.00928074245941
B018YMYQXC,"The Grizz | Yosemite, California Half Dome Bear Tribute Sticker | for Cars Trucks Vans RVs Boats Journals or Walls | 5""",5.95,4.6,522,Budget (<$20),Excellent (4.5-5),0.3603020596292377,The,1.2906724511930587
B018YNACBG,"BLUEWIND All New Fire 7 2017 Case, Protective Kids Case for Fire 7 2017 Tablet (7th Generation, 2017 Release) Light Weight Shock Proof with Handle Stand Kids Case Cover for Fire 7 2017 Tablet,Red",,4.2,51,,Good (4-4.5),0.3200289884481035,BLUEWIND,
B018YPGAN8,Roll Bar Mount Compatible with GoPro Cameras & 3-Way Pivot Arm,,3.9,79,,Average (3.5-4),0.2900452219790413,Roll,
B018YPWORE,"IOGEAR Universal Ethernet to Wi-Fi N Adapter - Speeds of up to 300Mbps on 2.4GHz - Push-button Wi-Fi Protected Setup (WPS) - Supports WEP, WPA, WPA2, TKIP and AES encryption - GWU637",,4.1,2348,,Good (4-4.5),0.31136071775397506,IOGEAR,
B018YQJWM8,Canon PowerShot G5 X Digital Camera w/ 1 Inch Sensor and Built-in viewfinder - Wi-Fi & NFC Enabled (Black),497.98,4.1,110,High ($200-500),Good (4-4.5),0.31006319481686545,Canon,121.16301703163019
B018YSB2I8,"QICENT PCI USB C Express Card with USB3.1, Type C 2 Ports Superspeed Up to 10 Gbps and 15-Pin Power Connector for Windows 7/8/8.1/10 Above & Linux Kernal",,3.0,52,,Poor (<3),0.20002956821706552,QICENT,
B018YV3ALM,"USB to Audio Jack,USB to 3.5mm Jack Audio Adapter,3.5mm to USB,USB Headphone Adapter with 3.5mm Aux Stereo Converter Compatible PS4/PS5/PC/Laptop,with Built-in Chip.Plug and Play (White)",,4.2,211,,Good (4-4.5),0.3201217514820345,USB,
B018Z6LNHE,"Dell AC Power Adapter 65 Watt Dell PN: G6J41, 0G6J41, MGJN9, 43NY4",20.88,4.6,216,Low ($20-50),Excellent (4.5-5),0.36012465032684476,Dell,4.5292841648590025
B018Z9NU9U,Dell 3 ft NEMA 5-15P to C5 AC Power Adapter Laptop Cord Cable K260C,3.99,4.6,396,Budget (<$20),Excellent (4.5-5),0.36022900874001706,Dell,0.8655097613882865
B018ZB17P2,XTRONS® 15.6 Inch 1080P Video HD Digital Widescreen Car Overhead Coach Caravan Roof Flip Down DVD Player Game Disc with HDMI Port,354.89,3.4,63,High ($200-500),Below Avg (3-3.5),0.24003594567564823,XTRONS®,104.0733137829912
B018ZB86WY,"APEVIA X-QPACK3-GN Micro ATX Cube Gaming/HTPC Case, Supports Video Card up to 320mm/ATX PS, 2xGreen Windows, USB3.0/USB2.0/HD Audio Ports, 1 x 140mm Green LED fan, Flip Open Design, Dust Filter–Green",,4.4,447,,Good (4-4.5),0.34025857695708267,APEVIA,
B018ZJ49TA,UY CHAN Shockproof Dustproof Waterproof Rugged Protective Case Bag Pouch,,4.5,38,,Good (4-4.5),0.3500214514515966,UY,
B018ZPI7VU,"ienza® Premium Quality Ultra-Slim Headset Audio Jack Adapter Compatible with mophie Juice Pack Helium, Air and Plus and Other Battery Packs",,4.0,80,,Average (3.5-4),0.30004580174800344,ienza®,
B019014Q9U,MythGeek Digital Optical Audio 24K Gold Plated Toslink Cable 6FT- CL3 Rated,,4.4,20,,Good (4-4.5),0.3400110156102794,MythGeek,
B019033I24,CERRXIAN 0.2m Gold 3.5mm Female Stereo Jack to 2 RCA Plug AUX Auxiliary Headphone Adapter Audio Y Cable(Black)(2-Pack),7.99,4.5,1272,Budget (<$20),Good (4-4.5),0.35073688635078926,CERRXIAN,1.771618625277162
B01904CH70,"OKEPS Hxeredue YuanKanJu Flip Filters FLIP4 Single Filter Kit with Dive Filter for GoPro Hero4, Hero3+ and Hero3 Cameras¡",,4.6,10,,Excellent (4.5-5),0.3600052179206586,OKEPS,
B0190MCSS0,LoveRPi Certfied MicroUSB 5.25V 2.5A Power Supply with Power Switch and Status LED for Raspberry Pi,,4.4,179,,Good (4-4.5),0.3401031988752483,LoveRPi,
B0190OS3W8,ienza® Replacement 3.5mm 4-Pole Male to 2.5mm 3-Pole Female Angled Adapter,7.85,4.4,37,Budget (<$20),Good (4-4.5),0.34002087168263456,ienza®,1.7800453514739227
B019111EIK,"Venterior Portable Fish Finder, Water Depth & Temperature Fishfinder with Wired Sonar Sensor Transducer and LCD Display",,3.9,231,,Average (3.5-4),0.2901333468612758,Venterior,
B01913LLU4,"Mosiso Plastic Hard Case Cover for MacBook Air 11 Inch (Models: A1370 and A1465), Wine Red",,4.4,192,,Good (4-4.5),0.34011073587175517,Mosiso,
B01913MTZU,"Mosiso Plastic Hard Case Cover Only for MacBook Pro Retina 15 Inch, Deep Red",,4.0,330,,Average (3.5-4),0.30019074398852064,Mosiso,
B01914BV1C,"LQM New VI04 Laptop Battery for HP ProBook 440 G2 450 G2 Q140 Q141 Q142 Q143,HP Envy 14 15 17 Series 14-v000-v099 15-k000-k099 17-f000-f099,fit 756743-001 756745-001 756479-421 HSTNN-DB6K HSTNN-LB6K",,3.5,128,,Below Avg (3-3.5),0.2500736306581827,LQM,
B01917F3VS,"JOIOT 10pcs 4GB USB 2.0 Flash Drive Memory Stick Fold Storage with Thumb Swivel Design (Bulk, Black)",,4.0,18,,Average (3.5-4),0.3000098560723552,JOIOT,
B01919TW0O,"TOPSKY(TM) iPad 2 Case,iPad 3 Case,iPad 4 Case,Premium PU Leather And Fabric Case Smart Auto Wake/Sleep Cover with Velcro Hand Strap, Card Slots Case for iPad 2/3/4 ,With Stand Feature ,Grey-Brown",,4.3,38,,Good (4-4.5),0.33002145145159656,TOPSKY(TM),
B0191ASMJK,"AGPtEK A06S Bluetooth 4.0 Hi-Fi 50 Hours 16GB Playback MP3 Lossless Sound Music Player, Color Blue (Supports up to 64GB),",,3.3,164,,Below Avg (3-3.5),0.23009450234081716,AGPtEK,
B0191B5I2I,Philip Shaw AK59-00146A New Remote Control AK59-00145A Replaced for Samsung Blu-Ray DVD Player BD-EM57 BD-EM57/ZA BD-EM57C BD-EM57C/ZA BD-EM59 BD-EM59/ZA BD-EM59C BD-EM59C/ZA BD-E5700,9.99,4.0,31,Budget (<$20),Average (3.5-4),0.3000173930688621,Philip,2.491271820448878
B0191BIJOW,"iSeekerKit Micro USB Charger(6ft), 2 Pack High Charging Speed USB 2.0 A Male to Micro Nylon Braided Cords with Aluminum Connector for Samsung, Android more(Golden&Silver)",,4.2,59,,Good (4-4.5),0.32003362659980006,iSeekerKit,
B0191BR39E,"Q-See 8 Channel High Definition 720p Security System QC938-8Z1-1 with 1TB Hard Drive, 6 720p Bullet Cameras, 2 720p Dome Cameras, and 80'Night Vision",,2.8,10,,Poor (<3),0.1800052179206586,Q-See,
B0191E6S42,TUSITA Charger Compatible with Garmin Forerunner 310XT 405 405CX 410 910XT - USB Charging Cable 100cm - Smartwatch Accessories,,4.2,449,,Good (4-4.5),0.3202597364950068,TUSITA,
B0191EBN06,"BaiFM Universal Carbon Fiber External Short Antenna For Toyota all model 4.7"" Inch",,3.0,35,,Poor (<3),0.20001971214471034,BaiFM,
B0191G0KPI,"Micro USB Charging Cable, iSeekerKit 2 Pack 10Ft High Charging Speed USB 2.0 A Male to Micro Nylon Braided Cords with Aluminum Connectors for Samsung, HTC, Android and More(Golden&Silver)",,2.8,25,,Poor (<3),0.18001391445508963,Micro,
B0191GGFY8,ISELECTOR 4-Outlet Surge Protector with 4 USB Output Power Strip Charging Station - 5 Feet Cord,,3.4,69,,Below Avg (3-3.5),0.24003942428942066,ISELECTOR,
B0191IIRSS,"Type-C to USB 3.0 Standard-A Plug Cable (3.3ft), Kirin USB-C Data Sync Cable Charging Wire Cord For Google Nexus 5X 6P , Pixel C , Chromebook Pixel , Macbook 12"", LG G5 , GoPro Hero 5 Black",,3.6,13,,Average (3.5-4),0.26000695722754485,Type-C,
B0191IU2ZY,"AVAWO Kids Case for Fire 7 2015 - Ultra Slim Lightweight Shock Proof Case for Fire 7 Tablet (Will only fit Fire 7"" Display 5th Generation - 2015 Release), Purple",,4.0,19,,Average (3.5-4),0.30001043584131726,AVAWO,
B0191KX5HE,"JJC Reversible Lens Hood Shade Protector & 67mm Filter Adapter Ring for Canon Powershot SX70 HS, G3 X, SX60 HS, SX50 SX40 HS, SX30 is, SX20 is, SX540 SX530 SX520 HS Replaces Canon LH-DC100 & FA-DC67B",16.99,4.3,464,Budget (<$20),Good (4-4.5),0.33026843302943776,JJC,3.9419953596287702
B0191R0G7O,"JOIOT 8GB USB 2.0 Flash Drive Memory Stick Fold Storage with Thumb Swivel Design (Bulk, Blue) - Pack of 10",,3.9,15,,Average (3.5-4),0.29000811676546895,JOIOT,
B0191R62ZY,ETvalley Waterproof High Definition Rear View Camera Car Backup Camera with Wide Range 170 ° Viewing Angle and Night Vision,,3.8,134,,Average (3.5-4),0.2800771092719551,ETvalley,
B0191S9I4K,"Sinywon Flexible Mini USB LED Light Lamp for Laptop, Keyboard, Power Bank, Portable Night Light or Reading Lamp (Pack of 3)",,4.2,637,,Good (4-4.5),0.3203687330598757,Sinywon,
B0191TM07G,BOSCH SECURITY VIDEO ISC-BPR2-WP12 Blue Line Gen2 PIR Motion Detector for Security Systems,,4.1,67,,Good (4-4.5),0.31003826475149654,BOSCH,
B01920H010,HP Stream 8 Tablet 32GB Windows 8.1(Renewed),,3.5,71,,Below Avg (3-3.5),0.2500405838273448,HP,
B01921HJ7E,"Type C USB-C Hub Artix CE450 USB-C to 3-Port USB 3.0 Hub with Ethernet Adapter for USB Type-C Devices Including the new MacBook, ChromeBook Pixel and More (3-Port + 1 Ethernet Port)",,3.7,34,,Average (3.5-4),0.27001913237574826,Type,
B01926S16W,Survivor All Terrain Case Compatible with iPad Mini 4 (Clear),19.95,4.6,155,Budget (<$20),Excellent (4.5-5),0.36008928442015853,Survivor,4.327548806941432
B01929ESG6,"NETGEAR PowerLINE 1000 Mbps, 1 Gigabit Port - Essentials Edition (PL1010-100PAS)",,4.1,1302,,Good (4-4.5),0.3107542794196513,NETGEAR,
B01929V7ZG,"NETGEAR PowerLINE 1000 Mbps WiFi, 802.11ac, 1 Gigabit Port - Essentials Edition (PLW1010-100NAS)",213.47,4.2,2380,High ($200-500),Good (4-4.5),0.3213792703607613,NETGEAR,50.705463182897866
B01929Y0YQ,TRENDnet Home Smart Switch (with Wireless Extender) THA-101,16.39,3.0,56,Budget (<$20),Poor (<3),0.2000318872929138,TRENDnet,5.445182724252493
B0192CFQZ0,JacobsParts 1:5 DC Daisy-Chain Power Splitter Cable 1 Female to 5 Male 5.5x2.1mm,4.99,4.3,77,Budget (<$20),Good (4-4.5),0.3300440624411172,JacobsParts,1.1577726218097448
B0192IOHRW,Hard Travel Case for Apple Dr. Dre Beats Pill+ Pill Plus Bluetooth Wireless Portable Speaker by co2CREA … (Travel Case - Size 2),,4.1,24,,Good (4-4.5),0.3100133346861276,Hard,
B0192JPCE8,co2crea Hard Travel Case for Anker 20W Premium Stereo Bluetooth Portable Speaker (A3143) (Travel Cse - Size 1),,4.5,226,,Good (4-4.5),0.3501304480164655,co2crea,
B0192OS8T4,HyCell Battery Tester (1900-0037),18.99,4.3,897,Budget (<$20),Good (4-4.5),0.3305194729900135,HyCell,4.406032482598608
B0192Q5SV8,GMYLE 13-13.5 Inch Felt/Leather Sleeve Case Bag for Microsoft Surface Book Lenovo ThinkPad Google Chromebook Toshiba Acer Sony Samsung Dell HP ASUS and Other laptops notebooks Tablets,,3.7,79,,Average (3.5-4),0.27004522197904135,GMYLE,
B0192Q7PWI,"MOSISO Laptop Shoulder Bag Compatible with 2019 MacBook Pro 16 inch with Touch Bar A2141, 15-15.6 inch MacBook Pro Retina 2012-2015, Notebook, Felt Slim Protective Briefcase Sleeve Carrying Case Cover",,4.4,290,,Good (4-4.5),0.3401675532300379,MOSISO,
B0192Y0JMS,"Beileshi 10x25 Compact Binoculars Large Eyepiece High Power Binocular with Low Light Night Vision Clear Waterproof Great for Outdoor Bird Watching Sports Games and Concerts Boy,Girl's Best Gift",,3.9,65,,Average (3.5-4),0.29003710521357234,Beileshi,
B0192Y6V34,JIUWU Mini PCI-E mSATA SSD to 2.5 inches SATA Hard Disk Enclosure Case Converter Adapter,,4.0,38,,Average (3.5-4),0.3000214514515966,JIUWU,
B0192ZDED8,"MemoryMarket USB 3.0 Card Reader Super Speed 2-slot 8-in-1 for SDXC, SDHC, SD, MMC, RS-MMC, Micro SDXC, Micro SD, Micro SDHC Card, Support UHS-I UHS-II and UHS-III Cards, 12 Months Warranty",8.08,3.8,15,Budget (<$20),Average (3.5-4),0.28000811676546894,MemoryMarket,2.120734908136483
B0192ZSMOY,"CoolBELL 12.9 Inch iPad Pro Sleeve Case Surface Pro 4 Cover with Elephant Pattern Ultrabook Fabric Sleeve Canvas Bag Exclusive for iPad Pro/Surface Pro 4/Women/Men,Blue",,4.6,494,,Excellent (4.5-5),0.3602858260982998,CoolBELL,
B0192ZURCE,CableDeconn 3-in-1 Mini DisplayPort 1.2V to DVI VGA HDMI TV HDTV Adapter Converter HDMI Full 4k X 2k Resolution,12.99,4.4,1006,Budget (<$20),Good (4-4.5),0.340582667806879,CableDeconn,2.945578231292517
B01930ZOOO,ROCK [Mula] Premium Metal Housing Tangle-Free Durable Braided Cable Low Distortion Noise Isolating Heavy Bass Wired Stereo In-Ear Earbuds Headphones Headset W/Mic Microphone 3.5mm Jack - Rose Gold,,3.8,41,,Average (3.5-4),0.2800231907584827,ROCK,
B01931VN4I,Easy Style New Laptop Battery for Apple A1175 A1211 A1226 A1260 A1150 MacBook Pro 15-inch series [Li-ion 6-cell 5800mAh],,3.0,35,,Poor (<3),0.20001971214471034,Easy,
B01932IVT2,Goliton SD CF Card Adapter SD Card to Type I Card Adapter for SLR Camera,16.95,4.1,201,Budget (<$20),Good (4-4.5),0.31011595379241375,Goliton,4.124087591240876
B01932JAIS,Goliton? Left 90 Degree Elbow USB 3.0 Male to USB 3.1 Type C Elbow Data Line Cable,,3.5,50,,Below Avg (3-3.5),0.2500284086791414,Goliton?,
B019357HB2,"19V AC DC Adapter Monitor for HP Pavilion 22cwa 25vx 22bw 23bw 23cw 24ea 24es 25bw 25es 25xw 27bw 27xi 27er, HP Monitor 20 21.5 23 23.8 25 27 Inch Power Supply Cord IPS LED Backlit Full HD Display",,4.1,208,,Good (4-4.5),0.3101200121751482,19V,
B01936D5JO,"Case for Fire 7 - Premium Folio Case with Stand for The New Fire, 7"" Display (Sept, 2015 Release) (Imprint Gray)",,4.4,120,,Good (4-4.5),0.34006899250648626,Case,
B01936KG1E,"iPad Pro 12.9 2015 Case, Icarercase Genuine Leather Case Folio Flip Smart Cover Auto Wake/Sleep Function [Magnetic Closure] Kickstand for Apple iPad Pro 12.9 Inch (Black)",,3.8,39,,Average (3.5-4),0.2800220312205586,iPad,
B019390XCS,"Dell XPS 15 9550 Laptop 15.6in 4K UHD (3840 x 2160) Touch, Intel i7-6700HQ 3.5GHz Quad Core 16GB RAM 512GB SSD NVIDIA GeForce GTX 960M w/ 2GB GDDR5 Windows 10 (Renewed)",,3.0,21,,Poor (<3),0.20001159537924137,Dell,
B0193ERYTI,Firstcom External USB 3.0 Slot-Loading DVD Burner CD Writer DVDRW Ultraslim for PC/Notebook/Apple MacBook/Pro Superdrive Mac iMac MacBook Air (Black),,3.3,20,,Below Avg (3-3.5),0.23001101561027928,Firstcom,
B0193QQ8UW,"WD Ae 6TB Hard Drive for Backup Storage - 3.5"" HD, SATA 6 Gbps, 64MB Cache - WD6001F4PZ",120.0,4.0,12,Mid-High ($100-200),Average (3.5-4),0.3000063774585828,WD,29.925187032418954
B0193RRQRK,"Mediabridge™ 12AWG 4-Conductor Speaker Wire (100 Feet, White) - 99.9% Oxygen Free Copper - ETL Listed & CL2 Rated for in-Wall Use (Part# SW-12X4-100-WH)",117.84,4.5,45,Mid-High ($100-200),Good (4-4.5),0.35002550983433106,Mediabridge™,26.12860310421286
B0193RRSP0,"Mediabridge™ 14AWG 4-Conductor Speaker Wire (100 Feet, White) - 99.9% Oxygen Free Copper - ETL Listed & CL2 Rated for in-Wall Use (Part# SW-14X4-100-WH)",79.84,4.7,141,Mid ($50-100),Excellent (4.5-5),0.3700811676546897,Mediabridge™,16.95116772823779
B0193RRYUY,"Mediabridge Solid Copper Cat7 Ethernet Cable (500 Feet, Blue) - Low-Smoke Zero Halogen Jacket (Part# C7-500-BLUE)",,4.1,49,,Good (4-4.5),0.31002782891017927,Mediabridge,
B0193YKGOS,SOUNDBOT SB566 WIRELESS BLUETOOTH STEREO SPORTS HEADSET,,2.6,35,,Poor (<3),0.16001971214471036,SOUNDBOT,
B01940XFLC,"ZTE Spro 2 (Wi-Fi Only) Android Projector with 5"" LCD Touch Display, Wi-Fi, Bluetooth, HDMI, USB and Micro SD Slot",,3.7,47,,Average (3.5-4),0.27002666937225517,ZTE,
B01946KZC8,Mission Power USB Cable for Powering The New Chromecast,7.29,3.8,59,Budget (<$20),Average (3.5-4),0.28003362659979997,Mission,1.9133858267716537
B0194B7TKO,Coming Data 9V 2A AC/DC Adapter Power Supply w/ 5.5x2.1mm DC Barrel Connector,,4.0,16,,Average (3.5-4),0.3000086965344311,Coming,
B0194B7UQW,"Coming Data 12V 1A 12W AC/DC Adapter w/ 5.5x2.1mm DC Barrel Connector (UL Certified), Works with 12V Breast Pump in Style Advance",15.99,3.9,29,Budget (<$20),Average (3.5-4),0.2900162335309379,Coming,4.0895140664961644
B0194B7VJ8,Gsinnerlink Coming Data 5V 1A 5W AC/DC Adapter Power Supply,,4.3,174,,Good (4-4.5),0.3301003000304379,Gsinnerlink,
B0194B7WSI,Coming Data 12V 2A 24W AC/DC Adapter Power Supply w/ 5.5x2.1mm DC Barrel Connector (UL Certified),,3.9,19,,Average (3.5-4),0.2900104358413172,Coming,
B0194B7YRC,Coming Data 5V 2A 10W AC/DC Adapter Power Supply w/5.5x2.1mm DC Barrel Connector (UL Certified),,4.1,20,,Good (4-4.5),0.31001101561027933,Coming,
B0194EM71W,Sky High Car Audio 2 Channel Twisted 12 ft RCA Cables Coated 12' OFC,12.95,4.6,76,Budget (<$20),Excellent (4.5-5),0.36004348267215514,Sky,2.8091106290672454
B0194F7108,"Hard Carrying Case, Carbon Fiber Design, Ego Travel Vape Case Multiple Uses [CASE ONLY] (Black)",,4.5,20,,Good (4-4.5),0.35001101561027936,Hard,
B0194H1NS2,"aLLreLi 6.6ft Lightning Sync & Charge USB Cable with Nylon Braided, Design with iOS 9 for iPhone 6S, 6, 6 Plus, 5S, 5C, 5, iPad 4, iPad Air 2, Mini 3, iPod 5th - Rose Gold",,3.6,85,,Average (3.5-4),0.26004870059281376,aLLreLi,
B0194JPIFE,DeepCool CPU Liquid Cooler Captain 120 White,,3.6,18,,Average (3.5-4),0.26000985607235516,DeepCool,
B0194MSV82,Raptor R5CAP PRO SERIES - 4.0 Farad Capacitor - Digital Top,89.99,4.2,125,Mid ($50-100),Good (4-4.5),0.32007189135129654,Raptor,21.375296912114013
B0194MV3XM,SanDisk X400 Solid State Drive - Internal (SD8SN8U-512G-1122),279.99,4.2,103,High ($200-500),Good (4-4.5),0.3200591364341311,SanDisk,66.5059382422803
B0194MV5U8,SanDisk SD8SN8U-128G-1122 X400 M.2 SSD 128GB,143.0,4.4,66,Mid-High ($100-200),Good (4-4.5),0.34003768498253456,SanDisk,32.42630385487528
B0194NGSA4,"iPad Air 2 Case, ESR iPad Air 2 PU Leather Smart Cover Folio Case Stand with Auto Sleep/Wake Function for iPad Air 2/iPad 6 (Silhouette)",,4.2,87,,Good (4-4.5),0.32004986013073794,iPad,
B0194NGU2A,"ESR Urban Series Case for The iPad Mini 4, Oxford Cloth Smart Cover Folio Case Stand with Auto Sleep/Wake Function Compatible for iPad Mini 4 2015 Release (De Nimes)",,4.4,1956,,Good (4-4.5),0.34113344832084425,ESR,
B0194NGUHU,"ESR Simplicity Series Stand Case for The iPad Air 2, [Multi-Stand View Angles] [Auto Wake/Sleep Function] Compatible for The iPad Air 2(De Nimes)",,4.1,430,,Good (4-4.5),0.31024872088472744,ESR,
B0194NGVBA,"ESR Case for iPad Air 2,Smart Case Cover PU Leather Case Tree Texture Ultra Slim Auto Wake & Sleep Function with Blue and Brown Streak Pattern for iPad Air 2,Twilight",,4.3,4113,,Good (4-4.5),0.33238400997202616,ESR,
B0194NZ22O,"C&E 6 Feet, Universal 2 Slot to Standard Non-Polarized Power Cord, Black",7.99,4.4,469,Budget (<$20),Good (4-4.5),0.3402713318742482,C&E,1.8117913832199546
B0194PWTUK,DTech Computer Monitor VGA Cable 5 Feet with Dual Ferrite Cores Standard 15 Pin Male to Male Wire Full HD 1080P,,4.3,199,,Good (4-4.5),0.3301147942544896,DTech,
B0194QNWWI,"Nexus 6 Case, PLESON [TOU] Google Nexus 6 Case Cover, Super-Thin Premium Crystal Clear Case Lightweight/NO Bulkiness/Shock Absorption/Scratch Resistant Soft TPU Protective Bumper Case for Nexus 6",,3.8,33,,Average (3.5-4),0.28001855260678615,Nexus,
B0194S15QG,"BOSS Audio Systems MCBK600B Speaker Amplifier Sound System, Bluetooth Remote Control, Weatherproof, 2 4 Inch Black Speakers, Compact Amplifier, Ideal for Motorcycles ATV and 12 Volt Applications",,3.3,81,,Below Avg (3-3.5),0.23004638151696546,BOSS,
B0194SY1G2,BRINCH New Soft Nylon Waterproof Laptop Computer Case Cover Sleeve Shoulder Strap Bag,,4.6,2043,,Excellent (4.5-5),0.3611838882205441,BRINCH,
B0194SY536,BRINCH New Soft Nylon Waterproof Laptop Computer Case Cover Sleeve Shoulder Strap Bag,,4.6,2046,,Excellent (4.5-5),0.36118562752743033,BRINCH,
B0194XDD3E,Vinabty New Replaced Remote Control RMX211 RM-X211 Fit for Sony CAR Stereo CXS-52FQU DSX-A30E WX-GT80UE CDX-DAB500A CDX-DAB500U CDX-G1000U CDX-G1000UE CDX-G1001U,9.99,4.3,47,Budget (<$20),Good (4-4.5),0.33002666937225517,Vinabty,2.317865429234339
B0194XQBDS,A1281 New Laptop Battery for A1286 (Late 2008) fit MB772 MB772/A MB772J/A,,3.8,41,,Average (3.5-4),0.2800231907584827,A1281,
B0194XT770,Autosion Aluminum HD Power Slim Backup Camera Reverse Cam,,3.8,28,,Average (3.5-4),0.28001565376197585,Autosion,
B0194YD6XU,"CableCreation Mini DP to VGA Cable 6FT, Mini DisplayPort (Thunderbolt 2) to VGA Adapter Compatible with Mackbook Pro/Air, iMac, Projector,HD Monitor, Surface Pro 3/4/5/6, 2M Black",,4.1,39,,Good (4-4.5),0.3100220312205586,CableCreation,
B0194ZE3TA,"Motorized VHS-C Cassette Adapter For JVC C-P7U CP6BKU C-P6U,Panasonic PV-P1,RCA VCA115, Model: , Electronics & Accessories Store",39.99,4.4,2328,Low ($20-50),Good (4-4.5),0.34134912237473375,Motorized,9.068027210884354
B01950TERA,Sony HDRCX455/B Full HD 8GB Camcorder (Black),,4.1,98,,Good (4-4.5),0.31005623758932066,Sony,
B01953VSLW,"Pyle Video Projector Mount Stand, Adjustable Height 20.5in-59in, Rotating Stand, Tripod Legs, Anti Slip Rubber, Easy Assemble, Includes Plate and Travel Bag for Home, Office or Classroom (PRJTPS37)",48.59,4.1,116,Low ($20-50),Good (4-4.5),0.3100666734306379,Pyle,11.822384428223847
B01953W7L2,"Monoprice 114541 Swivel Speaker Mount for Sonos Play:5, White",,4.1,24,,Good (4-4.5),0.3100133346861276,Monoprice,
B0195892TW,"PHEVOS 7 inch Tablet Pc Case Cover, Foldable and Solid Stand Case, Compatible with All Universal 7-8 inch Tablets PC(Black)",10.99,4.2,161,Budget (<$20),Good (4-4.5),0.320092763033931,PHEVOS,2.6104513064133017
B0195GQC4W,Silicone Keyboard Cover Skin for iMac Wired USB Keyboard with Numeric Keypad MB110LL/B (A1243) US Layout Protector Skin Accessories Black,6.99,4.3,46,Budget (<$20),Good (4-4.5),0.3300260896032931,Silicone,1.6218097447795825
B0195IJ49K,Cable Management Sleeve - Black/White Cord Protector by Office-Ace - Organize Your Office Wires,,3.1,13,,Below Avg (3-3.5),0.21000695722754484,Cable,
B0195ITC42,"Milliard Portable Mini Speaker Capsule, Compact for Your iPod or MP3",,3.2,18,,Below Avg (3-3.5),0.2200098560723552,Milliard,
B0195K2HFQ,"ROHN Guy Ring and Clamp Assembly for up to 1-1/4"" Antenna Masts - 1.25""",18.0,4.9,28,Budget (<$20),Excellent (4.5-5),0.39001565376197594,ROHN,3.6659877800407332
B0195KG65S,"ROHN Guy Ring and Clamp Assembly for up to 1-1/2"" Antenna Masts - 1.50""",18.0,4.1,34,Budget (<$20),Good (4-4.5),0.31001913237574824,ROHN,4.379562043795621
B0195LJD7A,Transcend 32GB microSDHC Memory Card Compatible With Samsung GALAXY GRAND PRIME Cell Phone - with SD Adapter,10.89,4.4,123,Budget (<$20),Good (4-4.5),0.34007073181337244,Transcend,2.4693877551020407
B0195Q17QU,"Amcrest HD 1080P-Lite 4CH Video Security System w/ Four 1.0 Megapixel IP67 Outdoor Bullet Cameras, 65ft Night Vision, 1TB HDD, (AMDV7214-4B-B)",,3.8,107,,Average (3.5-4),0.28006145550997924,Amcrest,
B0195S9W3S,3-Year Protection Plan plus Accident Protection for Amazon Tap (delivered via e-mail),47.99,3.7,98,Low ($20-50),Average (3.5-4),0.2700562375893207,3-Year,12.935309973045824
B0195SUXMM,Headset Buddy ClearMic for QC25 - Noise Cancelling Boom Microphone for The QuietComfort 25 Headphones (CM2502),,3.4,54,,Below Avg (3-3.5),0.24003072775498963,Headset,
B0195SV998,YCS basics 1 Foot DB9 9 Pin Serial / RS232 Male/Female Extension Cable,6.97,4.7,475,Budget (<$20),Excellent (4.5-5),0.3702748104880206,YCS,1.4798301486199574
B0195VDQZA,BAKTH Unique Premium 7 Color Illuminated LED Backlit Wired Multimedia USB Gaming Keyboard with Backlight Keycaps + Customized Large Mouse Mat,,3.8,22,,Average (3.5-4),0.2800121751482034,BAKTH,
B0195XYWGA,"Thermaltake Pacific DIY LCS 500mm Lengths V-Tubler PETG Hard Tubing (4-Pack) OD 16mm (5/8"") x ID 12mm (1/2"") CL-W065-PL16TR-A",19.03,4.7,347,Budget (<$20),Excellent (4.5-5),0.3702006000608758,Thermaltake,4.040339702760085
B0195XYYWC,"Lenovo ideacentre AIO 300 - 21.5"" FHD All-in-one (AMD A6, 8 GB RAM, 1TB HDD, AMD Radeon R4, Windows 10) F0BW000MUS",,3.5,33,,Below Avg (3-3.5),0.2500185526067862,Lenovo,
B0195XYZZS,"Lenovo ideacentre AIO 300 - 23"" FHD All-in-one (Intel Core i5, 8 GB RAM, 2TB HDD + 8 GB SSD, Nvidia GeForce 920A, Windows 10) F0BY005AUS",,3.6,41,,Average (3.5-4),0.26002319075848274,Lenovo,
B0195XZ45S,"Lenovo ideacentre AIO 300 - 23"" FHD All-in-one (Intel Core i3, 8 GB RAM, 1TB HDD, Windows 10) F0BY0041US",,3.5,20,,Below Avg (3-3.5),0.25001101561027933,Lenovo,
B0195XZBAQ,"Cooler Master CM Storm SF-19 V2 - 19"" Gaming Laptop Cooling Stand with 7 LED Backlight (R9-NBC-SF92K-GP)",,2.8,22,,Poor (<3),0.18001217514820345,Cooler,
B0195ZA0QO,"Micro USB Cord 3.3ft, iSeekerKit High Charging Speed USB 2.0 A Male to Micro Nylon Braided Data Cable with Aluminum Connectors Compatible for Galaxy s7 s6, Android and More[3 Pack]",,4.4,103,,Good (4-4.5),0.3400591364341311,Micro,
B01960JS4I,Comp Bind Technology Printer Dust Cover for HP Envy 7640 e All-in-ONE Printer. Black Nylon Dust Cover by Comp Bind Technology Dimensions 17.7'W x 16.8''D x 7.6''H,23.99,4.3,26,Low ($20-50),Good (4-4.5),0.3300144942240517,Comp,5.566125290023202
B01966PG1Q,"GRIFITI Travel Deck 15 x 10 Laptop Lap Desk Retrofits Inside Computer Sleeves Cases Packs for Macbook, Notebooks, Laptops and Writing (Travel Deck 15 x 10 Inch)",20.0,4.5,81,Budget (<$20),Good (4-4.5),0.35004638151696554,GRIFITI,4.434589800443459
B01968LDKC,"ORICO 4 Port USB 3.0 Square Portable Data Hub Expander - PC, Laptop, Desktop Computer, HDD Hard Drive - Black",,3.9,8,,Average (3.5-4),0.29000405838273446,ORICO,
B01969H6LQ,Sylvania SRC120 Portable Cassette Boombox with AM/FM Radio (Silver),,3.7,65,,Average (3.5-4),0.2700371052135724,Sylvania,
B01969PLQ8,"Godox TT600 Camera Flash Speedlite Master Slave Off GN60 Built-in 2.4G Wireless X System Transmission Compatible for Canon, Nikon, Pentax, Olympus, Fuji and Other DSLR Camera with Standard Hotshoe",65.0,4.6,798,Mid ($50-100),Excellent (4.5-5),0.3604620758627687,Godox,14.099783080260305
B0196A70G6,(3CMaker) USB-C to Micro USB Adapter Type C Male to USB micro B Female Supported Type-C Devices -Black(5pack),,3.9,33,,Average (3.5-4),0.29001855260678616,(3CMaker),
B0196ADI12,Cooler Master GM Series G750M - Compact 750W 80 Plus Bronze Modular PSU (6th Generation Skylake Support),,4.3,68,,Good (4-4.5),0.3300388445204586,Cooler,
B0196AHG3I,[2016 Updated] New Blu-Ray DVD Player Replaced Remote Control Substitute with Samsung AK59-00145A AK59-00146A,,4.4,22,,Good (4-4.5),0.34001217514820353,[2016,
B0196AHSTK,Philips Remote Control for Philips Television,6.76,4.5,454,Budget (<$20),Good (4-4.5),0.3502626353398171,Philips,1.4988913525498893
B0196AWFEI,Patriot Viper Elite Series DDR4 16GB (2 x 8GB) 2400MHz Kit (Red) PVE416G240C5KRD,,4.5,86,,Good (4-4.5),0.35004928036177585,Patriot,
B0196BGATI,CoastaCloud iPad 2/3/4 Really Thin Stand Cover with Magnetically Detachable Wireless Bluetooth Keyboard Case for Apple iPad 2 3 4 (Black),,4.2,345,,Good (4-4.5),0.3201994405229517,CoastaCloud,
B0196CYOFE,Ailun Screen Protector Compatible with iPad Pro 12.9 Inch 2015 and 2017 Model Premium Tempered Glass Apple Pencil Compatible Ultra Clear Anti Scratches Case Friendly,,4.5,1127,,Good (4-4.5),0.3506528198512893,Ailun,
B0196DRB2Q,Syba SD-DVIHDMI-MM-6 6-Foot DVI-D Male to HDMI Male Cable,,3.7,22,,Average (3.5-4),0.27001217514820347,Syba,
B0196DRCDO,"ipad 2/3/4 Case,Uvital 360 Degree Rotating PU Leather Case with Screen Protector Cover,Multi-angle Stand Folio Cover with Smart Wake Up Sleep for iPad 2 3 4(Navy Blue)",,4.0,73,,Average (3.5-4),0.300041743365269,ipad,
B0196G8OU6,Audicom PC Headset Adapter Computer Stereo Headphone Dual 3.5mm to Phone Rj9/Rj10 Converter Compatible with Plantronics M10 M12 Amplifier and Cisco IP Phones 7942 7945 7960 7960G 7961(PC35-CSC),,4.0,45,,Average (3.5-4),0.30002550983433107,Audicom,
B0196G8TIS,MINICO Protective PU Leather Camera Case Bag with Tripod Design Compatible for Canon PowerShot G9 X G9x with Shoulder Neck Strap Belt Black,18.79,3.9,23,Budget (<$20),Average (3.5-4),0.2900127549171655,MINICO,4.805626598465473
B0196GCGHI,"AGPTEK IMP HIFI 16GB MP3 Player, High Resolution Digital Audio Player with 1.3-inch OLED Screen, Supports to 64GB, Metal Brown",,3.8,406,,Average (3.5-4),0.2802348064296378,AGPTEK,
B0196JV12G,Pergear Portable Carrying Case for Feelworld FW279 FW759 T7 FW279S FW703 FW760 F7 FW759P FW74K A737 FH7 Lilliput A7S Bestview S7 Aputure VS-1 VS-2 FineHD and Other 7 Inch DSLR Video Monitors,,3.9,17,,Average (3.5-4),0.29000927630339307,Pergear,
B0196JV89C,Pergear Portable Carrying Case for Feelworld FW279 FW759 T7 FW279S FW703 FW760 F7 FW759P FW74K A737 FH7 Lilliput A7S Bestview S7 Aputure VS-1 VS-2 FineHD and Other 7 Inch DSLR Video Monitors,,4.6,536,,Excellent (4.5-5),0.3603101763947067,Pergear,
B0196KIZ9C,"VonHaus 05/081 Large Curved Glass Monitor Stand - Adjustable Height Multiple Screen Riser for PC Monitors, Computers, Laptops & TVs - 27.5 x 9.5 inches - Black",,4.6,796,,Excellent (4.5-5),0.36046091632484456,VonHaus,
B0196KJDVG,ASRock Motherboard Micro ATX DDR4 LGA 1151 H110M-DGS,69.99,4.3,216,Mid ($50-100),Good (4-4.5),0.3301246503268448,ASRock,16.238979118329468
B0196KKUH2,"GAME Wireless Speaker and Underwater Light Show Pool light 4308, Battery-Powered Speaker, Color LEDs Sync with Music, Lasts Up to 6 Hours, 1.4 Pounds, Blue",,3.2,266,,Below Avg (3-3.5),0.2201536387749482,GAME,
B0196KR23W,"ASUSTOR AS3102T 2-Bay INTEL Dual-Core NAS,Black",,4.2,86,,Good (4-4.5),0.3200492803617759,ASUSTOR,
B0196LF5U8,YKS Tablet Stand Mount Holder Bracket for DJI Phantom 3 & Inspire 1 (5.75 Inch),,3.2,27,,Below Avg (3-3.5),0.22001507399301382,YKS,
B0196LWLHI,Sapphire Radeon Nitro R9 Fury 4GB HBM HDMI/DVI-D PCI-Express Graphics Card 11247-04-40G,,4.0,12,,Average (3.5-4),0.3000063774585828,Sapphire,
B0196PR0H0,BANDC Micro SD/SDHC/SDXC Card Storage Holder Case,5.99,4.7,591,Budget (<$20),Excellent (4.5-5),0.3703420636876205,BANDC,1.2717622080679407
B0196QN2NU,CORSAIR DOMINATOR PLATINUM 16GB (4x4GB) DDR4 3200MHz C16 Desktop Memory,,4.4,15,,Good (4-4.5),0.34000811676546905,CORSAIR,
B0196VVMB4,"Deathly Hallows HP - Sticker Decal Notebook Car Laptop 3"" (White)",,4.3,88,,Good (4-4.5),0.3300504398997,Deathly,
B01974YUX2,"MyDigitalSSD 960GB (1TB) BP5e Slim 7 Series 7mm 2.5"" SATA III (6G) SSD Solid State Drive - MDS7-BP5e-1T",,3.6,22,,Average (3.5-4),0.26001217514820346,MyDigitalSSD,
B019781JC8,"(4 Pack) Video Surveillance Sign 5½x5½"" 4 Mil Sleek Vinyl Decal Stickers Weather Resistant Long Lasting UV Protected and Waterproof Made in USA by Sigo Signs",9.99,4.4,35,Budget (<$20),Good (4-4.5),0.34001971214471044,(4,2.2653061224489797
B0197A4VOY,3 Foot - Pair of RCA Males (Black & Red) to 2 Pairs of Banana Plugs on 16 AWG Speaker,13.95,4.4,41,Budget (<$20),Good (4-4.5),0.3400231907584828,3,3.1632653061224487
B0197D9PS8,Lexar High-Performance 64GB MicroSDXC 633x Class10 UHS-I U1 High-Speed Flash Memory Card - LSDMI64GBBNL633A,14.99,4.5,46,Budget (<$20),Good (4-4.5),0.3500260896032931,Lexar,3.3237250554323725
B0197E7DYU,Big Balance GA12 Tabletop Tripod Aluminum Alloy Portable Compact Travel for Camera or Handheld Gimbal (Black),,4.1,7,,Good (4-4.5),0.3100034786137724,Big,
B0197FRKCY,"Dell Gaming Monitor SE2417HG 23.6"" TN LCD Monitor with 2ms Response Time,black",199.87,4.6,347,Mid-High ($100-200),Excellent (4.5-5),0.36020060006087573,Dell,43.35574837310196
B0197FV8YU,AMERICALOC GPS Tracker. GL300 MXW Series. Mini Personal and Vehicle GPS Tracker. Long Battery Life. Advanced CAT M1 Technology,37.2,4.5,1558,Low ($20-50),Good (4-4.5),0.3509027002739409,AMERICALOC,8.248337028824835
B0197JICR2,"AmScope M170C-E 40X-1000X Dual LED Solid-Metal Portable Compound Microscope with Camera, White",129.34,3.8,37,Mid-High ($100-200),Average (3.5-4),0.28002087168263445,AmScope,33.947506561679795
B0197K0M6A,AmScope - 40X-1000X Cordless Student Compound Microscope + Slide Preparation Kit + World of The Microscope Book - M150C-SP14-CLS-50P100S-WM,154.99,4.6,140,Mid-High ($100-200),Excellent (4.5-5),0.3600805878857275,AmScope,33.62039045553146
B0197NJFLU,TDK Life on Record A33 Wireless Weatherproof Bluetooth Speaker (Certified Refurbished),,3.3,76,,Below Avg (3-3.5),0.23004348267215513,TDK,
B0197NMN46,WOVTE 2.5 Feet Auxiliary Retractable 3.5mm Male to Male Stereo Audio AUX Extension Cable Cord with Gold-Plated Connectors for iPhone Samsung MP3 Player Black Pack of 3,,3.2,67,,Below Avg (3-3.5),0.22003826475149657,WOVTE,
B0197OP4PU,"SmallRig Camera Base Plate with Rod Rail Clamp, Baseplate for Sony A6500 A6600 A6300, for Panasonic GH5 GH6, for Sony A7 Series, for Canon R5 R6, Both for Cameras & Cages - 1674",23.99,4.7,2654,Low ($20-50),Excellent (4.5-5),0.3715381270563681,SmallRig,5.0934182590233545
B0197PDJ9C,New N2QAYB000485 Replaced Remote fit for PANASONIC TV TC-P50U2 TC-P50X2 TC-P54S2 TC-P58S2 TC-P65S2 TH-32LRU20 TH-37LRU20 TH-42LRU20 TC-42PX34 TH-32LRH30U TH-32LRU30 TH-42LRU50 TH-37LRU50,6.94,4.5,1256,Budget (<$20),Good (4-4.5),0.35072761004739617,New,1.5388026607538805
B0197VCDN4,TURNTABLE BELT FOR TECHNICS SL-3 SL-18 SL-20 SL-22 SL-23 SL-42 SL-200K MCS-6502,4.49,4.7,171,Budget (<$20),Excellent (4.5-5),0.37009856072355174,TURNTABLE,0.9532908704883227
B0197W3NJ6,"Monoprice Surround Bookshelf Home Speaker, Set of 2, Black (114366)",,3.7,25,,Average (3.5-4),0.27001391445508965,Monoprice,
B0197W86IE,Intel 8260 IEEE 802.11ac - Wi-Fi Adapter,24.15,4.4,319,Low ($20-50),Good (4-4.5),0.3401843665299379,Intel,5.476190476190475
B0197X1BWG,"OmniMount Play25x Full Motion Interactive Mount with Extension for 19-37-Inch LED, LCD, OLED Flat Screen TVs w/VESA Patterns 75x75 to 200x200 Supports 25 pounds",,4.6,399,,Excellent (4.5-5),0.3602307480469033,OmniMount,
B01981DNLE,"AGPtek Game Capture Streaming Video HD 1080P 720P w/IR Video Capture for PS4 and PS3, Xbox ONE, N64, Blu-ray via HDMI, Ypbpr Component/Composite Input, USB Flash or SD Card",,3.3,111,,Below Avg (3-3.5),0.23006377458582752,AGPtek,
B01981EBBA,Arducam PRO Mini Atmega328 Development Board 5V/16MHz 328 Compatible with Arduino,,4.2,62,,Good (4-4.5),0.32003536590668624,Arducam,
B01982ES3K,Nettech RMT-B119A Replaced Remote Control,9.03,3.6,40,Budget (<$20),Average (3.5-4),0.2600226109895207,Nettech,2.5013850415512464
B01985B9MK,"Emarth 8X42 Dual Focus Binocular Compact Telescopes for Bird Watching / Viewing / Outdoor, Optics 397ft/1000yds Army Green",,3.4,17,,Below Avg (3-3.5),0.24000927630339308,Emarth,
B0198GNIO6,EACHSHOT YONGNUO YN685 YN-685 Wireless HSS TTL Speedlite Flash Build in Receiver Worked with YN622C YN622II-C YN622C-TX for Canon Filter + Diffuser,,3.9,22,,Average (3.5-4),0.29001217514820343,EACHSHOT,
B0198QDP26,FSP Group Hydro G HG650 650W ATX12V / EPS12V SLI CrossFire Ready 80 PLUS GOLD Certified Full Modular Active PFC Power Supply,,4.3,24,,Good (4-4.5),0.3300133346861276,FSP,
B0198W55ZU,Power Strip Surge Protector by Artix NRGPower C300 | 2 AC Outlets and 4 USB Charging Ports 5-Ft Cord - Black & Gray,,3.8,43,,Average (3.5-4),0.2800243502964069,Power,
B0198XNF6U,"Sceptre 65 Inche 4K UHD LED TV 3840x2160 MEMC 120 Ultra Thin HDMI 2.0 Upscaling U658CV-UMC, 2018",599.99,4.2,317,Premium (>$500),Good (4-4.5),0.32018320699201375,Sceptre,142.51543942992873
B0199375VA,Luxurii Clear iPhone 6/6S Case (Rose Gold - iPhone 6/6S),,3.9,83,,Average (3.5-4),0.2900475410548896,Luxurii,
B01993UABC,HDE Ear Pieces for Motorola Radios Walkie Talkie 2 Way Radio Earpiece with Mic for Law Enforcement 2 Pin Acoustic Tube Headset and PPT Compatible with CP200 GP2000 XU1100 PRO1150 MU13 (2 Pack),,3.9,98,,Average (3.5-4),0.29005623758932064,HDE,
B019955QV4,Fractal Design Node 202 Black - Compact Mini Tower Computer Case - Mini ITX - High Airflow - 2X 120mm Silent Fans Included - USB 3.0 - Integra 450W SFX Power Supply Included with US Plug - Black,299.99,4.4,112,High ($200-500),Good (4-4.5),0.3400643543547897,Fractal,68.02494331065759
B01995UABU,"LS Photography Photo Camera Lens Cleaning Air Blower with 6"" x 7"" Black SuperFiber Lens Cleaning Cloth, LGG87",7.6,4.3,104,Budget (<$20),Good (4-4.5),0.3300597162030931,LS,1.7633410672853829
B01996VL5S,MYGOFLIGHT PLC Sport iPad and Laptop Water Resistant Ballistic Nylon Aviation Flight and Travel Bag,229.0,4.2,50,High ($200-500),Good (4-4.5),0.32002840867914145,MYGOFLIGHT,54.394299287410924
B01996WS4Q,"Universal Remote Compatible with most LG Plasma LCD LED 3D TV & DVD Blu-ray Player, replace AKB72914207 AKB72915238 AKB72915206 . No need to set up, easy to USE!",8.5,4.3,60,Budget (<$20),Good (4-4.5),0.3300342063687621,Universal,1.97215777262181
B01997LHU6,Nikon AF-S FX NIKKOR 24-70mm f/2.8E ED Vibration Reduction Zoom Lens with Auto Focus for Nikon DSLR Cameras,1596.95,4.7,398,Premium (>$500),Excellent (4.5-5),0.3702301682779413,Nikon,339.0552016985138
B0199BCKYY,Sony FE 70-200mm F4 G OSS Interchangeable Lens for Sony Alpha Cameras,1398.0,4.4,247,Premium (>$500),Good (4-4.5),0.340142623164669,Sony,317.00680272108843
B0199BFAY6,Sony SEL1670Z Vario-Tessar T E 16-70mm F4 ZA OSS,798.0,4.0,140,Premium (>$500),Average (3.5-4),0.30008058788572756,Sony,199.00249376558605
B0199ELDWG,"MOSISO MacBook Air 13 Inch Case (Release 2010-2017 Older Version), Plastic Hard Shell Case & Keyboard Cover Only Compatible MacBook Air 13 Inch (A1369 & A1466), Wine Red",,4.1,174,,Good (4-4.5),0.31010030003043787,MOSISO,
B0199GINBI,Wideskall Gold Plated 75 - 300 Ohm Matching Transformer Cable,,4.0,43,,Average (3.5-4),0.30002435029640695,Wideskall,
B0199HAOAU,"Amazon Basics HDMI to DVI Adapter Cable, Bi-Directional 1080p, Gold Plated, Black, 3 Feet, 1-Pack",6.92,4.7,81186,Budget (<$20),Excellent (4.5-5),0.4170685431855406,Amazon,1.4692144373673035
B0199HESIE,Udigital HDMI to 3RCA AV Composite R/L Audio Video Converter Adapter Upscaler Support 720P/1080P with RCA/S-Video Cable,,3.9,257,,Average (3.5-4),0.29014842085428955,Udigital,
B0199HTWMG,Wideskall® 5 Pieces Gold Plated 90 Degree Right Angle F-Type Coaxial Connecto.,7.99,4.3,14,Budget (<$20),Good (4-4.5),0.3300075369965069,Wideskall®,1.8538283062645013
B0199HUWVG,honecumi Replacement Bands Compatible with Garmin Vivofit Wristband Watch Strap for Men & Women-Garmin Vivofit 1 Replacement Watch Band/Strap/Bracelet with Metal Buckle Clip-Free Size-Navy Blue,,3.7,14,,Average (3.5-4),0.2700075369965069,honecumi,
B0199KGAX2,CFZC Portable Stepless Dimmable USB Port Flexible Stick With On/Off Touch Switch Switch LED Light Lamp for Laptop Computer PC(black),,3.3,22,,Below Avg (3-3.5),0.23001217514820343,CFZC,
B0199M80MY,"CERRXIAN 12 inchs Golden Plated Metal Stereo 3.5mm Male to 6.35mm Female Cable, 1/8 Male to 1/4 Female Stereo Jack Cable(Black)",,3.8,41,,Average (3.5-4),0.2800231907584827,CERRXIAN,
B0199SSEN8,"G.Skill TridentZ 32 GB (16 GB x 2) DDR4 3200 MHz C16 1.35 V Memory Kit, (F4-3200C16D-32GTZA)",,3.9,19,,Average (3.5-4),0.2900104358413172,G.Skill,
B0199XACYC,Godox 120cm/47.2in Portable Octagon Softbox Umbrella Brolly Reflector for Speedlight Flash,,4.4,48,,Good (4-4.5),0.3400272491412173,Godox,
B0199XNUKU,SiriusXM SXV300 Standalone Vehicle Tuner (Replacement-Antenna not included),38.98,4.7,378,Low ($20-50),Excellent (4.5-5),0.3702185728986999,SiriusXM,8.276008492569002
B019A81BIW,Mushkin Essentials – DDR4 Laptop DRAM – 16GB Memory 2Rx8 Single Module SODIMM – 2133MHz (PC4-17000) CL-15 – 260-pin 1.2V Notebook RAM – Low-Voltage – (MES4S213FF16G28),28.41,4.1,21,Low ($20-50),Good (4-4.5),0.3100115953792414,Mushkin,6.912408759124088
B019AEN23S,Black NeoFit Case - A Protective Case with Wrist Strap for The V4 Apple TV Remote (NOT The Latest V5),9.99,4.4,81,Budget (<$20),Good (4-4.5),0.3400463815169656,Black,2.2653061224489797
B019AFNEV2,Dell 1293 Wired Keyboard - KB216p,14.99,4.8,265,Budget (<$20),Excellent (4.5-5),0.3801530590059861,Dell,3.116424116424117
B019AJ2RRK,"Dmax Armor for LG Urbane Glass Screen Protector, [Tempered Glass] 0.3mm 9H Hardness, Anti-Scratch, Anti-Fingerprint, Bubble Free, Ultra-Clear",,3.8,24,,Average (3.5-4),0.28001333468612755,Dmax,
B019AS3450,Microsoft Surface Pro 3 Type Cover - Black (Renewed),70.0,4.2,147,Mid ($50-100),Good (4-4.5),0.32008464626846206,Microsoft,16.6270783847981
B019AT4NOU,Kastar Battery (1-Pack) and Charger Kit for Sony NP-FH100 NP-FH70 TRV TRV-U and DCR Series DCR-DVD DCR-HC DCR-SR DCR-SX40 HDR-CX HDR-HC HDR-UX20 HDR-SR10 HDR-SR11 HDR-SR12 HDR-XR520V,19.99,4.2,12,Budget (<$20),Good (4-4.5),0.3200063774585828,Kastar,4.748218527315914
B019ATRMA2,"OdiySurveil(TM) 4-CH Passive HD Transceiver,BNC RJ45 UTP Cable Converter for 720P/1080P HD-CVI/TVI/AHD CCTV Camera",13.99,3.9,17,Budget (<$20),Average (3.5-4),0.29000927630339307,OdiySurveil(TM),3.5780051150895145
B019AUQIBK,Toshiba CT-90325 REMOTE CONTROL for 19C100U,8.95,4.6,654,Budget (<$20),Excellent (4.5-5),0.3603785891322308,Toshiba,1.9414316702819958
B019AV9P50,TEKEY HDTV Indoor Amplified Antenna 50 Mile Long Range – Detachable Amplifier – 10ft Coax Cable – Excellent Technical Consistency – 30 Days,,2.4,24,,Poor (<3),0.14001333468612756,TEKEY,
B019AVXNMQ,Bay Valley Parts Replacement 4 Cell Laptop Battery for Acer AL12B32 AL12B31 AL12B72 AL12X32 AL12A31 Aspire One 725 756 Aspire V5-121 V5-131 Chromebook C710 KT.00403.004 AK.004BT.098,,4.2,86,,Good (4-4.5),0.3200492803617759,Bay,
B019AXO1JS,COWENE USB 3.0 to SATA Adapter Cable 5Gbps 2.5 Inch SSD / HDD External SATA III Hard Drive Short Power Converter,,3.9,21,,Average (3.5-4),0.29001159537924137,COWENE,
B019BGR87G,caseling Hard Case Fits 3M WorkTunes Connect Hearing Protector (case only),16.99,4.8,2485,Budget (<$20),Excellent (4.5-5),0.38144014610177845,caseling,3.5322245322245323
B019BIBVWC,"Mini iRoller Screen Cleaner - Reusable Liquidless Touchscreen Portable, Easy-to-Use, Removes Smudges, Non-Chemical Cleaner for iPad, Laptop, MacBook, PC Monitors, iPhone & Samsung Smartphones",,4.1,344,,Good (4-4.5),0.31019886075398956,Mini,
B019BK82N6,Caseling Hard CASE for UE MEGABOOM Wireless Speaker - Fits Plug & Cables.,13.99,4.6,1061,Budget (<$20),Excellent (4.5-5),0.36061455509979273,Caseling,3.0347071583514102
B019BSG5F0,"Retekess V113 Radio Boombox, Digital FM Stereo Radio, Portable Radio with Remote Control for Bedroom, Living Room, Support TF USB AUX Input(Camouflage)",,4.0,243,,Average (3.5-4),0.30014030408882064,Retekess,
B019BSQEB0,"MOSISO Plastic Hard Case Only Compatible Old MacBook Pro 13 Inch, Pure White",,4.2,84,,Good (4-4.5),0.32004812082385176,MOSISO,
B019BUN5BK,"Mosiso Plastic Hard Case Cover Only for MacBook Pro 13 Inch with Retina Display No CD-ROM (A1502/A1425, Version 2015/2014/2013/end 2012), White",,3.8,175,,Average (3.5-4),0.2801008797993999,Mosiso,
B019BVHY2K,"Lightning Cable, 2 Pack 6.6 Ft Long iPhone 6 Charger, F-color Braided Apple MFi Certified 8 Pin Lightning Cable for iPhone 8 6S 6 Plus 5 5S 5C, iPad Air 2 Mini 4, iPad Pro, iPod Touch 5 Orange",,3.6,37,,Average (3.5-4),0.2600208716826345,Lightning,
B019BX6JMY,Delkin 32GB SDHC UHS-II (U3) Memory Card (DDSDUHS232GB),,3.7,22,,Average (3.5-4),0.27001217514820347,Delkin,
B019C19A6W,Mr.Shield Designed For Samsung Galaxy Tab E 8.0 Anti-Glare PET [Matte] Screen Protector [3-PACK] with Lifetime Replacement,6.95,4.2,88,Budget (<$20),Good (4-4.5),0.32005043989970006,Mr.Shield,1.6508313539192399
B019C2WUIQ,DROK Reusable 30 Pcs Adhesive Fastening Cable Ties 8 Inches Adjustable Hook and Loop Wire Cord Straps with Buckle and Eyelet - 300366,,3.9,68,,Average (3.5-4),0.2900388445204586,DROK,
B019C2ZBS2,FireAnt 3.5MM Female to 2 Male Gold Plated Headphone Mic Audio Y Splitter Flat Cable,5.99,4.3,230,Budget (<$20),Good (4-4.5),0.3301327670923137,FireAnt,1.3897911832946637
B019C2ZM8Q,"SmallRig Multi-Functional Cheese Plate with 1/4 3/8 Threads, Switching Mounting Plate w/ Locating Point for ARRI for Camera and Tripod Plate - 1681",22.46,4.8,250,Low ($20-50),Excellent (4.5-5),0.3801443624715551,SmallRig,4.66943866943867
B019C379S6,DROK Adhesive Fastening Cable Ties 30 Black Adjustable 20200mm Multipurpose Strips Rope with Plastic Buckle End for Home Office Depot,,4.1,13,,Good (4-4.5),0.31000695722754484,DROK,
B019C51VJW,"Neewer® NW-W126 USB Battery Charger for Fujifilm NP-W126 and Fuji FinePix HS30EXR, HS33EXR, HS50EXR, X-A1, X-E1, X-E2, X-M1, X-Pro1, X-T1, X-Pro2",,3.9,127,,Average (3.5-4),0.29007305088922064,Neewer®,
B019C6RX52,Atoplee Banana Binding Post 20pcs M3 4mm Amplifier Terminal Binding Post Banana Jack Panel Mount Connector,13.9,4.0,73,Budget (<$20),Average (3.5-4),0.300041743365269,Atoplee,3.466334164588529
B019C6TWEW,"Eyoyo Underwater Fishing Camera w/DVR 1000TVL HD CAM 50M Cable Professional Fish Finder Underwater Fishing Video Recorder 7"" Color Monitor Infrared IR Lights with 8GB SD Card",199.99,3.9,51,Mid-High ($100-200),Average (3.5-4),0.29002898844810343,Eyoyo,51.14833759590793
B019C7RYL4,Gabinete Nzxt H440 Mid Tower Negro Matte Ventana Acrilico Ca-h442w-m8,,4.6,568,,Excellent (4.5-5),0.3603287290014929,Gabinete,
B019CHGPFU,Black Outdoor Cover For 43 Inch TV,,4.3,72,,Good (4-4.5),0.33004116359630686,Black,
B019CHGPKK,Beige Outdoor Cover For 43 Inch TV,,4.2,78,,Good (4-4.5),0.32004464221007933,Beige,
B019CJPWM0,"Acer Iconia One 10 B3-A20 case, Pasonomi® Ultra Slim Lightweight PU Leather Folio Case Stand Cover for Acer Iconia One 10 B3-A20 10-Inch Tablet (Dark Blue)",,4.2,43,,Good (4-4.5),0.32002435029640697,Acer,
B019CKTWA2,NiceTQ Wall AC Power Charger + USB Cable for Samsung Galaxy Tab 4 10.1 Nook SM-T530NU Tablet,,4.1,211,,Good (4-4.5),0.3101217514820344,NiceTQ,
B019CSI6KQ,Sigma 24mm F1.4 Art DG HSM Lens for Canon DSLR Cameras + Sigma USB Dock with Altura Photo Essential Accessory and Travel Bundle,,4.2,27,,Good (4-4.5),0.3200150739930138,Sigma,
B019CUT6SA,"Matias Old Model Ergo Pro Keyboard for PC, Low Force Edition",,3.0,53,,Poor (<3),0.20003014798602758,Matias,
B019CUWFAQ,"Google Nexus 7 4G LTE (7-Inch, 32 GB, Black) by ASUS 2013 2nd Generation (Certified Refurbished)",,3.6,51,,Average (3.5-4),0.26002898844810346,Google,
B019CVMPAU,"12 Gauge Automotive Primary Wire (50ft Each – 7 Color Bundle Set)– Durable Primary/Remote, Power/Ground Electrical Wire for Car Audio, Home Theatre, Lighting Circuits– 350ft Total",38.95,4.7,295,Low ($20-50),Excellent (4.5-5),0.3701704520748482,12,8.26963906581741
B019CZVT7Q,"TOP CASE - 2 in 1 Signature Bundle Marble Rubberized Hard Case and Keyboard Cover Compatible Older Generation MacBook Air 13"" A1369 and A1466 (Release 2010-2017) - White/Gold",,4.1,143,,Good (4-4.5),0.31008232719261375,TOP,
B019D00NTU,Fullsexy 12 Pack Multi Color Strong Magnetic Twist Ties - Cable Management (1),,4.5,21,,Good (4-4.5),0.3500115953792414,Fullsexy,
B019D0JFZI,Ecoxgear Pebble 100% Waterproof IPX7 Portable Rugged Outdoor Wireless Bluetooth Speaker with Built-In Mic- Black (Certified Refurbished),,3.9,39,,Average (3.5-4),0.2900220312205586,Ecoxgear,
B019D65QN2,Green NeoFit Case - A Protective Case with Wrist Strap for The V4 Apple TV Remote (NOT The Latest V5),9.99,4.6,69,Budget (<$20),Excellent (4.5-5),0.36003942428942065,Green,2.1670281995661607
B019D66VK4,"LS Photography Photo Camera Lens Cleaning Air Blower with 6"" x 7"" Grey Super Fiber Lens Cleaning Cloth, LGG97",7.3,4.5,153,Budget (<$20),Good (4-4.5),0.35008812488223445,LS,1.6186252771618626
B019DA0UKC,"SHOTBOX Photography Light Box: Professional Product Photography Kit Studio Bundle - Portable, Collapsible, Table Top Photo Tent Includes 4 Backdrops, SideShot Accessory, and Stylish Case",,3.8,66,,Average (3.5-4),0.28003768498253445,SHOTBOX,
B019DAYSC8,Aduro AA-DASHCAM2-01 U-Drive Pro HD DVR Dashcam,,2.8,17,,Poor (<3),0.18000927630339308,Aduro,
B019DGGA8M,"Sewell IR (Infrared) Extension Cable, 25 ft, Pure Copper, OFC, 24k Gold Plated SW-29727-25",11.95,4.5,595,Budget (<$20),Good (4-4.5),0.3503443827634688,Sewell,2.6496674057649665
B019DGVR6M,gouduoduo2018 Storage Bag Case For DJI Phantom 4 3 Camera Lens Filter / CPL Filter / ND Filter,,3.4,11,,Below Avg (3-3.5),0.2400057976896207,gouduoduo2018,
B019DI3RV8,UGREEN USB Data Transfer Cable USB 2.0 Transfer Data Easy Link Cable for Windows Mac Data transferring from PC to PC Black (2m),,3.7,354,,Average (3.5-4),0.27020465844361025,UGREEN,
B019DJQRD2,SVS SoundPath RCA Audio Interconnect Cable for Subwoofers - 3.28 ft. (1m),24.0,4.8,1241,Low ($20-50),Excellent (4.5-5),0.3807189135129651,SVS,4.98960498960499
B019DLV08M,"Seagate Backup Plus Ultra Slim 2TB Portable External Hard Drive, USB 3.0 Gold + 2mo Adobe CC Photography (STEH2000101)",,4.5,1739,,Good (4-4.5),0.3510076384560753,Seagate,
B019DMHCUG,"Kensington SecureTrek 17"" Lockable Anti-Theft Laptop & Overnight Backpack (K98618WW)",,4.6,239,,Excellent (4.5-5),0.36013798501297234,Kensington,
B019DMLLIU,Sharper Image Visual Charge 6 Port USB Charging Hub,,4.1,62,,Good (4-4.5),0.3100353659066862,Sharper,
B019DN00IQ,Samsung BD-D5100 Blu-Ray Disc Player w/ Ethernet Port - Black (Certified Refurbished),,3.8,13,,Average (3.5-4),0.2800069572275448,Samsung,
B019DOGV3S,"eConnectorsExpress Dupont Connector Kit with PCB 2.54mm Pitch Pin Headers, Dupont Single Row Female Housing and Male/Female Pins (525)",,4.3,45,,Good (4-4.5),0.33002550983433104,eConnectorsExpress,
B019DPQ7JA,WD 6TB My Cloud Mirror Personal Network Attached Storage - NAS - WDBZVM0060JWT-NESN,,3.8,396,,Average (3.5-4),0.28022900874001705,WD,
B019DPXYBY,Beyours 3.5mm male to 2.5mm male Talkback Cable for Turtle Beach Gaming Headsets 3.94 Feet(1.2m) length Xbox One PlayStation 4 Chat Cable for Turtle Beach Ear Force headsets,,3.7,33,,Average (3.5-4),0.2700185526067862,Beyours,
B019DRMSGO,Skyreat Gimbal Guard for DJI Phantom 3 Standard/SE -Protects Gimbal & Camera,,4.2,126,,Good (4-4.5),0.32007247112025866,Skyreat,
B019DUEDSM,3 Pack Hdmi Coupler Female to Female Connectors adapters,,4.2,84,,Good (4-4.5),0.32004812082385176,3,
B019DVKA7E,TNP New Fire 7 Screen Protector - Ultra Clear High Definition HD LCD Screen Protector Film Guard Shield for Amazon New Fire 7-Inch 2015 Release Tablet,,3.9,29,,Average (3.5-4),0.2900162335309379,TNP,
B019DVWN60,"IVIEW-3200STB-A, Digital Converter Box with Recording and Media Player, Analog to Digital, Support QAM Tuner, PSIP, Channel 3/4, HDMI, USB, Antenna Included",,3.8,384,,Average (3.5-4),0.28022205151247226,"IVIEW-3200STB-A,",
B019DW5IO8,"Emarth 4800 DPI Wired Gaming Mouse, Optical USB Mice with Programmable 10 Buttons + Ergonomic Design + Aluminium Base, for PC MAC (Black)",,3.3,43,,Below Avg (3-3.5),0.23002435029640686,Emarth,
B019DW5M3A,"OKRAY 5 Pack 1ft Short USB Cable Colorful Mini Micro USB 2.0 Charger Cable Sync Charging Cord for Android, Samsung Galaxy, Google Nexus, HTC, Nokia, Sony, Power bank (Red Green Blue Orange Yellow)",,3.7,16,,Average (3.5-4),0.27000869653443105,OKRAY,
B019DW72SI,ZY HiFi Cable Silver Cable 3.5mm Male to Male Stereo Audio Cable for MP3/PC Baolong 3.5 Stereo ZY-007,34.89,4.3,60,Low ($20-50),Good (4-4.5),0.3300342063687621,ZY,8.095127610208818
B019DWIDHC,Samsung 4GB PC3-10600U DDR3 1333MHz DIMM 240 Pin Memory M378B5273DH0-CH9,9.99,4.6,482,Budget (<$20),Excellent (4.5-5),0.360278868870755,Samsung,2.1670281995661607
B019DWXBZ6,JOYING 1024600 Resolution 7'' Android 4.4 Quad Core Double 2 Din Car Radio Stereo Head Unit Autoradio Bluetooth/OBD/1080p/3G/4G/WiFi,,3.4,22,,Below Avg (3-3.5),0.24001217514820344,JOYING,
B019DXHF4I,"VersionTECH. Stereo Gaming Headset for Xbox 360, Xbox one PS4 PC, Surround Sound Over-Ear Headphones with Noise Cancelling Mic, LED Lights, Volume Control for Laptop, Mac, iPad, Nintendo Switch",,3.5,25,,Below Avg (3-3.5),0.25001391445508964,VersionTECH.,
B019DY3XGQ,"iPod Touch 7 Case,iPod Touch 6 Case,iPod Touch 5 Case, SLMY(TM) Heavy Duty Dual Layer Shockproof Hybrid Rugged Cover Case with Built-in Kickstand for Apple iPod Touch 5 / 6 / 7 Green",,4.0,182,,Average (3.5-4),0.30010493818213446,iPod,
B019DY3YUQ,"SLMY zting18 iPod Touch 6 Case,iPod Touch 5 Case, (TM) Heavy Duty Dual Layer Shockproof/Impact Resistance Hybrid Rugged Cover Case with Built-in Kickstand for Apple iPod Touch 5 6th Generation Blue",,4.3,1061,,Good (4-4.5),0.33061455509979276,SLMY,
B019DY3ZOG,"iPod Touch 7 Case,iPod Touch 6 Case,iPod Touch 5 Case, SLMY(TM) Heavy Duty Dual Layer Shockproof Hybrid Rugged Cover Case with Built-in Kickstand for Apple iPod Touch 5 / 6 / 7 Orange",,4.1,137,,Good (4-4.5),0.3100788485788413,iPod,
B019DZZ29Q,SABRENT 22AWG USB 2.0 Extension Cable - A-Male to A-Female [White] 3 Feet (CB-203W),,4.8,19,,Excellent (4.5-5),0.3800104358413172,SABRENT,
B019E04930,"Handmade World Vintage Brown 15"" Leather Messenger Bag For Men Women Mens Briefcase Laptop Best Computer Satchel Bags",,4.2,148,,Good (4-4.5),0.3200852260374242,Handmade,
B019E2ZKKO,"caseable Fire HD 10 Cover (10"" Tablet, 5th Generation - 2015 Release), Black",,3.9,272,,Average (3.5-4),0.2901571173887206,caseable,
B019E2ZMKC,"caseable Fire HD 10 Cover (10"" Tablet, 5th Generation - 2015 Release), Navy",,3.9,272,,Average (3.5-4),0.2901571173887206,caseable,
B019E6YWYA,"Cateck USB 3.0 HUB, Bus-Powered USB 3.0 3-Port Aluminum Hub with External Stereo Sound Adapter Combo",,3.9,163,,Average (3.5-4),0.2900939225718551,Cateck,
B019ECZ7UM,"ViewTV High Speed HDMI Cable - 6.6 Feet (2 Meters) - Black - Version 1.4 Supports Ethernet, 3D, 4K, & Audio Return",,3.6,17,,Average (3.5-4),0.2600092763033931,ViewTV,
B019EF857G,Sky High Oversized 1/0 Gauge AWG Big 3 Upgrade Green/Black Electrical Wiring Kit,44.95,4.7,279,Low ($20-50),Excellent (4.5-5),0.37016117577145513,Sky,9.543524416135881
B019EFMK1I,BenQ Monitor GW2270 22 inch 1080p Monitor | Optimized for Home Office with Low Blue Light technology,,4.4,580,,Good (4-4.5),0.3403356862290378,BenQ,
B019EG0RWQ,Case Logic Ultra Compact Camera Case for Nikon COOLPIX S7000 with Storage,,4.0,96,,Average (3.5-4),0.3000550780513966,Case,
B019EJYYS6,Coleman CG3500i 3500W Inverter Generator,,3.7,35,,Average (3.5-4),0.2700197121447104,Coleman,
B019EKB4J2,Large EZ HideWire Cable Raceway -Length: 50FT - Color: Black,44.99,3.6,54,Low ($20-50),Average (3.5-4),0.26003072775498964,Large,12.462603878116344
B019ENVIW2,CowboyStudio Q80-TRIPOD-HEAD Double Handle Three-Dimensional 3D Ball Head with Quick Release Plate (Black),,4.4,9,,Good (4-4.5),0.3400046381516966,CowboyStudio,
B019EOE26K,C4Labs Zebra Case Kit for The Arduino Uno (not Included) - Wood,16.99,5.0,22,Budget (<$20),Excellent (4.5-5),0.4000121751482035,C4Labs,3.391217564870259
B019ESWAYM,ZOMEi 67mm 4 Points Star Filter + 6 Points Star Filter + 8 Points Star Filter for Canon Nikon Cameras,,3.6,17,,Average (3.5-4),0.2600092763033931,ZOMEi,
B019EW446A,"Jellas Aluminum USB-C to 3-Port USB 3.0 Hub Charger Adapter with USB-C Charging Port, Supports Charging Upstream for Apple 2016 New Macbook, MacBook 2015 (Silver)",,2.6,19,,Poor (<3),0.16001043584131727,Jellas,
B019EWNWZE,"Neewer® NW-BLS1 USB Battery Charger for Olympus PS-BLS1, BLS-5, Fuji FNP140 Battery and E-PL1, E-P3, E-PL3, E-P1, E-P2, Evolt E-400, Evolt E-420, Evolt E-410, Evolt E-450, Evolt E-620 Cameras",,3.8,60,,Average (3.5-4),0.28003420636876203,Neewer®,
B019EWOM44,BFB Laptop Bag – Clearance Stock - Handmade Messenger Computer Bag for Women – Factory Seconds - 2 Padded Sleeves – Ideal Travel Tote – Black,,3.5,43,,Below Avg (3-3.5),0.2500243502964069,BFB,
B019EWPMMU,"U07STORE Wrist band USB Flash Memory Drive ( 64 GB,Black )",,4.0,12,,Average (3.5-4),0.3000063774585828,U07STORE,
B019EXPPEY,Work Tote 13 Inch Laptop Bag Women Designer Shoulder Handbag Purse Case Sleeve,,4.3,221,,Good (4-4.5),0.3301275491716551,Work,
B019EYDK4K,"RIOTORO Full Tower, Fully Customizable RGB Color Gaming Case (CR1280)",,4.0,49,,Average (3.5-4),0.3000278289101793,RIOTORO,
B019EZ3Z3A,PYvideo Backup Camera Kit for Toyota Tacoma (2014-2015) Factory Radio,110.96,4.2,36,Mid-High ($100-200),Good (4-4.5),0.3200202919136725,PYvideo,26.3562945368171
B019EZ8R1K,"Sewell Premium Toslink Fiber Optic Cable, 15 ft",,4.1,26,,Good (4-4.5),0.3100144942240517,Sewell,
B019EZDT04,"FIESAND Soundbuds in-Ear Sport Earbuds, Magnetic Wireless Bluetooth Headphones with 8-Hour Playtime and CVC 6.0 Noise Cancellation",,3.9,865,,Average (3.5-4),0.2905009203832273,FIESAND,
B019F2DKY6,"Chuanganzhuo External Optical Drive USB 2.0 DVD/CD Player For Mac,Linux,Windows 2000/XP/Vista/7/8/10 Notebook PC Desktop Computer - White",,3.9,59,,Average (3.5-4),0.2900336265998,Chuanganzhuo,
B019F3BEIO,"CZH-LABS Electronics-Salon 1PCS Low Voltage Disconnect Module LVD, 12V 10A, Protect/Prolong Battery Life.",15.0,3.8,54,Budget (<$20),Average (3.5-4),0.2800307277549896,CZH-LABS,3.9370078740157486
B019F5HQJI,"Kindle New Fire 7 2015 Slim Case - Swees Ultra Slim PU Leather Magnetic Case Cover for Amazon Kindle Fire 7 Inch 7"" Tablet (Only Fit 5th Fifth Generation 2015 Release Gen 5) Lucky Tree",,4.1,56,,Good (4-4.5),0.31003188729291375,Kindle,
B019F5Q36K,Swees All New fire hd8 2017 Slim case (lovetree),,4.0,35,,Average (3.5-4),0.3000197121447104,Swees,
B019F60P9A,"Kindle New Fire 7 2015 Slim Case - Swees Ultra Slim PU Leather Magnetic Case Cover for Amazon Kindle Fire 7 Inch 7"" Tablet (Only Fit 5th Fifth Generation 2015 Release Gen 5) Rock Music",,4.2,28,,Good (4-4.5),0.32001565376197594,Kindle,
B019F69V40,Crucial 4GB Single DDR3/DDR3L 1866 MT/s (PC3-14900) Unbuffered SODIMM 204-Pin Memory - CT51264BF186DJ,26.4,4.7,3040,Low ($20-50),Excellent (4.5-5),0.3717619178757266,Crucial,5.6050955414012735
B019F8JGAM,"iPad Mini / 2/3 Case, Hocase Sandwich Series High Impact Shock Absorbing Hybrid Protective Plastic Hard Back Cover Silicone Bumper Case for Apple iPad Mini / 2/3 - Champagne Gold/Black",,3.9,17,,Average (3.5-4),0.29000927630339307,iPad,
B019FA73W8,CAIUL Compatible Comprehensive Protection Mini 70 Case Bag with Soft PU Leather Material for Fujifilm Instax Mini 70 Camera - Blue,,4.6,713,,Excellent (4.5-5),0.36041279550099287,CAIUL,
B019FB3XZ8,"4 Pack Premium 3 RCA Audio Video Composite Cable 6 Feet Black, VF-34-RCA-RCA-CBLE-06-4",14.27,4.4,657,Budget (<$20),Good (4-4.5),0.3403803284391171,4,3.2358276643990926
B019FBE2MQ,Rockford Fosgate PLC-U Universal Punch Level Control,65.99,4.4,83,Mid ($50-100),Good (4-4.5),0.3400475410548897,Rockford,14.963718820861676
B019FCCFHE,"Hocase iPod Touch 7th Generation 2019 Case, Camouflage Series Shockproof Protection Soft Silicone Rubber Bumper+Hard Plastic Protective Case for iPod Touch 5th/6th/7th Generation - Camo/Black",,4.6,247,,Excellent (4.5-5),0.3601426231646689,Hocase,
B019FCSWBM,"XSories Fix/Tilt & Shoot Camera Mount System, Magnet and Suction Mounts, Detachable Angle Adjuster, Telescopic Pole, Fits All Nikon, Canon, Digital Cameras, Camera Mounts, Camera Accessories (Orange)",,2.8,13,,Poor (<3),0.1800069572275448,XSories,
B019FDJ3A0,DWay Tab S2 8.0 Cover T710 Hybrid Armor Design with Stand Feature Detachable Dual Layer Protective Shell Tablet Hard Back Cover Case for Samsung Galaxy Tab S2 8.0inches SM-T710 / T715 (White),,3.9,13,,Average (3.5-4),0.2900069572275448,DWay,
B019FEEG4M,"New 10.6"" Fusion5 Folio PU Leather Case Smart Fit Cover for Fusion5 108 Octa core New Model ONLY. FUSION5 Android Tablet Cases",,3.6,161,,Average (3.5-4),0.260092763033931,New,
B019FEW1YE,JVC KDR97MBS Compatible with iPod & Android CD Receiver with Bluetooth,159.0,3.8,25,Mid-High ($100-200),Average (3.5-4),0.2800139144550896,JVC,41.73228346456693
B019FFP6WW,"Fire 7 2015 Case, Cellularvilla [Multi-angle] Premium Pu Leather 360 Degree Rotating Flip Cover Swivel Stand Protector Case for Amazon Kindle Fire 7 inch Tablet 2015 5th Generation (Black Pink Flower)",,4.4,251,,Good (4-4.5),0.3401449422405172,Fire,
B019FFQ9PA,Yosoo 40 40mm Thermoelectric Cooler Peltier Heatsink Cooling Peltier Plate Module,6.06,3.2,42,Budget (<$20),Below Avg (3-3.5),0.22002377052744485,Yosoo,1.8878504672897196
B019FGHCZA,"Fire 7 2015 Case, Cellularvilla [Multi-Angle] Premium Pu Leather 360 Degree Rotating Flip Cover Swivel Stand Protector Case for Amazon Kindle Fire 7 inch Tablet 2015 5th Generation (Black Glitter)",,4.4,251,,Good (4-4.5),0.3401449422405172,Fire,
B019FN6DLW,Cocoon IMS155BK Slim XS Tablet Messenger Sling with Built-in Grid-IT!® Accessory Organizer (Black),,3.5,18,,Below Avg (3-3.5),0.25000985607235515,Cocoon,
B019FUYB9G,"Xenocam 12V 5A 60W DC Power Supply with a 8 Way CCTV Power Splitter Cable for CCTV Cameras,LED Srip Light",14.99,4.3,193,Budget (<$20),Good (4-4.5),0.33011131564071716,Xenocam,3.477958236658933
B019FVJKAA,"Easy Up 20' 9"" Telescoping Mast -TV WiFi HAM Antenna Push Up Pole (Collapses to 5')",181.0,4.6,240,Mid-High ($100-200),Excellent (4.5-5),0.3601385647819344,Easy,39.262472885032544
B019FZD3J0,"iPhone 6 / 6s Case, ImpactStrong Dual Guard Protection Shock-Absorbing Scratch-Resistant Protective Cover for Apple iPhone 6 6s (4.7 Inch) -Purple",,4.8,17,,Excellent (4.5-5),0.3800092763033931,iPhone,
B019G2A6BA,"Fujifilm Instax Mini 9 Instant Film Camera (Smokey White) with Fujifilm Instax Mini Instant Film Twin Pack (20 Sheets), Compact Bag Case, Battery Charger and Batteries, and Screen Protectors",,4.4,85,,Good (4-4.5),0.34004870059281384,Fujifilm,
B019G58J2A,Dell S2240M 21.5-Inch Screen LED-lit Monitor,,4.6,715,,Excellent (4.5-5),0.360413955038917,Dell,
B019G7VTGQ,"Acer Aspire E 15 E5-574G-71WB, 15.6-inch Full HD, Intel Core i7, 8GB DDR3L, 1TB HDD Notebook - Cotton White (Windows 10)",,4.1,600,,Good (4-4.5),0.3103472816082791,Acer,
B019GAWWP0,Phanteks Enthoo PRO M Acrylic Window Black Edition Cases PH-ES515PA_BK,,4.5,325,,Good (4-4.5),0.35018784514371026,Phanteks,
B019GEA9NI,"Security Mini IP Camera, UOKOO 1280x720p Home Surveillance Camera Wireless IP Camera With Built In Microphone WiFi Security Camera, Motion Detection Black",,3.5,321,,Below Avg (3-3.5),0.25018552606786193,Security,
B019GI7RDO,Allytech 1 Pack DVI-I 24 + 5 Pin Male to Female M/F Gold Plated 90 Degree Right Angle Adapter Monitor Connector,,3.7,10,,Average (3.5-4),0.2700052179206586,Allytech,
B019GOG2XO,"5 Pack, 15 Feet DisplayPort to DVI Video Cable, DisplayPort Male to DVI Male, CNE464362",,4.1,251,,Good (4-4.5),0.31014494224051714,5,
B019GOG98M,Mini DisplayPort to DVI Female Adapter Cable,7.98,4.1,400,Budget (<$20),Good (4-4.5),0.3102313278158654,Mini,1.9416058394160587
B019GOGCP2,CNE06440 Mini DisplayPort to HDMI TV Monitor Adapter for MacBook,4.54,3.9,113,Budget (<$20),Average (3.5-4),0.29006493412375167,CNE06440,1.1611253196930946
B019GQS3UC,"5” Inch Backup Camera Monitor Digital TFT LCD Color Car Rear View Monitor Screen Display,Support All The car with 12V/24V Power,High Definition 800(RGB) X480 Pixel",,4.0,207,,Average (3.5-4),0.30011943240618616,5”,
B019GR8HRA,"Dell Inspiron 15.6"" High Performance HD Touchscreen Laptop, Intel Core i5-5200U 2.2GHz, 8GB RAM, 1TB HDD, Bluetooth, HDMI, 802.11AC, Backlit Keyboard, MaxxAudio- Windows 10",,3.5,23,,Below Avg (3-3.5),0.2500127549171655,Dell,
B019GSZ6FK,"Sylvania SDVD7027 7-Inch Portable DVD Player with Car Bag/Kit, Swivel Screen, USB/SD Card Reader (Purple)",149.99,4.3,2942,Mid-High ($100-200),Good (4-4.5),0.33170510051744384,Sylvania,34.80046403712298
B019GWKOGC,"Dexors X5 Dash Cam Pro Car Dashboard Camera 19201080p/30fps 170° Wide Angle with G-Sensor, WDR Night Vision, 6-Glass Lenses, 2.0"" LCD and 8g MicroSD Included",,3.2,83,,Below Avg (3-3.5),0.22004754105488966,Dexors,
B019GXDMJC,StarTech.com 2 Port USB Keyboard Mouse Switch Cable w/ File Transfer for PC and Mac® - USB File Transfer Cable - Dual Port USB KM Switch (SVKMS2) Black,41.89,4.1,44,Low ($20-50),Good (4-4.5),0.31002493006536896,StarTech.com,10.192214111922143
B019GYPFY6,DSLRKIT Tripod Mount Ring for Tamron SP AF 70-200mm F/2.8 Di LD [IF] Macro Model A001,19.5,4.3,36,Budget (<$20),Good (4-4.5),0.33002029191367244,DSLRKIT,4.524361948955917
B019H0Q1Y2,"AC Doctor INC 33W AC Adapter Charger 19V 1.75A Power Supply Cable for Asus C200 C200MA C300 C300MA 33W ADP-33AW Adapter, VivoBook S200 X200 X200CA X200MA X201E X202 X202E K200MA F200CA F200MA",13.67,4.2,97,Budget (<$20),Good (4-4.5),0.32005565782035866,AC,3.2470308788598574
B019H0RHE0,StarTech.com SATA to LP4 Power Cable Adapter with 2 Additional LP4 - Power adapter - 4 pin internal power (F) to SATA power (M) - 5.9 in - black - LP4SATAFM2L,8.78,4.6,2206,Budget (<$20),Excellent (4.5-5),0.3612783905613613,StarTech.com,1.9045553145336227
B019HCCJ9Q,SAMSUNG 2-Pack Radiant 360 R3 Wi-Fi Bluetooth Wireless Multi-Room 2-Way Streaming Speakers,,3.8,38,,Average (3.5-4),0.2800214514515965,SAMSUNG,
B019HHLU1E,Harmony Audio HA-40CR10 Compatible with Ford F-150 Truck 2007-2014 Factory Radio to Aftermarket Antenna Adapter,5.89,4.2,65,Budget (<$20),Good (4-4.5),0.3200371052135724,Harmony,1.3990498812351544
B019HHN7ZQ,Compatible with Buick Chevy Cadillac GMC Oldsmobile Pontiac Factory Radio to Aftermarket Antenna Adapter,5.99,3.7,23,Budget (<$20),Average (3.5-4),0.27001275491716553,Compatible,1.61455525606469
B019HK5BRU,Logitech Wireless Wave Combo Mk550 With Keyboard and Laser Mouse (Renewed),34.79,4.4,1371,Low ($20-50),Good (4-4.5),0.3407942834780341,Logitech,7.888888888888888
B019HKFTG8,elago Portable Flip Stand [Black/Red] - [Mobile][Prevents Bad Posture][Magnet Technology],,3.7,22,,Average (3.5-4),0.27001217514820347,elago,
B019HN6P36,ASUS VP247H-P 23.6 in LED Monitor 1920x1080 1ms VGA DVI HDMI Speakers,214.99,4.8,57,High ($200-500),Excellent (4.5-5),0.3800324670618758,ASUS,44.6964656964657
B019HNEMNG,"Universal Business Leather Portfolio for All Tablets up to 9.5""x12.5"" iPad Pro12.9 9.7 12 3 4 Air Mini 2017, Microsoft Surface Pro 3 4, Samsung Galaxy (with Built-in Easel Stand)",,3.9,129,,Average (3.5-4),0.29007421042714476,Universal,
B019HQK9XA,"Movo VF400 Aluminum Handheld Video Stabilizer Handle Rig for DSLR's, Mirrorless Cameras and Camcorders",19.95,4.1,41,Budget (<$20),Good (4-4.5),0.3100231907584827,Movo,4.854014598540147
B019HR7GW6,MaximalPower FC997 Universal Ultra Smart Charger Alkaline NiMh NiCd Li-ion AA AAA C D 9V Battery Cell Charger (FC997 Charger Plus Pack of 4 AAA Batteries (1200mAh)),44.68,4.4,64,Low ($20-50),Good (4-4.5),0.3400365254446104,MaximalPower,10.131519274376418
B019HW0DPI,"T-Power 5V AC DC Adapter for Vizio SB2920 SB2920-C6 29"" inch S2920W-C0B 29-inch 2.0 High Definition Sound Bar with Bluetooth",12.99,4.2,70,Budget (<$20),Good (4-4.5),0.3200400040583828,T-Power,3.085510688836105
B019HW0UBU,"T-Power AC DC Adapter Charger for Creative Sound Blaster X7 & Limited Edition High-Resolution USB DAC 600 ohm Headphone Amplifier,Model No: SB1580 High-Power Adapter Upgrade Power Supply",39.99,3.2,16,Low ($20-50),Below Avg (3-3.5),0.22000869653443106,T-Power,12.457943925233646
B019HXETNY,Wideskall 2 Feet 8 Outlet UL Certified Surge Protector Power Strip (Ivory),14.29,4.5,51,Budget (<$20),Good (4-4.5),0.3500289884481035,Wideskall,3.1685144124168514
B019HYRWH8,"Rii i8 (10038-AM) Mini 2.4GHz Wireless Touchpad Keyboard with Mouse, Black",,3.4,37,,Below Avg (3-3.5),0.24002087168263447,Rii,
B019HZQABG,A1175 A1211 A1260 A1150 A1226 New Laptop Battery for MacBook Pro 15 inch (only for 2006 2007 2008 Version) for MA348 MA609 MA610 MB133 MB134 Laptop Notebook,,3.2,60,,Below Avg (3-3.5),0.2200342063687621,A1175,
B019I2BZX6,JVC KDR670 CD Receiver,,3.9,18,,Average (3.5-4),0.29000985607235513,JVC,
B019I43L4K,New VR2 Replace Remote fit for VIZIO LCD 20'- 60' TV VP323HDTV10A VP422 VU32LHDTV10A VU37LHDTV10A VW32LHDTV20A VW32LHDTV30A VW32LHDTV40A VW37LHDTV20A VW37LHDTV30A VW37LHDTV40A VW42LFHDTV10A,7.98,4.1,85,Budget (<$20),Good (4-4.5),0.31004870059281375,New,1.9416058394160587
B019I6MGVW,"PCMD, LLC. Projector Ceiling Mount Compatible with Epson EX3220 EX3240 EX5220 EX5230 EX5240 EX5250 Pro (4-Inch Extension)",49.95,4.6,21,Low ($20-50),Excellent (4.5-5),0.3600115953792414,"PCMD,",10.835140997830804
B019I6VHVC,"PCMD, LLC. Projector Ceiling Mount Compatible with Optoma EH341 GT1070X GT1080 H112e H182X HD141X HD26 (4-Inch Extension)",39.95,3.8,30,Low ($20-50),Average (3.5-4),0.28001681329989997,"PCMD,",10.485564304461944
B019IAE8P0,"Tripp Lite 12 Outlet Power Strip with Surge Protection, 15ft. Cord, Metal, 36 in. length, (SS3612),Gray",72.99,4.8,386,Mid ($50-100),Excellent (4.5-5),0.3802232110503964,Tripp,15.174636174636175
B019IAEJNG,"Tripp Lite 6 Outlet Surge Protector Power Strip, 6ft Cord, Metal, 5,000 Insurance (TLM606)",28.7,4.6,48,Low ($20-50),Excellent (4.5-5),0.3600272491412172,Tripp,6.225596529284165
B019IE8YJC,Original Remote Control for Sony RMT-B119A Replacement Blu-ray Disc Player Bd,23.99,4.7,247,Low ($20-50),Excellent (4.5-5),0.37014262316466895,Original,5.0934182590233545
B019IFFEZ8,PCTC Tempered Glass Screen Protector Skin Film for Canon EOS 750D 760D 700D Rebel T6i Anti-scrach Anti-Fingerprint High Transparency Waterproof Foils,,4.0,48,,Average (3.5-4),0.30002724914121726,PCTC,
B019IFS964,Moretek Replacement Wrist Straps Sport Band for Fitbit Flex (RedFlower),,3.5,65,,Below Avg (3-3.5),0.25003710521357236,Moretek,
B019II0PHW,"Lenovo ThinkPad OneLink Plus Dock - 40A40090US (Ultra HD Video, 4k Output, 90W AC)",71.0,4.0,187,Mid ($50-100),Average (3.5-4),0.3001078370269448,Lenovo,17.705735660847882
B019IIQCZG,"Bluetooth Marine Receiver Adapter Waterproof by HomeSpot Stereo Head Units for Marine Yacht, Boats Vehicles Cars, Motorcycles, ATV, Bath (Built-in Ground Noise Isolator & New Auto Reconnect Function)",34.99,4.1,572,Low ($20-50),Good (4-4.5),0.3103310480773412,Bluetooth,8.513381995133821
B019IIWYLW,"OMCreate Battery Compatible with Dell XPS 15 (L502X L501X) / XPS 14 (L401X) / XPS 17 (L701X), fits P/N JWPHF J70W7 R795X -12 Months Warranty",,3.7,106,,Average (3.5-4),0.2700608757410172,OMCreate,
B019IJONL0,Crucial 8GB Kit (4GBx2) DDR4 2133 MT/s (PC4-17000) SR x8 SODIMM 260-Pin Memory - CT2K4G4SFS8213,68.99,4.7,1364,Mid ($50-100),Excellent (4.5-5),0.3707902250952996,Crucial,14.64755838641189
B019IJVV8S,melasta 7.2V 3000mah Li-ion NP-QM71 Battery Compatible with Sony Camcorder NP-QM70 QM71D NP-FM50 NP-FM30 NP-FM70 NP-FM71 NP-FM90 Camera,19.99,4.6,121,Budget (<$20),Excellent (4.5-5),0.3600695722754482,melasta,4.336225596529284
B019IZCS7A,Sony Bluetooth & NFC (Near Field Communications) MP3 CD/CD-RW MEGA BASS Stereo Boombox with AM/FM Radio & USB Playback + 6 Batteries + Xtech Cleaner + Auxiliary Cable & HeroFiber® Cleaning Cloth,,4.1,165,,Good (4-4.5),0.31009508210977926,Sony,
B019IZKHMS,2 New Motorola OEM HLN9073B Mobile Mic Hang Clip with Screws for Mobile Two Way Radio Microphones CDM1250 CDM750 GTX800 GTX900 GM300 M1225 SM50 SM120 CM200 CM300 PM400 Maxtrac,10.99,4.7,38,Budget (<$20),Excellent (4.5-5),0.3700214514515966,2,2.3333333333333335
B019J0LDD4,"TOP CASE Anti-Glare Bubble Free LCD Screen Protector with Black Frame Compatible MacBook Pro 13"" with Retina Display Model:A1425/A1502(Release 2012-2015)",,4.0,553,,Average (3.5-4),0.3003200324670619,TOP,
B019J523ZG,Brand New Original Sharp RRMCGA331AWSA Remote,49.95,4.3,37,Low ($20-50),Good (4-4.5),0.3300208716826345,Brand,11.589327146171696
B019J96PSI,Cable Matters Retractable HDMI Cable with HDR and 4K 60Hz Resolution Support - 3.3 Feet,12.49,4.6,657,Budget (<$20),Excellent (4.5-5),0.360380328439117,Cable,2.7093275488069417
B019JC1ZXU,"DS18 Elite Z10 Subwoofer in Black - 10"", 1,500W Max Power, 750W RMS, Dual 4 Ohms, DVC - Premium Car Audio Bass Speaker Great for Low Frequencies and High Power Applications (1 Speaker)",,4.2,210,,Good (4-4.5),0.3201211717130724,DS18,
B019JC9AZU,Viper Elite Series DDR4 8GB (2 x 4GB) 2666MHz Kit (Red) PVE48G266C5KRD,,5.0,5,,Excellent (4.5-5),0.4000023190758483,Viper,
B019JCA950,"Pioneer Hi-Res Digital Audio Player, Black XDP-100R(K)",,4.0,80,,Average (3.5-4),0.30004580174800344,Pioneer,
B019JH89YI,Gigabyte GC-WB867D-I REV Bluetooth 4.2/Wireless AC/B/G/N Band Dual Frequency 2.4Ghz/5.8Ghz Expansion Card,88.86,4.5,2752,Mid ($50-100),Good (4-4.5),0.3515949444146508,Gigabyte,19.70288248337029
B019JI7Y70,"UPPERCASE Premium Ultra Thin Keyboard Protector for Apple Magic Keyboard, US Keyboard Layout (UPP-PKBC-MK2)",,4.0,41,,Average (3.5-4),0.30002319075848277,UPPERCASE,
B019JJIE0K,Navepoint Rack Mount Drawer for 19-Inch Server Cabinet Case Or DJ with Lock and Key 2U Black,81.31,4.6,303,Mid ($50-100),Excellent (4.5-5),0.3601750902265447,Navepoint,17.63774403470716
B019JKW900,"5-Piece Ultimate Protection iPad Pro (2015) 12.9 Case with Built-in Screen Protector | Drop Protection | Water, Dust, & Scratch Resistant (Black)",,3.7,41,,Average (3.5-4),0.27002319075848275,5-Piece,
B019JKW9JG,"5-Piece Ultimate Protection iPad Pro (2015) 12.9 Case with Built-in Screen Protector | Drop Protection | Water, Dust, & Scratch Resistant (Rose)",,4.4,24,,Good (4-4.5),0.34001333468612766,5-Piece,
B019K3T5CQ,"Usmile® 7 Inch 800 * 480 400lux High Bright HD LED Monitor Support NSTC PAL for FPV No delay no Blue Screen or Black Screen, Comes with Sunshade",,4.6,18,,Excellent (4.5-5),0.36000985607235514,Usmile®,
B019K6CGZQ,NIPPON STX-848 Studio Z 8 Replacement Woofer 200W Max. 8 Ohm SVC,21.02,4.4,93,Low ($20-50),Good (4-4.5),0.3400533387445104,NIPPON,4.766439909297052
B019K7SKZK,"iPad Case, MAHYVE Extreme Heavy Duty Full Body Rugged Hybrid Case with Smart Magnetic Sleep/Wake Feature PU Leather Cover for iPad 2/iPad 3/iPad 4",,3.9,69,,Average (3.5-4),0.29003942428942064,iPad,
B019KPN9I0,FingerLakes Microphone Mic 2.5mm Pioneer Compatible for Car Vehicle Stereo Radio GPS DVD Bluetooth Enabled Head Unit,5.95,4.5,1680,Budget (<$20),Good (4-4.5),0.35097343208731324,FingerLakes,1.319290465631929
B019LA01I0,"Toshiba Satellite S55t-C5165 S55t-C/5165 15.6"" Laptop (Brushed Metal)",599.99,3.7,37,Premium (>$500),Average (3.5-4),0.2700208716826345,Toshiba,161.722371967655
B019LA020C,"Toshiba Satellite S55t-C5168-4K S55t-C/5168-4K 15.6"" Laptop (Brushed Metal)",,3.0,12,,Poor (<3),0.20000637745858277,Toshiba,
B019LB25M4,"Ubiquiti UniFi AP Outdoor+ High-Density Wi-Fi System (UAP-Outdoor+ US) 802.11 b/g/n, 2.4 GHz speed, speed upto 300 Mbps",,3.9,139,,Average (3.5-4),0.29008000811676543,Ubiquiti,
B019LDS9M2,"Keyboard Cover for HP Stream 14 Inch Laptop | HP Stream 14-ax Series | 14 inch HP Pavilion 14-ab 14-ac 14-ad 14-al 14-an Series Protective Skin, Black",,4.5,1011,,Good (4-4.5),0.35058556665168933,Keyboard,
B019LPQ4MC,"OdiySurveil(TM) 8-CH HD 720P/1080P Passive Video Balun Transceiver,RJ45 BNC UTP Cable Video Transmission for CCTV Camera DVR(Aluminium Alloy Shell)",22.99,3.9,32,Low ($20-50),Average (3.5-4),0.2900179728378241,OdiySurveil(TM),5.879795396419437
B019LR364O,PNY 128GB Turbo Attaché 3 USB 3.0 Flash Drive,,4.3,1104,,Good (4-4.5),0.3306394851651617,PNY,
B019LRI1YE,"RAM MOUNTS EZ-Roll'r Cradle for Apple iPad Mini 4 & 5 RAM-HOL-AP20U Compatible with RAM B 1"" and C 1.5"" Size Round Ball Bases",,4.6,136,,Excellent (4.5-5),0.36007826880987925,RAM,
B019LULXG4,"Outdoor/RV HDTV Antenna - ANTOP Omni-Directional Wing TV Antenna with Smartpass Amplifier &Noise-Free 4G Filter and VHF/UHF Range Enhanced for 70 Miles Reception,Suitable for Outdoor/RV/Attic Use",,3.8,20,,Average (3.5-4),0.2800110156102793,Outdoor/RV,
B019M0KK44,Ubiquiti LiteBeam AC 5GHz 802.11ac Built-in 120 Degree 16dBi Sector 2x2 MIMO (LBE-5AC-16-120-US),153.69,4.7,56,Mid-High ($100-200),Excellent (4.5-5),0.3700318872929138,Ubiquiti,32.63057324840764
B019M57J16,Full Set of LG TV Mounting Bolts/Screws and Washers - Fits Any Size TV,9.95,4.6,1162,Budget (<$20),Excellent (4.5-5),0.36067311176496164,Full,2.1583514099783083
B019M5BMX2,kenable Right Angle 90 Flat HDMI Extension Cable Plug to Female Socket 0.2m (~7 inch) 20cm,,4.3,98,,Good (4-4.5),0.3300562375893207,kenable,
B019MC628A,LCDOLED® New 12.0 inch LED LCD Display Touch Screen Digitizer Assembly for Microsoft Surface Pro 3 (1631) TOM12H20 V1.1,137.99,3.8,55,Mid-High ($100-200),Average (3.5-4),0.28003130752395167,LCDOLED®,36.21784776902888
B019MCN9JK,"Mosiso Denim Laptop Sleeve Bag for 11.6 Inch MacBook Air, Light Gray",,4.4,35,,Good (4-4.5),0.34001971214471044,Mosiso,
B019MIBS4M,"Powerforlaptop Battery for Toshiba Satelite U940 E45T E45T-A4100 E45T-A E45T-A4200 E55 E55T-A5320 E55-A5114 15.6"" P000577250 PA5157U-1BRS",30.99,4.3,75,Low ($20-50),Good (4-4.5),0.3300429029031931,Powerforlaptop,7.190255220417634
B019MITHTK,"Neewer® for DJI Phantom 4, DJI Phantom 3 Professional, Advanced and Standard, 2PCS Protective Lens Cover/Cap, Made of Durable Rubber - Black",,4.2,14,,Good (4-4.5),0.32000753699650697,Neewer®,
B019MQGG00,Sinsun Flat Amplified HDTV Antenna - 50 Miles Range with Built-in Amplifier Signal Booster and 15 Feet Coax Cable for Indoor Using,,2.6,103,,Poor (<3),0.16005913643413103,Sinsun,
B019MQZBO2,"Nest Cam & Dropcam USB Power Cable in Black – 13ft (4m) w/ Gold Plated Plugs – Durable 2.0 A Male USB to Micro-USB Connections, Offered Exclusively by Kabel King",,3.9,29,,Average (3.5-4),0.2900162335309379,Nest,
B019MS59JW,"Automotive Trays with 2 in 1 Car Steering Wheel Desk, Tablet Mount, Pen Holder, and Drinks Holder - Convenient Car Tray and Desk for Eating and Working",10.95,3.9,368,Budget (<$20),Average (3.5-4),0.2902127752090792,Automotive,2.8005115089514065
B019MS63OC,GENNEL 10g Thermal Conductive Plaster Viscous Adhesive Glue for PC Heatsink GPU IC Chip LED Ovens,,4.1,23,,Good (4-4.5),0.3100127549171655,GENNEL,
B019MSVEBY,"GENNEL G104 100Grams Tube White Thermal Grease Paste, Thermal Compound Heatsink Paste for PC CPU Coolers GPU LED PS4 Chipset Cooling",13.99,4.6,250,Budget (<$20),Excellent (4.5-5),0.36014436247155507,GENNEL,3.0347071583514102
B019MTTCI0,BEEK 5Ft 1.5m HDMI To 3-RCA Video Audio AV Component Converter Adapter Cable For HDTV DVD (not for PS4),,3.5,38,,Below Avg (3-3.5),0.25002145145159654,BEEK,
B019N01NRG,HENGSHENG RJ45 Splitter Adapter 1 to 2 Female Port CAT 5/CAT 6 LAN Ethernet Socket Splitter Connector Adapter,,3.4,93,,Below Avg (3-3.5),0.2400533387445103,HENGSHENG,
B019NJRM4A,Puro Sound Labs IEM100 in-Ear Headphones,,3.3,16,,Below Avg (3-3.5),0.230008696534431,Puro,
B019NKA7U0,Verizon GPS Extension Cable Network Extender,,4.6,174,,Excellent (4.5-5),0.36010030003043786,Verizon,
B019NKIVVW,EpicDealz 25 Foot USB 2.0 High Speed Printer/Scanner Cable - Beige,,3.9,29,,Average (3.5-4),0.2900162335309379,EpicDealz,
B019NLUPQ0,Corsair CC-9011056-WW Carbide Series SPEC-01 Mid Tower Gaming Case,,4.4,3786,,Good (4-4.5),0.3421944255214298,Corsair,
B019NOC5WO,"Dell Inspiron i7359-6790SLV 13.3-Inch 2-in-1 Touchscreen Laptop (6th Generation Intel Core i5, 8 GB RAM, 256 GB SSD, Windows 10 )",,3.7,334,,Average (3.5-4),0.27019306306436885,Dell,
B019NUGP0Q,"LS Photography Photo Professional Camera Cleaning Brush Kit for DSLR Cameras, Lens and Sensitive Electronics with (6 PCS.) 6"" x 7"" SuperFiber Lens Cleaning Cloth with 0.7oz Cleaning Spray, LGG168",,4.2,105,,Good (4-4.5),0.3200602959720552,LS,
B019NUM7N0,Naxa NTD-2255 22-Inches Class LED TV and DVD/Media Player with Car Package,,4.3,113,,Good (4-4.5),0.3300649341237517,Naxa,
B019NW4X2G,Dell Inspiron 17.3-Inch HD Plus Truelife LED-Backlit Laptop Intel Core i5 8GB Memory 1TB HDD DVD+/-RW Windows 10 Pro (Silver),,3.5,11,,Below Avg (3-3.5),0.25000579768962067,Dell,
B019NYNWHQ,L467 Screen Glass,,3.6,192,,Average (3.5-4),0.2601107358717551,L467,
B019NYNWJ4,"SKYLET For Fitbit Flex Bands, Silicone Replacement Bands for Fitbit Flex with Fastener Ring (No Tracker)(Large,Black&Grey)",,3.7,127,,Average (3.5-4),0.2700730508892207,SKYLET,
B019O0XN5U,"Hocase iPod Touch 7th/6th/5th Generation Case, Shockproof Heavy Duty Silicone Rubber+Hard Plastic Glitter Protective Case for iPod Model A2178, A1574, A1509, A1421 - Teal/Gray",,4.5,430,,Good (4-4.5),0.35024872088472747,Hocase,
B019O1R4DQ,"OMOTON Bluetooth Keyboard for Mac, Compact Wireless Keyboard Compatible with MacBook Pro/Air, iMac, iMac Pro, Mac Mini, Mac Pro Laptop and PC，Pink",,4.4,6023,,Good (4-4.5),0.3434913686895773,OMOTON,
B019O26MUQ,"Screen Replacement for iPad 2, Universal Buying(TM) Black Front Touch Digitizer Assembly Replacement Include Home Button +Camera Holder +AdhesiveTape +Middle Frame Bezel+WiFi Antenna Cable,Black",,3.7,55,,Average (3.5-4),0.2700313075239517,Screen,
B019O6MVJI,"LG PH550 CineBeam LED Projector with Built-In Battery, Bluetooth Sound Out and Screen Share",,4.5,163,,Good (4-4.5),0.3500939225718552,LG,
B019O7V5MG,LG gram 15Z960 i7 15” Laptop (Gold),,3.3,34,,Below Avg (3-3.5),0.23001913237574825,LG,
B019O9OGCA,"KAYOND KY-41 Canvas Fabric Sleeve for 11.6-inch Laptops - Peony Patterns (11.6, Apricot Peony)",,4.5,54,,Good (4-4.5),0.35003072775498967,KAYOND,
B019OAGIDY,"iSmartAlarm Spot HD Wi-Fi Security Camera| 2-Way Audio Night Vision Motion Sensing | iSC5D, White",,3.8,249,,Average (3.5-4),0.280143782702593,iSmartAlarm,
B019OB663A,"Logitech G502 Proteus Spectrum RGB Tunable Gaming Mouse, 12,000 DPI On-The-Fly DPI Shifting, Personalized Weight and Balance Tuning with (5) 3.6g Weights, 11 Programmable Buttons",74.0,4.7,9988,Mid ($50-100),Excellent (4.5-5),0.3757901526241793,Logitech,15.711252653927813
B019OBVU8G,"Yeworth 5ft/1.5m XLR Y Splitter Patch Cable, 1 XLR Female to 2 RCA Male Stereo Plug Adapter Cable",,3.7,22,,Average (3.5-4),0.27001217514820347,Yeworth,
B019OCQQSO,"Anycolor Compatible Label Tape Replacement for TZe Tape 12mm 0.47 Laminated White TZe-231 (TZ-231) TZ Tape Work with Brother P-touch PT-D400 PT-D210 PT-D600 PT-1280 Label Maker, 26.2 Feet (8m), 2-Pack",,4.4,163,,Good (4-4.5),0.3400939225718552,Anycolor,
B019ODKAEY,UGREEN USB 3.0 Universal Docking Station USB 3.0 to HDMI DVI VGA Video Multi-Display Adapter 5-Port USB3.0 Hub Gigabit Ethernet SD TF Card Reader Audio Port for Windows 10 8 7 Vista XP Mac OS X Linux,,2.6,17,,Poor (<3),0.16000927630339312,UGREEN,
B019ODR9WU,2nd Second Hard Drive HDD SSD Optical Bay Caddy Frame Tray for Dell Inspiron 15 15R N5050 5520 7520 N5030 N5040 M5030 M5040,10.39,4.6,18,Budget (<$20),Excellent (4.5-5),0.36000985607235514,2nd,2.253796095444686
B019OG1M20,"Sinvitron? Bluetooth Audio Receiver V4.1 A2DP Portable Multipoint Wireless Connection Adapter with 3.5mm AUX Port and Hands Free Calling for iPhone Samsung Smartphone,Speakers Car & Home Stereo",,3.7,39,,Average (3.5-4),0.2700220312205586,Sinvitron?,
B019OGPFD2,Goliton Camera WindSlayer Foam Windshield Windscreen Compatible for GoPro Hero 4/3+/3 Xiaomi Yi Action Camera - Black,,4.1,73,,Good (4-4.5),0.31004174336526896,Goliton,
B019OIW1A0,"Anycolor Compatible Label Tape Replacement for Brother P Touch TZe-231 Standard Laminated Label Tape Black on White 12mm 0.47 Inch, Work for PT-D210 PT-H100 PT-D200 Label Makers, 8-Pack",,4.4,86,,Good (4-4.5),0.3400492803617759,Anycolor,
B019OM6KHG,"Vehemo 300W Power Inverter DC 12V to AC 110V Car Inverter with Dual AC Outlet and 4.8A Max Dual USB Charging Port for Laptop, Smartphones and Tablets",,3.5,16,,Below Avg (3-3.5),0.25000869653443103,Vehemo,
B019OML19S,"Onlineb2c Clear Soft TPU Transparent Gel Silicone Bumper Tab Case Skin Cover for Apple iPad air iPad 5 9.7"" (Transparent)",,3.5,14,,Below Avg (3-3.5),0.2500075369965069,Onlineb2c,
B019OO5DWW,"Onlineb2c Clear Soft TPU Transparent Gel Silicone Bumper Tab Case Skin Cover for Apple iPad 2 / 3 / 4 9.7"" (Transparent)",,4.2,78,,Good (4-4.5),0.32004464221007933,Onlineb2c,
B019OQJ96Q,Silicon Power 64GB Jewel J80 USB 3.0 Flash Drive (SP064GBUF3J80V1TEJ),,4.5,321,,Good (4-4.5),0.35018552606786196,Silicon,
B019OU1T8S,"Vicdozia XShot Update Version 6'' Dome Port Under Water Diving Camera Lens Transparent Cover Housing Case Underwater Photography for Gopro Hero 4 3+ Black, Silver",,3.3,33,,Below Avg (3-3.5),0.23001855260678616,Vicdozia,
B019OWCID6,FiiO L21 3.5mm - RCA Digital Coaxial Cable,25.99,4.1,166,Low ($20-50),Good (4-4.5),0.3100956618787413,FiiO,6.32360097323601
B019OZTU6Q,"Sandman Clocks Micro-USB to USB Flat, Android Charging Cable, Black, 4 Foot",,3.8,23,,Average (3.5-4),0.2800127549171655,Sandman,
B019P6Q8SC,"10-Inch Windows 10.1 Quad Core Tablet with Detachable and Reversible IPS Touch Screen and Keyboard, Bluetooth 4.0",,2.6,43,,Poor (<3),0.1600243502964069,10-Inch,
B019PCZLV6,FujiFilm Instax Mini 8 Camera Raspberry + Accessories KIT for Fujifilm Instax Mini 8 Camera Includes: Custom Mini 8 Case w/Strap + Assorted Frames + Photo Album + Color Filters + Selfie Mirror +More,,4.4,101,,Good (4-4.5),0.3400579768962069,FujiFilm,
B019PHT3YM,"Kenwood Marine Boat Outdoor Bluetooth CD MP3 USB/AUX iPod iPhone Stereo Receiver 4x 6.5"" Inch Dual Cone Enrock Marine Waterproof Speakers 50 ft Marine Speaker Wire, Antenna (Black/Chrome)",,4.3,115,,Good (4-4.5),0.33006609366167583,Kenwood,
B019PJL4QU,Riot Project Wired Headphones with Noise Isolating,,3.5,135,,Below Avg (3-3.5),0.2500776890409172,Riot,
B019PJOHNW,"Satechi Aluminum Universal Unibody Monitor Stand - Compatible with 2017/2018 MacBook Pro, iMac Pro, Google Chromebook, Microsoft Surface, Dell, Asus and More (Gold)",,4.1,50,,Good (4-4.5),0.3100284086791414,Satechi,
B019PJRCQ6,"Satechi Aluminum Bluetooth Wireless Headphones with Enhanced Bass 3.5mm Audio-Out Jack - Compatible with iPhone 12 Pro Max/12 Pro/12 Mini/ 12, 2020 iPad Pro, 2020 iPad Air (Silver)",,3.7,83,,Average (3.5-4),0.27004754105488965,Satechi,
B019PJTFO8,"Satechi Portable Aluminum Bluetooth Wireless 22-Key Keypad Keyboard Extension with Keyboard Shortcuts (Cut, Copy, Paste, Undo) - Compatible with Laptops, Macs, PCs (Silver)",,3.9,250,,Average (3.5-4),0.29014436247155506,Satechi,
B019PRRBNC,"ERAYAK 75W Car Power Inverter DC12V to AC110V with USB Charging Port and Swivel Cigarette Lighter Socket for Powering Laptops, Computers, DVD players, Music Players, Cell Phones,Tablets-8030U",,3.6,57,,Average (3.5-4),0.2600324670618758,ERAYAK,
B019PSB6YG,Power Inverter 150W 200W 800W 1000W 1500W DC to AC Converter 12V to 110V Inverters for Car (150W-out of stock),,4.0,295,,Average (3.5-4),0.3001704520748482,Power,
B019PU6S56,"Neewer® for DJI Phantom 3 Professional and Advanced Filter Set, Includes: (1) PL Filter+(1) ND8 Filter+(1) ND16 Filter, Made of High Definition Glass, Not for DJI Phantom 3 Standard",,3.8,32,,Average (3.5-4),0.2800179728378241,Neewer®,
B019PVBPJY,"V.one Aluminum USB 2.0 All in One Memory Card Reader Adapter Support SD, MMC, Micro SD, M2, MS PRO Duo Memory Stick for Computer Laptop Camera",,2.7,28,,Poor (<3),0.1700156537619759,V.one,
B019PYB2W6,"TP-LINK AV500 2-Port Powerline Adapter, up to 500Mbps (TL-PA4020)",,3.1,76,,Below Avg (3-3.5),0.21004348267215517,TP-LINK,
B005UN4378,New - ROR Residual Oil Remover 2oz Pump,10.95,4.6,41,Budget (<$20),Excellent (4.5-5),0.3600231907584827,New,2.3752711496746204
B019PYKUM4,SublimeWare Suction Cup for Gopro Mount Car Windshield Window Vehicle Boat Camera Holder for Gopro Suction Cup Mount - for GoPro Hero 10 Hero 9 Black Max 360 Hero 8 Black Hero 7 Hero 6 HD,21.99,4.4,1894,Low ($20-50),Good (4-4.5),0.34109750264519595,SublimeWare,4.986394557823129
B019PZ80GQ,"Kandouren - Case Cover for Kindle Paperwhite - Apricot Skin,Slim Leather Cover with Autowake(Fit 6 inch 6th Generation New Kindle Paperwhite),Green Color,Apricot Without Word",,4.5,45,,Good (4-4.5),0.35002550983433106,Kandouren,
B019PZCYA4,MEE audio Air-Fi Journey AF16 Ultra Portable Stereo Wireless Headset (Black),,3.6,333,,Average (3.5-4),0.2601924832954068,MEE,
B019PZD33G,"VIZIO D48-D0 D-Series 48"" Class Full Array LED Smart TV (Black)",,4.0,156,,Average (3.5-4),0.3000898641891207,VIZIO,
B019PZD49Y,"VIZIO D39hn-D0 D-Class 39"" Class Full-Array LED TV (Black)",,4.4,181,,Good (4-4.5),0.34010435841317244,VIZIO,
B019PZDJEE,"VIZIO D32-D1 D-Series 32"" Class Full Array LED Smart TV (Black)",248.0,4.2,660,High ($200-500),Good (4-4.5),0.3203820677460033,VIZIO,58.90736342042755
B019PZMVN4,90W Laptop AC Adapter for HP Pavilion X360 Charger HP Pavilion 15 17 15-dy1043dx 17-by3053cl 17-by3613dx Notebook Power Supply Cord,,4.5,779,,Good (4-4.5),0.3504510602524894,90W,
B019Q0H6L0,"(ETL Approved) ERAYAK 400W Power Inverter Dual US Outlets,2.1A USB Ports w/Car Cigarette Lighter Cable&Battery Clamps Clips Cable,DC12V to AC110V,for Laptop,Tablet,Game Console,TV,Fan,Cooler-8126U",,3.5,45,,Below Avg (3-3.5),0.25002550983433103,(ETL,
B019Q0XYJS,(ETL Approved) ERAYAK 1500W Power Inverter with 2.1A Dual USB Charging Ports and 3 US Outlets DC12V to AC110V Car Inverter-8132U,,3.9,22,,Average (3.5-4),0.29001217514820343,(ETL,
B019Q44E98,Behringer Ultragraph Pro FBQ1502HD 15-Band Stereo Graphic EQ with FBQ Feedback Detection,119.0,4.6,442,Mid-High ($100-200),Excellent (4.5-5),0.36025567811227227,Behringer,25.813449023861175
B019Q4J0PG,"Ivencase 13-Inch Neoprene Laptop Sleeve with Zipper & Built-in 2 Pockets, Hot teal",,3.8,61,,Average (3.5-4),0.2800347861377241,Ivencase,
B019Q6G21Y,"Kandouren Case Cover for Kindle Paperwhite - Van gogh Starry Night ,Light Slim Leather Cover with Autowake(Fit 6 inch Amazon Kindle Paperwhite 2013 2015 2016),blue color book",,4.5,933,,Good (4-4.5),0.350540344672648,Kandouren,
B019Q88VDE,Sony SRSXB2/BLUE Portable Wireless Speaker with Bluetooth (Blue),,4.4,94,,Good (4-4.5),0.34005391851347244,Sony,
B019Q88WOW,Sony SRSXB2/BLK Portable Wireless Speaker with Bluetooth (Black),,4.4,252,,Good (4-4.5),0.3401455220094793,Sony,
B019Q895FC,Sony GTKXB7BC High Power Home Audio System with Bluetooth (Black),,4.5,483,,Good (4-4.5),0.3502794486397171,Sony,
B019Q8DH5Q,"Smatree Baseball Hat with Quick Release Buckle Mount Compatible for GoPro 5 Session Hero 11/10/9/8/7/6/5/4/3 Plus/3/2/1/DJI OSMO Action Cameras, Wool Material (L 58-60cm) Black",17.99,4.5,405,Budget (<$20),Good (4-4.5),0.3502342266606758,Smatree,3.988913525498891
B019QQTCSE,Case Logic Ultra Compact Camera Case for Sony Cyber-shot DSC-W800  with Storage,,3.9,44,,Average (3.5-4),0.29002493006536895,Case,
B019QQTKWM,"Lesoom Camera-5 Watch, Winder, Blender, Lamp, Small, Black",,4.4,26,,Good (4-4.5),0.3400144942240518,Lesoom,
B019QRQYSO,AudioQuest SureGrip 100 Multi-Spade (Silver),59.95,4.0,28,Mid ($50-100),Average (3.5-4),0.3000156537619759,AudioQuest,14.950124688279303
B019QUSI2G,"Kuzy Compatible with MacBook Pro 17 inch Case for Model A1297 Aluminum Unibody, Shell Soft-Touch Hard Cover for 17 inch MacBook Pro, Black",,4.3,535,,Good (4-4.5),0.33030959662574466,Kuzy,
B019QVI1ZE,"Kuzy Compatible with MacBook Pro 17 inch Case for Model A1297 Aluminum Unibody, Shell Soft-Touch Hard Cover for 17 inch MacBook Pro, Clear",,4.3,535,,Good (4-4.5),0.33030959662574466,Kuzy,
B019QVWCSG,"Magnadyne WR40B | Water-Resistant Marine & Hot Tub 5"" Dual Cone Speakers | Sold As A Pair",29.99,4.6,462,Low ($20-50),Excellent (4.5-5),0.3602672734915136,Magnadyne,6.505422993492409
B019QXEZHK,Dekoni Audio Memory Foam Replacement Ear Pads for Beyerdynamic DT770/880/990,34.99,3.8,45,Low ($20-50),Average (3.5-4),0.280025509834331,Dekoni,9.183727034120736
B019R9805Q,"Pixel BF-1A Lens Rear Plus Camera Body Cap for Nikon D90 D7000 D5000 D3100 D3000 D700 D200 D3 D2 D80 Nikkor Lenses,etc.",,4.4,95,,Good (4-4.5),0.3400544982824345,Pixel,
B019RBCYFQ,"SANYO Full HD 1080p at 24fps Blu-ray/DVD Player USB and HDMI with Still Picture and Audio Playback, FWBP505F",168.0,4.2,84,Mid-High ($100-200),Good (4-4.5),0.32004812082385176,SANYO,39.90498812351544
B019RD7LY8,"Nakamichi Shockwafe Pro 7.1Ch 400W 45"" Sound Bar with 8” Subwoofer (Wireless) & Rear Satellite Speakers",,3.9,654,,Average (3.5-4),0.2903785891322308,Nakamichi,
B019RIKBTU,OldShark HD Dash Cam GS8000L Car DVR Recorder Black Box 120 Degree Angle View Vehicle Camera with Night Vision G-sensor 8GB TF C,,3.9,218,,Average (3.5-4),0.2901258098647689,OldShark,
B019RIOWWM,"Cobra ACXT345 Weather-Resistant Walkie Talkies for Adults - Rechargeable, 22 Channels, Long Range 25-Mile Two-Way Radio Set (2-Pack)",49.98,4.3,294,Low ($20-50),Good (4-4.5),0.3301698723058861,Cobra,11.596287703016241
B019RIOZVK,"Cobra ACXT390 Walkie Talkies for Adults - Rechargeable, Lightweight, 22 Channels, 23-Mile Range Two-Way Radios with VOX (2-Pack)",49.95,4.4,763,Low ($20-50),Good (4-4.5),0.34044178394909635,Cobra,11.326530612244898
B019RJSZRO,Acer Aspire Switch 10 SW5-015-198P10.1-inch HD 2-in-1 Tablet & Laptop with Microsoft Office Mobile Apps,,3.5,201,,Below Avg (3-3.5),0.25011595379241375,Acer,
B019RK4H9S,GkGk Smart 4-Outlet USB Power Strip Surge Protector 4 USB Port Multi Charging Station USB Smart Charger,,3.3,12,,Below Avg (3-3.5),0.23000637745858274,GkGk,
B019RLEIUK,DIGISION Dual USB Universal Travel Adapter AC Power All in One Worldwide Portable International Travel Power Plug Adapter Wall Adapter Adaptor Charger Multi-Socket Outlet(3.37 Ounce) (Black),,3.5,77,,Below Avg (3-3.5),0.2500440624411172,DIGISION,
B019RO5SLU,Excelvan 2600 Lumens 200'' Portable Mini LED HD 1080P Multi-Media LCD 3D Indoor Outdoor Home Cinema Theater Projector (White),,3.4,32,,Below Avg (3-3.5),0.2400179728378241,Excelvan,
B019ROJT1K,"5-Pack Compatible with Dymo D1 Label Tape 45013 S0720530 Refill Compatible with Dymo D1 A45013 Tape, Black on White, 1/2 Inch x 23 Ft for LabelManager 160 210D 420P 280 360D 450D PnP Label Maker",11.99,4.7,257,Budget (<$20),Excellent (4.5-5),0.3701484208542896,5-Pack,2.545647558386412
B019RPP92W,"LEPA Exllusion240 Intel/AMD 400W+ TDP Liquid CPU Cooler with Refillable Coolant Design,LPWEL240-HF (AM4 bracket included!)",,3.7,68,,Average (3.5-4),0.2700388445204586,LEPA,
B019RR91RO,"Nikon D5300 D5500 LCD Tempered Glass Screen Protector, Poyiccot Optical 9H Hardness 0.3mm Ultra-Thin DSLR Camera Tempered Glass for Nikon D5300 D5500",,3.8,52,,Average (3.5-4),0.2800295682170655,Nikon,
B019RSSLYW,"MYCARTRIDGE Remanufactured Ink Cartridge Replacement for HP 902 XL 902XL (Black Cyan Magenta Yellow, 4-Pack)",,3.7,47,,Average (3.5-4),0.27002666937225517,MYCARTRIDGE,
B019RT2D90,"Rangers 55"" 2.8lbs Super Light-weight Aluminum Tripod Monopod with Ball Head for DSLR (Canon, Nikon, Pentax, Sony, Leica, Fuji, Lumix, Olympus) Golden",,3.5,20,,Below Avg (3-3.5),0.25001101561027933,Rangers,
B019RT2EUS,"Rangers Professional Carbon Fiber Tripod & Mono-pod + Ball Head for DSLR (Canon, Nikon, Pentax, Sony, Leica, Fuji, Lumix, Olympus) Q666-C",,4.6,40,,Excellent (4.5-5),0.36002261098952065,Rangers,
B019RT2I2M,"2mm Ultrathin, Rangers 52mm Full ND2, ND4, ND8, ND16 Neutral Density Filters and Carrying Case + Lens Cleaning Cloth + Lens Cleaning Pen, Without vignetting",,3.6,54,,Average (3.5-4),0.26003072775498964,2mm,
B019RT2LNS,"2mm Ultrathin, Rangers 72mm Full ND2, ND4, ND8, ND16 Neutral Density Filters and Carrying Case + Lens Cleaning Cloth + Lens Cleaning Pen, Without vignetting",,3.7,29,,Average (3.5-4),0.27001623353093795,2mm,
B019RT2MJG,"Rangers Focus Series 77mm Full ND Filters Includes Full ND2, ND4, ND8, ND16 Filters + Carrying Case + Lens Cleaning Cloth + Lens Cleaning Pen RA022",,4.0,97,,Average (3.5-4),0.30005565782035865,Rangers,
B019RTVJFE,"FILA Duel Tablet and Laptop Backpack, Grey/Lime, One Size",,4.5,421,,Good (4-4.5),0.35024350296406886,FILA,
B019RWCMO8,"Nikon D750 LCD Tempered Glass Screen Protector, Poyiccot Optical 9H Hardness 0.33mm Ultra-Thin DSLR Camera Tempered Glass With Shoulder Screen Protector for Nikon D750",,4.2,70,,Good (4-4.5),0.3200400040583828,Nikon,
B019RX5X70,"Canon EOS 6D LCD Tempered Glass Screen Protector, Poyiccot Optical 9H Hardness 0.33mm Ultra-Thin DSLR Camera Tempered Glass for Canon EOS 6D",,4.3,87,,Good (4-4.5),0.3300498601307379,Canon,
B019RXFMC6,"for Canon EOS Rebel T7i T6i T5i 800D 700D 750D Screen Protector, Poyiccot 1Pack 9H Hardness Ultra-Thin Tempered Glass Screen Protector for Canon T5i T6i T7i 800D 700D 750D",,4.5,36,,Good (4-4.5),0.35002029191367245,for,
B019S03QPI,"iPhone 32GB I Flash Drive USB 3.0 EVO Plus Lighting Micro USB OTG by Gigastone Photofast [Mobile Lightning MFi Backup for Apple iOS, iPad, iPod, Android, Samsung Galaxy, iCloud, Mac, PC]",,3.2,46,,Below Avg (3-3.5),0.22002608960329312,iPhone,
B019S1H5UO,Microtimes Talkie Radio MSC-20A Case Holster for Motorola Kenwood Walkie Talkie 2 Way Radio Black,,3.9,29,,Average (3.5-4),0.2900162335309379,Microtimes,
B019S38QDM,Vimtag 1 Pack Ind & Out Kit Indoor & Outdoor Surveillance Kit (Silver & White),,3.6,64,,Average (3.5-4),0.2600365254446103,Vimtag,
B019S71JC8,Monoprice 2pc 103324 Banana Binding Post Two-Piece Inset Wall Plate for 1 Speaker,11.99,4.0,13,Budget (<$20),Average (3.5-4),0.3000069572275449,Monoprice,2.9900249376558605
B019S7BGV2,"StarTech.com microSD to USB 3.0 Card Reader Adapter - USB Memory Card Reader for USB C and USB A Enabled Computers - micro SD Reader (MSDREADU3CA),Black",,4.3,17,,Good (4-4.5),0.3300092763033931,StarTech.com,
B019SFTXG4,"Fire HD 8 (Old 2015 Model Only) Case, Poetic Quarterback [Corner Protection][Dual Protection] - Stylish Rugged PC+TPU Case for Amazon Fire HD 8 (2015 Old Model)(NOT FIT 2016 New Model) Black/Black",,3.6,26,,Average (3.5-4),0.2600144942240517,Fire,
B019SFU05M,"Fire 7 2015 Case, Poetic Quarterback [Corner/Bumper Protection][Replaceable Back][Dual Protection]- Stylish PC+TPU Case for Amazon Fire 7 5th Gen (2015) Black/Black",,3.9,101,,Average (3.5-4),0.2900579768962068,Fire,
B019SFU43K,"Poetic Quarterback iPad Pro 12.9 Case Cover with Heavy Duty Protection Hybrid Case for Apple iPad Pro 12.9 (1st Gen 2015) with Pencil Holder, Compatible w/Apple Smart Keyboard White/Dark Red",,4.1,52,,Good (4-4.5),0.3100295682170655,Poetic,
B019SFU5QG,"Poetic Quarterback iPad Pro 12.9 Case Cover with Heavy Duty Protection Hybrid Case for Apple iPad Pro 12.9 (1st Gen 2015) with Pencil Holder, Compatible w/Apple Smart Keyboard Black/Black",,4.2,107,,Good (4-4.5),0.32006145550997933,Poetic,
B019SI3RRM,Spigen R12S Bluetooth Speaker Premium Wireless Speaker Bluetooth 4.1 Portable Indoor Outdoor Audio Speaker Built in Mic with Micro SD Card Slot for BT Devices iPhone X / 8/8 Plus - Gunmetal,,3.6,265,,Average (3.5-4),0.2601530590059861,Spigen,
B019SMFMFI,Orion Motor Tech 1500W Auto Power Inverter 12V DC to 220V AC Converter,,3.6,20,,Average (3.5-4),0.26001101561027934,Orion,
B019SMQ2NO,Merytes 10x25 Portable High Definition and Blue Film Binoculars for Daily Waterproof IPX3,,4.0,69,,Average (3.5-4),0.3000394242894207,Merytes,
B019SMZVAE,"PARLT Sleeping Headphones - Ultra Thin Earphones - Most Comfortable Headphones for Sleeping - Let You Sleep or Relax While Listening to Your Favorite Music, Podcasts, Audiobooks or Meditations",,3.8,47,,Average (3.5-4),0.2800266693722551,PARLT,
B019SU79GU,Doberman Security SE-0405-2PK Simulated Camera - 2 Pack (Black),,3.4,39,,Below Avg (3-3.5),0.2400220312205586,Doberman,
B019SU7E38,"Doberman Security Magnetic Trigger, Sturdy, Compact Security Alarm, White (SE-0129W-4PK)",,4.2,112,,Good (4-4.5),0.3200643543547897,Doberman,
B019SUROPG,Khanka Hard Case Portable Bag for JBL Flip 3 & Flip 4 Waterproof Portable Bluetooth Speaker - Blue,,4.7,169,,Excellent (4.5-5),0.37009740118562756,Khanka,
B019SVERU0,"Lenovo Yoga Tab 3 10 Case - Infiland Folio Premium PU Leather Stand Cover for Lenovo Yoga Tab 3 10.1-Inch Tablet ZA0H0022US (Not Fit Lenovo Yoga Tab 3 pro 10/ Lenovo Yoga 3 10 Plus), Blue",,4.5,237,,Good (4-4.5),0.3501368254750482,Lenovo,
B019SVR2B6,Bluetooth Remote Controller Wireless Gamepad Mobile Phone Game Controller VR Glasses Remote Controller Supports Android 4.0 & IOS 7.0 Above PC Games for iPhone 6 iPad Samsung S7 (Black-1),,4.1,39,,Good (4-4.5),0.3100220312205586,Bluetooth,
B019SXN4HU,"KOOKYE Mega2560 Board + 3.2"" TFT LCD Touch Screen + LCD Shield SD Reader for Arduino 3D Printers and Robotics",,4.0,48,,Average (3.5-4),0.30002724914121726,KOOKYE,
B019SZ4FLW,KEYBLU 2-Wire CLS1110 Acoustic Tube Earpiece/Headset with PTT and Mic Surveillance Kit for Motorola Walkie Talkie RDM2070d CP200 CP200d CLS1410 CLS1413 CLS1450 Radio,16.99,4.1,1209,Budget (<$20),Good (4-4.5),0.31070036090617886,KEYBLU,4.1338199513382
B019SZTE68,E LV Hybrid Armor Protection Defender Case Cover for iPad Mini / iPad Mini 2 / iPad Mini 3 with 1 Stylus and 1 Cleaning Cloth - [GREY/BLACK],,3.8,40,,Average (3.5-4),0.28002261098952064,E,
B019T01SFM,"Zacro ZCR1-AUX-1 Game Camera Viewer Card Reader for Androids, Read SD/MSD Cards Straight from Phone, Micro USB Connector",,3.7,95,,Average (3.5-4),0.27005449828243444,Zacro,
B019T0WFA4,Tensun 3RCA AV CVBS Composite & S-Video R/L Audio to HDMI Converter Adapter Support 720P/1080P for PS2 PS3 NES SNES Nintendo 64 HDTV,26.97,4.1,397,Low ($20-50),Good (4-4.5),0.3102295885089792,Tensun,6.562043795620439
B019T0WIMO,"Tensun HDMI Audio Splitter Extractor, HDMI to HDMI Audio Optical Toslink SPDIF + L/R Stereo Analog Converter Outputs Support 1080P 3D",,3.0,18,,Poor (<3),0.2000098560723552,Tensun,
B019T0WK72,"Tensun Optical to Coaxial Converter, Optical to Coax Digital Coax Coaxial to SPDIF Toslink Optical Bi-Directional Digital to Audio Converter Adapter Repeater",,3.8,15,,Average (3.5-4),0.28000811676546894,Tensun,
B019T0X5RG,"HDMI Audio to RCA Converter, Tensun 1080P HDMI to AV 3RCA CVBS Composite Video Audio Converter Adapter Supports PAL/NTSC for PS4 Xbox VHS VCR STB Roku Blue-ray DVD",,3.6,23,,Average (3.5-4),0.2600127549171655,HDMI,
B019T7BR7O,"BLUEWIND All New Fire 7 2017 Case, Protective Kids Case for Fire 7 2017 Tablet (7th Generation, 2017 Release) Light Weight Shock Proof with Handle Stand Kids Case Cover for Fire 7 2017 Tablet,Orange",,4.3,31,,Good (4-4.5),0.3300173930688621,BLUEWIND,
B019THNDHQ,"Versality Perfect Fit Hard Case Cover for MacBook Air 13.3"" (Model: A1369 / A1466) and Matching Keyboard Cover in Champagne Gold Metallic",,4.1,126,,Good (4-4.5),0.3100724711202586,Versality,
B019TNELNU,ZITRADES Ethernet Shield W5100 Development boardor for Arduino UNO Mega 2560 1280 328 UNR by ZITRADES,,4.0,69,,Average (3.5-4),0.3000394242894207,ZITRADES,
B019TOJRC4,KOOKYE 2 x 28BYJ-48 DC 5V Stepper Motor + ULN2003 Driver Test Module Board for Arduino Raspberry Pi,9.89,4.6,54,Budget (<$20),Excellent (4.5-5),0.3600307277549896,KOOKYE,2.14533622559653
B019TRW4HQ,"Coiled 3.5mm Jack Audio Cable - Riipoo 3 Feet 4 Pole TRRS 3.5mm Jack Male to Male Stereo Audio Aux Extension Coiled Cable, Spring Cable, Golden-Plated Jack",,4.1,53,,Good (4-4.5),0.31003014798602757,Coiled,
B019TTJ418,"Dell Inspiron i3000-10099SLV 11.6 Inch Touchscreen 2-in-1 Laptop (Intel Pentium, 4 GB RAM, 500 GB HDD, Moonlight Silver)",,3.7,59,,Average (3.5-4),0.2700336265998,Dell,
B019TTJ5LM,"Dell Inspiron i5559-7081SLV 15.6 Inch Touchscreen Laptop (Intel Core i7, 8 GB RAM, 1 TB HDD, Silver Matte) Intel Real Sense and Microsoft Signature Image",990.0,3.6,32,Premium (>$500),Average (3.5-4),0.26001797283782413,Dell,274.23822714681444
B019TTJ8G4,"Dell Inspiron i3455-8041WHT 23.8 Inch Touchscreen All in One (AMD A6, 4 GB RAM, 1 TB HDD, White Bezel with SIlver Easel)",,3.9,56,,Average (3.5-4),0.29003188729291374,Dell,
B019TTJARQ,"Dell Inspiron i3650-1551SLV Desktop (Intel Core i3, 8 GB RAM, 1 TB HDD, Silver) No Monitor Included",299.0,3.7,22,High ($200-500),Average (3.5-4),0.27001217514820347,Dell,80.59299191374663
B019TTJB4S,"Dell Inspiron I3052 Premium All-in-One Desktop PC (2016 ), 19.5-inch HD+ Touchscreen Monitor, Intel Pentium N3700 Quad-Core Processor, 4GB DDR3 RAM, 500GB HDD, DVD±RW, Windows 10",,3.6,70,,Average (3.5-4),0.26004000405838273,Dell,
B019TTJDRI,"Dell XPS 8900-3569BLK Desktop (Intel Core i7, 16 GB RAM, 2 TB HDD, Black, Windows 10 Pro) NVIDIA GTX 745",,3.3,17,,Below Avg (3-3.5),0.23000927630339307,Dell,
B019TTJDX2,"Dell Inspiron i3250-30BLK Desktop (Intel Core i3, 4 GB RAM, 1 TB HDD, Black) No Monitor Included",159.0,3.7,37,Mid-High ($100-200),Average (3.5-4),0.2700208716826345,Dell,42.857142857142854
B019TTJHCO,"Kensington Microsoft Surface Pro Rugged Case for Surface Pro 6, 5 (2017) and 4 - BlackBelt 2nd Degree Rugged Case (K97443WW)",39.99,4.4,1505,Low ($20-50),Good (4-4.5),0.3408719725189513,Kensington,9.068027210884354
B019TX9I4C,Godox AD-S6 Portable Umbrella-Type Reflector for Witstro AD180 AD360(Silver+Black),12.99,4.5,34,Budget (<$20),Good (4-4.5),0.3500191323757483,Godox,2.8802660753880267
B019TXV7BO,Capture Card (DP Adapter),,4.4,17,,Good (4-4.5),0.34000927630339317,Capture,
B019U0V75W,"iMuto 3-Pack 3ft Premium Micro USB Cable High Speed USB 2.0 A Male to Micro B Sync and Charging Cables Cords for Samsung, HTC, Motorola, Nokia, Android, and More",5.99,4.2,41,Budget (<$20),Good (4-4.5),0.3200231907584828,iMuto,1.4228028503562946
B019U4ZZMY,"EKYLIN 7"" TFT LCD Car Rearview Quad Split Monitor,Remote Control, 4 Channels RCA Video Inputs - 12V-24V 800480HD Screen w/Sunshade Anti-Glare",88.99,3.7,32,Mid ($50-100),Average (3.5-4),0.27001797283782414,EKYLIN,23.98652291105121
B019U9EW1E,"Keyboard Cover for 13.3"" Dell Inspiron 13-5368 i5368 13-7368 i7368 13-7368 i7378, 15.6"" Dell XPS 15-9550, 15.6"" Inspiron 15-5568 i5568 15-5578 i5578 15-7568 15-7569 i7568 i7569 i7579, Rainbow",,4.2,285,,Good (4-4.5),0.32016465438522757,Keyboard,
B019UDIAI6,"Canon PowerShot SX540 Digital Camera w/ 50x Optical Zoom - Wi-Fi & NFC Enabled (Black), 1-1067C001",249.9,4.5,1503,High ($200-500),Good (4-4.5),0.35087081298102707,Canon,55.41019955654102
B019UIHZA0,"Taurus Stainless Steel 3/8"" x 24 Antenna Quick Disconnect",,3.6,25,,Average (3.5-4),0.26001391445508965,Taurus,
B019UJKLU0,"XSPC ECX Ultra Concentrate Coolant, Orange UV",,2.6,11,,Poor (<3),0.16000579768962073,XSPC,
B019UPW13O,Holiday Brilliant Rhythm of Lights Music Box Bluetooth Speaker - Controls Lights and Music,,3.8,55,,Average (3.5-4),0.28003130752395167,Holiday,
B019UTGRUI,EforTek Replacement Battery (2-Pack) and Dual USB Charger kit for Garmin 361-00080-00 and Garmin Virb X and Virb XE,,4.2,70,,Good (4-4.5),0.3200400040583828,EforTek,
B019UU5618,NiceTQ USB DC Power Charging Charger Cable Cord For RCA 10 Viking Pro RCT6303W87 / RCT6303W87DK Tablet,,4.2,220,,Good (4-4.5),0.3201269694026931,NiceTQ,
B019V0KC5C,COWEEN 1x2 HDMI Splitter Box 4K2K HDMI 1 In 2 Out with LED Powered HDMI Switch Support 3D HDCP 2.0 for PC TV Monitor Projector HDTV,,4.0,23,,Average (3.5-4),0.30001275491716556,COWEEN,
B019V8NGZC,UpBright 8.6V AC/DC Adapter Compatible with Pell SpeedHex TA414 Speed Hex FlipOut 2 PH FOSH2014 FOSH162BP RB-FOSH2016 8 Volt 8V Lithium Battery Screwdriver Spe-8792 myACT APS-L010086100L-G Charger,14.99,4.0,112,Budget (<$20),Average (3.5-4),0.3000643543547897,UpBright,3.7381546134663344
B019VGZ8TQ,"SSE Large Carrying Case for Canon, Nikon, Sony, Pentax, Sigma, Fujifilm, Olympus, Panasonic & Samsung Digital Cameras",18.99,3.8,59,Budget (<$20),Average (3.5-4),0.28003362659979997,SSE,4.984251968503937
B019VGZAUS,SSE Deluxe Accessory Kit for Galaxy Gear VR. Includes Deluxe Carrying Case + Cleaning Pen Brush + Air Blaster Dust Blower + Microfiber Cleaning Cloth,24.99,3.9,24,Low ($20-50),Average (3.5-4),0.29001333468612756,SSE,6.391304347826087
B019VM3GKI,"Fitbit Blaze Smart Fitness Watch, Blue, Silver, Large (6.7 - 8.1 inch) (US Version)",,4.2,1366,,Good (4-4.5),0.3207913846332237,Fitbit,
B019VN04J8,Poetic Revolution iPad Pro 12.9 Rugged Case Cover with Hybrid Heavy Duty Protection and Built-in Screen Protector and Kickstand for Apple iPad Pro 12.9 (1st Gen 2015) Black,,4.3,177,,Good (4-4.5),0.33010203933732407,Poetic,
B019VRM4LU,"Lightning Cable, 6 Ft iPhone 6S Charger F-color Long Apple MFI Certified Nylon Braided Lightning to USB Cable for iPhone 8 7 6S 6 Plus 5S 5C 5 iPhone SE 2016, iPad Air 2 3 Mini 2 3 4 iPad Pro Orange",,3.5,45,,Below Avg (3-3.5),0.25002550983433103,Lightning,
B019VSABX2,TNP USB Type C Cable (8 Inch) - USB-C to USB-A Standard Type A Male to Male USB 3.0 SuperSpeed Connector Adapter Bi-Directional Wire Cord Plug for Charge & Data Sync,,3.6,10,,Average (3.5-4),0.2600052179206586,TNP,
B019VW2JD8,"ProCase iPad Pro 12.9 2015 Keyboard Case, Apple iPad Pro Tablet Wireless Keyboard Case, 360 Degree Rotation Multiple Angle Keyboard Case for Apple iPad Pro 12.9"" (1st Gen 2015)",62.99,4.0,725,Mid ($50-100),Average (3.5-4),0.3004197527285377,ProCase,15.708229426433917
B019VX5BZ0,"Bargain Max Decals - Whovian Bad Wolf DW - Sticker Decal Notebook Car Laptop 4"" (White)",3.99,4.6,84,Budget (<$20),Excellent (4.5-5),0.3600481208238517,Bargain,0.8655097613882865
B019VZISSU,Gosky Adjustable Vehicle Car Window Mount - Binocular Window Mount - Spotting Scope Window Mount,39.29,4.4,616,Low ($20-50),Good (4-4.5),0.3403565579116723,Gosky,8.909297052154194
B019VZTWIU,"Gosky 0.965Inch Telescope Accessory Kit for 0.965 Telescope - with Four Eyepieces, one Diagonal, a 3X Barlow Lens",,4.1,407,,Good (4-4.5),0.31023538619859986,Gosky,
B019W01EBW,"FAVOLCANO Universal Tablet Tripod Mount Adapter Clamp Holder for iPad 2, 3, 4, Air, Air2, iPad Pro 9.7 10.5,iPad Mini 2 3 4, for Samsung Galaxy Tab 2 3 4, Tab Pro, Tab S, for Google Nexus",,4.3,207,,Good (4-4.5),0.33011943240618613,FAVOLCANO,
B019W178RU,"OriGlam 4Pcs AA to C Size Battery Converter, Battery Adapter Holder Case Battery Boxes",6.58,3.9,29,Budget (<$20),Average (3.5-4),0.2900162335309379,OriGlam,1.6828644501278773
B019W22GDU,"【The OriGlam Hard Plastic Battery Organizer Batteries Holder, Storage Case Box Case Holder for 4 x 26650 Batteries",5.88,4.1,41,Budget (<$20),Good (4-4.5),0.3100231907584827,【The,1.4306569343065696
B019W4C5IE,GEREE 250W Boost Converter DC/DC 8.5-48V to 12-50V Output Step-up Module Mobile Power Supply Max 10A,,4.0,76,,Average (3.5-4),0.3000434826721552,GEREE,
B019W5C0II,Electric Car Cooling Fan 123 (A2),,4.5,94,,Good (4-4.5),0.3500539185134724,Electric,
B019W9M53E,SMALLRIG Quick Plate Mount for DJI Ronin Ronin-M (Mini) and Ronin MX - 1682,,4.7,67,,Excellent (4.5-5),0.3700382647514966,SMALLRIG,
B019WARI9Y,"Cablelera Power Cord Extension and Splitter, NEMA 5-15P to NEMA 5-15R x 2, 14 AWG, 15A, 125V (ZWACPQAH-14)",,4.9,637,,Excellent (4.5-5),0.3903687330598757,Cablelera,
B019WARLMI,"Silicon Power S55 960GB 2.5"" 7mm SATA III Internal Solid State Drive SP960GBSS3S55S25",47.83,3.8,21,Low ($20-50),Average (3.5-4),0.28001159537924136,Silicon,12.553805774278215
B019WC8B52,"Iphone 30-PIN dock Bluetooth Receivers, Xhonor Latest Bluetooth A2DP Music Audio Receiver Adapter for Bose Sounddock and 30-Pin iPod iPhone Dock Speaker",,3.9,65,,Average (3.5-4),0.29003710521357234,Iphone,
B019WCWV7G,Toshiba Exceria M301 32GB Micro SD Class 10 UHS-I 48MB/s Memory Card (THN-M301R0320U2),,3.7,68,,Average (3.5-4),0.2700388445204586,Toshiba,
B019WFZQDY,"FYY Case for iPad Pro 9.7 - [Luxury Protection] Premium PU Leather Folio Case with Card Slots, Note Holder, Hand Strap for iPad Pro 9.7"" (2016) Blossom",,4.8,14,,Excellent (4.5-5),0.3800075369965069,FYY,
B019WFZRJC,"FYY Case for iPad Pro 9.7 - [Luxury Protection] Premium PU Leather Folio Stand Protective Shockproof Case with Apple Pencil Holder for iPad Pro 9.7"" (2016) Black",,4.3,223,,Good (4-4.5),0.3301287087095792,FYY,
B019WJROSK,ReplacementIR Remote Control for DIRECTV RC66RX RC65R 4-Device LCD LED HDTV Plasma TV TVs A/V Receiver,11.0,4.7,6902,Budget (<$20),Excellent (4.5-5),0.37400098560723555,ReplacementIR,2.335456475583864
B019WMR1D0,"Kastar ENEL15 Battery 1 Pack for EN-EL15, D850, D750, D7000, D7100, D7200, D7500, D800, D800E, D810, D600, D610, 1 V1 DSLR Camera and MB-D11, MB-D12, MB-D14, MB-D15, MB-D16 Grip",11.99,3.8,30,Budget (<$20),Average (3.5-4),0.28001681329989997,Kastar,3.1469816272965883
B019WOLP8K,Yubi Power 5 Outlet Power Plug Surge Protector Wall Tap with 2 USB Ports 2.1A 300 Joules - White - ETL Listed - 2 Pack,,4.4,105,,Good (4-4.5),0.3400602959720552,Yubi,
B019WRZT0M,Samsung Galaxy Tab E 16GB 9.6-Inch Tablet SM-T560 - Black (Renewed),80.0,4.3,827,Mid ($50-100),Good (4-4.5),0.3304788891626687,Samsung,18.561484918793504
B019WSMEWW,LUME CUBE Bluetooth External Flash & Video Light for Casual Capture Devices,,3.7,58,,Average (3.5-4),0.27003304683083795,LUME,
B019WVTTK4,"HornetTek Jaws 3.5"" USB 3.1 10 Gbps Max USB-C & USB-A Dual Connection HDD Enclosure",,4.0,22,,Average (3.5-4),0.3000121751482035,HornetTek,
B019WWIRQU,"HornetTek USB 3.0 Dual Bay 2.5"" HDD (Notebook Size HDD) / SDD Enclosure w/RAID 0 & RAID 1",,3.7,63,,Average (3.5-4),0.27003594567564826,HornetTek,
B019X0V5UQ,PNY CS2211 480GB Pro Gaming 2.5” SATA III MLC Internal Solid State Drive (SSD) - (SSD7CS2211-480-RB),149.99,4.4,345,Mid-High ($100-200),Good (4-4.5),0.3401994405229517,PNY,34.01133786848072
B019X1YNOU,Audio-Technica: AT-HS1 Headshell - Turntable Lab Edition,,4.2,26,,Good (4-4.5),0.32001449422405176,Audio-Technica:,
B019X3B1D4,The North Face Women's Isabella Backpack TNF Black Heather/24k Gold One Size,,4.4,24,,Good (4-4.5),0.34001333468612766,The,
B019X5TXB4,Kingston ValueRAM 16GB 2133MHz DDR4 Non-ECC CL15 DIMM 2Rx8 Memory (KVR21N15D8/16),41.94,3.7,24,Low ($20-50),Average (3.5-4),0.2700133346861276,Kingston,11.304582210242588
B019X962N2,QICENT Cable Management Box Organizer USB Hub - Black,,3.5,119,,Below Avg (3-3.5),0.2500684127375241,QICENT,
B019X9JABS,SinLoon 3.3ft USB 3.0 to 40 Pin Data Sync Charger Charge Cable for Asus Eee Pad Transformer TF101 TF201 ME171 SL101 TF300 TF300T Slider SL300(Black),8.59,4.0,264,Budget (<$20),Average (3.5-4),0.3001524792370241,SinLoon,2.14214463840399
B019XAXAHW,"Dell Optiplex 390 790 990 3010 7010 9010 3020 7020 9020 Server T3610 T5610 T1700 T1650 T20 SFF MT HDD Hard Drive 2.5"" 3.5"" HDD Caddy Bracket 1B31D2600 DN8MY px60023 with SATA Cable",15.07,3.8,17,Budget (<$20),Average (3.5-4),0.28000927630339306,Dell,3.955380577427822
B019XBE9KS,"PASOW Cat7 10 Gigabit Ultra Flat Ethernet Patch Cable Shielded Network Internet Cable RJ45 Connectors (60FT, White)",,4.0,31,,Average (3.5-4),0.3000173930688621,PASOW,
B019XEAVLQ,"CamKix 2in1 Pistol Handgrip and Tabletop Tripod compatible with GoPro Hero 7, 6, 5, 4, Black, Session, Hero 4, Session, Black, Silver, Hero+ LCD, 3+, 3, DJI Osmo Action and others",,4.3,182,,Good (4-4.5),0.33010493818213443,CamKix,
B019XKRMM6,"Camera Monopod,K&F Concept 4-Section 67""/171CM Compact Portable Travel DSLR Monopod Unipod Stand Walking Trekking Stick Aluminum Alloy Lightweight SLR Cameras Camcorder Video",,4.6,1707,,Excellent (4.5-5),0.36098908584928907,Camera,
B019XOAJEA,UpBright 12V AC/DC Adapter Compatible with Seagate SRD0NF2 STEG3000100 Expansion Plus 3TB Desktop Hard Disk Drive HDD HD P/N 1VAAA1-570 1V9AP3-500 12VDC DC12V 12.0V Power Supply Cord Cable Charger PSU,15.85,4.4,39,Budget (<$20),Good (4-4.5),0.3400220312205587,UpBright,3.5941043083900226
B019XPEVQQ,"ACEMILE THEATRE BOX C01-CBT612-BS0100407US 360° 3D-Sound Portable Speakers, Ruby",,4.1,21,,Good (4-4.5),0.3100115953792414,ACEMILE,
B019XRK69K,"JVC KW-V220BT Double DIN Bluetooth in-Dash DVD/CD/AM/FM Receiver w/ 6.2"" Touchscreen Pandora Support and Sirius XM Ready",,3.7,22,,Average (3.5-4),0.27001217514820347,JVC,
B019XS0R02,RAMPOW iPhone Charger Cable 6.5ft MFi Certified & Nylon Braided - Long Lightning Cable - Fast Charging & Sync - iPhone Cable for iPhone 12 Pro Max 12 Mini 11 Pro Max SE XS XR X iPad iPod - Space Gray,,4.5,334,,Good (4-4.5),0.35019306306436887,RAMPOW,
B019XTWSMQ,Karnotech REMAX Wired Earphones Stereo Earbuds in-Ear Headphones with Enhanced Bass Noise Reduction Function & Microphone RM 515 Black,,3.7,14,,Average (3.5-4),0.2700075369965069,Karnotech,
B019XUBY70,iParaAiluRy Replacement Earpads (1 Pair) + Spare Pillow (1 Piece) for G430 G930 Headphones - Blue …,,4.0,68,,Average (3.5-4),0.30003884452045865,iParaAiluRy,
B019Y02VGW,"EWETON 1/3"" 1200TVL Color CCD Indoor Security Camera,24 IR LEDs 150feet Night Vision CCTV Camera w/IR-Cut,3.6mm Lens 100 Degree Wide Viewing Angle Video Surveillance Camera(Plastic Dome White-M4002)",,3.9,9,,Average (3.5-4),0.2900046381516965,EWETON,
B019Y5OJRQ,FSL Protec Kids Headphones with Adjustable Volume Limiting (Green),,3.8,678,,Average (3.5-4),0.28039250358732043,FSL,
B019Y6W1PW,Sony Alpha a7SII Mirrorless Digital Camera (Body Only) w/ 128GB SD Card & Photo/Koah Sling Camera Bag,,4.4,13,,Good (4-4.5),0.3400069572275449,Sony,
B019YI38Z2,Clean Vintage Vinyl Records Like A Professional Archivist with TergiKleen Tergitol-Based Highly Concentrated Fluid,31.99,4.7,643,Low ($20-50),Excellent (4.5-5),0.3703722116736481,Clean,6.791932059447983
B019YJMRZS,"BTECH 2 Pin (K1 Connector) to 3.5MM Adapter with Push-to-Talk Button (Compatible with 2 Pin BaoFeng, Kenwood, Radios to 3.5mm Headsets with in-line Mics)",18.98,4.3,409,Budget (<$20),Good (4-4.5),0.330236545736524,BTECH,4.403712296983759
B019YMEFXM,Edifier R12U Stereo Computer Bookshelf Speakers - Red,,4.2,184,,Good (4-4.5),0.3201060977200586,Edifier,
B019YNABYI,SUNWAYFOTO LF-M1 Replacement Foot / Sigma 50-600mm f/5-6.3 DG OS HSM Sports 150mm-600mm Lens Arca / RRS Sunway,,4.4,18,,Good (4-4.5),0.34000985607235523,SUNWAYFOTO,
B019YNAN3C,3 Power Outlet Cord Reel 5FT White,12.48,3.9,26,Budget (<$20),Average (3.5-4),0.2900144942240517,3,3.191815856777494
B019YOFUF2,"Fitband Fun ""Live, Love, Laugh Fitness Band Accessory for Fitbit® Charge, Charge HR, Charge 2, Teslasz",,3.8,165,,Average (3.5-4),0.28009508210977924,Fitband,
B019YOYEYK,MyPilotPro Mount for GoPro,69.95,4.6,233,Mid ($50-100),Excellent (4.5-5),0.3601345063991999,MyPilotPro,15.173535791757052
B019YQ80QG,Scosche HD57684 4-Way HD 5x7 Design Speaker Set with 200 Watts Peak/50 Watts RMS Per Speaker,,4.0,55,,Average (3.5-4),0.30003130752395174,Scosche,
B019YSTOFA,Clear Mini Keyboard GH60 Plastic Case for 60% Mechanical Gaming Keyboard Comp.,,4.4,16,,Good (4-4.5),0.3400086965344311,Clear,
B019YTBWJ0,"WANDF Water Resistant Backpack Rain Cover for Up-to 20 Inches Backpacks, Black",,3.8,21,,Average (3.5-4),0.28001159537924136,WANDF,
B019YV65FY,Rangale CPU Cooling Fan for MSI GE60 MS-16GA MS-16GC CPU-VGA E33-0800401-MC2 PAAD06015SL,,3.9,29,,Average (3.5-4),0.2900162335309379,Rangale,
B019Z1TLEA,Vivitar Selfie Stick with Aux-in Wired Shutter Release (Black),35.0,3.6,172,Low ($20-50),Average (3.5-4),0.26009914049251376,Vivitar,9.695290858725762
B019Z2HJL6,TEKCAM Action Camera Waterproof Case Underwater Protective Housing Case Compatible with AKASO EK7000/REMALI CaptureCam/Apexcam/Vemont/HLS/Jadfezy/AWOLFANG GA300 Action Camera,9.99,4.4,495,Budget (<$20),Good (4-4.5),0.340286405867262,TEKCAM,2.2653061224489797
B019Z2HJMU,TEKCAM Professional SJ4000 WiFi Waterproof Case Protective Compatible with AKASO EK7000 EK5000/DBPOWER/Prymax 4K/COOAU/GeeKam/RUNME R2 Waterproof Sport Action Camera,9.99,4.1,83,Budget (<$20),Good (4-4.5),0.31004754105488963,TEKCAM,2.43065693430657
B019Z2XZN2,co2CREA Hard Travel Case for Anker PowerCore 10000 10000mAh Smallest and Lightest External Batteries,,4.4,110,,Good (4-4.5),0.34006319481686553,co2CREA,
B019Z347QU,Syba SY-ADA20084 USB 3.0 Type A Male to Micro B Adapter,6.95,4.0,54,Budget (<$20),Average (3.5-4),0.3000307277549897,Syba,1.7331670822942644
B019Z3QJGQ,"Rockville RVL69W 6x9 300w Competition Cast Aluminum Car Subwoofer Mid-Bass+Lows,Black",59.95,4.1,85,Mid ($50-100),Good (4-4.5),0.31004870059281375,Rockville,14.58637469586375
B019Z3QJH0,"Rockville RVL6KIT 6.5"" 800Watt/Pair Component Car Audio Speakers Aluminum Cone",77.07,4.6,70,Mid ($50-100),Excellent (4.5-5),0.3600400040583827,Rockville,16.718004338394795
B019Z3RW9Y,Rockville 50 Farad 24V Surge Hybrid Ion Capacitor Voltage+Amperage Meter (RXC50D),119.95,4.1,81,Mid-High ($100-200),Good (4-4.5),0.3100463815169655,Rockville,29.184914841849153
B019Z3RZ46,"Rockville RXM-S6 Marine/Boat 6 Channel Amplifier 2600 Watt Peak / 660W Dyno-Certified RMS With Status Mode LED Indicator, White",,4.1,379,,Good (4-4.5),0.3102191526676619,Rockville,
B019Z4BR6W,Easy Style 65W Ac Adapter Laptop Charger for HP 2000-2B19WM 2000-2D19WM 2000-2C29WM 2000-2D49WM 2000-2B09WM 2000-2D24DX 2000-329WM 2000-2C29WM 2000-2A20NR 2000-2B44DX 584037-001 608425-002 677774-004,,4.5,717,,Good (4-4.5),0.35041511457684116,Easy,
B019Z7FYG8,"Shadow cadeve 3-Button Water-Proof USB Symmetrical Optical High Precision Wired Mouse Compatible with Mac and PC (B003W), Black",,4.2,64,,Good (4-4.5),0.32003652544461036,Shadow,
B019Z8T9J0,QOTOM-Q320G4 Barebone Industrial PC Gateway Router for pfSense - Intel Celeron 3805U 4 Gigabit NICs,,3.6,68,,Average (3.5-4),0.2600388445204586,QOTOM-Q320G4,
B019ZB6XJQ,"iCoverCase for iPad Mini 4 Case, Ultra-Thin Transparent Soft TPU Back Cover Flexible Protective Case for iPad Mini 4 7.9"" (Pink)",,4.4,280,,Good (4-4.5),0.3401617555404172,iCoverCase,
B019ZC7VVE,"iPad Air Case, iCoverCase Ultra-thin Silicone Back Cover Clear Plain Soft TPU Gel Rubber Colorful Skin Case Protector Shell for Apple iPad Air/iPad 5 9.7"" (Clear)",7.99,4.3,98,Budget (<$20),Good (4-4.5),0.3300562375893207,iPad,1.8538283062645013
B019ZMTIJ2,Genuine LG AKB74475401 SMART LED HDTV REMOTE CONTROL(AGF76631042),8.0,4.6,404,Budget (<$20),Excellent (4.5-5),0.36023364689171367,Genuine,1.7353579175704992
B019ZQS4N4,"iexcell 2 Pcs 1 Male to 2 Female RCA Speaker Splitter Shielding Cable Adapter, Blue",11.98,4.6,2967,Budget (<$20),Excellent (4.5-5),0.3617195947414955,iexcell,2.5986984815618226
B019ZTS5RG,Optix P.RA 3528 5050 SMD RGB AC 100-240V to DC 12V 2A Power Supply Converter Adapter w/LED Light Strips Plug Free Male and Female Jack,,4.0,14,,Average (3.5-4),0.30000753699650695,Optix,
B019ZU8QSI,LaCie 8TB Porsche Design P'9233 Desktop Hard Drive for Mac and Windows PC with USB Port and Air Duster Bundle,,3.5,7,,Below Avg (3-3.5),0.2500034786137724,LaCie,
B019ZXHJQ0,"SwissGear Maxxum Double Zipper Backpack With 16"" Laptop Pocket, Black/Red",,4.6,227,,Excellent (4.5-5),0.3601310277854275,SwissGear,
B019ZZBCC0,"Acer Aspire One 14"" Cloudbook AO1-431-C8G8 Laptop PC with Intel Celeron N3050, 2GB Memory, 32GB eMMC, Windows 10 and Office 365 Personal Mineral Gray",99.99,2.8,59,Mid ($50-100),Poor (<3),0.18003362659979996,Acer,35.58362989323844
B019ZZQ0FY,"Bellagio-Italia Old World Book Box, Persian - Stores up to 144 DVDs, CDs, Blu-Rays or Valuables- Stores Cover Art - Acid Free Sheets",79.99,4.4,169,Mid ($50-100),Good (4-4.5),0.3400974011856276,Bellagio-Italia,18.13832199546485
B01A00BN8W,"iPad Mini Case, iPad mini 2/3 Case - TheONE Stand Case with Auto Sleep/Wake Function for Apple iPad Mini, iPad Mini 2 & 3- Pink",,3.6,69,,Average (3.5-4),0.2600394242894207,iPad,
B01A00BPPS,"EnergyPal Pad Air 2 case, PU Leather Stand Case with Auto Sleep/Wake Function for iPad Air 2-DarkGreen",,3.2,26,,Below Avg (3-3.5),0.22001449422405175,EnergyPal,
B01A00K3RY,Topzone 6 AC Wall Outlet Mount Surge Protector Adapter with Dual USB Charging Ports,,4.2,28,,Good (4-4.5),0.32001565376197594,Topzone,
B01A0B0L5C,Lume Cube - Dual Pack (Gunmetal Grey),,4.0,35,,Average (3.5-4),0.3000197121447104,Lume,
B01A0CBDTO,ASUS R7360-OC-2GD5-V2 Graphic Cards,,3.8,11,,Average (3.5-4),0.28000579768962064,ASUS,
B01A0DH69E,"Lume Cube - LED Light for Photo, Video, and Content Creation - 1,500 Lumens - Portable, Durable, Waterproof (Two Pack - Black)",,4.3,97,,Good (4-4.5),0.3300556578203586,Lume,
B01A0EZZVE,FITUEYES Glass Desktop Stand Computer Monitor Riser for Single Monitor+Laptop or Desktop DT106006GC,,4.7,532,,Excellent (4.5-5),0.3703078573188585,FITUEYES,
B01A0FN95M,Lume Cube - Mounting Bar for GoPro/Action Cameras (Black - Mounting Bar),,4.2,102,,Good (4-4.5),0.32005855666516897,Lume,
B01A0FQFBC,"BenQ DLP Video Projector - XGA Display, 3300 Lumens, HDMI, 13,000:1 Contrast, 3D-Ready Projector (MX525A)",189.97,4.1,35,Mid-High ($100-200),Good (4-4.5),0.31001971214471036,BenQ,46.22141119221412
B01A0KON2K,"JUANWE 5 Pack 16GB USB Flash Drive USB 2.0 Thumb Drives Jump Drive Fold Storage Memory Stick Pen - Blue/Purple/Pink/Green/Orange(16GB,5 Mixed Color)",,4.6,141,,Excellent (4.5-5),0.3600811676546896,JUANWE,
B01A0MTUAS,Thermaltake LUXA2 Lavi L Wireless Bluetooth 4.0 On-Ear Headphone AD-HDP-PCLLBK-00,19.01,4.2,198,Budget (<$20),Good (4-4.5),0.32011421448552757,Thermaltake,4.515439429928741
B01A0RUZ3E,LuettBiden Screen Protector SS3,,3.4,60,,Below Avg (3-3.5),0.24003420636876205,LuettBiden,
B01A0TSHR8,"TFT Touch Screen, Kuman 3.5 inch 320x480 Resolution TFT LCD Display with Protective Case + 3 x Heat Sinks+ Touch Pen for Raspberry Pi 3 Model B, Pi 2 Model B & Pi Model B (TFT Touch Screen) …",28.99,3.9,378,Low ($20-50),Average (3.5-4),0.29021857289869984,TFT,7.414322250639386
B01A0V1OXU,JUANWE USB Flash Drive USB 2.0 Thumb Drives Fold Storage Memory Stick Pen ((8) 5 Pack 16GB),,4.2,6,,Good (4-4.5),0.3200028988448104,JUANWE,
B01A0VMV4G,Headphone-1,,3.1,126,,Below Avg (3-3.5),0.2100724711202586,Headphone-1,
B01BT50XU6,Sony Alpha a6000 Mirrorless Camera w/ 16-50mm & 55-210mm Lens & Four 32GB SD Card Bundle,,4.7,62,,Excellent (4.5-5),0.37003536590668623,Sony,
B01A0ZJHXA,"GS8000L Car DVR 1080P,HD Traveling Driving Data Recorder Camcorder Vehicle Camera Night Version Dashboard Dash Cam with 140 Degree Angle View Black",,3.7,23,,Average (3.5-4),0.27001275491716553,GS8000L,
B01A0ZRQTW,ViewSonic XG2700-4K 27 Inch 60Hz 4K Gaming Monitor with FreeSync Eye Care Advanced Ergonomics HDMI and DP,,4.0,52,,Average (3.5-4),0.30002956821706556,ViewSonic,
B01A0ZRR50,"ViewSonic XG2401 24 Inch 1080p 1ms 144 Hz Gaming Monitor with FreeSync Premium Eye Care Advanced Ergonomics HDMI and DP,Black",,4.6,890,,Excellent (4.5-5),0.360515414607279,ViewSonic,
B01A13IGEW,"GS8000L Car DVR 1080P,HD Traveling Driving Data Recorder Camcorder Vehicle Camera Night Version Dashboard Dash Cam with 140 Degree Angle View Black,Come with 32GB TF Memory Card",,3.0,28,,Poor (<3),0.20001565376197586,GS8000L,
B01A142WB4,Brickhouse Security GPS Tracker for Vehicles- TrackPort OBD II Tracking Device- Tracker for Car Location and Speed- Mini OBD GPS Tracker for Vehicles- GPS Trackers- Subscription Required,23.95,4.2,854,Low ($20-50),Good (4-4.5),0.3204945429246446,Brickhouse,5.688836104513064
B01A15HK6K,"Modern Style Earphone Replacement by Wires That Work (Gold and White) Stereo Earbuds, Headphones, Headset Ear Phones w/Mic & Remote for iPhone, iPod, iPad, Android & MP3",,3.4,33,,Below Avg (3-3.5),0.24001855260678617,Modern,
B01A16AQCE,"Skar Audio TX46 4"" x 6"" 140W 2-Way Elite Coaxial Car Speakers, Pair",,4.6,505,,Excellent (4.5-5),0.3602922035568826,Skar,
B01A1CICCY,Sony GTKXB7LC High Power Home Audio System with Bluetooth,,4.5,102,,Good (4-4.5),0.35005855666516894,Sony,
B01A1F94GY,Dancing Water Show Fountain Speakers/Water Dancing Speaker/Dancing Water Speaker/Computer Speakers/Mp3 Speakers (Black),,4.0,63,,Average (3.5-4),0.3000359456756483,Dancing,
B01A1G48RI,"Gskyer Telescope, 600x90mm AZ Astronomical Refractor Telescope, German Technology Scope",,3.7,22,,Average (3.5-4),0.27001217514820347,Gskyer,
B01A1GUIYK,Puget Systems Acrylic Development Enclosure for NVIDIA Jetson TK1,41.51,3.5,9,Low ($20-50),Below Avg (3-3.5),0.25000463815169655,Puget,11.826210826210826
B01A1HL9V0,"Garmin DriveSmart 70 NA LMT GPS Navigator System with Lifetime Maps and Traffic, Smart Notifications, Voice Activation, and Driver Alerts",397.99,3.7,108,High ($200-500),Average (3.5-4),0.27006203527894135,Garmin,107.27493261455525
B01A1ICA8U,"TECKNET USB 3.0 to SATA 2-Bay USB 3.0 Hard Drive Docking & Cloning Station with Offline Clone Function for 2.5 Inch & 3.5 Inch HDD SSD SATA (SATA I/II/III) Support 2X 6TB & UASP, Tool-Free",,3.7,23,,Average (3.5-4),0.27001275491716553,TECKNET,
B01A1LFMDW,"Synergy Digital USB Cable, Compatible with Panasonic Lumix DMC-G7 Digital Camera USB Cable 5' USB Data Cable - (8 Pin)",6.55,4.5,48,Budget (<$20),Good (4-4.5),0.35002724914121724,Synergy,1.4523281596452329
B01A1R0LZA,"Winplus Tech USB Type C Male To USB 3.0 A Male Charging & Sync Cable For Apple New MacBook 12 Inch, Nokia N1 Tablet, Chromebook Pixel and Other Type-C Devices (3.3ft/1m,1Pack)-Black",8.99,4.1,54,Budget (<$20),Good (4-4.5),0.31003072775498963,Winplus,2.1873479318734796
B01A201BZU,"Gumdrop Cases Hideaway Stand for Apple iPad 3 Rugged Tablet Case Shock Absorbing Cover Black/Black A1403, A1416, A1430",,4.4,267,,Good (4-4.5),0.3401542185439103,Gumdrop,
B01A201F1K,Apple iPad Air Gumdrop Stand iPad Air Blue Gumdrop Cases Silicone Rugged Shock Absorbing Protective Dual Layer Cover Case,,4.2,186,,Good (4-4.5),0.3201072572579828,Apple,
B01A21QQ68,Apple iPad mini iPad mini Retina iPad mini 3 Hideaway with Stand Light Blue Gumdrop Cases Silicone Rugged Shock Absorbing Protective Dual Layer Cover Case,,4.1,69,,Good (4-4.5),0.31003942428942066,Apple,
B01A22A66S,Samsung Galaxy Tab 3 (does not fit LITE) 10 inch (2013) Drop Tech Red Gumdrop Cases Silicone Rugged Shock Absorbing Protective Dual Layer Cover Case,,4.3,187,,Good (4-4.5),0.3301078370269448,Samsung,
B01A22A85C,Samsung Galaxy Tab 3 (does not fit LITE) 7 inch (2013) Drop Tech Green Gumdrop Cases Silicone Rugged Shock Absorbing Protective Dual Layer Cover Case,,3.8,123,,Average (3.5-4),0.28007073181337233,Samsung,
B01A22A9GA,Samsung Galaxy Tab 3 (does not fit LITE) 8 inch (2013) Drop Tech Green Gumdrop Cases Silicone Rugged Shock Absorbing Protective Dual Layer Cover Case,,4.1,37,,Good (4-4.5),0.3100208716826345,Samsung,
B01A2ZF1LU,"AUKEY USB C Hub, Ultra Slim USB C Adapter with 4 USB 3.0 Ports for MacBook Pro 2017 iMac, Google Chromebook Pixelbook and other USB Type C Devices",,3.7,35,,Average (3.5-4),0.2700197121447104,AUKEY,
B01A2ZWHOO,"Keyboard Cover for HP Chromebook 14 inch/HP Chromebook 14-ca 14-ca061dx ca064dx/HP Chromebook 14-db 14-db0040nr db0070nr/ HP Chromebook 14-ak Series/HP Chromebook 14 G2 G3 G4 G5 Accessories, Clear",5.89,4.4,3668,Budget (<$20),Good (4-4.5),0.3421260127839057,Keyboard,1.3356009070294783
B01A30049S,"DBPOWER 3 Outlets Power Strip & 3 smart USB Charging Stations, Surge Protector with 1.8M Power Cord (White)",,3.8,42,,Average (3.5-4),0.28002377052744476,DBPOWER,
B01A31ZQ4U,"IP Camera, UOKOO 720P WiFi Security Camera Internet Surveillance Camera Built-in Microphone, Pan/Tilt with 2-Way Audio,Baby Video Monitor Nanny Cam, Night Vision Wireless IP Webcam New",,3.2,212,,Below Avg (3-3.5),0.2201223312509965,IP,
B01A32FTFU,"FYY Genuine Leather Case for Apple iPad Pro 12.9 inch 2017/2015, Luxurious Genuine Leather Handmade Case Protective Cover Travel Sleeve Bag for iPad Pro 12.9 (Both 2017 and 2015 Models) Cyan",,4.5,493,,Good (4-4.5),0.3502852463293378,FYY,
B01A3EIYI2,"[3 PACK] For Amazon Fire 7 (5th Gen, 2015 Release) - SuperGuardZ Screen Protector, Ultra Clear, Anti-Scratch, Anti-Bubble",,3.8,33,,Average (3.5-4),0.28001855260678615,[3,
B01A3N44EG,"Desktop Cable Organizer, Weighted, Eco-Friendly Silicone, No Bad Smell, Bundled with 2 Reusable Cable Ties ()",,3.6,42,,Average (3.5-4),0.2600237705274448,Desktop,
B01A3N6TV2,Acer Aspire AX3-710-UR53 Desktop (Windows 10 Home),,3.3,17,,Below Avg (3-3.5),0.23000927630339307,Acer,
B01A3QDZS4,Harvest 222-225 MHz Mobile Antenna with Mag Mount,,4.1,13,,Good (4-4.5),0.31000695722754484,Harvest,
B01A3VLLYY,"Kandouren Kindle Voyage Case - Van gogh Starry sky Unique Art Skin,Lighted Slim Leather Cover with Autoweek function,blue color",,4.2,58,,Good (4-4.5),0.320033046830838,Kandouren,
B01A3XDK5K,"VESA Mount Adapter Bracket for AOC i2367Fh/Fm/F, i2757Fh/Fm, i2067f, and i2267Fw/Fwh (2-Pack) - by HumanCentric",,4.1,18,,Good (4-4.5),0.31000985607235515,VESA,
B01A3ZIEW2,"Power Strip with USB,Zodiac Smart 4 Outlet 4 USB Port 6ft Cord Surge Protector Charging Station 1200W 110-240V for Kindle, iPhone 7 6 6S Plus SE 5S, iPad Air Mini, Samsung Galaxy S7/S6 Edge and More",,3.7,98,,Average (3.5-4),0.2700562375893207,Power,
B01A4IGF10,"Yunteng VCT-288 Photography 58-Inch Light Weight Monopod With Fluid Pan Head Quick Release Plate, Unipod Holder and Bag for Canon Nikon DSLR Cameras",,3.6,38,,Average (3.5-4),0.26002145145159655,Yunteng,
B01A4WUKQW,"Chill Headphones for Kids & Adults - Most Comfortable, Durable, Affordable Wired Headphones - Volume Limit for Your Child's Ear Safety with Studio-Quality Sound",,3.6,110,,Average (3.5-4),0.26006319481686546,Chill,
B01A4WUMRO,"Chill Headphones for Kids & Adults - Most Comfortable, Durable, Affordable Wired Headphones - Volume Limit for Your Child's Ear Safety with Studio-Quality Sound",,3.6,112,,Average (3.5-4),0.26006435435478964,Chill,
B01A4XXLJ4,"ORICO External SSD Enclosure Case, mSATA to USB for 50mm mSATA SSD, Supports UASP - Silver",,4.3,111,,Good (4-4.5),0.3300637745858276,ORICO,
B01A4YUITY,"Vantrue N1 Mini Dash Cam - Full HD 1080P+HDR 1.5 Inch LCD Small Car Dashboard Camera DVR Video Recorder with Parking Monitor, G-Sensor, Super Night Vision & 156° Viewing Angle",,3.4,286,,Below Avg (3-3.5),0.24016523415418956,Vantrue,
B01A51XMI0,DophiGo 1080P Dome 360 Wireless Baby Monitor,,4.0,240,,Average (3.5-4),0.30013856478193446,DophiGo,
B01A52KMH8,Zmodo Greet - Smart WiFi Video Doorbell,,3.3,103,,Below Avg (3-3.5),0.23005913643413098,Zmodo,
B01A55JP7S,Juiced Systems USB-C to USB 3.0 Braided Data & Charging Cable - 6.6 ft Length - Made with 56Ω Resistor,,3.9,40,,Average (3.5-4),0.29002261098952065,Juiced,
B01A59N8WW,"Adoric Earphones/Earbuds/Headphones with Stereo Mic & Remote Control Plus 3FT Nylon Braided iPhone Charging Cable for iPhone 6/6Plus/6S,iPhone 5s/5c/5,iPad /iPod and more(Silver)",,3.0,159,,Poor (<3),0.20009160349600685,Adoric,
B01A5C6Z1U,"COSMOS ® Pack of 2 Black Adhesive Pocket Pouch Holder for TV Remote Controller (fit for Both 3rd and 4th Generation Siri Remote, Controller Model no. MC377LL/A) (Adhesive Pouch)",,3.5,13,,Below Avg (3-3.5),0.25000695722754485,COSMOS,
B01A5D5SE4,Cosmos Clear Color See Through TPU Material Keyboard Cover Skin Protector for Microsoft Surface Book,,3.9,45,,Average (3.5-4),0.290025509834331,Cosmos,
B01A5D5XF8,Brainwavz Xfit XF-200 in-Ear Sport Earbuds Noise Isolating Earphones Stereo Headphones Remote & Microphone for Apple iPhone & Android Phones (White),,3.5,224,,Below Avg (3-3.5),0.2501292884785413,Brainwavz,
B01A5ECOYU,TEKCAM Action Camera Head Strap Chest Harness Belt Mount with Carrying Pouch Compatible with Gopro Hero 11 10 9 8 7 6/AKASO EK7000 Brave 4 V50X Native/Vemont/Dragon Touch/WOLFANG Action Camera,12.99,4.4,514,Budget (<$20),Good (4-4.5),0.3402974214775413,TEKCAM,2.945578231292517
B01A5ECP1W,TEKCAM Action Camera Chest Mount Head Strap Suction Cup Floating Hand Grip Accessory Kit Compatible with Gopro Hero 11 10 9 8/AKASO EK7000/Brave 4/V50 Elite/Dragon Touch/Icefox/Vemont and More,14.99,4.4,110,Budget (<$20),Good (4-4.5),0.34006319481686553,TEKCAM,3.399092970521542
B01A5EXIQI,"Earphones, SmartSpeed K38 in-Ear Headphones Sports Earbuds with Microphone Stereo Earphones for Running Black",,3.0,35,,Poor (<3),0.20001971214471034,"Earphones,",
B01A5FNK3I,"iPad Pro Screen Protector, [Apple Pencil Compatible] Kingcoo Apple iPad Pro 12.9 inch Tempered Glass Screen Protector with [2.5D Round Edge] [9H Hardness] [Crystal Clear] [Scratch-Resistant]",,3.6,14,,Average (3.5-4),0.2600075369965069,iPad,
B01A5J70IK,"CoolBELL 10.6 inches Shoulder Bag Fabric Messenger Bag iPad Carrying case Hand Bag Tablet Briefcase Waterproof Oxford Cloth Laptop Computer Shoulder Bag for iPad/Men/Women/College/Teen,Black",,4.6,336,,Excellent (4.5-5),0.36019422260229295,CoolBELL,
B01A5J729W,"CoolBELL 10.6 inches Shoulder Bag Fabric Messenger Bag iPad Carrying case Hand Bag Tablet Briefcase Waterproof Oxford Cloth Laptop Computer Shoulder Bag for iPad/Men/Women/College/Teen,Purple",,4.7,113,,Excellent (4.5-5),0.37006493412375174,CoolBELL,
B01A5JACX0,"CableCreation Mini DisplayPort to HDMI DVI DP Adapter, 3 in 1 Mini DP (Thunderbolt) Converter Compatible with MacBook, MacBook Pro, iMac, MacBook Air, Black",,4.3,62,,Good (4-4.5),0.3300353659066862,CableCreation,
B01A5LAW4C,"10.1"" Car DVD Player Support HDMI Input, Sync Screen, AV in & Out, Last Memory, USB SD - NAVISKAUTO",,3.8,79,,Average (3.5-4),0.2800452219790413,"10.1""",
B01A5LU616,SVS SoundPath Ultra Speaker Cable - 12 ft. (3.66m) - Each,49.0,4.4,59,Low ($20-50),Good (4-4.5),0.3400336265998001,SVS,11.11111111111111
B01A5P6RXI,"dBs Vibe Series Wireless Bluetooth Speaker with Mic V4.0 Self Powered Speaker for iPod, iOS, Android, PC and Mac Portable Speaker Black",,3.6,52,,Average (3.5-4),0.2600295682170655,dBs,
B01A5PE7QW,Falcon Dust-Off Electronics Compressed Gas Duster 10 Oz (4 Pack),28.99,4.6,5847,Low ($20-50),Excellent (4.5-5),0.3633893293522531,Falcon,6.288503253796096
B01A5R8GQW,Raspberry Pi 2 Model B With 8GB Micro SD Card Preloaded with NOOBS,,3.5,29,,Below Avg (3-3.5),0.25001623353093794,Raspberry,
B01A5Z57HA,Beastgrip Cold Shoe Mount Adapter Standard ¼”-20 Thread for Camera Cage Flash LED Monitor,,4.7,44,,Excellent (4.5-5),0.370024930065369,Beastgrip,
B01A60SUN2,"LimoStudio Extendable Photo Studio Lighting Reflector Holder Boom Arm with Rubber Hand Grip, AGG1788",,3.6,26,,Average (3.5-4),0.2600144942240517,LimoStudio,
B01A60Y4OQ,Peerless HDS300 Peerair Pro Wireless A/V Multimedia System,679.48,3.1,12,Premium (>$500),Below Avg (3-3.5),0.21000637745858278,Peerless,218.48231511254022
B01A60Z93Q,LifeProof 1136 LifeJacket for Apple iPad (1st Generation) - Orange (Requires LifeProof Nuud Ipad Case for Use),,2.9,35,,Poor (<3),0.19001971214471033,LifeProof,
B01A610VHY,"HoldFast Gear Money Maker Water Buffalo Leather Medium 2-Camera Harness, Burgundy",,3.8,17,,Average (3.5-4),0.28000927630339306,HoldFast,
B01A69L4WC,Cowboy Studio 5 SECTION STAND 7' 5 Section Portable Adjustable Stand for Photography Studios (Black),,4.9,13,,Excellent (4.5-5),0.3900069572275449,Cowboy,
B01A6G0CTQ,"Anker Powerline USB-C to USB-C 2.0 Cable(3ft), Power Delivery PD Charging for Apple MacBook, Huawei Matebook, iPad Pro 2018, Chromebook, Pixel, Switch, and More Type-C Devices/Laptops",,4.6,816,,Excellent (4.5-5),0.3604725117040859,Anker,
B01A6G88CO,Gumdrop Cases Hideaway Stand for Samsung Galaxy Tab 4 10.1 Rugged Tablet Case Shock Absorbing Cover Royal Blue/Lime SM-T530,,4.2,158,,Good (4-4.5),0.32009102372704484,Gumdrop,
B01A6G8DH4,Samsung Tab 4 8 inch (2014) Hideaway with Stand White Gumdrop Cases Rugged Shock Absorbing Protective Dual Layer Cover Case,44.0,3.6,30,Low ($20-50),Average (3.5-4),0.2600168132999,Samsung,12.18836565096953
B01A6GCN7K,HORI Universal HD Gaming Monitor - PlayStation 4,,4.1,189,,Good (4-4.5),0.3101089965648689,HORI,
B01A6I4OO8,"Asus X540LA-SI30205P 15.6-Inch Flagship Premium Laptop (Intel Core i3-5020U 2.2GHz Processor, 4GB DDR3, 1TB HDD, Windows 10) Silver",538.99,3.8,714,Premium (>$500),Average (3.5-4),0.2804133752699549,Asus,141.46719160104988
B01A6JFB6W,"Linksys LGS124P: 24-Port Business Gigabit PoE+ Unmanaged Network Switch, Ethernet Plus, Wired Connection Speed 1,000 up to Mbps (Black, Blue)",179.99,4.4,478,Mid-High ($100-200),Good (4-4.5),0.3402765497949068,Linksys,40.8140589569161
B01A6JPLYE,"NavePoint 9U Wall Mount Network Server Cabinet for 19” IT eqipment A/V, Lockable Glass Door & Removable Side Panels, 2 Fans, Casters, 450mm Depth",231.52,4.6,106,High ($200-500),Excellent (4.5-5),0.3600608757410172,NavePoint,50.22125813449025
B01A6JPRFM,NavePoint 18U Wall Mount Network Server Cabinet Rack Enclosure Glass Door Lock w/Casters,397.41,4.0,32,High ($200-500),Average (3.5-4),0.30001797283782417,NavePoint,99.10473815461347
B01A6JPT3C,"NavePoint 6U Wall-Mount Network Cabinet for 19"" IT Equipment, A/V with Glass Door and Removable Side Panels, Locks, 2 Fans, 600mm Depth, Hinged Back",331.37,4.1,44,High ($200-500),Good (4-4.5),0.31002493006536896,NavePoint,80.62530413625305
B01A6JQEBI,NavePoint 7ft Open Frame 19 Inch 42U 4-Post Network Server Relay Rack Rolling with Casters,349.77,4.7,27,High ($200-500),Excellent (4.5-5),0.3700150739930138,NavePoint,74.26114649681529
B01A6KB4QM,"EarBombz EB Pro Series Professional Studio Quality In-Ear Monitors with Multifunction Microphone, Black",,3.0,20,,Poor (<3),0.2000110156102793,EarBombz,
B01A6L1KSI,"Fintie Case for Kindle Paperwhite - Premium Thinnest and Lightest PU Leather Cover Auto Sleep/Wake for All-New Amazon Kindle Paperwhite (Fits All 2012 2013 2015 and 2016 Versions), Flirty Flamingo",,4.8,49,,Excellent (4.5-5),0.3800278289101793,Fintie,
B01A6LK4VC,Iasg [MFi Certified] Flat Visible LED Lighted Up Charging Lightning to USB Cable for Apple iPhone 5s 6s Plus 7 Plus 8 Plus X XS XS Max XR SE iPad iPod-3.3FT(1 Meter£©-Pink Purple Light,,3.6,31,,Average (3.5-4),0.26001739306886207,Iasg,
B01A6LR6Z4,Fitueyes Computer Monitor Riser with Gray Glass Shelf and Piano Lacquer Rack for Xbox One/TV Component/Flat Screen TV DT106007GW-G,,4.1,15,,Good (4-4.5),0.31000811676546897,Fitueyes,
B01A6LSAZY,FITUEYES Computer Monitor Riser 21.3 inch 2 Tier Shelves Monitor Stand with Keyboard Storage Space DT205401WB,,4.7,802,,Excellent (4.5-5),0.370464394938617,FITUEYES,
B01A6MO33G,"USB C Hub, USB C to HDMI Adapter, 7 in 1 Type C Hub with 4K@30Hz HDMI Port & 2 USB3.0 Port, Type C Female & Thunderbolt 3 Pass-Through Charging Port, SD/Micro SD Card Reader for MacBook Pro 2016/2017",,3.7,31,,Average (3.5-4),0.2700173930688621,USB,
B01A6NI8VI,Seagate 1TB Mobile HDD SATA 3Gb/s 32MB Cache 2.5-Inch Internal Bare Drive (ST1000LM024),32.99,4.5,1560,Low ($20-50),Good (4-4.5),0.350903859811865,Seagate,7.314855875831486
B01A6NJH36,"Thule Stravan 15"" MacBook Pro Sleeve (TSMS-115)",,4.1,39,,Good (4-4.5),0.3100220312205586,Thule,
B01A6NLBQW,VIZIO D40u-D1 40-inch 4k Ultra HD Smart LED TV (2016 Model),,4.3,2464,,Good (4-4.5),0.331427970953575,VIZIO,
B01A6NMK4E,KEYBLU FBI Style RDM2070d Security Surveillance Transparent Acoustic Tube Earpiece Headsets with PTT Mic Surveillance Kit Compatible with Motorola CP200 CP200d CLS1410 GP300 2-Way Radio,16.95,3.6,153,Budget (<$20),Average (3.5-4),0.26008812488223443,KEYBLU,4.695290858725762
B01A6OGS7I,"Masione Indoor Outdoor Dome Fake Surveillance Camera,Waterproof, Red Flashing/Blinking LED, Dummy CCTV Security Camera, Adjustable Mounting Bracket, 180 Degree Rotation,Security Sticker Decals",,3.7,40,,Average (3.5-4),0.2700226109895207,Masione,
B01A6OO2W6,Mudder 11 in 1 Camera Accessory Bundles Set for Fujifilm Instax Mini 8 (Mini 8 case/ Sticker/ Album/ Hang Frames/ Film Frames/ Sticker Borders/ Border Stickers/ Lens/ Filters/ Strap/ Pen) (Light Blue),,4.6,33,,Excellent (4.5-5),0.36001855260678617,Mudder,
B01A6P02BA,Soft Replacement Earpads Ear Pads Cushion for Bose OE2 OE2i Headphone (Black),,3.5,35,,Below Avg (3-3.5),0.25001971214471036,Soft,
B01A6TV0F8,Beats by Dr Dre Powerbeats 2 Wireless in-Ear Headphone Black Sport MKPP2PA/A,,4.1,205,,Good (4-4.5),0.310118272868262,Beats,
B01A6TYV22,"iPad Mini Case, Mini 2/3/4/5 Case, Dteck Slim Fit PU Leather Folio Stand Wallet Case with Auto Wake/Sleep Smart Protective Cover for Apple iPad Mini 5/4/3/2/1 (Lucky Tree)",,4.3,75,,Good (4-4.5),0.3300429029031931,iPad,
B01A6TYV2C,"Dteck iPad Mini Case 7.9"" - PU Leather Protective Folio Case with [Auto Sleep Wake] Shockproof Cute Fold Stand Wallet Cover for iPad Mini 7.9-Inch 5th/4th/3rd/2nd/1st Generation Tablets (Flower Tower)",,4.2,37,,Good (4-4.5),0.32002087168263454,Dteck,
B01A6V30N6,2X Masione 7.4V 1600mAh Rechargeable EN-EL3E Battery Pack for Nikon D80 D90 D50 D70 D70s D100 D200 D300 D300S D700,,4.0,12,,Average (3.5-4),0.3000063774585828,2X,
B01A6W0QHS,"Pyle Premium Portable Body Camera - Wireless Wearable Camera, Person Worn Camera, Compact & Portable HD Body Camera, IR Night Vision, Built-in Rechargeable Battery, LCD Display, 16GB Memory PPBCM9",89.99,4.0,674,Mid ($50-100),Average (3.5-4),0.3003901845114722,Pyle,22.44139650872818
B01A6YD7RW,"Universal Wall Mount Speaker Stand - Pair of Heavy Duty Steel Metal Home Studio Adjustable Speaker Racks For Sonos PLAY 1, PLAY 3 Wireless, Other Home Theater Surround Sound Speakers - Pyle PSTNDSON08",,4.5,44,,Good (4-4.5),0.350024930065369,Universal,
B01A73V8AU,"Dell OptiPlex, Super-fast Core 2 Duo Processor, 4GB Memory, 500GB hard drive, Two 19"" monitors(Brands may vary), Windows 10, New Keyboard/Mouse",165.0,3.6,134,Mid-High ($100-200),Average (3.5-4),0.26007710927195515,Dell,45.70637119113574
B01A75C0PA,Canon PowerShot ELPH 360 Digital Camera w/ 12x Optical Zoom and Image Stabilization - Wi-Fi & NFC Enabled (Silver),,4.4,1397,,Good (4-4.5),0.34080935747104785,Canon,
B01A7F8NBK,Lastolite Ezybox Speed-Lite 2,84.88,4.8,12,Mid ($50-100),Excellent (4.5-5),0.38000637745858273,Lastolite,17.646569646569645
B01A7JE310,"IQ Shield Matte Screen Protector Compatible with Samsung Galaxy Tab S3 (Works with Samsung Galaxy Tab S2 9.7 inch)(WiFi, LTE) Anti-Glare Anti-Bubble Film",8.95,3.7,13,Budget (<$20),Average (3.5-4),0.27000695722754486,IQ,2.412398921832884
B01A7PLPZQ,"Mount-It! Glass Computer Monitor Riser and Laptop Stand | Clear Flat Screen Display Stand, Desktop Shelf and Organizer, Glass and Aluminum Construction, 22 Inches Wide, 44 lb Carrying Capacity",32.99,4.3,84,Low ($20-50),Good (4-4.5),0.3300481208238517,Mount-It!,7.654292343387472
B01A7Q0KZ6,Nikon D500 DX-Format Digital SLR with 16-80mm ED VR Lens Black,1798.0,4.7,77,Premium (>$500),Excellent (4.5-5),0.37004406244111726,Nikon,381.74097664543524
B01A7QKAFQ,NavePoint 500ft in Wall Audio Speaker Cable Wire CL2 16/2 AWG Gauge 2 Conductor Bulk White,67.61,4.7,370,Mid ($50-100),Excellent (4.5-5),0.37021393474700337,NavePoint,14.354564755838641
B01A7RYISK,Olympus TG-870 Tough Waterproof Digital Camera (White),308.0,4.0,259,High ($200-500),Average (3.5-4),0.30014958039221373,Olympus,76.80798004987531
B01A7UXPYA,KHOI1971 ® Wall Charger AC Adapter Compatible with Lil Rider KB-901 KB901 Battery Powered Bike Ride on 3-Wheel 6V-Volt Battery Charger NOT Created or Sold by Lil Rider,11.98,4.2,61,Budget (<$20),Good (4-4.5),0.3200347861377242,KHOI1971,2.8456057007125892
B01A7YYCQ6,"Mx5500 EOS 8 Digits Price Tag Gun Labeler Labeller Included Labels & Ink Refill Blue, Yellow, Red (Red)",,3.9,76,,Average (3.5-4),0.29004348267215513,Mx5500,
B01A81XNS6,"65W AC Adapter Charger for USB c Monitor Power Cord, Acer Aspire PA-1700-02 PA-1650-69 PA-1650-02 PA-1650-22 ADP-30JH B Compatible Aspire E15 V5 V3 Series Power Supply Cord White",,4.5,345,,Good (4-4.5),0.35019944052295165,65W,
B01A86MXVE,"Panasonic LUMIX ZS100 4K Point and Shoot Camera, 10X LEICA DC VARIO-ELMARIT F2.8-5.9 Lens with Hybrid O.I.S., 20.1 Megapixels, 1 Inch High Sensitivity Sensor, 3 Inch LCD, DMC-ZS100S (USA SILVER)",597.99,4.3,178,Premium (>$500),Good (4-4.5),0.3301026191062862,Panasonic,138.7447795823666
B01A873QSC,EBL BL-5L 3800mAh Li-ion Extended Battery Two-Way Radio Batteries for UV 5R UV-5R,,4.3,107,,Good (4-4.5),0.3300614555099793,EBL,
B01A88ZM6K,Heliopan 72mm Variable Gray Neutral Density Filter (707290) with Specialty Schott Glass in Floating Brass Ring,302.85,3.9,32,High ($200-500),Average (3.5-4),0.2900179728378241,Heliopan,77.45524296675192
B01A8901RO,Heliopan 82mm Rubber Lens Hood (71082H),83.95,4.3,53,Mid ($50-100),Good (4-4.5),0.3300301479860276,Heliopan,19.477958236658935
B01A89LR72,"Shenfan 1080P Converter Wii to HDMI Automatic Upscale 1080P Converter Adapter Plus 1.5 m High Speed HDMI 1.4V Cable, 720/1080P HD Output Upscaling Converter, Supports All Wii Display Modes",,3.7,60,,Average (3.5-4),0.2700342063687621,Shenfan,
B01A8DUR74,"Fujifilm X-Pro 2 Mirrorless Digital Camera, Black (Body Only)",,4.5,125,,Good (4-4.5),0.3500718913512965,Fujifilm,
B01A8EF8C2,"kwmobile Flat Coaxial Window Cable - Satellite Feed-Through F-Plug SAT Coax Connector Feedthrough Jumper Cable for Windows, Doors, Caravans - Orange",,4.4,443,,Good (4-4.5),0.3402562578812344,kwmobile,
B01A8FRZOU,LDream FM Transmitter with 3.5mm Input Audio Jack 2.4A USB Car Charger for SmartPhones and Players,,3.3,33,,Below Avg (3-3.5),0.23001855260678616,LDream,
B01A8I2D26,"1STPLAYER Fire Dancing Mechanical Feeling Gaming Keyboard Combo, Black",,3.3,23,,Below Avg (3-3.5),0.2300127549171655,1STPLAYER,
B01A8ICN3A,Mohoo 5x7ft Silk Photography Background Thin Retro Pattern Photography Backdrop Studio Props,,3.3,57,,Below Avg (3-3.5),0.23003246706187583,Mohoo,
B01A8ICPYC,MOHOO 5x7FT Silk Wall Wood Floor Photography Backdrops Photo Props Studio Background 1.5X2.1m,,3.4,14,,Below Avg (3-3.5),0.24000753699650687,MOHOO,
B01A8VR9OU,"Auto Backup Camera, Mini Style Airysee AS-205A Full HD Vehicle Parking Rear View Camera Kit for Car DVD Player Car Monitor - Black",,4.0,44,,Average (3.5-4),0.300024930065369,Auto,
B01A8YTV3E,PYLE PLVW15IW 15'' In-Wall Mount TFT LCD Flat Panel Monitor w/VGA & RCA Input,,4.1,61,,Good (4-4.5),0.3100347861377241,PYLE,
B01A90CH4M,"TP-Link AC1200 Wi-Fi Range Extender, AV1200 Powerline Edition (TL-WPA8630 KIT)",,3.9,194,,Average (3.5-4),0.29011189540967924,TP-Link,
B01A90I1XS,"Apple iPad Mini 4, 16GB, Gold - WiFi (Renewed)",192.0,4.1,322,Mid-High ($100-200),Good (4-4.5),0.31018610583682404,Apple,46.71532846715329
B01A9BE9WY,"Aduro Amplify Wireless Bluetooth Stereo Headset, Grey",,3.7,43,,Average (3.5-4),0.2700243502964069,Aduro,
B01A9DXEUK,"COWON LCD Protective Film for PLENUE D / D2 / D3 (Screen Protector, Anti-Scratch, Anti-Fingerprint)",,4.1,24,,Good (4-4.5),0.3100133346861276,COWON,
B01A9GQY5E,Seismic Audio 6 Inch 1/4 Inch TS Female to Dual RCA Male Y-Splitter Cable-Interface Cord (SA-Y13),12.99,4.4,131,Budget (<$20),Good (4-4.5),0.340075369965069,Seismic,2.945578231292517
B01A9HY6F8,Universal Rubber Roof Mount AM/FM Antenna Swivel Base Car Stereo Receiver Radio,,4.2,41,,Good (4-4.5),0.3200231907584828,Universal,
B01A9IW4TM,"Spider Den Designs Distressed Flag Decal Sticker - Quantity: 2 - Indoors or Outdoors - Cars, Laptops, Walls, Windows, etc. (6.5"" Wide x 3.2"" Tall, Grey)",,5.0,21,,Excellent (4.5-5),0.4000115953792414,Spider,
B01A9TENUE,Lanshion Vertical Power Strip Smart 14-Outlet Surge Protector 4-USB Charge Station Socket 6.5ft Extension Cord(Black),,3.3,13,,Below Avg (3-3.5),0.2300069572275448,Lanshion,
B01A9V6OI6,Samsung Electronics UBD-K8500 3D Wi-Fi 4K Ultra HD Blu-ray Player (2016 Model),162.69,4.2,1007,Mid-High ($100-200),Good (4-4.5),0.3205832475758411,Samsung,38.6437054631829
B01A9XMGS6,Gumdrop Cases Bounce Skin Case for iPad Air (iPad 5) - Light Blue (BOUNCE-IPAD5-LTBLU-V2),,4.0,163,,Average (3.5-4),0.3000939225718552,Gumdrop,
B01A9ZN0WK,Khanka Hard Travel Case Replacement for Ultimate Ears UE Boom 2 Phantom Wireless Mobile Bluetooth Speaker. Fits USB Cable and Wall Charger - Black,,4.6,430,,Excellent (4.5-5),0.3602487208847274,Khanka,
B01AA0WTF8,"G.G.Martinsen 32 GB MINI-USB-PORT Blue Portable MP3/MP4 Player with Multi-lingual OS , Multi-Functional MP3 Player / MP4 Player with Mini USB Port, Voice Recorder , Media Player , E-book reader",,2.7,55,,Poor (<3),0.17003130752395174,G.G.Martinsen,
B01AA3V1KY,"Galaxy Tab 4 8.0 Case with Keyboard - Tsmine Universal Micro USB Keyboard W/Premium PU Leather Case Stand Cover for Samsung Galaxy Tab 4 8.0 SM-T330 T331 T335 T337 T337A Tablet, Black",,3.7,46,,Average (3.5-4),0.2700260896032931,Galaxy,
B01AA8FVSW,PORTTA Component RGB YPbPr to HDMI Video Audio Converter Adapter for DVD PSP Xbox 360 PS2 Nintendo NGC to New HDTV Monitor or Projector with HDMI Cable 2M,,3.9,97,,Average (3.5-4),0.2900556578203586,PORTTA,
B01AAARUKM,Pair Car Auto 20mm Hole Drilling Side View Camera Side Mirror Mount Reverse Mirrored Image with No Parking Assistance Lines Cam Safe Turning No Blind Spot for Car Monitor Stereo RCA - Pack of 2,39.99,4.2,160,Low ($20-50),Good (4-4.5),0.32009218326496897,Pair,9.498812351543943
B01AAAU1EE,"ASUS Zenbook ux305ca 13.3 inch QHD Plus Touchscreen Laptop, 6th Gen Intel Core M, 8 GB RAM, 256 GB SSD",,4.0,255,,Average (3.5-4),0.3001472613163655,ASUS,
B01AAETLVY,RCmall Flysky USB Flight Simulator Adapter Cable 2.4G SM100 for FS-i6 FS-i10 FS-i6 FS-i4 FS-T6 FS-CT68 FS-T4B FS-GT3 Remote Controller,9.99,4.4,284,Budget (<$20),Good (4-4.5),0.3401640746162655,RCmall,2.2653061224489797
B01AAFPLZS,Temple Audio IEC AC Mains Micro Module,49.0,4.9,70,Low ($20-50),Excellent (4.5-5),0.3900400040583828,Temple,9.979633401221996
B01AAH73C0,Combaterwing Optical USB Wired 4800 DPI Professional Gaming Mouse Programmable 10 Buttons RGB Breathing LED Mice Wired mouse Gaming mice,,4.1,14,,Good (4-4.5),0.3100075369965069,Combaterwing,
B01AAIJ17O,Patriot 256GB Supersonic Mega USB 3.1/USB 3.0 Flash Drive With Up To Read 380MB/sec & Write 70MB/sec- PEF256GSMGUSB,,3.9,56,,Average (3.5-4),0.29003188729291374,Patriot,
B01AAP0HS4,Sanyo DVD Recorder/VCR Combo 2-way recording,633.74,4.2,308,Premium (>$500),Good (4-4.5),0.32017798907135514,Sanyo,150.53206650831353
B01AAU6OR2,Sentey Wired Headphones Warp Pro Black Rubber Painting LS-4422 Over-The-Ear with Detachable 3.5mm in-Line Microphone Audio Cable and Carrying Case for Music Running Gaming Headset Men Woman Kids,,3.8,300,,Average (3.5-4),0.2801733509196585,Sentey,
B01AAYHMK6,RocketBus Charger Cable Cord for Samsung Galaxy Tab 2 Note Two 10.1 inch Tablet,,3.9,257,,Average (3.5-4),0.29014842085428955,RocketBus,
B01AAZKLTO,"Thankscase Case Compatible for iPad Air 2, Rotating Leather Case with Beautiful Quatrefoil Lattice Embossed Pattern, Swivel Case Bulit-in Wallet Pocket Hand Strap for iPad Air 2. (Gold Quatrefoil)",,4.5,2016,,Good (4-4.5),0.3511682344585683,Thankscase,
B01AB0KL0C,Wasabi Power Extended Battery for GoPro Hero+ and Hero+ LCD,,4.5,163,,Good (4-4.5),0.3500939225718552,Wasabi,
B01AB35JXS,Humminbird 600017-4 LakeMaster PLUS Great Plains V1 Digital GPS Maps Micro Card,123.67,4.7,99,Mid-High ($100-200),Excellent (4.5-5),0.3700568173582828,Humminbird,26.256900212314225
B01AB5WRXQ,Landline Call Blocker Version 6 by HQTelecom.com,,2.8,15,,Poor (<3),0.18000811676546896,Landline,
B01AB5Y3X8,Five Star Cable Cat6 Outdoor 1000 Ft. 23AWG Double Jackets Direct Burial Underground Weather Waterproof UTP Ethernet Bulk Cable - Black,115.9,4.6,80,Mid-High ($100-200),Excellent (4.5-5),0.3600458017480034,Five,25.140997830802608
B01AB8Q482,"Comp Bind Technology, Dust Cover Compatible with Canon Pixma Pro-100 Wireless Printer, Black Nylon Anti-Static and Waterproof, Dimensions 27.2''W x 15.2''D x 8.50''H by Comp Bind Technology",25.99,4.6,26,Low ($20-50),Excellent (4.5-5),0.3600144942240517,Comp,5.637744034707159
B01ABC5NVM,"JBL BassPro SL 8"" 125W RMS Powered Under-Seat Compact Subwoofer Enclosure System, BASSPROSL",198.95,4.2,147,Mid-High ($100-200),Good (4-4.5),0.32008464626846206,JBL,47.25653206650831
B01ABDOA06,"MOSISO Laptop Shoulder Bag Compatible with 13-13.3 inch MacBook Pro, MacBook Air, Notebook Computer, Canvas Carrying Briefcase Sleeve Case Quatrefoil MO-QAF002",,4.6,268,,Excellent (4.5-5),0.3601547983128723,MOSISO,
B01ABF5PLM,Neewer® 5.25ft x 10ft/1.6x3M Non-Woven Fabric Backdrop Background Cloth for Photo Studio Portrait Photography Video Shooting(White),,3.0,113,,Poor (<3),0.2000649341237517,Neewer®,
B01ABJ3D58,"ProCase Galaxy TabPro S Case, Leather Stand Folio Case Cover for Samsung Galaxy TabPro S 12 Inch 2-in-1 Tablet, Compatible with Samsung Keyboard (Black)",,4.0,22,,Average (3.5-4),0.3000121751482035,ProCase,
B01ABJ3EFM,"Galaxy TabPro S Case, ProCase Leather Stand Folio Case Cover for Samsung Galaxy TabPro S 12"" 2-in-1 Tablet, Compatible with Samsung Keyboard (Brown)",,3.4,41,,Below Avg (3-3.5),0.24002319075848275,Galaxy,
B01ABMUZZ6,urBeats Wired in-Ear Headphone - Rose Gold,,4.2,677,,Good (4-4.5),0.32039192381835846,urBeats,
B01ABNG3OW,"VANDESAIL Audio Adapter, 90° Right Angle Stereo Headphone Adapters 3.5mm Male to Female Jack Gold Plated Plug",,4.4,345,,Good (4-4.5),0.3401994405229517,VANDESAIL,
B01ABOKRPC,"Sinvitron Bluetooth Stereo Transmitter, Mini V4.0 A2DP Portable Wireless Stereo Music Transmitter Support Two Bluetooth Headphones/Headset/Speakers Simultaneously for TV PC MP3/MP4 Etc.",,3.7,223,,Average (3.5-4),0.2701287087095792,Sinvitron,
B01ABORE8U,"ProCase Galaxy TabPro S Case, Leather Stand Folio Case Cover for Galaxy TabPro S 12 inch 2-in-1 Tablet 2016, with Multiple Viewing Angles, Document Pocket (Black)",,3.8,85,,Average (3.5-4),0.2800487005928137,ProCase,
B01ABRS00S,ISAIBELL 3.5mm Female to 2 Male Gold Plated Headphone Mic Audio Y Splitter Flat Cable(Red),5.59,4.2,846,Budget (<$20),Good (4-4.5),0.32048990477294803,ISAIBELL,1.327790973871734
B01ABSVZ8G,"FLEXIMOUNTS 2 in 1 D1L Desk Laptop Stand Mounts Fits up to 15.6"" Notebooks or 10""-27"" LCD Computer Monitor,Height Adjustable LCD Arm,Clamp Mounting, 22 lbs Loading Capacity",,4.0,24,,Average (3.5-4),0.3000133346861276,FLEXIMOUNTS,
B01ABUIYV0,Qisan Gaming Keyboard Mechanical Keyboard Backlit Red Switch 68-Keys Mini Design (60%) Case White Plate Grey,,4.6,16,,Excellent (4.5-5),0.360008696534431,Qisan,
B01ABV53WC,"ReTrak ETCABLEHDM Retractable HDMI Cable (A to A, C, D and DVI with Adapter Tips) (Discontinued by Manufacturer)",17.85,3.9,97,Budget (<$20),Average (3.5-4),0.2900556578203586,ReTrak,4.565217391304349
B01ABV58U4,ReTrak Retractable Earbud with In-Line Mic for VOIP Calling Computer Headset with Microphone (ETAUDIOVOIP),,3.1,36,,Below Avg (3-3.5),0.2100202919136724,ReTrak,
B01ABVMO0Q,SMRT Limited Edition Carbon Fiber Rollerball Pen with Universal exchangeable Stylus Schneider Topball 850 Refill Chrome finish Gift for Him BMW Audi Mercedes accessories OEM Quality,,3.2,40,,Below Avg (3-3.5),0.2200226109895207,SMRT,
B01ABWBS7A,Logitech M317 Wireless Mouse - Dark Fleur (910-005436),19.99,4.5,163,Budget (<$20),Good (4-4.5),0.3500939225718552,Logitech,4.4323725055432375
B01ABWGHHG,KINDEN 5 Pairs Medium Size Replacement Foam Earbud Memory Eartips Replacement for All Models in-Ear Headphones Earphones (Red),,3.9,74,,Average (3.5-4),0.290042323134231,KINDEN,
B01ABWGISY,KINDEN 5 Pairs Medium Size Replacement Foam Earbud Memory Eartips Replacement For All Models In-Ear Headphones Earphones (black),,3.8,112,,Average (3.5-4),0.2800643543547896,KINDEN,
B01AC40K1C,"MSI GT72 Dominator G-831 17.3"" GAMING LAPTOP NOTEBOOK GTX 970M SKYLAKE i7-6700HQ 16GB 128GB SSD + 1TB G-SYNC",,3.6,35,,Average (3.5-4),0.26001971214471037,MSI,
B01AC40KH6,"MSI GS72 Stealth Pro 4K-202 17.3"" 4K DISPLAY SLIM GAMING LAPTOP NOTEBOOK GTX 970M i7-6700HQ 16GB 256GB SSD+1TB,Aluminum Black",,3.4,32,,Below Avg (3-3.5),0.2400179728378241,MSI,
B01AC7GYDM,Harmony Audio HA-701761 Compatible with Toyota Corolla 2003-2008 Factory Stereo to Aftermarket Radio Harness and 95-8204 Double DIN Installation Dash Kit,19.95,4.4,27,Budget (<$20),Good (4-4.5),0.34001507399301384,Harmony,4.523809523809524
B01AC7H1FW,Compatible with Honda CRV 1999 2000 2001 2002 2003 2004 2005 2006 Double DIN Aftermarket Stereo Harness Radio Install Dash Kit,20.99,4.0,58,Low ($20-50),Average (3.5-4),0.300033046830838,Compatible,5.234413965087282
B01AC7H8H8,Compatible with Honda Odyssey 2005 2006 2007 2008 2009 2010 Multi DIN Stereo Harness Radio Install Dash Kit Package,26.95,4.2,85,Low ($20-50),Good (4-4.5),0.3200487005928138,Compatible,6.401425178147268
B01AC7HF4E,Compatible with Honda Ridgeline 2005 2006 2007 2008 Double DIN Stereo Harness Radio Dash Kit Gray,21.95,4.4,94,Low ($20-50),Good (4-4.5),0.34005391851347244,Compatible,4.977324263038549
B01AC7I4DU,Compatible with Toyota Sienna 2004 2005 2006 2007 2008 2009 2010 Single DIN Stereo Harness Radio Install Dash Kit Package,,4.7,18,,Excellent (4.5-5),0.3700098560723552,Compatible,
B01AC7IGHO,Compatible with Jeep Wrangler 2003 2004 2005 2006 Single DIN Stereo Harness Radio Install Dash Kit Package,27.55,4.4,47,Low ($20-50),Good (4-4.5),0.34002666937225523,Compatible,6.247165532879818
B01AC9KVNE,Rca2 Plug/2 Rca Plug M/M Cable 3ft,,4.5,17,,Good (4-4.5),0.3500092763033931,Rca2,
B01ACCNAP2,SHARK TECHNOLOGY® 1000W Black ATX12V EPS12 Silent 120mm Fan Gaming PC 2X PCI-E Power Supply ATX PSU,71.5,4.2,76,Mid ($50-100),Good (4-4.5),0.3200434826721552,SHARK,16.983372921615203
B01ACER2V8,LaView 8 Channel Full HD 1080P Business and Home Security Camera System 6X True 2MP PoE Weatherproof Dome IP Cameras with HD 2TB Surveillance NVR,,4.0,77,,Average (3.5-4),0.30004406244111725,LaView,
B01ACF5MWI,Samsung UN55J620DAFXZA 55'' Class 1080p 120 Motion Rate Smart LED HDTV,,3.9,39,,Average (3.5-4),0.2900220312205586,Samsung,
B01ACF5P2K,Fancierstudio Green Screen Background Stand Backdrop Support System Kit with 6ft x 9ft Chromakey Green Muslin Backdrop by Fancierstudio H804 6x9G,54.99,4.3,493,Mid ($50-100),Good (4-4.5),0.33028524632933776,Fancierstudio,12.758700696055685
B01ACF9MYM,Electriduct Cable Tie Gun Zip Tie Cutting and Fastening Tool with Adjustable Tension for Nylon Cable Ties with Flush Cut,18.99,4.2,488,Budget (<$20),Good (4-4.5),0.3202823474845275,Electriduct,4.510688836104513
B01ACICJQW,K-Edge Garmin Mount XL Hinged (Red 31.8mm),,4.3,40,,Good (4-4.5),0.3300226109895207,K-Edge,
B01ACKWWYY,Insignia NS-SB515 2.1-Channel Soundbar with Wireless Subwoofer,,4.2,31,,Good (4-4.5),0.3200173930688621,Insignia,
B01ACL2VGM,Altec Lansing IMW257 Mini H2O Wireless Bluetooth Waterproof Speaker (White/Orange),,3.9,96,,Average (3.5-4),0.2900550780513965,Altec,
B01ACOFVXE,G.Skill TridentZ Series F4-3200C14D-32GTZ 32 GB (16 GB x 2) DDR4 3200 MHz CL14 1.35V Memory Kit - Multi Colour,170.87,4.6,58,Mid-High ($100-200),Excellent (4.5-5),0.3600330468308379,G.Skill,37.0650759219089
B01ACSYWUI,YUMQUA Portable Foldable Silicone Keyboard Wired USB Flexible Waterproof Washable Soft Roll Up Keyboard Travel (107 Keys) for Laptop PC Mac Devices,,3.8,194,,Average (3.5-4),0.28011189540967923,YUMQUA,
B01ACVHQTO,Patriot VIPER 4 Series 2400MHz (PC4 19200) 32GB Quad Channel DDR4 Kit - PV432G240C5QK,,4.1,40,,Good (4-4.5),0.31002261098952066,Patriot,
B01ACW1JL4,Seasonic X Series SATA/IDE Power Cable Set,,3.1,11,,Below Avg (3-3.5),0.21000579768962072,Seasonic,
B01ACXDIZ8,"[Lifetime Warranty]iPad Mini 1 / 2 / 3 Glass Screen Protector, OuTera 0.26mm 9H Tempered Glass Screen Protector for iPad Mini 1 / iPad Mini 2 / iPad Mini 3 New Apple iPad Mini with Retina display",,4.2,37,,Good (4-4.5),0.32002087168263454,[Lifetime,
B01AD4C6MC,"Macbook Retina 12 inch Case -With Keyboard Cover and Screen Protector, Dowswin Heavy-Duty Rubberized Marble Pattern Protective Case for Apple Macbook Retina 12.1"" Model A1534 | Fully Vented for Safety",,4.1,101,,Good (4-4.5),0.31005797689620684,Macbook,
B01ADEGAJW,"Headphones,Max Caser in-Ear Earphones Stereo Earbuds Headphone with Microphone and Volume Control (Black)",,3.2,47,,Below Avg (3-3.5),0.22002666937225518,"Headphones,Max",
B01ADTTWP6,6in1 Torx T5 T6 Phillips Slot Type 0.8mm 1.2mm Pentalobe 5 Point Star Repair Magnetic Screwdriver Open Tool kit for MacBook Pro Retina Air iPad iPhone 11 12 Pro X XR XS Max 7 8 Plus iPod,6.99,4.5,970,Budget (<$20),Good (4-4.5),0.35056179612424454,6in1,1.549889135254989
B01ADX7R0Y,Moshi VersaCover Origami Case for iPad Pro 12.9” 1st Generation ONLY (Black),,3.4,24,,Below Avg (3-3.5),0.24001333468612757,Moshi,
B01AE28QX6,RocksolIT Parts 4-Pack Female Micro-USB to Male DC 5.5x2.1mm (Type M Barrel) Converter Plug,,4.3,14,,Good (4-4.5),0.3300075369965069,RocksolIT,
B01AE6QNBY,"Synergy Digital Cordless Phone Battery, Compatible with AT&T-Lucent SB67108 Cordless Phone Combo-Pack Includes: 2 x SDCP-H303 Batteries",13.25,4.0,36,Budget (<$20),Average (3.5-4),0.30002029191367247,Synergy,3.3042394014962597
B01AE6W4F8,"Synergy Digital Cordless Phone Battery, Compatible with AT&T-Lucent 27910 Cordless Phone Combo-Pack Includes: 2 x SDCP-H303 Batteries",13.25,4.4,262,Budget (<$20),Good (4-4.5),0.3401513196991,Synergy,3.00453514739229
B01AE7M12S,"Fitbit Zip Clip By XXSCY®, 2pcs Replacement Clip for Fitbit Zip Only (No tracker) (Black&Black)",,3.9,79,,Average (3.5-4),0.2900452219790413,Fitbit,
B01AEC28TY,"ESR Urban Premium Folio Case for iPad Mini, [Multi-Stand View Angles] Book Design Cover with Auto Sleep/Wake Function for iPad Mini 1/Mini 2/Mini 3 (Forget-Me-Not)",,4.3,67,,Good (4-4.5),0.33003826475149656,ESR,
B01AENN2BQ,NEW Waterproof Shockproof Aluminum Gorilla Glass Metal Military Heavy Duty Armor Bumper Cover Case for Apple iPhone 5 5S SE - Gold,,4.0,130,,Average (3.5-4),0.3000747901961069,NEW,
B01AEPNBCE,LarKoo Ultra Portable Wireles Rechargeable Handsfree Bracket Bluetooth Speaker Stereo System Phone Holder Mount Stand for Android Smartphones and Tablets iPad iPhone 5S 6 6S 7 8 Plus X (Silver),,4.1,687,,Good (4-4.5),0.31039772150797906,LarKoo,
B01AEQ5EG4,Cafetec Screen Protector Charger Cord Cable,,2.6,9,,Poor (<3),0.16000463815169658,Cafetec,
B01AESJNK0,Black Box LED Clock to Hide Your Arlo Smart Home Indoor/Outdoor HD Security Camera Turn Your Arlo Cam Into a Spy Camera,,2.9,24,,Poor (<3),0.19001333468612758,Black,
B01AETCBVM,"kandouren - case Cover for Kindle Paperwhite (for Kindle Paperwhite, Coffee Shop)",,4.5,933,,Good (4-4.5),0.350540344672648,kandouren,
B01AF3V5J6,"iPad Air Case, iPad Air Cover, Thilon Tri-fold iPad 5 Case, Ultra Slim and Light weight, Great Auto Wake up / Sleep smart function, iPad air leather case, iPad Air Cover (Red)",,3.4,24,,Below Avg (3-3.5),0.24001333468612757,iPad,
B01AF9CXGY,Howl's Moving Castle Calcifer Sticker Decal Studio Ghibli White Car Window Wall Macbook Notebook Laptop Vinyl Decal,,4.3,49,,Good (4-4.5),0.3300278289101793,Howl's,
B01AFD2BF8,"Keepfit 3 Silicone Wedding Ring Silicone Wedding Band for Men, Thin Stripe for Climbing and Outdoors (3 Stripes, 11 (22.22mm Inner diam))",,4.2,44,,Good (4-4.5),0.32002493006536903,Keepfit,
B01AFD2BHG,"Keepfit 3 Silicone Wedding Ring Silicone Wedding Band for Men Climbing and Outdoors (Grey Stripe, 9 (19.1mm Inner diam))",,4.3,53,,Good (4-4.5),0.3300301479860276,Keepfit,
B01AFD2BHQ,"Keepfit 3 Silicone Wedding Ring Silicone Wedding Band for Men Climbing and Outdoors (3 Stripes, 9 (19.1mm Inner diam))",,4.0,51,,Average (3.5-4),0.3000289884481035,Keepfit,
B01AFD2BIA,"3 Silicone Wedding Ring Silicone Wedding Band for Men Climbing and Outdoors (3 Stripes, 10 (20.64mm Inner diam))",,3.6,67,,Average (3.5-4),0.26003826475149655,3,
B01AFD2BIU,"Keepfit 3 Silicone Wedding Ring Silicone Wedding Band for Men Climbing and Outdoors (3 Stripes, 8 (17.5mm Inner diam))",,3.8,33,,Average (3.5-4),0.28001855260678615,Keepfit,
B01AFEBR4I,"Extreme Audio Premium Gold Plated 2.5mm Balanced Male to 3.5mm Stereo Female Audio Connection Adapter Cable for Astell&Kern AK100II, AK120II, AK240, AK380, AK320, Lotoo Paw 5000, Cayin N5",,3.8,31,,Average (3.5-4),0.28001739306886203,Extreme,
B01AFK48U2,"MOSISO Laptop Sleeve Only Compatible with MacBook 12 inch A1534 with Retina Display 2017/2016/2015 Release, Polyester Carrying Case Bag with Accessory Pocket, Black & Hot Blue",,4.5,92,,Good (4-4.5),0.3500527589755483,MOSISO,
B01AFKEL68,"Galaxy Tab 4 8.0 inch case,T330 case, Dteck(TM) Folio Stand PU Leather Case with Auto Wake/Sleep Feature Protective Cover for Samsung Galaxy Tab 4 8.0 inch SM-T330 T331 T335 T337,Colorful Garden",11.99,4.4,641,Budget (<$20),Good (4-4.5),0.340371052135724,Galaxy,2.7188208616780045
B01AFNBC3K,"USB Console Cable USB to RJ45 Cable Essential Accesory of Cisco, NETGEAR, Ubiquity, LINKSYS, TP-Link Routers/Switches for Laptops in Windows, Mac, Linux (Blue)",9.89,4.6,3087,Budget (<$20),Excellent (4.5-5),0.36178916701694375,USB,2.14533622559653
B01AFQCBF0,22 Slots SD SDHC MMC CF Micro SD Memory Card Case Holder Pouch Zippered Storage Bag (Blue) - 2 Pack,,4.5,54,,Good (4-4.5),0.35003072775498967,22,
B01AFRSMHU,"iPad Air Case, Zeox iPad Air Ultra Slim Fit Folio Smart Case Cover Stand Non Slip Protective Cover with Auto Wake/Sleep Feature for Apple iPad Air Retina Display 2013 Release - Navy Blue",,4.5,121,,Good (4-4.5),0.35006957227544827,iPad,
B01AFTKI9S,The OTG Smart Phone USB Flash Drive USB 2.0 16 gb USB Flash Drive Micro USB Pen Drive Memory Stick u Disk (Black),,4.0,32,,Average (3.5-4),0.30001797283782417,The,
B01AFVBOKS,"Wireless IP Camera,Home Security Camera with TF Card slot IP67 Waterproof, Outdoor Surveillance Cameras with Night Vision IR-Cut Outdoor Security IP Camera System 1080P C7816",,3.0,38,,Poor (<3),0.20002145145159655,Wireless,
B01AFVDDVG,New Flexible Gooseneck Mini USB Powered LED Cooling Flashing Real Time Display Function Clock Fan for PC Laptop Notebook Desktops,,3.8,115,,Average (3.5-4),0.2800660936616758,New,
B01AFZTJVU,"VILTROX VX-10 Metal Strong Camera Quick Setup Belt Buckle Waist Belt Tripod Mount Clip Adapter for SLR DSLR Camera,Black",,3.6,88,,Average (3.5-4),0.2600504398997,VILTROX,
B01AG0COS4,BAJ 19V 4.74A 90W Power Charger Adapter for HP Elitebook 2540p 2560p 2570p 2740p 2760p 6930p 8460p 8440p 2540p 8470p 2560p 6930p 8560p 8540w 2570p 8540p 8570p 2760p 2170p 8530w,,3.7,59,,Average (3.5-4),0.2700336265998,BAJ,
B01AG0M3W6,DAXGD Optical Wideangle Binoculars Vision 5000M Waterproof Telescope Rapid Focusing for Bird Watching Hunting Camping Sporting Traveling,,3.4,25,,Below Avg (3-3.5),0.24001391445508963,DAXGD,
B01AG0ZS00,"iPad Pro 10.5 Case, QIALINO Real Leather Smart Cover Case for iPad Pro 10.5 inch (with Stand, Handstrap and Auto Sleep/Wake Function), Black",49.99,4.1,110,Low ($20-50),Good (4-4.5),0.31006319481686545,iPad,12.163017031630172
B01AG2PHRW,"Vemount TV Wall Mounts Tilt Swivel TV Bracket for 26 to 60 Inch Samsung Vizio Sony Sanyo LG Plasma LCD LED 4K Flat Panel Smart TV, VESA 400mm Fits 2x4 Stud Spacing",,4.6,109,,Excellent (4.5-5),0.3600626150479034,Vemount,
B01AG8MBT8,"Garmin 010-01955-77 Garmin vivosmart HR, CHN, Purple, Medium",149.99,4.0,3713,Mid-High ($100-200),Average (3.5-4),0.30215210238719875,Garmin,37.40399002493766
B01AGPHHUO,G.Skill 16GB (2 x 8G) Ripjaws Series DDR4 PC4-17000 2133MHz Laptop Memory Model F4-2133C15D-16GRS,38.2,4.4,33,Low ($20-50),Good (4-4.5),0.34001855260678626,G.Skill,8.662131519274377
B01AGVBOZC,"Sykik SP2091BT, Bluetooth Boombox with Light Show, SD/MMC/USB, FM Radio, Built-in Rechargable Battery and Remote Control",48.95,3.4,272,Low ($20-50),Below Avg (3-3.5),0.2401571173887206,Sykik,14.354838709677422
B01AGX7K12,(New Model) Schlage Connect Century Touchscreen Deadbolt with Z-Wave Technology and Extra Key (Satin Chrome),,3.4,21,,Below Avg (3-3.5),0.24001159537924135,(New,
B01AGXT6VO,"Kuzy Older Version Case Compatible with Pro 13 inch Case 2015-2012 Release Models A1425 A1502, Baby Pink",,3.8,94,,Average (3.5-4),0.28005391851347233,Kuzy,
B01AH0BMPO,ATEN CS782DP 2-Port USB DisplayPort KVM Switch,128.01,3.4,31,Mid-High ($100-200),Below Avg (3-3.5),0.24001739306886205,ATEN,37.53958944281525
B01AHCIHVO,APD Asian Power Devices WA-18Q12R / WA-18G12U US AC adapter (12V 1.5A) for Western Digital / Seagate External Hard Drives - w/2 Year Warranty,8.99,3.8,38,Budget (<$20),Average (3.5-4),0.2800214514515965,APD,2.3595800524934387
B01AHDJQ22,"Power Strip, BESTEK 3 Outlets-Surge Protector with 5.2A 4 Smart USB Charging Ports, 6.5 Feet Heavy Duty Cord",,3.7,96,,Average (3.5-4),0.27005507805139656,Power,
B01AHE9A2M,"FLEXIMOUNTS M10 Laptop Wall Mount 2 in 1 LCD arm for 11-17.3 inch Laptop, Notebook Tray Included or 10-24 inch Computer LCDs for Dental Clinic",,4.4,285,,Good (4-4.5),0.3401646543852276,FLEXIMOUNTS,
B01AHGVB8Q,Black Rock Powder Company Dynamite Fire Starter Sticks - Crate of 20,,3.9,118,,Average (3.5-4),0.29006783296856203,Black,
B01AHIPGIU,Mnixy Mouse Skates/Mouse Feet for Logitech V320 V450 M505 M525 M545 (2 Sets of Replacement mice feet),6.99,4.7,62,Budget (<$20),Excellent (4.5-5),0.37003536590668623,Mnixy,1.4840764331210192
B01AHLM9AK,Keyboard Cover Compatible with Acer Chromebook 11.6 CB3-111 /Acer Chromebook 11.6 C740 C720 C720P /Old Acer 13.3 Chromebook C810 CB5-311 [Not Fit for Acer R11 R13 Chromebook] (Blue),,4.3,183,,Good (4-4.5),0.3301055179510965,Keyboard,
B01AHLQ6LI,"Valkit for Microsoft Surface Pro 3, Surface Pro 4, Surface Pro 5, Surface Pro 6 PU Leather case Folio Case Stand Case Type Cover Skin Compatible with Surface Original Keyboard, Purple",,4.1,113,,Good (4-4.5),0.3100649341237517,Valkit,
B01AHOTPMC,"Xindayi 3 Port 1080P 3D 4k HDMI AUTO Switch Switcher Splitter Hub with Cable for HDTV DVD , 3 in 1 Out hdmi switch",,3.7,35,,Average (3.5-4),0.2700197121447104,Xindayi,
B01AHP2NO8,TUSITA Charger Compatible with Samsung Galaxy Gear SM-V700 - USB Charging Dock Cable 100cm - Smartwatch Accessories,,3.9,267,,Average (3.5-4),0.2901542185439102,TUSITA,
B01AHPWQ86,"Fire 7 case,Fire 7 2015 Case,TRAVELLOR?Kids Shock Proof Convertible Handle Light Weight Super Protective Stand Cover for Amazon Fire Tablet (7 inch Display, 2015 Release Only)(Purple)",,4.1,119,,Good (4-4.5),0.3100684127375241,Fire,
B01AHQSQES,"Pomarks 5in1 Multi-function Business Pen, 32GB USB OTG Flash Drive, Stylus Pen & Ballpoint Pen & FlashLight, Perfect for Android Smartphone and Tablet (Deep Black)",,3.3,33,,Below Avg (3-3.5),0.23001855260678616,Pomarks,
B01AHR3PE8,"Kodak PIXPRO Astro Zoom AZ251-BK 16MP Digital Camera with 25X Optical Zoom and 3"" LCD Screen (Black)",,4.0,337,,Average (3.5-4),0.3001948023712551,Kodak,
B01AHRF6WC,E-TECHING 2.4GHz Gold Wireless Optical Mouse Mice for Computer PC Laptop,,4.1,138,,Good (4-4.5),0.3100794283478034,E-TECHING,
B01AHSNKH4,"Headphones, Super Bass in-Ear Headphone with Mic, Wired Headset Earbuds Stereo & Remote Control Noise Reduction for Sports Running (Gold)",,3.9,118,,Average (3.5-4),0.29006783296856203,"Headphones,",
B01AHTVKFW,"Headphones, Super Bass in-Ear Headphone with Mic, Wired Headset Earbuds Stereo & Remote Control Noise Reduction for Sports Running (Pink)",,4.1,58,,Good (4-4.5),0.31003304683083793,"Headphones,",
B01AHU1LNC,New VSD3S Black with Improved Build Quality,,3.3,13,,Below Avg (3-3.5),0.2300069572275448,New,
B01AHWOW7M,"ProCase LG G Pad II 10.1 Case/LG G Pad X 10.1 Case - ProCase Leather Stand Folio Case Cover for G Pad 2 10.1 and X 10.1 (V940N V930), with Multiple Viewing Angles, Document Card Pocket (Navy)",,4.5,202,,Good (4-4.5),0.35011653356137584,ProCase,
B01AHXEHZS,HONBAY HonbayÂ 2 Pack Gold HDMI Female to Female Coupler High Speed HDMI Female Adapter,6.29,3.7,23,Budget (<$20),Average (3.5-4),0.27001275491716553,HONBAY,1.6954177897574125
B01AHXH70K,CowboyStudio Universal 18-Inch 46cm Easy-Fold Macro Ring Speedlite Flash Softbox Diffuser Reflector,32.33,3.7,49,Low ($20-50),Average (3.5-4),0.2700278289101793,CowboyStudio,8.714285714285714
B01AHXH9Z8,"CowboyStudio Photo Studio 24 Inch 2 in 1 Collapsible Multi Disc Reflector, Gold/Silver",10.98,4.2,179,Budget (<$20),Good (4-4.5),0.3201031988752483,CowboyStudio,2.608076009501188
B01AHXHJNU,"CowboyStudio Inflatable Universal Flash Diffuser / Softbox for Canon, Nikon, Fuji, or Olympus",8.99,3.7,30,Budget (<$20),Average (3.5-4),0.2700168132999,CowboyStudio,2.4231805929919137
B01AHXHL1U,"CowboyStudio EI 717 Pro Video/Photo Tripod and Fluid Pan Head Kit - Tripod, Pan Head, Handle and Case",,3.6,17,,Average (3.5-4),0.2600092763033931,CowboyStudio,
B01AHXJBZO,"Fire 7 2015 Case, Easylife Slim Lightweight Standing Leather Case and Cover for Amazon Fire 7'' Tablet (2015 Release) with Stylus Pen and Glass Screen Protector, Purple",,4.3,23,,Good (4-4.5),0.33001275491716553,Fire,
B01AHYKDAK,"REOLINK RJ45 Cat-5 Network Ethernet Patch Internet Cable - 60 Feet PoE IP Cameras, PoE Security Camera System",9.99,4.5,261,Budget (<$20),Good (4-4.5),0.3501507399301379,REOLINK,2.215077605321508
B01AHZX6CQ,RAM® EZ-Roll'r™ Cradle with Ball for Apple iPad mini 4 & 5,,4.4,27,,Good (4-4.5),0.34001507399301384,RAM®,
B01AI2YGK4,NB North Bayou Monitor Desk Mount Stand Full Motion Swivel Monitor Arm with Gas Spring for 17-30''Computer Monitors(Within 4.4lbs to 19.8lbs) F80,35.9,4.5,17206,Low ($20-50),Good (4-4.5),0.3599749249923906,NB,7.960088691796009
B01AJ0P7YY,ienza® 3.5mm Male to 3.5mm Female 4 Poles CTIA Stereo Audio Jack Extender with Ultra-Slim Housing Great for Battery Chargers/Cases and Juice Packs,,3.6,26,,Average (3.5-4),0.2600144942240517,ienza®,
B01AJ5SVJ2,LP mini RCACVS 3 RCA Composite Video AV to HDMI Converter for TV/PC/PS3/Blue-Ray DVD white,,3.3,48,,Below Avg (3-3.5),0.2300272491412172,LP,
B01AJ5XY9O,LP mini RCACVS 3 RCA Composite Video AV to HDMI Converter for TV/PC/PS3/Blue-Ray DVD black,,4.0,111,,Average (3.5-4),0.3000637745858276,LP,
B01AJBRVUQ,"DIYPC Cuboid-R Black/Red USB 3.0 Gaming Micro-ATX Mid Tower Computer Case w/1 x 200mm LED Red Fan x Front, 1 x120mm LED Red Fan x rear",,4.2,17,,Good (4-4.5),0.32000927630339315,DIYPC,
B01AJC66CO,Samsung Gear S2 Smartwatch - Classic Rose Gold,494.0,4.1,300,High ($200-500),Good (4-4.5),0.31017335091965853,Samsung,120.1946472019465
B01AJD0SZ4,"SKYLET Compatible with Garmin Vivofit Bands, Soft Silicone Colorful Fitness Replacement Bands Compatible with Garmin Vivofit 1(No Tracker)",,4.1,2150,,Good (4-4.5),0.31124592349948543,SKYLET,
B01AJEJG1A,"Protectli Vault 4 Port, Firewall/Mini PC - Intel Quad Core, 4GB RAM, 8GB mSATA SSD - Compatible with pfSense/OPNsense etc.",,3.5,88,,Below Avg (3-3.5),0.2500504398997,Protectli,
B01AJJ46RE,"INFILAND Samsung Galaxy Tab E 9.6 Keyboard Case - Slim Shell Case with Magnetically Bluetooth Keyboard for Samsung Tab E/Tab E Nook 9.6-Inch Tablet (SM-T560 / T561 / T565 / SM-T567V), Purple",,4.2,134,,Good (4-4.5),0.3200771092719552,INFILAND,
B01AJN7IDO,"Fintie Case for iPad Pro 12.9 (1st Gen 2015) - 360 Degree Rotating Stand Case with Smart Protective Cover Auto Sleep/Wake Feature for 12.9-inch iPad Pro (2015 Version), Love Tree",,4.5,151,,Good (4-4.5),0.35008696534431033,Fintie,
B01AJNIEVY,Apricorn Aegis Secure Key 8 GB FIPS 140-2 Level 3 Validated 256-bit Encryption USB 3.0 Flash Drive (ASK3-8GB),,3.7,11,,Average (3.5-4),0.2700057976896207,Apricorn,
B01AJPYL32,90W 20V 4.5A AC Adapter-Charger for Lenovo Ideapad S210 S215 U330 U330p U430 U430p U530 Z410 Z510; Thinkpad L440 L540 T440 T440p T440s T540p; Essential G500 G505s G510,,4.5,186,,Good (4-4.5),0.35010725725798275,90W,
B01AJS768Q,"iPad Pro 12.9 Keyboard Case- Infiland Ultra-Thin Smart Stand Cover with Apple Pencil Holder and Bluetooth Keyboard for Apple iPad Pro 12.9"" 2015 Released Tablet (with Auto Wake/Sleep), Black",,3.7,161,,Average (3.5-4),0.270092763033931,iPad,
B01AJS76K4,"iPad Pro 12.9 Keyboard Case- Infiland Ultra-Thin Smart Stand Cover with Apple Pencil Holder and Bluetooth Keyboard for Apple iPad Pro 12.9"" 2015 Released Tablet (with Auto Wake/Sleep), Purple",,3.7,162,,Average (3.5-4),0.27009334280289304,iPad,
B01AJTHS24,"HP Pavilion x2 12-b010nr 12"" Detachable Laptop (Intel Atom, 2 GB RAM, 64 GB SSD)",,3.0,8,,Poor (<3),0.2000040583827345,HP,
B01AJTR67G,"WALI Dummy Fake Simulated Surveillance Security CCTV Dome Camera Indoor Outdoor with One LED Light, Warning Security Alert Sticker Decal (TC-B4), 4 Packs, Black",29.99,4.4,960,Low ($20-50),Good (4-4.5),0.34055599843462386,WALI,6.800453514739228
B01AJUXH7I,"Anpress Eye-Care LED Clip Desk Lamp, 10 Long Life LEDs, Flexible Gooseneck Tube, Clamp On Book Light ,Bright 5500K White Light",,3.6,19,,Average (3.5-4),0.2600104358413172,Anpress,
B01AJV7IHM,"Projector, Syhonic S5 Portable Mini 1080P Full HD Home Media Player Cinema Theater DVDs HDMI VGA USB AV LED Projector with Remote Control for iPhone Mac Laptop Galaxy (Black)",,3.3,43,,Below Avg (3-3.5),0.23002435029640686,"Projector,",
B01AJVYKP0,"CCPK 12 Inch Laptop Sleeve 12-Inch compatible for New Macbook Retina Display Case Bag 12"" compatible with Apple Samsung Sony Notebook Neoprene, Black",,4.1,78,,Good (4-4.5),0.31004464221007927,CCPK,
B01AJWJBJY,JVC Magnet KW-R930BT Double Din Car CD AM/FM Player Receiver with Bluetooth/iPhone/Android + Magnet Phone Holder,159.99,3.8,45,Mid-High ($100-200),Average (3.5-4),0.280025509834331,JVC,41.99212598425198
B01AK3DNS2,Besiva Phone Cable 5Pack 3FT 3FT 6FT 6FT 10FT Nylon Braided USB Charging & Syncing Cord,,4.1,182,,Good (4-4.5),0.3101049381821344,Besiva,
B01AK445LK,"Neewer for DJI Phantom 3 Standard, Professional, and Advanced Protective Camera Lens Cap Protector Cover + Flower-Type Rose Petal Lens Hood Made of Premium ABS Plastic (Black)",,4.1,28,,Good (4-4.5),0.3100156537619759,Neewer,
B01AK9SQ38,LG 22MP58VQ-P 22-Inch IPS Monitor with 4 Screen Split,,4.2,130,,Good (4-4.5),0.3200747901961069,LG,
B01AKA08ME,"Brand New VI04 756743-001 battery for HP Pavilion 15-p 17-f, Envy 14v 15-k, Probook 440 G2, Probook 450 G2 14.4V Li-Ion 2800mah 4 Cell VI04XL G6E88AA 756745-001 756480-541",55.0,3.7,20,Mid ($50-100),Average (3.5-4),0.27001101561027935,Brand,14.824797843665769
B08VNGW56L,Waterproof Digital Camera Underwater Camera Full HD 2.7K 48 MP Video Recorder Selfie Dual Screens 16X Digital Zoom Flashlight Waterproof Camera for Snorkeling (DV806)…,79.98,4.0,1548,Mid ($50-100),Average (3.5-4),0.30089690258432017,Waterproof,19.945137157107233
B01AKAC6SS,Direct Access Tech. Up to 1080p High-Speed HDMI Cable (10 Feet/3 Meter)(3712),5.49,4.1,40,Budget (<$20),Good (4-4.5),0.31002261098952066,Direct,1.3357664233576645
B01AKAC8YA,Direct Access Tech. Single Link DVI-D to DVI-D Cable (10 Feet/3 Meter)(3729),7.63,4.7,11,Budget (<$20),Excellent (4.5-5),0.3700057976896207,Direct,1.6199575371549895
B01AKBTLGW,KICKER EB73B Flow Premium Earbuds | in-Ear Noise-Isolating Earphones | Silicon Ear Tips 4 Sizes | in-Line Mic and Multi-Function Button | Legendary Audio Quality,7.95,4.2,79,Budget (<$20),Good (4-4.5),0.3200452219790414,KICKER,1.8883610451306414
B01AKCM5YG,"Logitech Bluetooth Multi-Device Keyboard K480 for Computers. Tablets and Smartphones. Black, Compact, Dial and Switch, Spill-Resistant Keyboard - 920-006342 (Renewed)",23.03,4.3,1589,Low ($20-50),Good (4-4.5),0.330920673111765,Logitech,5.343387470997681
B01AKD6ZKU,Sharkk 2 Pack Battery for GoPro Hero 4 2PK and Dual Charger for Go Pro Hero4 High Capacity Batteries with High Speed Rapid Charger AHDBT-401 AHBBP-401,,4.2,68,,Good (4-4.5),0.32003884452045867,Sharkk,
B01AKFVS3C,"GreenBox New Laptop Replacement Battery for A1278 A1322 [Apple MacBook Pro 13 inch] - (Mid 2009, Mid 2010, Early 2011, Late 2011, Mid 2012), fit MB990LL/A MC724LL/A - [Li-Polymer 6-cell 63.5Wh]",,3.0,515,,Poor (<3),0.2002980012465033,GreenBox,
B01AKFZP9K,"Livestream® Gear - Magnetic Tablet Mount for Streaming, Video, or Photos. Great for WOD; Fitness Streams at Home, or Gym. Works with Tablets, Phablets, & Phones. (Pro Magnetic Tablet)",22.99,4.2,390,Low ($20-50),Good (4-4.5),0.3202255301262448,Livestream®,5.460807600950118
B01AKIWNVU,Galaxy Tab A 8.0 (2015) Case - Poetic TurtleSkin Series[Corner Protection][Tactile Side Grip][Sound-Amplification][Bottom Air Vents] Protective Silicone Case for Samsung Galaxy Tab A 8.0 (2015) Green,,4.5,81,,Good (4-4.5),0.35004638151696554,Galaxy,
B01AKIX4U4,Galaxy Tab S2 9.7 Case - Poetic [Turtle Skin Series]-[Corner/Bumper Protection][Tactile Side Grip][Sound-Amplification][Bottom Air Vents] Protective Silicone Case for Samsung Galaxy Tab S2 9.7 Pink,,4.5,23,,Good (4-4.5),0.35001275491716555,Galaxy,
B01AKMU5O8,AES Magnetic Mid Dry Box GPS Tracker Holder Case with 70 pounds Magnetic Base,29.99,4.4,46,Low ($20-50),Good (4-4.5),0.34002608960329317,AES,6.800453514739228
B01AKO3WWS,"Dell SE2216HV 22"" Screen LED-Lit Monitor, black",79.92,4.5,703,Mid ($50-100),Good (4-4.5),0.3504069978113722,Dell,17.720620842572064
B01AKPBMOM,iKross USB FAN USB Mini Desktop Office Fan with 360 Rotation - Pink,,3.9,46,,Average (3.5-4),0.29002608960329307,iKross,
B01AKQTPR2,"Apevia AF314L-RD 140mm 4pin Molex + 3pin Motherboard Silent Red LED Case Fan, Connecting to Power Supply or Motherboard (3-pk)",,3.9,24,,Average (3.5-4),0.29001333468612756,Apevia,
B01AKWSUOU,"Corsair CMK16GX4M2B3600C18 Vengeance LPX 16GB (2 x 8GB) DDR4 DRAM 3600MHz (PC4-28800) C18 Kit, Black",,4.2,90,,Good (4-4.5),0.3200515994376242,Corsair,
B01AL229Q4,Headphone Adapter,,4.6,23,,Excellent (4.5-5),0.3600127549171655,Headphone,
B01AL4N24A,yueton 6 Slots Aluminum SD/SDHC/MMC Card Protecter Box Storage Case Holder,,4.2,9,,Good (4-4.5),0.3200046381516966,yueton,
B01AL78TOA,LeeKooLuu Reverse Camera and Monitor Kit License Plate Backup Camera Parking System for Car Vehicle Waterproof IR Night Vision 4.3 Display Guiden Lines,,3.8,93,,Average (3.5-4),0.28005333874451027,LeeKooLuu,
B01AL7P1FU,"GL.iNet GL-MT300N Mini Travel Router, OpenWrt Pre-Installed, Repeater Bridge, 300Mbps High Performance, 64MB RAM, OpenVPN Client",,4.1,248,,Good (4-4.5),0.31014320293363096,GL.iNet,
B01AL9E90G,TEKCAM Action Camera Accessories Kits Bundle Compatible with Gopro Hero 11 10 9 8 7/AKASO EK7000/Brave 4/7 LE/ V50X/Dragon Touch 4k Camera Car Suction Cup Mount Floating Handle Grip Selfie Stick,11.99,4.4,1515,Budget (<$20),Good (4-4.5),0.34087777020857196,TEKCAM,2.7188208616780045
B01ALBTZJE,"[Business Series] iPad Air 2 Case, SAVFY Premium PU Leather Stand Smart Cover with Auto Wake/Sleep Function with Velcro Hand Strap, Card Slots(Brown)",,3.9,27,,Average (3.5-4),0.29001507399301374,[Business,
B01ALDYHHW,"Valkit Microsoft Surface 3 Case, Compatible Surface 3 Type Cover, Folio PU Leather Stand Cases and Covers Bag Skin with Stylus Pen Holder Compatible with Surface 3 10.8 Inch Original Keyboard, Black",,4.5,261,,Good (4-4.5),0.3501507399301379,Valkit,
B01ALG1FX8,"WORLDS BEST CABLES 4 Foot – Directional High-Definition Audio Interconnect Cable Pair Custom Made Using Mogami 2549 Wire and Amphenol ACPR Die-Cast, Gold Plated RCA Connectors",38.95,5.0,20,Low ($20-50),Excellent (4.5-5),0.40001101561027935,WORLDS,7.774451097804392
B01ALG2PNM,Khanka Hard Case for OontZ Angle 3 Portable Bluetooth Speaker,,4.1,38,,Good (4-4.5),0.31002145145159654,Khanka,
B01ALG8XWO,Huawei Watch Replacement Charger - MOTONG Charger for Huawei Watch 1st,,2.8,57,,Poor (<3),0.18003246706187584,Huawei,
B01ALGJSQE,"UGREEN Active Micro HDMI to HDMI VGA Video Converter Adapter with 3.5mm Audio Jack Micro HDMI Adapter for Ultrabooks, Tablets, Smartphones, Cameras and Camcorders (White)",,3.3,34,,Below Avg (3-3.5),0.23001913237574825,UGREEN,
B01ALHQPI2,Huntkey Power Strip Surge Protector 8 outlets (White-2),,4.5,351,,Good (4-4.5),0.350202919136724,Huntkey,
B01ALHXM7Y,"6 Outlet Surge Protector 15A 120V with Flat Rotating Plug 15ft Power cord 3 Prong 6 Outlet Power Strip with 15 Feet Power Cable and 360 Degree Rotating Plug, Gray CNE471698 (5 Pack)",79.99,4.8,78,Mid ($50-100),Excellent (4.5-5),0.3800446422100793,6,16.62993762993763
B01ALHY04I,"WORLDS BEST CABLES 3 Foot – Directional Quad High-Definition Audio Interconnect Cable Pair Custom Made Using Mogami 2534 Wire and Amphenol ACPR Die-Cast, Gold Plated RCA Connectors",37.95,4.8,81,Low ($20-50),Excellent (4.5-5),0.3800463815169655,WORLDS,7.889812889812891
B01ALHY0E8,"6 Outlet Surge Protector 15A 120V with Flat Rotating Plug 4ft Power cord 3 Prong 6 Outlet Power Strip with 4 Feet Power Cable and 360 Degree Rotating Plug, Black CNE75884",30.99,4.6,310,Low ($20-50),Excellent (4.5-5),0.3601791486092792,6,6.722342733188721
B01ALI61CG,"Garmin 010-12168-28 Cable, fēnix 3/fēnix 3HR/tactix Bravo, Charging Clip",,4.7,427,,Excellent (4.5-5),0.3702469815778413,Garmin,
B01ALI9QIW,24V MicroSolar 1000W (Peak 2000W) Pure Sine Wave Inverter - with Remote Wire Controller - with 2 Foot Battery Cable,,3.4,17,,Below Avg (3-3.5),0.24000927630339308,24V,
B01ALIDV5G,MicroSolar 24V 3000W (Peak 6000W)Pure Sine Wave Inverter with Remote Wire Controller and 2 Foot Battery Cable,,3.6,20,,Average (3.5-4),0.26001101561027934,MicroSolar,
B01ALIU7AS,"Corsair Hydro Series HG10 N980 Edition Bracket for Reference Design Graphics Cards, GTX980, GTX980 Ti, and Titan",,3.7,89,,Average (3.5-4),0.2700510196686621,Corsair,
B01ALLP5Y8,"Kastar Battery 4-Pack and Charger for Fujifilm NP-45 NP-45A NP-45B NP-45S, Fujifilm FinePix L55 L90, FinePix T305 T310 T350 T360 T400, FinePix XP10 XP11 XP15 XP20 XP21, FinePix Z37 Z70 Z71 Z80 Z81 Z90",15.99,4.1,34,Budget (<$20),Good (4-4.5),0.31001913237574824,Kastar,3.89051094890511
B01ALLV25O,"iPad Air 2 Case, iXCC Smart Case Cover Trifold Stand and Built-in Magnet Features a Soft Microfiber Lining Automatically Wakes and Sleeps Your Device",,3.9,51,,Average (3.5-4),0.29002898844810343,iPad,
B01ALMGKEG,"Fujifilm Bottom Leather Case, Black for X-Pro2 (BLC-XPRO2)",67.98,4.3,62,Mid ($50-100),Good (4-4.5),0.3300353659066862,Fujifilm,15.772621809744782
B01ALMZTMU,WORLDS BEST CABLES – Instrument Series – Guitar Cable – 17 Foot with Aluminium TSS Plug [Mauve],,4.4,32,,Good (4-4.5),0.3400179728378242,WORLDS,
B01ALNB1HQ,"WORLDS BEST CABLES 6 Foot RCA Cable Pair - Made with Canare L-4E6S, Star Quad, Audio Interconnect Cable and Amphenol ACPR Gold RCA Connectors – Directional Design - Custom Made",37.95,4.9,125,Low ($20-50),Excellent (4.5-5),0.39007189135129655,WORLDS,7.729124236252546
B01ALUV61U,"Zepthus 5RCA Component RGB YPbPr to HDMI v1.3 HDCP Video Audio Converter for HDTV, DVD, PSP, Wii",,4.1,113,,Good (4-4.5),0.3100649341237517,Zepthus,
B01AM31F4Y,"Keyboard Cover for Acer Aspire E 15 E5-575 E5-576G E5-574G E5-573G ES15 ES1-572/Aspire E 17 E5-772G/Aspire V15 V17 VN7-592G VN7-792G F15 F5-571 F5-573G/Aspire 3 A315/Aspire 7 A715, Green",,3.4,21,,Below Avg (3-3.5),0.24001159537924135,Keyboard,
B01AM5N6JO,"Viozon Gooseneck Tablet Floor Stand for 7~10 Inch Tablets and 3.5~6inch Smart Phones, Such as Tablet PCs, iPhone X,iPad, iPad Mini, iPad Air,New iPad Pro(9.7inch), Galaxy, Nexus",,3.7,109,,Average (3.5-4),0.2700626150479034,Viozon,
B01AM71ZCM,Alemon Ultra Thin Indoor HDTV Antenna with 16.4 Feet Coax Cable - 35 Miles Range - Translucent,,3.6,27,,Average (3.5-4),0.26001507399301377,Alemon,
B01AM911JM,"Sony AKACAP1 Cap Clip for Action Cam, Black",,4.4,32,,Good (4-4.5),0.3400179728378242,Sony,
B01AMEY6K8,"Waterproof Camera Float, Float Handle for GoPro Hero, Black Carbon Fiber Pole, Bobber Go Pro Silver, Hero Accessories 3 4 5 Session and Tripod Mount, Floating Hand Grip Plus Accessory Selfie Kit",,4.1,113,,Good (4-4.5),0.3100649341237517,Waterproof,
B01AMK16LE,"Sale Casiii MacBook Pro Keyboard Cover Air Wireless Keyboard and iMac 13 15 and 17 Inch, with/Without Retina, Engineer-Quality Silicone (Purple)",,4.3,255,,Good (4-4.5),0.33014726131636546,Sale,
B01AMLB9PQ,Logitech H110 Stereo Corded 3.5mm Plug Headset in Bulk Packaging plus Bonus USB Extenders,,4.0,13,,Average (3.5-4),0.3000069572275449,Logitech,
B01AMMOGAU,Joyshare Micro USB OTG to USB Adapter – Gold – Pack of 2,,4.2,35,,Good (4-4.5),0.3200197121447104,Joyshare,
B01AMMOGDM,Joyshare Micro USB OTG to USB Adapter - Micro USB Male OTG to USB Female Adapter - Silver - Pack of 2,,4.2,65,,Good (4-4.5),0.3200371052135724,Joyshare,
B01AMO4B2Q,Pwr+ Short 3Ft 2 Prong Polarized-Power-Cord for Vizio-LED-TV Smart-HDTV D-E-M-Series and Others 2 Slot Adapter-AC-Wall-Cable - IEC-60320 IEC320 C7 to NEMA 1-15P,9.99,4.5,167,Budget (<$20),Good (4-4.5),0.3500962416477034,Pwr+,2.215077605321508
B01AMSA1GC,"Abrams EXP-200H Explorer Handheld Siren, 200W, 2.8"" Length, 11.5"" Height, 9.3"" Width",,3.7,9,,Average (3.5-4),0.27000463815169656,Abrams,
B01AMVEKAM,"Acer K272HL bmid 27"" Full HD (1920 x 1080) Monitor (HDMI, DVI & VGA Ports)",,4.0,113,,Average (3.5-4),0.30006493412375174,Acer,
B01AMXPS0Q,"Crunch PowerDrive PD1000.4 Amplifier -Class A/B, 4 Channel, 1000-Watt, 1/2/4 Ohm, Car Amplifier, Heat Sink, RCA, LED Diagnostic System, Low Noise Circuitry",,4.0,29,,Average (3.5-4),0.300016233530938,Crunch,
B01AMXPVX0,"Crunch Power Drive PD2000.4 Amplifier - Class A/B, 4 Channel, 2000-Watt, 1/2/4 Ohm, Car Amplifier, Heat Sink, RCA, LED Diagnostic System, Low Noise Circuitry",,3.9,50,,Average (3.5-4),0.29002840867914137,Crunch,
B01AN2TEBA,Marvo SG-201 USB 2.0 Powered Multimedia Computer Speakers With Surround Subwoofer Heavy Bass for PC/Laptops/Computer (Red),16.87,3.2,72,Budget (<$20),Below Avg (3-3.5),0.2200411635963069,Marvo,5.255451713395639
B01AN5Q89S,"MCS 16x20 Inch Beaded Frame with 11x14 Inch Mat Opening, Champagne (47607)",51.89,4.2,112,Mid ($50-100),Good (4-4.5),0.3200643543547897,MCS,12.32541567695962
B01AN7L7LA,"Rangers 20pcs 2.8mm Ultra-thin 26-82mm and 82-26mm Step Up / Step Down Combination Adaptor Rings for Canon, Nikon, Pentax, Sony, Leica, Fuji, Lumix, Olympus",,4.0,10,,Average (3.5-4),0.30000521792065865,Rangers,
B01ANENCB6,"Topping NX1S Portable Earphone Amplifier Portable Amps with 40 Hours Continuous Play Time for Phones, MP3s, Digital Players and Computers - Black",,3.5,21,,Below Avg (3-3.5),0.2500115953792414,Topping,
B01ANGOUA6,"Sigoma 4GB Waterproof Mp3 Player with water resistant Headphones,FM Radio, Clip design for Swimming, Running, Diving, GYM, Outwork, Winter Sports (Orange)",,3.2,16,,Below Avg (3-3.5),0.22000869653443106,Sigoma,
B01ANHW7QO,"Sigoma 4GB waterproof Mp3 music player with water resistant Headphones,FM Radio, Clip design for Swimming, Running, Diving, GYM, Outwork, Winter Sports (Black)",,3.2,39,,Below Avg (3-3.5),0.22002203122055863,Sigoma,
B01ANI65X4,"Yostyle Headphone Stand with USB Charger, Under Desk Headset Hook Holder Hanger Mount with 5 USB Port Quick Charging Station(8A/40W),iWatch Charging Dock for PC Gaming Headsets Accessories,UL Tested",,4.2,13,,Good (4-4.5),0.3200069572275449,Yostyle,
B01ANIONCY,Marval Power HA32ARB SP3496A8H 1S2P Battery for Samsung Google Nexus 10 Tablet GT-P8110,,3.8,41,,Average (3.5-4),0.2800231907584827,Marval,
B01ANITHVQ,"MINIX NEO C, USB-C Multiport Adapter with HDMI - Space Gray (Compatible with Apple MacBook)",,3.7,185,,Average (3.5-4),0.2701066774890206,MINIX,
B01ANIXXG6,"External DVD Drive, Bengoo USB 3.0 External Slot DVD VCD CD RW Drive Burner Superdrive External Drive for Apple Macbook Pro Air iMAC (Not support Surface and higher version than OS X Yosemite)-Black",,3.4,34,,Below Avg (3-3.5),0.24001913237574826,External,
B01ANJ6C0O,Canon Office Products NB-CP2LH Battery Pack Wireless Printer Accessories,,4.4,34,,Good (4-4.5),0.3400191323757483,Canon,
B01ANJXCU2,BIAL Red-blue 3D Glasses/Cyan Anaglyph Simple style 3D Glasses 3D movie game-Extra Upgrade Style,,4.1,1120,,Good (4-4.5),0.3106487614685548,BIAL,
B01ANJY3Q4,Power Supply for Dell N6H3C L300NM-00 Inspiron 620 Vostro 260 420 MiniTower,69.98,4.3,33,Mid ($50-100),Good (4-4.5),0.3300185526067862,Power,16.23665893271462
B01ANJY8SW,Replace Power® Supply for HP MediaSmart Server EX470/475/480/485/487/490 350,,3.4,11,,Below Avg (3-3.5),0.2400057976896207,Replace,
B01ANM0XZQ,"Deluxe Comfort Portable Multi-Fuction Laptop Desk, 24"" x 17"" - Built-In Cooling Fan - Light Weight - 3 USB Port Hub - Laptop Lapdesk, White",,3.3,12,,Below Avg (3-3.5),0.23000637745858274,Deluxe,
B01ANNYP22,"Proaim Director's Cage for Camera Monitors. Cage Fits to LCD Monitors from 4"" to 7"". Secure Support, Comfortable Handheld Shooting with Soft Grip Handle. with Battery Mounting Option (P-DMC)",98.0,3.7,40,Mid ($50-100),Average (3.5-4),0.2700226109895207,Proaim,26.41509433962264
B01ANOGSYO,"DJI Phantom 3 4K Quadcopter Drone, CP.PT.000298",,3.9,60,,Average (3.5-4),0.29003420636876204,DJI,
B01ANPI058,Voistek Wired Wired Cell Phone Headset with Noise Canceling Boom Mic & Adjustable Headband for iPhone Samsung LG HTC BlackBerry Huawei ZTE Mobile Phone & Smartphones with 3.5mm Headphone Jack,,3.4,26,,Below Avg (3-3.5),0.24001449422405172,Voistek,
B01ANZRVR6,16 GAUGE WIRE RED & BLACK POWER GROUND 100 FT EACH PRIMARY STRANDED COPPER CLAD,19.95,4.7,336,Budget (<$20),Excellent (4.5-5),0.370194222602293,16,4.235668789808917
B01ANZRWL6,Best Connections 16 Gauge Wire RED & Black Power Ground 50 FT Each Primary Stranded Copper CLAD,9.95,4.6,92,Budget (<$20),Excellent (4.5-5),0.3600527589755482,Best,2.1583514099783083
B01AO0M9YK,18 GAUGE WIRE RED & BLACK POWER GROUND 50 FT EACH PRIMARY STRANDED COPPER CLAD,,4.6,55,,Excellent (4.5-5),0.3600313075239517,18,
B01AO25QPM,GoScope PRO Flex CASE – HERO3 / HERO3+ / HERO4 / HERO5 / HERO6 / HERO7 / HERO8 / HERO9 / GOPRO Hero Roll & Go Storage Bag for GoPro Cameras (Includes New Waterproof Phone Compartment),,4.2,96,,Good (4-4.5),0.3200550780513966,GoScope,
B01AOBOAWS,Swiftech H220 X2 Prestige CPU Liquid Cooling System,,3.3,11,,Below Avg (3-3.5),0.23000579768962068,Swiftech,
B01AOCEEJG,Swiftech H220 X2 CPU Liquid Cooling System,,3.0,24,,Poor (<3),0.2000133346861276,Swiftech,
B01AOFUJRE,"BoxWave Screen Protector Compatible with Fossil Q Founder Gen 1 (Screen Protector by BoxWave) - ClearTouch Crystal (2-Pack), HD Film Skin - Shields from Scratches for Fossil Q Founder Gen 1",9.95,4.0,34,Budget (<$20),Average (3.5-4),0.3000191323757483,BoxWave,2.481296758104738
B01AOLSXJ4,"Modern Portable Protective Headphone Carrying Case : A Portable Protective Carrying Case Made to Protect Your HiFi Elite Super66, Bose Headphones, Beat by Dre Headphones and More - (Black)",,4.1,92,,Good (4-4.5),0.31005275897554824,Modern,
B01AOSPSFY,AC Doctor INC 19.5V 2.31A 4.5x3.0mm 45W AC Adapter Power Charger for HP 741727-001 740015-002 HSTNN-CA40 7400015-001 740015-003 ADP-45WD B,12.99,4.4,1842,Budget (<$20),Good (4-4.5),0.3410673546591684,AC,2.945578231292517
B01AOU452O,"CAISON 14 inch Laptop Sleeve Case for 14"" Lenovo IdeaPad 5i 5 3i 3 Slim 7 Flex 5i 5 ThinkPad T14 T14s X1 Carbon / HP 14s Pavilion 14 Stream 14s / ASUS Zenbook 14 Flip 14 VivoBook / Huawei MateBook D",,4.7,2977,,Excellent (4.5-5),0.37172539243111624,CAISON,
B01AOVKLPS,Sahara Sailor 30 in 1 Paracord Survival Grenade Kit with Carabiner Compass Fire Starter Weights Floats Fishing Line Hooks knife Whistle Mini Torch,,4.4,11,,Good (4-4.5),0.34000579768962075,Sahara,
B01AP84DMM,"[3 Pack] Huawei Honor 7X/ Mate SE Screen Protector, Hattomen High Definition Ultra Clear and Anti-Bubble Screen Protector Film for Huawei Mate SE/Honor 7X",,4.2,176,,Good (4-4.5),0.32010145956836206,[3,
B01AP87PCC,Hermitshell Travel EVA case Fits Microsoft Sculpt Comfort Bluetooth Wireless Mobile Mouse H3S-00001,10.99,4.7,123,Budget (<$20),Excellent (4.5-5),0.3700707318133724,Hermitshell,2.3333333333333335
B01AP9EX5S,"Xawy [2 Pack] Samsung Galaxy Note 9 Screen Protector, Hattomen Premium Tempered Glass [Full Screen Coverage] [Anti-Scratch] [Anti-Fingerprint] Screen Protector for Samsung Galaxy Note 9-2018",,4.1,205,,Good (4-4.5),0.310118272868262,Xawy,
B01APD1HU8,8CH 1080P DVR Digital Video Recorder Network HD Video Recorder for Security Servillance system,,3.9,24,,Average (3.5-4),0.29001333468612756,8CH,
B01APVCOY8,"Lithium Medical Battery, 3V, 2032, 4/Pk, Sold as 2 Package",8.99,4.5,244,Budget (<$20),Good (4-4.5),0.3501408838577827,Lithium,1.9933481152993349
B01APXBIFM,"M185 Wireless Mouse, Black, Sold as 2 Each",,4.6,202,,Excellent (4.5-5),0.3601165335613758,M185,
B01AQ2ZQQY,"NewPower99 Battery Replacement Kit for Google Nexus 7 2013 with Tools, Video Instructions, Long Life Battery",33.95,3.7,40,Low ($20-50),Average (3.5-4),0.2700226109895207,NewPower99,9.150943396226415
B01AQ3JOMU,DIGITAL SECURITY CONTROLS DSC SCWBATTERY REPLACEMENT BATTERY FOR POWERSERIES 9047 SELF CONTAIN by DSC,,3.9,69,,Average (3.5-4),0.29003942428942064,DIGITAL,
B002V15ZQU,CBD® New Li-ion Battery for Dell Inspion 1525 1526 1545 Laptop Notebook Computer PC [6cell 11.1v 5200mAh],,4.2,323,,Good (4-4.5),0.32018668560578617,CBD®,
B01AQ3KKVO,Beyution RM-C1240 Replacement Remote Control Fit for JVC LCD TV LT-19EM74 LT-32EM LT-43EM75 LT-48EM75 LT-24DE74 LT-32EM75 LT-49EM75 LT-55EM75 LT-24EM74 LT-28EM74 LT-42EM74 LT-29EM75,9.26,4.4,48,Budget (<$20),Good (4-4.5),0.3400272491412173,Beyution,2.0997732426303855
B01AQ3PRNA,"JVC Remote Control RMT-JR02 for Models EM65FTR, EM55FTR, EM48FTR, EM42FTR by JVC",9.99,4.4,636,Budget (<$20),Good (4-4.5),0.34036815329091363,JVC,2.2653061224489797
B01AQ3Q4NW,"LG Electronics AKB74475433 TV Remote Control for 42LX330C, 42LX530S, 43LX310C, 49LX310C, 49LX341C, 49LX540S, 55LX341C, 55LX540S, 60LX341C, 60LX540S, 65LX341C, 65LX540S",7.99,4.7,1144,Budget (<$20),Excellent (4.5-5),0.3706626759236445,LG,1.6963906581740977
B01AQ3TSTO,"Motorized VHS-C Cassette Adapter For JVC C-P7U CP6BKU C-P6U,Panasonic PV-P1,RCA VCA115 + 1 VCC113 Micro-Fiber Cloth™",39.99,4.3,2675,Low ($20-50),Good (4-4.5),0.3315503022045715,Motorized,9.278422273781905
B01AQ3W7ZG,"RadioShack 2.4V Ni-MH Cordless Phone Battery, 1600 mAh",19.99,4.5,75,Budget (<$20),Good (4-4.5),0.3500429029031931,RadioShack,4.4323725055432375
B01AQ7FCZE,Original Verizon FiOS Remote Control + Free Batteries + Manual [New Sealed and Latest 2-Device Version Ver 4 RC2655007/01] by Verizon,,4.3,215,,Good (4-4.5),0.3301240705578827,Original,
B01AQ7FZFG,DeoxIT Connector & contact Treatments,26.99,4.7,128,Low ($20-50),Excellent (4.5-5),0.3700736306581828,DeoxIT,5.73036093418259
B01AQAKRSS,"EATON CHSPT2ULTRA Ultimate Surge Protection 3rd Edition, 2.38"" Length, 5.25"" Width 7.5"" Height",170.0,4.8,2362,Mid-High ($100-200),Excellent (4.5-5),0.38136883451944403,EATON,35.343035343035346
B01AQAMMJA,NETGEAR N300 WiFi Range Extender - Desktop Version (WN2000RPT-200NAS),,3.9,108,,Average (3.5-4),0.2900620352789413,NETGEAR,
B01AQB6LF0,Audiopipe Woofer - 700 W Rms - 1400 W Pmpo - 1 Pack - 25 Hz To 1.20 Khz - 4 Ohm - 90 Db Sensitivity - 15 Woofer - Automobile,109.47,3.8,122,Mid-High ($100-200),Average (3.5-4),0.28007015204441027,Audiopipe,28.732283464566933
B01AQPT248,"DigiHero 4 Pairs Earbud Securer/Keeper Popular for EarPods,Earbuds Earhook/Attachment/Cover/Sport Grips Compatible with iPhone 6/6+/5/5S/5C (Clear White,Clear Gray)",,3.2,21,,Below Avg (3-3.5),0.2200115953792414,DigiHero,
B01AQQ5HQY,"JOIOT 5 Pack 32GB USB 2.0 Flash Drive Thumb Drives 32gb USB Drive Memory Sticks Jump Drive Zip Drive with Led Indicator, Mixed Colors",,4.2,19,,Good (4-4.5),0.3200104358413173,JOIOT,
B01AQQ5KXO,JOIOT USB Flash Drive 8GB 10 Pack USB 2.0 Memory Stick 8GB USB Drive Bulk 10Pack Swivel Thumb Drives Jump Drive Zip Drive(10 PCS Mix Color),,4.2,44,,Good (4-4.5),0.32002493006536903,JOIOT,
B01AQS3VFG,"EPSON 220 Value Combo Pack ~ 2 Black, 1 Cyan, 1 Magenta, 1 Yellow Ink Cartridges",,4.5,51,,Good (4-4.5),0.3500289884481035,EPSON,
B01AR4YVB2,TDK SA 90 Super Avilyn High Bias Ultimate CD Performance Blank Audio Cassettes - 4 Pack,61.97,4.5,39,Mid ($50-100),Good (4-4.5),0.35002203122055864,TDK,13.740576496674057
B01AR79CCC,Shacke Memory Foam Shoulder Pad Replacement for Bags (Black),,4.2,1054,,Good (4-4.5),0.3206104967170583,Shacke,
B01AR7C2QK,Replacement TFX Power Supply for Dell XW602 XW783 XW784 YX299 Upgrade 420w,69.99,3.5,19,Mid ($50-100),Below Avg (3-3.5),0.2500104358413172,Replacement,19.94017094017094
B01AR8JACS,Famavala Folio Case Cover For 7-Inch Fire 7 Tablet [5th Generation 2015 / 7th Generation 2017] (Sail-Gray),,4.1,88,,Good (4-4.5),0.3100504398997,Famavala,
B01AR99ZRW,"1byone Belt Driven Bluetooth Turntable with Built-in Stereo Speaker,Vintage Style Record Player,Vinyl-To-MP3 Recording,Natural Wood",,3.6,146,,Average (3.5-4),0.26008406649949994,1byone,
B01AR9X2RG,"2 Pack: 3ft (1m) Micro- USB to 2.0 Male USB High Speed Cable Data Sync for Android - Premium Phone Charging Cable for Samsung, HTC, Sony, Motorola, LG, Blackberry, Nokia Red",,3.8,50,,Average (3.5-4),0.28002840867914136,2,
B01ARB68MK,"Poyiccot 1/4 Splitter Cable, 6.35mm 1/4"" TRS Stereo Male to Dual 6.35mm 1/4"" TRS Stereo Female Y Splitter Cable Quarter Inch Splitter Cord 20cm/8inch",8.96,4.4,80,Budget (<$20),Good (4-4.5),0.3400458017480035,Poyiccot,2.031746031746032
B01ARGBSV6,Phottix Odin II TTL Wireless Flash Trigger for Nikon - Receiver Only (PH89067),,4.5,16,,Good (4-4.5),0.35000869653443106,Phottix,
B01ARGBTJW,Phottix Odin II TTL Wireless Flash Trigger for Nikon - Transmitter Only (PH89069),139.95,3.8,26,Mid-High ($100-200),Average (3.5-4),0.28001449422405167,Phottix,36.73228346456693
B01ARGBU0U,Sekonic L-478DR-U-EL Lightmeter For Elinchrom With Exclusive 3-Year Warranty,429.0,4.3,13,High ($200-500),Good (4-4.5),0.33000695722754486,Sekonic,99.53596287703017
B01ARGBWU8,Sekonic L-478D-U Lightmeter With Exclusive 3-Year Warranty,359.0,4.3,119,High ($200-500),Good (4-4.5),0.33006841273752413,Sekonic,83.29466357308586
B01ARGJL0Q,"DJI Inspire 1 PRO Dual Remote Drone Quad Copter DREAM COMBO includes DJI Charging Hub, 4X TB48 battery 180W Rapid Charger Battery Heater, Surmik Prop Guards & W/ 4K camera Gimbal carrying case",,3.5,12,,Below Avg (3-3.5),0.25000637745858273,DJI,
B01ARGVZBE,ARCTIC Alpine 11 Passive - Silent Intel CPU Cooler for all Intel CPU'S up to 47 Watts I Pre-Applied MX-2 Thermal Compound,,4.3,55,,Good (4-4.5),0.3300313075239517,ARCTIC,
B01ARIQX3W,iFi Micro iCAN SE Headphone Amplifier,,3.9,22,,Average (3.5-4),0.29001217514820343,iFi,
B01ARJMW3G,Vinyl Styl™ 8oz Record Cleaning Fluid,12.99,4.4,329,Budget (<$20),Good (4-4.5),0.3401901642195586,Vinyl,2.945578231292517
B01ARLPG6Y,"XSKN Ultra Thin Microsoft Surface Pro 3 Type Cover Keyboard Skin Cover, Clear TPU Laptop Keyboard Skin Protective Film for Keyboard of Surface Pro 3, US Layout",12.59,3.3,13,Budget (<$20),Below Avg (3-3.5),0.2300069572275448,XSKN,3.8036253776435047
B01ARLVA96,Newmowa LP-E17 Replacement Battery and Charger Kit for Canon EOS M3 M6 750D 760D Rebel T6i T6s 8000D Kiss X8i Digital Cameras (Half-Decoded),,3.5,22,,Below Avg (3-3.5),0.25001217514820345,Newmowa,
B01ARN28SQ,"Retekess V115 Digital Radio AM FM, Portable Shortwave Radios, Rechargeable Radio Digital Tuner and Presets, Support Micro SD and AUX Record, Bass Speaker",22.99,4.2,7206,Low ($20-50),Good (4-4.5),0.32417723537170445,Retekess,5.460807600950118
B01ARNPYLE,"PO02XL 824560-005 Battery for HP Stream 11-R 11-AH 11-AK 11-Y 11-ah0xx 11-ak0012dx 11-ak0013dx, Stream 11 Pro G2 G3 G4 G5 824560-005 824536-850 HSTNN-DB7G TPN-Q166 823908-1C1 823908-2C1 HSTNN-IB7G",39.99,4.5,24,Low ($20-50),Good (4-4.5),0.3500133346861276,PO02XL,8.866962305986696
B01AROOL12,"Logitech MK235 Wireless Keyboard and Mouse Combo for Windows, USB Receiver, 15 FN Keys, Long Battery Life, Compatible with PC, Laptop",24.99,4.4,8943,Low ($20-50),Good (4-4.5),0.3451842940588176,Logitech,5.666666666666666
B01ARR19NW,"Bluetooth Headphones, Otium Wireless Bluetooth Sports Headphone With Mic Waterproof Bluetooth Headsets Stereo Headphone Mini Earpiece Exercise Earbuds",,3.5,101,,Below Avg (3-3.5),0.25005797689620685,Bluetooth,
B01ARR42W2,"Car Front/Side/Rear View Camera, Chuanganzhuo Universal High Definition Waterproof Wide Angle Normal Image Car Reverse Backup Rear/Front Side View Camera with Distance Scale Line,Silver",,3.9,16,,Average (3.5-4),0.290008696534431,Car,
B01ARVM716,Hippih Weather Station Digital Desk Alarm Clock with USB Charging/Battery Operated/LED Night Light/Temperature/Humidity/Date (Black),,3.3,49,,Below Avg (3-3.5),0.23002782891017928,Hippih,
B01ARX3OPW,NiceTQ Replacement 2A Wall AC Power Charger Adapter For RCA Cambio W1162 W116 W101 V2 Windows Tablet PC,,4.2,230,,Good (4-4.5),0.32013276709231375,NiceTQ,
B01AS1Y3G2,"j5create 7-Port Powered USB 3.0 Data Hub with 3.3 ft Extended Cable [20W Power Adapter Included] for Mac, MacBook, Windows, Laptop, Surface, XPS, PC (JUH377)",,4.5,160,,Good (4-4.5),0.35009218326496894,j5create,
B01AS33EEC,NinjaBatt Laptop Battery for Sony Vaio VGP-BPS13S VGP-BPS21A VGP-BPS13/Q VGP-BPS13 VGP-BPS13B/Q VGP-BPL13 VPCCW21FX VGN-AW VGP-BPS13/S VGP-BPS13Q VGP-BPS13/B - High Performance [6 Cells/4400mAh/49Wh],,4.0,617,,Average (3.5-4),0.3003571376806343,NinjaBatt,
B01AS342FC,NinjaBatt Laptop Battery for Toshiba PA3465U-1BRS PA3465 PA3465U PA3465U-1BAS PABAS069 PA3451U PA3451U-1BRS PA3457U-1BRS Satellite A100 A105 A135 A135-S4527 PABAS067 PA3451U-1BAS PA3457U,,4.2,16,,Good (4-4.5),0.3200086965344311,NinjaBatt,
B01AS34JM8,NinjaBatt Laptop Battery for Dell Studio XPS 16 1640 X411C U011C X413C 312-0814 [6 Cells/4400mAh/49Wh],,3.5,36,,Below Avg (3-3.5),0.2500202919136724,NinjaBatt,
B01AS34S2O,NinjaBatt Laptop Battery for HP PB995A PF723A 367759-001 398065-001 435779-001 396600-001 396602-001 398752-001 398832-001 [6 Cells/4400mAh/48wh],,5.0,8,,Excellent (4.5-5),0.4000040583827345,NinjaBatt,
B01AS395EA,"Canon EOS Rebel T5 Digital SLR Camera, EF-S 18-55mm is II Lens, EF 75-300mm f/4-5.6 III Lens, Canon Bag, Lexar 16GB, Filter Kit and Accessory Bundle",,4.1,24,,Good (4-4.5),0.3100133346861276,Canon,
B01AS4L4QQ,Amazon Basics Lightning Dock Clock Radio,,3.8,201,,Average (3.5-4),0.2801159537924137,Amazon,
B01AS57B0I,Bose SoundLink Color Bluetooth Speaker (Blue),99.99,4.6,9632,Mid ($50-100),Excellent (4.5-5),0.36558375487368283,Bose,21.689804772234275
B01AS57UZY,AxcessAbles ODM-2 Microphone Kit for GoPro (Mic/Frame/Cable for GoPro),,4.7,15,,Excellent (4.5-5),0.370008116765469,AxcessAbles,
B01AS7BCNS,"UltraPro 55mm Digital High-Resolution ND Filter Kit (ND2, ND4, ND8) with Deluxe Filter Carry Case for The Sony FDR-AX53 4K Ultra HD Handycam Camcorder",,4.5,44,,Good (4-4.5),0.350024930065369,UltraPro,
B01AS7KG0S,"Sceptre 50"" 4K UHD Ultra Slim LED TV 3840x2160 Memc 120, Metal Black 2019 (U518CV-UMS)",,4.1,122,,Good (4-4.5),0.3100701520444103,Sceptre,
B01AS8QUDY,The Joy Factory Universal Rotating Hand Strap for aXtion Cases with MagConnect (CWX201),26.28,3.9,62,Low ($20-50),Average (3.5-4),0.29003536590668616,The,6.721227621483377
B01ASF0LW8,CESS 2.5mm Mono TS Female Jack Socket with Switch PCB Panel Mount (12 Pack),7.99,3.6,23,Budget (<$20),Average (3.5-4),0.2600127549171655,CESS,2.2132963988919667
B01ASF4JDU,CESS 3.5mm 4-Pole (4 Pin) Stereo TRRS Plug Jack Socket Adapter Cables Connectors (LW) (4 Pack),,3.6,13,,Average (3.5-4),0.26000695722754485,CESS,
B01ASFDHPG,"Alpine UTE-73BT In-Dash Single Din MP3 Am/FM Receiver Dual USB, Front Auxiliary, Iphone Pandora Internet Radio, Variable Color Illumination, Digital Media Receiver/Free Alphasonik Earbuds",,4.5,633,,Good (4-4.5),0.3503664139840274,Alpine,
B01ASKD9OU,"Seadream 2Pack 4-Pole 3.5mm Male to 3.5mm Female Stereo Audio Cable Headset Extension Cable for Beats Dr. Dre Studio iPhone,3.5mm Headset Audio Jack Extender (Black-2Pack)",7.69,3.6,24,Budget (<$20),Average (3.5-4),0.2600133346861276,Seadream,2.130193905817175
B01ASL0LU4,"I4UCase Apple iPad Pro Case - Soft Leather Stand Folio Case Cover for 2015 Apple iPad Pro 12.9 inch, with Multiple Viewing Angles, Auto Sleep/Wake, Document Card Pocket (Black & Brown)",,4.3,80,,Good (4-4.5),0.3300458017480034,I4UCase,
B01ASMMBOM,"CAISON Tablet Sleeve Case Water-Resistant Protective Bag For 9.7"" - 10.1"" Tablets 2017 New 10.5"" iPad Pro / 9.7"" New iPad / 9.7"" iPad Pro Air 2 / Samsung Galaxy Tab S3 / Lenovo Tab 4 Plus",,4.2,32,,Good (4-4.5),0.3200179728378242,CAISON,
B01ASNO7ZW,"Skyvast® 20V 2.25A 45W Square Tip AC Adapter Power Charger for Lenovo IdeaPad Yoga 11 13; Thinkpad X240 E440 E540; Flex 14 15 G40 G50, P/N: ADLX45NCC2A ADLX45NLC2A ADLX45NLC3 ADLX45NLC3A",,3.8,20,,Average (3.5-4),0.2800110156102793,Skyvast®,
B01ASO1GR8,Silicone Protective Camera Lens Cover Cap for DJI Inspire 1 / OSMO Handheld Gimbal - Black,,4.0,12,,Average (3.5-4),0.3000063774585828,Silicone,
B01ASO2I48,"CAISON Tablet Sleeve Case Water-Resistant Protective Bag For 9.7"" - 10.1"" Tablets 2017 New 10.5"" iPad Pro / 9.7"" New iPad / 9.7"" iPad Pro Air 2 / Samsung Galaxy Tab S3 / Lenovo Tab 4 Plus",,3.9,14,,Average (3.5-4),0.2900075369965069,CAISON,
B01ASP8G66,"AGPtEK G02 8GB Mini Clip Sport MP3 Player with FM Radio for Jogging Running Gym, Color Silver",,3.4,216,,Below Avg (3-3.5),0.24012465032684474,AGPtEK,
B01ASSCPYC,Creative Sound Blaster Roar 2 Portable NFC Bluetooth Speaker with aptX/AAC (Black),,4.4,2686,,Good (4-4.5),0.34155667966315434,Creative,
B01ASVSQJC,TFY Security Hand-Strap Compatible with Kindle Fire 7 / Kindld Fire HD 7 (2014) / Kindle Fire HD 8 (2015) / Kindle Fire HD 10 (2015) and Other 7-10 Inch Kindle Fire Tablet,14.8,4.4,169,Budget (<$20),Good (4-4.5),0.3400974011856276,TFY,3.3560090702947845
B01ASWH5KW,"HOLSEM 8 Outlets Surge Protector Power Strip with 2 USB Charging Ports (2.4 A, 5V) and 6’ Heavy Duty Extension Cord,White",,4.6,442,,Excellent (4.5-5),0.36025567811227227,HOLSEM,
B01ASX4JFU,New VINABTY BN5900857A BN59-00857A Replaced Remote fits for Samsung HDTV TV P2370HD P2570HD P2770HD PL42C71HDP PL50C71HDP PN42B400P3D PN50B400P3D SYNCM933HD XL2370HD LNT2632H LNT3753H BN59-01006A,6.71,4.7,194,Budget (<$20),Excellent (4.5-5),0.3701118954096793,New,1.424628450106157
B01ASY4DUU,1 to 3 Way Daisy Chain Cables - JACKYLED 3 Ways Multi-Interface Cord Electrical Connectors,,4.3,14,,Good (4-4.5),0.3300075369965069,1,
B01ASY4H2O,1 to 5 Way Daisy Chain Cables - JACKYLED 5 Ways Multi-Interface Cord Electrical Connectors,,4.5,19,,Good (4-4.5),0.35001043584131725,1,
B01AT23UGE,"JOTO 2 Outlet Surge Protector Power Strip with USB Smart Charger (4 Port,5V 7.4A),with Type C Charging Port, 6.6ft Long Cord Extension, Home Office Desk Nightstand Travel Charger Station -Black",,4.5,2866,,Good (4-4.5),0.3516610380763266,JOTO,
B01AT26L4M,Stealth Cam PX Series Security Bear Boxes STC-BBPX,,4.5,58,,Good (4-4.5),0.35003304683083797,Stealth,
B01AT2POPE,RM-YD025 Replaced Remote fit for Sony TV KDL-46S4100 KDL-40S4100 KDL-52S4100 KDL-22L4000 KDL-40S504 KDL-19M4000 KDL-40S5100 KDL-40SL150 KDL-40V5100 KDL-40VE5 KDL-46S504 KDL-46S5100 KDL-46V5100,7.69,4.3,109,Budget (<$20),Good (4-4.5),0.3300626150479034,RM-YD025,1.7842227378190259
B01AT3WJMO,"Newmowa Dual AC Charger for DJI OSMO, OSMO+, OSMO Mobile Handheld PTZ Camera Battery",,4.1,54,,Good (4-4.5),0.31003072775498963,Newmowa,
B01AT3Z1SI,"Kanex K172-1049-BK7I Digital Adapter Compatible with Apple TV (4th gen), Amazon FireTV, or Roku-Power Adapter Included",,4.0,62,,Average (3.5-4),0.3000353659066862,Kanex,
B01AT4C9WI,"10 ft Extension Cable Compatible for Foscam Camera 8905 F18910W FI8906W Fi8918W, Barrel 3.5 1.35mm 5V 9 Volt Power Cord",6.99,4.5,112,Budget (<$20),Good (4-4.5),0.35006435435478966,10,1.549889135254989
B01AT4V0MS,"Backup Camera and Monitor Kit for Car, Chuanganzhuo 5"" inch High Definition 800(RGB) x480 TFT LCD Monitor +170 Degree Wide Angle License Plate Backup Camera",,3.8,153,,Average (3.5-4),0.2800881248822344,Backup,
B01AT6B14S,Sony BDPS1700 WIRED Streaming Blu-Ray Disc Player (2016 Model),,4.4,1807,,Good (4-4.5),0.341047062745496,Sony,
B01ATDFQ2E,Belinda Digital AV Multiport USB 3.1 Type-C to HDMI Adapter with Aluminium Case,,2.6,34,,Poor (<3),0.1600191323757483,Belinda,
B01ATFU21M,"xmartO 1080p HD Wireless Surveillance Camera System 4CH NVR with 4X 1080p Full HD 2.0MP Wireless Outdoor IP Cameras, Auto-Pair, NVR with Built-in WiFi Router, Dream Liner WiFi Relay, Audio Support",,3.6,42,,Average (3.5-4),0.2600237705274448,xmartO,
B01ATQARFM,SMD 2 Channel Speaker Terminal (Stainless),29.99,4.6,85,Low ($20-50),Excellent (4.5-5),0.36004870059281374,SMD,6.505422993492409
B01ATRQS68,SMD 2 Channel Speaker Terminal (Grade 8),24.99,4.6,118,Low ($20-50),Excellent (4.5-5),0.36006783296856204,SMD,5.4208242950108465
B01ATRY14E,SMD 1 Channel Speaker Terminal (Stainless),25.99,4.8,152,Low ($20-50),Excellent (4.5-5),0.38008754511327236,SMD,5.403326403326403
B01ATSG1QE,"UltraPro 55mm Premium Digital Tulip Flower Lens Hood Bundle, Includes Flower Tulip Lens Hood + Lens Cleaning Pen + Lens Cap Keeper. for The Sony FDR-AX53 4K Ultra HD Handycam Camcorder",10.17,3.4,14,Budget (<$20),Below Avg (3-3.5),0.24000753699650687,UltraPro,2.982404692082112
B01ATU6IVA,Alpine CDE-163BT Advanced Bluetooth CD Receiver,,4.3,67,,Good (4-4.5),0.33003826475149656,Alpine,
B01ATW6H0A,Sony Handycam HDR-CX455 8GB Wi-Fi HD Video Camera Camcorder with 64GB Card + Battery + Case + Tripod + LED Light + Microphone + Tele/Wide Lens Kit,,4.5,20,,Good (4-4.5),0.35001101561027936,Sony,
B01ATW8DFC,"Tera Grand - 6FT - 2 Pack - CAT7 10 Gigabit Ethernet Ultra Flat Patch Cable for Modem Router LAN Network, Gold Plated Shielded RJ45 Connectors, Faster Than CAT6a CAT6 CAT5e, Black",,4.3,39,,Good (4-4.5),0.3300220312205586,Tera,
B01ATW91C6,"HP 15-p390nr Beats Special Edition, AMD A10, 8GB, 15.6 inches Touch LED Win 10 Notebook (Renewed)",,3.9,19,,Average (3.5-4),0.2900104358413172,HP,
B01ATWRREK,"Albinar High Load 28 inch Copy Macro Stand with 15.75 inch x 19 inch Base, Quick Release Mount and Two Daylight Spectrum 5600K 16W LED Lights",339.95,3.9,22,High ($200-500),Average (3.5-4),0.29001217514820343,Albinar,86.94373401534527
B01ATZOERK,"AFTRYOUGO USA Foam Roller, Extra Firm High Density Foam Rollers for Exercise - 36 inch Black & Blue (2.8lbs/ft³ Density) with 3 Year Warranty",,4.5,569,,Good (4-4.5),0.350329308770455,AFTRYOUGO,
B01ATZVG1W,"Casematix Waterproof Camera Case Compatible with Ricoh Theta V 360, Theta S and SC 360 Degree Spherical Digital Cameras, Case Only",24.99,4.4,136,Low ($20-50),Good (4-4.5),0.34007826880987935,Casematix,5.666666666666666
B01ATZXQT2,"Griffin Technology Apple TV (4th Gen) Remote Case - Non-Slip, Easy-to-Grip, Ergonomic, Silicone - Survivor Play for Siri Remote - Black",,4.1,41,,Good (4-4.5),0.3100231907584827,Griffin,
B01AU0F0SQ,Studio 2 Memory Foam Ear Pads - Protein Leather Replacement Parts Ear Cushion Cover Earpads Ear Cups for Beats Studio 2.0 Wired/Studio 2.0 Wireless B0500 / B0501 Headphone - Red,,4.2,211,,Good (4-4.5),0.3201217514820345,Studio,
B01AU5TI6G,TRONFY Multimedia Mini Led Portable Projector for Home Theater Cinema with HDMI/USB/VGA/AV/ATV/MHL Home Entertainment-Black,,3.6,28,,Average (3.5-4),0.2600156537619759,TRONFY,
B01AU5YV40,"BAGSMART Electronic Organizer Travel Cable Organizer Portable Electronics Accessories Bag for Cords, USB, Grey",,4.4,175,,Good (4-4.5),0.3401008797994,BAGSMART,
B01AU5YZ46,"BAGSMART Electronic Organizer Travel Cable Organizer Portable Electronics Accessories Bag for Cords, USB, Green",,4.4,106,,Good (4-4.5),0.3400608757410173,BAGSMART,
B01AU5Z06I,"BAGSMART Travel Cable Organizer Portable Electronics Accessories Cases for Hard Drives, Charging Cords, USB Charger, Cream",,4.1,30,,Good (4-4.5),0.3100168132999,BAGSMART,
B01AU6R2V8,"Cambond iPad Pro Case 12.9 inch, Slim Fit Auto Wake/Sleep Protective Durable Premium PU Leather Stand Tablet Case Cover Only for Apple iPad Pro 12.9 inch Release on 2015, not for 9.7 inch (Black)",,3.9,79,,Average (3.5-4),0.2900452219790413,Cambond,
B01AU72OGU,Mohoo 5X7ft Silk White Wood Floor Photography Backdrop Studio Prop Background,,3.9,170,,Average (3.5-4),0.29009798095458955,Mohoo,
B01AU72ORY,MOHOO Photography Background 5x7ft Cotton Polyester Vintage Wall Photo Photography Backdrop Studio Prop Background gaicheng 1.5x2.1m,,3.4,40,,Below Avg (3-3.5),0.24002261098952066,MOHOO,
B01AU7YU9Y,Kaisi 9201 iPhone Battery Tester Battery Charger and Activation Board Battery Repair Kit Compatible for iPhone 4 4s 5 5c 5s 6 6 Plus 6s 6s Plus 7 7 Plus,,4.5,72,,Good (4-4.5),0.3500411635963069,Kaisi,
B01AU8E25A,Micro USB OTG Charge Hub Host Cable Cord Adapter Connector Black,,3.8,35,,Average (3.5-4),0.28001971214471033,Micro,
B01AU8J5E8,"Fintie Rotating Case for Samsung Galaxy Tab E 9.6 - Premium PU Leather 360 Degree Rotating Cover Swivel Stand for Samsung Tab E Wi-Fi/Tab E Nook/Tab E Verizon 9.6-Inch Tablet, Purple",,4.2,58,,Good (4-4.5),0.320033046830838,Fintie,
B01AUAB6JS,Archshield - iPad Pro 12.9 Premium High Definition (HD) Clear Screen Protector 2-Pack - Retail Packaging,,4.0,16,,Average (3.5-4),0.3000086965344311,Archshield,
B01AUEU45G,Samsung Galaxy Tab 2 (does not fit LITE) 10 inch (2012) Drop Tech Black Gumdrop Cases Silicone Rugged Shock Absorbing Protective Dual Layer Cover Case,,4.4,289,,Good (4-4.5),0.34016697346107583,Samsung,
B01AUFRU3Y,"TIANLI iPad Mini 5 2019 Case,iPad Mini 4 2015 Case Three Layer Kickstand Shockproof Protection High Impact Protective Cover for iPad Mini 5th Generation,Red Black",,4.3,103,,Good (4-4.5),0.33005913643413104,TIANLI,
B01AUG0C8I,Apple iPad 2 iPad 3 iPad 4 Red Shock Drop Hard Candy Cases Silicone Rugged Shock Absorbing Protective Dual Layer Cover Case,,4.1,47,,Good (4-4.5),0.31002666937225515,Apple,
B01AUH4MCE,FitSand Hard Case Compatible for Dr. Dre Beats Pill+ Pill Plus Bluetooth Portable Speaker,,3.9,56,,Average (3.5-4),0.29003188729291374,FitSand,
B01AUHUS54,"Fintie Slim Shell Case for Samsung Galaxy Tab E 8.0, Super Slim Lightweight Standing Cover for Samsung Galaxy Tab E 32GB SM-T378 / Tab E 8.0-Inch SM-T375 / SM-T377 Tablet, Black",11.99,4.5,818,Budget (<$20),Good (4-4.5),0.35047367124201007,Fintie,2.658536585365854
B01AUI6DUM,Fivetech 5FT 1080P HDMI Male to 3 RCA Video Audio AV Cable Adapter for TV HDTV DVD,,3.7,474,,Average (3.5-4),0.2702742307190585,Fivetech,
B01AUIPJWU,ChargerCity StrapLock Universal Indoor Spin Bike Treadmill Elliptical Exercise Cycle Mount Holder for Apple iPad Pro iPad Air/Mini Galaxy Tab & All 7-12 inch Screen Size Tablets *Fits Otterbox case,21.95,3.5,74,Low ($20-50),Below Avg (3-3.5),0.250042323134231,ChargerCity,6.253561253561254
B01AUJTINA,"Neewer Aluminium Alloy Guitar Pedal Power Supply 10 Isolated DC Outputs for 9V/12V/18V Effect Pedal with DC Power Adapter, DC Power Cables and Polarity Reversal Cables",,3.7,43,,Average (3.5-4),0.2700243502964069,Neewer,
B01AUK1B70,"TOOTO Replacement 4 Pack Rubber Feet/Foot for Apple MacBook Pro A1278 / A1286 / A1297 Kit 13"" / 15"" / 17""",,3.7,39,,Average (3.5-4),0.2700220312205586,TOOTO,
B01AUKQF44,"Masione LP-E6 Battery for Canon Camera 5D Mark II III 7D 60D, 60D, 6D, 7D DSLR Cameras, 7.2V 1800mAh LP-E6N, Li-ion Replacement Battery Pack",,4.1,18,,Good (4-4.5),0.31000985607235515,Masione,
B01AULFRI8,2 Pcs C cell Battery Holder Battery Case with Cover Switch for 2 x 1.5V C Battery,,4.4,74,,Good (4-4.5),0.3400423231342311,2,
B01AULVMKK,Ryo-18-LI-3.0Ah-B-2,,3.0,29,,Poor (<3),0.20001623353093792,Ryo-18-LI-3.0Ah-B-2,
B01AUM61DM,HDMI to RCA AV Converter CoolDigital HDMI to 3RCA AV CVBS Composite Audio Video Adapter 1080p Supporting PAL/NTSC with USB Charge Cable for PS4 PS3 Xbox Camera DVD,,3.9,69,,Average (3.5-4),0.29003942428942064,HDMI,
B01AUMB8NK,"BENTOBEN Case for iPad Mini/Mini 2/Mini 3/Retina, Anti-Slip Shock-Absorption Silicone PC High Impact Resistant Hybrid Three Layer Armor Protective Case Cover，Black&Gray",,4.4,1935,,Good (4-4.5),0.3411212731726408,BENTOBEN,
B01AUMSLNK,"iSmart 8 Channel Lite 1080N 5-in-1 Hybrid DVR Security System (AHD TVI CVI NVR with 4 720p Outdoor Bullet Camera), Night Vision 80ft, Smartphone Remote Viewing with 500GB HDD",,3.8,29,,Average (3.5-4),0.2800162335309379,iSmart,
B01AUOJ7GI,"PerleGear 4K High-Speed HDMI HDTV Cable - 6 Feet, Supports Ethernet, 3D, 4K and Audio Return",,4.0,51,,Average (3.5-4),0.3000289884481035,PerleGear,
B01AUOSUB6,SoundPie SU18 Gold Plated 3.5mm Stereo Female to 2 Male 3.5mm Y-Splitter Aux Cable Earphone to Computer Auxiliary Cable for Skype(Metal-Red),,3.7,54,,Average (3.5-4),0.27003072775498965,SoundPie,
B01AUQ96IK,"Allytech Silicone Keyboard Cover with Pattern Compatible MacBook Pro 13/15 /17 Inch (with/Without Retina Display), iMac and MacBook Air 13 Inch, Big Font Colorful",,4.2,51,,Good (4-4.5),0.3200289884481035,Allytech,
B01AUQF8VY,uxcell a15113000ux2549 Male to Female Antenna Connector Extension Cable,11.99,4.8,17,Budget (<$20),Excellent (4.5-5),0.3800092763033931,uxcell,2.492723492723493
B01AUR77FI,Case Logic CD/DVDW-64 72 Capacity Classic CD/DVD Wallet (Black),24.01,4.7,14963,Low ($20-50),Excellent (4.5-5),0.3786745032104707,Case,5.097664543524417
B01AUV7PTC,VINCENT Audio SV 500 Hybrid Integrated Amplifier - Silver,1299.95,3.4,9,Premium (>$500),Below Avg (3-3.5),0.24000463815169654,VINCENT,381.217008797654
B01AV32FGC,HDE 4 Port Powered HDMI Splitter Box 1 In 4 Out 1080p Amplifier Hub with Full HD,,3.9,29,,Average (3.5-4),0.2900162335309379,HDE,
B01AAXPZVU,6-in-1 Wireless RF Headphones for TV Laptop MP3 Players - Built in Microphone for Internet Chat,,3.5,151,,Below Avg (3-3.5),0.2500869653443103,6-in-1,
B01AV4PR9I,JBL Everest Elite 700 NXTGen Noise-Canceling Bluetooth Around-Ear Headphones (Black),,3.1,55,,Below Avg (3-3.5),0.21003130752395172,JBL,
B01AV6BGW8,"The Joy Factory Pinpoint Precision Active Digital Stylus with Carbon Fiber Tip for iPad Pro, iPad Air, iPad Mini, iPhone, & Android (BCU208)",,3.7,195,,Average (3.5-4),0.27011247517864134,The,
B01AV6PQLK,FiiO X3-II High Resolution Music Player (Newest Model) (Gold),,3.8,39,,Average (3.5-4),0.2800220312205586,FiiO,
B01AVG6ZOW,"Foto&Tech 2-in-1 Hot Shoe Hotshoe Cover with Bubble Spirit Level Compatible with Panasonic Lumix DC-G9 DC-GH5, DMC-LX100 LX100S, FZ2500 (FZ2000) FZ1000 ZS50 FZ300 FZ200, LX7, GH4 GH3 G7 GX8 GM5",7.99,4.2,29,Budget (<$20),Good (4-4.5),0.320016233530938,Foto&Tech,1.8978622327790975
B01AVGNSP6,"Foto&Tech Standard Hot Shoe Hotshoe Cover Compatible with Panasonic Lumix DC-GH5, DMC-LX100, FZ2500 FZ2000 FZ1000, ZS50 FZ300 FZ200, LX7, GH4 GH3 G7 GX8 GM5, LX100S",6.99,4.1,27,Budget (<$20),Good (4-4.5),0.31001507399301376,Foto&Tech,1.7007299270072995
B01AVI1G9E,"QUIRKIO - for Apple iPad Pro Tablet 12.9"" TPU Silicone Clear Case 2016 Cover Ultra Slim Scratch Resistant Transparent Soft Skin Protective Shock Resistant Bumper Back Skin",,4.0,62,,Average (3.5-4),0.3000353659066862,QUIRKIO,
B01AVIK4RY,"JLab Audio Crasher Mini, Metal Build Portable Splashproof Bluetooth Speaker with 10 Hour Battery - Blue",,4.2,58,,Good (4-4.5),0.320033046830838,JLab,
B01AVIW26A,"Renata 344 Button Cell watch battery, 5 Pack by Renata",9.05,4.6,79,Budget (<$20),Excellent (4.5-5),0.3600452219790413,Renata,1.9631236442516273
B01AVL2B9U,Gear Circle Sm-R130 Wireless Bluetooth Replacement Earpads 6 Pairs 12 Pieces Black,,4.0,151,,Average (3.5-4),0.30008696534431034,Gear,
B01AVS7W2O,"G.G.Martinsen 16 GB MINI USB Port Blue Portable MP3/MP4 Player with Multi-lingual OS , Multi-Functional MP3 Player / MP4 Player with Mini USB Port, Voice Recorder , Media Player , E-book reader (Blue)",,3.2,153,,Below Avg (3-3.5),0.22008812488223445,G.G.Martinsen,
B01AVSN30Y,ORICO PCI-E USB 3.1 Gen 2 Card Internal Expansion Card Adapter [Up to 10 Gbps] with 15 Pin Power Connector for PC (PA31-AC),,3.3,8,,Below Avg (3-3.5),0.23000405838273447,ORICO,
B01AVU3QE0,GoodQbuy Rapid Quick Charger is Compatible with Icom Radio IC-A24 IC-F4GT IC-F30GT IC-T3H IC-V8 BP-209N BP-210N BP-211N BP-222N BC-137 BC-144N,21.99,3.9,58,Low ($20-50),Average (3.5-4),0.2900330468308379,GoodQbuy,5.624040920716112
B01AVWQVMM,Sztook Shock Proof Kiddie Series Light Weight Convertible Handle Stand Case for Amazon Fire 7 Tablet 5th Generation - Green,,4.0,49,,Average (3.5-4),0.3000278289101793,Sztook,
B01AVYKUXG,ChargerCity EasyBlade Car DVD Player CD Slot Mount & GPS Bracket Cradle for Garmin Nuvi 52 57LM 58LM 65 67 68 2689 Drive DriveSmart 50 51 52 60 61 LM LMT,,4.1,85,,Good (4-4.5),0.31004870059281375,ChargerCity,
B01AW1TAT8,"iPearl mCover Hard Shell Case for 13.3"" Lenovo Yoga 900 (aka Yoga 4 Pro, NOT Fitting Yoga 910) Laptop (Black)",,3.9,137,,Average (3.5-4),0.2900788485788413,iPearl,
B01AW3FT2S,"ProCase iPad Pro 12.9 2020/2018/2017/2015 Sleeve Envelope Case, Ultra Slim and Lightweight Protective Sleeve Case for iPad Pro 12.9 with Pencil Stylus Holder Pocket, iPad Pro Sleeve Bag (Black)",,3.9,155,,Average (3.5-4),0.2900892844201585,ProCase,
B01AW5M6RC,Neewer® 12 x 12/30 x 30 cm Acrylic Reflective Display Boards for Product Table Top Photography Shooting(Black and White),13.99,4.2,375,Budget (<$20),Good (4-4.5),0.32021683359181374,Neewer®,3.323040380047506
B01AW5M8AW,"Neewer® 9.4""x 9.4""/24 x 24cm Acrylic Reflective Riser Display Table for Product Table Top Photography Shooting(Black and White)",,3.7,46,,Average (3.5-4),0.2700260896032931,Neewer®,
B01AW6QUQ4,"Wisdompro Screen Protector, 8 Pack Clear Screen Protectors for Nikon D3100 D3200 D3300 D7100 Digital Camera - Anti-Scratch LCD Screen Protector Guard",,3.8,58,,Average (3.5-4),0.2800330468308379,Wisdompro,
B01AW7E5X8,"Plemo 13-13.3 Inch Laptop Shoulder Briefcase Bag Carrying Sleeve for MacBook, 13.5"" Surface Book, Ultrabook, Denim Blue",,4.3,118,,Good (4-4.5),0.33006783296856207,Plemo,
B01AW7G87O,"Music Computing MCLCDTTV8402 Motion Command 84"" 2 Touch 4K/3D Touchscreen Smart TV",,3.0,18,,Poor (<3),0.2000098560723552,Music,
B01AW7Q5XQ,"64GB USB 3.0 Flash Drive, DataFortress 100MB/S High Read Speed USB Thumb Drive Use for Windows 10, 8, 7, XP, Vista & Apple MacBook etc (Sliver)",,3.7,45,,Average (3.5-4),0.27002550983433105,64GB,
B01AW9494Q,YI Home Camera Wireless IP Security Surveillance System with 32GB Micro SD Card (US Edition) Black,,3.8,132,,Average (3.5-4),0.28007594973403094,YI,
B01AW9C5S8,"OREI 3 in 1 India Travel Adapter Plug with USB and Surge Protection - Grounded Type D - India, Africa & More - CE Certified - RoHS Compliant WP-D-GN",,4.3,65,,Good (4-4.5),0.3300371052135724,OREI,
B01AW9Y00Y,TEKCAM Action Camera Head Mount Strap Wearing Head Belt Compatible with Gopro Hero 11 10 9 8 7 6 5/AKASO/Dragon Touch/APEMAN/Campark/Apexcam/Surfola/WOLFANG Action Camera,7.99,4.5,641,Budget (<$20),Good (4-4.5),0.35037105213572395,TEKCAM,1.771618625277162
B01AW9Y022,TEKCAM Chest Harness Mount Adjustable Chest Strap Belt with J Hook Compatible with Gopro Hero 11 10 9 8 7 6/AKASO/Dragon Touch/Vemont/Remali Capature Cam/WOLFANG/Surfola Action Camera Accessories,8.99,4.5,982,Budget (<$20),Good (4-4.5),0.35056875335178933,TEKCAM,1.9933481152993349
B01AW9Y04A,TEKCAM 360 Degree Rotating Band Action Camera Wrist Strap Hand Mount with Screw Compatible with Gopro Hero 7 6 5 Campark ACT74 AKASO EK7000 Waterproof Sports Action Camera (Camera Not Included),,3.2,53,,Below Avg (3-3.5),0.2200301479860276,TEKCAM,
B01AWA9ES6,Bestshoot 30M Waterproof LED Video Light Fill Night Light,,3.9,54,,Average (3.5-4),0.2900307277549896,Bestshoot,
B01AWGXNH8,"Samsung NP900X5L-K02US Notebook 9 15"" Laptop (Iron Silver)",,4.0,279,,Average (3.5-4),0.3001611757714551,Samsung,
B01AWGY9MG,"ASUS ROG Swift PG27AQ 27"" Gaming Monitor 4K/UHD (3840x2160) IPS 4ms G-SYNC Eye Care with DP and HDMI Ports",,3.9,108,,Average (3.5-4),0.2900620352789413,ASUS,
B01AWKOP8K,QualGear QG-AM-017 Mount for Apple TV/AirPort Express Base Station (For 2nd & 3rd Generation Apple TVs) Black,8.43,4.5,245,Budget (<$20),Good (4-4.5),0.35014146362674475,QualGear,1.869179600886918
B01AWLQ1AY,Onkyo DP-X1 Digital Audio Player,,3.9,92,,Average (3.5-4),0.2900527589755482,Onkyo,
B01AWOAUJY,"DELL OptiPlex, Intel Core 2 Duo 2.9GHz Processor, 4GB Memory, 160GB Hard Drive, DVD, Windows 10, WiFi (Renewed)']",90.0,4.0,2302,Mid ($50-100),Average (3.5-4),0.30133404838171995,DELL,22.443890274314217
B01AWPVBLE,"green-products empty LC101 LC103 LC105 LC107 Refillable Ink Cartridges with Auto Reset Chips for Brother MFC-J285DW, MFC-J4310DW, MFC-J4410DW, MFC-J4510DW, MFC-J4610DW, MFC-J470DW, MFC-J475DW",,3.9,16,,Average (3.5-4),0.290008696534431,green-products,
B01AWRF7K8,"Cat 7 Ethernet Cable, ShineKee Nylon 3ft CAT7 High Speed Professional Gold Plated Plug STP Wires CAT7 RJ45 Ethernet Cable",,3.8,17,,Average (3.5-4),0.28000927630339306,Cat,
B01AWT1O1M,"Skar Audio EV-12MB S4 12"" Single 4-Ohm 500W Shallow Mount Loaded Subwoofer Enclosure",,4.2,20,,Good (4-4.5),0.3200110156102794,Skar,
B01AWTKERM,"SSE 7PC Filter Kit for DJI Phantom 3 4K, Advanced, Professional, Standard",14.95,4.0,24,Budget (<$20),Average (3.5-4),0.3000133346861276,SSE,3.7281795511221945
B01AWYX2BC,Samsung Galaxy Tab 4 10.1-Inch SM-T537 16GB WiFi 4G GSM Quad-Core - Black (Certified Refurbished),249.0,3.8,23,High ($200-500),Average (3.5-4),0.2800127549171655,Samsung,65.35433070866142
B01AWZ3JLO,"Tyler Bluetooth Alarm Clock Radio TAC501-BK With Stereo Speaker, FM Radio, USB Charging, AUX Line-in, Blue LED Display (0.6""), and Smart Phone Dock | Black",,3.7,148,,Average (3.5-4),0.27008522603742413,Tyler,
B01AX0DXFU,"Wasabi Power Battery (2-Pack) and Charger for Canon LP-E17 and Canon EOS RP, EOS M6 Mark II, M6, M5, M3, EOS Rebel T8i, T7i, T6i, T6s, EOS Rebel SL3, SL2, EOS 77D",,4.4,584,,Good (4-4.5),0.34033800530488606,Wasabi,
B01AX2S5FQ,Fluance XL5F High Performance Three-Way Floorstanding Tower Speakers for Home Theater & Music Systems,,5.0,11,,Excellent (4.5-5),0.4000057976896207,Fluance,
B01AX4444U,"Garmin Approach S20, GPS Golf Watch with Step Tracking, Preloaded Courses, Midnight Teal",,4.4,540,,Good (4-4.5),0.3403124954705551,Garmin,
B01AX44544,"Garmin Approach G10, Compact and Handheld Golf GPS with 1.3-inch Display, Black",,4.4,3085,,Good (4-4.5),0.3417880074790197,Garmin,
B01AX5ITYA,"UE MEGABOOM Charcoal Black Wireless Bluetooth Speaker (Charcoal Black, Renewed)",,4.3,2035,,Good (4-4.5),0.3311792500688476,UE,
B01AX5P8XU,"Pyle PSBV630HDBT Home Theater Speakers, TV Sound Bar Sound Base Bluetooth Wireless Speaker",59.39,3.2,14,Mid ($50-100),Below Avg (3-3.5),0.2200075369965069,Pyle,18.501557632398754
B01AXBFEXI,Samsung Simple LED 21.5” Monitor with High Glossy Finish (S22D300NY),63.47,4.4,589,Mid ($50-100),Good (4-4.5),0.3403409041496964,Samsung,14.392290249433106
B01AXDBXYK,"HIPPO TV Wall Mount Bracket with Full Motion Swing Out Tilt for Most 32"" 39"" 40"" 42"" 43"" 45"" 48"" 49"" 50"" 55"" LED LCD OLED Plasma Flat Screen Monitor Up to 88 Lbs VESA 400x400mm 6.5 ft HDMI Cable",,4.5,41,,Good (4-4.5),0.35002319075848276,HIPPO,
B01AXGTTWU,Novelty Smartphone Desk Table Overhead Vlogging Unboxing Video Mount Kit Live Streaming Microphone Holder W/Mirror Monitor Compatible iPhone Android Phone Mobile Cell Phone Action Camera,,4.4,381,,Good (4-4.5),0.34022031220558613,Novelty,
B01AXOQ7AE,"ProCase iPad Pro 12.9 2020/2018/2017/2015 Sleeve Envelope Case, Ultra Slim and Lightweight Protective Sleeve Case for iPad Pro 12.9 with Pencil Stylus Holder Pocket, iPad Pro Sleeve Bag (Brown)",,3.9,131,,Average (3.5-4),0.2900753699650689,ProCase,
B01AXPNWM4,2x Masione 7.4V 2550mAh EN-EL15 Li-ion Battery for Nikon V1 Digital SLR D7200 D7000 D750 D800E MB-D11 MB-D12,,3.1,13,,Below Avg (3-3.5),0.21000695722754484,2x,
B01AXQ551Y,LG Electronics 65UH8500 65-Inch 4K Ultra HD Smart LED TV (2016 Model),,3.9,265,,Average (3.5-4),0.2901530590059861,LG,
B01AXSWHSQ,G-Cord In-Ear Earphones Stereo Sound Earbuds Noise Isolating Hands-Free Headphones with Built-in Mic,,3.1,59,,Below Avg (3-3.5),0.2100336265998,G-Cord,
B01AXV2A1M,"Retevis RT6 Waterproof Two Way Radios,Dual Band,Walkie Talkies Long Range,1800mAh,LCD Screen,VOX, 2 Way Radio for Hunting Skiing Camping (2 Pack)",,4.2,98,,Good (4-4.5),0.3200562375893207,Retevis,
B00PMM6N3E,"Powerbeats2 Wireless In-Ear Headphone, Active Collection - Flash Blue",,4.1,6072,,Good (4-4.5),0.31351977736871856,Powerbeats2,
B01AXW0PAO,ZoMei 49mm Ultra Slim ND2-ND400 Fader Variable Neutral Density Adjustable Lens Filter Ultra Slim ND Filter Optical Glass,,4.3,100,,Good (4-4.5),0.3300573971272448,ZoMei,
B01AXXT3S8,Linkskey 2-Port HDMI USB Audio Microphone KVM Switch with QuickSwitch Remote Button (LDV-342ARC),,3.5,82,,Below Avg (3-3.5),0.25004696128592757,Linkskey,
B01AXZ8H6U,Rand Mcnally Tnd(Tm) Tablet 70 with 7 Display GPS and Dashcam Tnd(Tm) Tablet 70 with 7 Display GPS and Dashcam,,3.3,134,,Below Avg (3-3.5),0.2300771092719551,Rand,
B01AXZV2IA,Thermaltake CORE P5 PCI-Express 16X 3.0 Shielded Black Riser Flexible Extension Cable,,3.2,109,,Below Avg (3-3.5),0.22006261504790345,Thermaltake,
B01AY0E06A,"LONPOO 700A USB Powered Sound Bar Speaker for TV, Smart LED TV; Computer, Notebook Computer; iPod, iPhone; and Android Smartphones and More - Black",,3.1,25,,Below Avg (3-3.5),0.21001391445508966,LONPOO,
B01AY142MG,"Postta HDMI Cable(30 Feet) HDMI 2.0V Support 4K 2160P,1080P,3D,Audio Return and Ethernet - 1 Pack(Grey)",16.99,4.6,2005,Budget (<$20),Excellent (4.5-5),0.3611618569999855,Postta,3.6854663774403473
B01AY37QWC,HQRP Ceiling Fan Capacitor CBB61 5uf+5uf 4-Wire,7.99,4.5,243,Budget (<$20),Good (4-4.5),0.35014030408882063,HQRP,1.771618625277162
B01AY4DBBQ,"Mini DisplayPort to HDMI VGA Adapter, ITANDA 2-in-1 HDTV Mdp Display Port to HDMI VGA Converter Male to Female for Lenovo, Dell, HP, ASUS",,4.4,183,,Good (4-4.5),0.34010551795109656,Mini,
B01AY7EDI8,"Action Mount® - 4 pc Screw Adapter Set for Sport Cameras. 2 Styles of Design Camera Screw (1/4-Inch 20), Easily Connect Action Camera to Any Accessories. (4pcs Adapter Set)",11.99,4.4,154,Budget (<$20),Good (4-4.5),0.34008870465119656,Action,2.7188208616780045
B01AY7V1SI,ASUS C624BQ monitior,,4.7,8,,Excellent (4.5-5),0.37000405838273454,ASUS,
B01AY9TR3C,"TOP CASE - Black Marble Rubberized Hard Case Compatible MacBook Pro 15"" with Retina Display Model A1398 (Release 2012-2015)",,4.0,121,,Average (3.5-4),0.3000695722754483,TOP,
B01AYAJUQU,"Regetek 7"" Double DIN Touchscreen in Dash Bluetooth Car Stereo Mp3 Audio 1080P Video Player FM Radio/AM Radio/TF/USB/AUX-in + Remote Control",,3.5,117,,Below Avg (3-3.5),0.25006725319959994,Regetek,
B01AYATAR4,Pyle PHDRCB26 Game Capture HD Streaming video game recorder 1080p HDMI Xbox PS3 Wii TV Gaming Computers,,2.9,21,,Poor (<3),0.19001159537924137,Pyle,
B01AYAV7Q6,Speck Products SeeThru Case for 11-Inch MacBook Air,,4.0,208,,Average (3.5-4),0.3001200121751482,Speck,
B01AYAVA90,Speck Products SeeThru Case for MacBook Pro 13-Inch with Retina Display,,3.9,1081,,Average (3.5-4),0.29062615047903406,Speck,
B01AYAVB8K,"Speck Products 72339-B158 SeeThru MacBook Pro with Retina Display 15 Inch Cases, Wild Salmon Pink",23.98,3.9,615,Low ($20-50),Average (3.5-4),0.29035597814271014,Speck,6.13299232736573
B01AYBFKLI,"Samsung BD-J6300 Streaming 4K Upscaling 3D Wi-Fi Built-In Blu-ray Player Bundle includes Blu-ray Player, Tmvel HDMI Cable",,4.0,211,,Average (3.5-4),0.30012175148203446,Samsung,
B01AYBHJUI,Nikon D5300 24.2 MP CMOS Digital SLR Camera (Black) with Nikon 18-55mm f/3.5-5.6G VR II AF-S DX NIKKOR Zoom Lens + 32GB Accessory Bundle International Version (No Warranty),,4.4,122,,Good (4-4.5),0.3400701520444104,Nikon,
B01AYC27YK,Anonabox Anonabox PRO Wi-Fi Tor & VPN Router - Internet Privacy,,3.7,73,,Average (3.5-4),0.270041743365269,Anonabox,
B01AYG21CE,"BEST CONNECTIONS 16 Gauge Automotive Primary Wire (100ft Each – 7 Color Bundle Set) – Primary/Remote, Power/Ground Electrical Wiring Harness for Trailer, Car Audio, Lighting Circuit – 700ft Total",45.95,4.7,280,Low ($20-50),Excellent (4.5-5),0.3701617555404172,BEST,9.75583864118896
B01AYG9LJK,Original Samsung AA59-00666A Remote,7.99,4.6,855,Budget (<$20),Excellent (4.5-5),0.36049512269360656,Original,1.733188720173536
B01AYH531O,Element XHY-353-3 Remote,3.5,4.5,365,Budget (<$20),Good (4-4.5),0.350211035902193,Element,0.7760532150776054
B01AYKK4LU,"Kastar 4-Pack Cordless Phone Battery Replacement for Panasonic HHR-P103 KX-TG2352 KX-TG2382 KX-TG2383 KX-TG2720 KX-TGA273, Radio Shack 23-906 23-966 43-9004 43-9018, V-Tech 8004290000, Philips SJB4142",13.99,4.3,57,Budget (<$20),Good (4-4.5),0.33003246706187583,Kastar,3.2459396751740144
B01AYMAV1Q,2 Pack - DIRECTV Broadband Deca Ethernet to Coax Adapter - Third Generation (with 2 USB Power Cables),16.99,3.8,283,Budget (<$20),Average (3.5-4),0.2801634948473033,2,4.459317585301838
B01AYMDXMU,2 PACK - DIRECTV Broadband DECA Ethernet to Coax Adapter - Third Generation (with 1 USB Power Cable & 1 AC Power Supply),,2.8,9,,Poor (<3),0.18000463815169654,2,
B01AYMGPIO,DirecTV Broadband Deca Ethernet to Coax Adapter - 3rd Generation (2 Pack),,4.3,906,,Good (4-4.5),0.3305246909106721,DirecTV,
B01AYOVESI,Samsung Electronics SH-224FB/BSBE-KIT 24x SATA Half Height DVD-Writer Internal Optical Drive + Nero 12 Essentials + Sata Cable Kit,,3.8,73,,Average (3.5-4),0.28004174336526894,Samsung,
B01AYPGMJS,Puget Systems Acrylic Enclosure for NVIDIA Jetson TX1 and TX2 development kits,,3.7,14,,Average (3.5-4),0.2700075369965069,Puget,
B01AYQZTRI,"ZVOX SB400 Aluminum Sound Bar with Built-In Subwoofer, Bluetooth Wireless Streaming, AccuVoice",,4.1,122,,Good (4-4.5),0.3100701520444103,ZVOX,
B01AYRTL9Y,"SANDMARC Aqua Filter for GoPro Hero 4 and 3+ Cameras - Dive, Scuba and Snorkel Accessory - Red, Magenta and Yellow Filter Set - 5 Pack - Standard Housing",,4.3,245,,Good (4-4.5),0.33014146362674474,SANDMARC,
B01AYUA3PC,64GB Micro SD Memory Card - Netac P500 PRO V30 UHS-I U3 High Speed MicroSDXC TF Card with Adapter,,4.4,127,,Good (4-4.5),0.34007305088922074,64GB,
B01AYWU9MC,"EagleTec B060 USB 3.0, 4 Port Hub, Ultra Slim Compact USB Hub for Laptop PC Computer (Black)",,4.2,31,,Good (4-4.5),0.3200173930688621,EagleTec,
B01AYWZBE8,"DP to HDMI, TecBillion Gold Plated DisplayPort to HDMI HDTV Cable, Black, 6 Feet",,4.0,28,,Average (3.5-4),0.3000156537619759,DP,
B01AYXKH5A,"Sumpple Wireless WiFi/Wired PTZ Outdoor Surveillance Internet IP Camera 960P 4X Optical Zoom Motion Sensor Activated with 8G SD Card Waterproof Night Vision Up to 98ft, Work for iOS, Android or PC",,2.9,59,,Poor (<3),0.19003362659979997,Sumpple,
B01AYY7M4I,"Dell Inspiron i3050-3000BLK Desktop (Intel Celeron, 2 GB RAM, 32 GB SSD)",,3.4,118,,Below Avg (3-3.5),0.24006783296856202,Dell,
B01AYY83AA,Wireless Fast Car Mount Charger Dashboard & Windshield Car Mount IR Sensor Cell Phone Holder Standard Charge for iPhone Xs Max R 8 Plus Samsung Galaxy S9 S8 Edge S7 S6 Note 8 & Other Smartphone,,3.8,22,,Average (3.5-4),0.2800121751482034,Wireless,
B01AZ2Z4JY,TRIPP LITE 24U Industrial Standard-Depth Rack Floor Enclosure Server Cabinet with Doors & Sides SR24UBFFD,1391.01,4.1,103,Premium (>$500),Good (4-4.5),0.310059136434131,TRIPP,338.4452554744526
B01AZ4HKG2,"TOPSKY iPad 2 Case,iPad 3 Case,iPad 4 Case,[Golden Age Series] Premium PU Leather Case Smart Auto Wake/Sleep Cover with Velcro Hand Strap, Card Slots Case for iPad 2/3/4,with Stand Feature,Gold",,4.2,64,,Good (4-4.5),0.32003652544461036,TOPSKY,
B01AZ67U2Y,JVC KD-X33MBS Single DIN Marine Grade Bluetooth In-Dash Mechless Car Stereo,119.99,4.2,112,Mid-High ($100-200),Good (4-4.5),0.3200643543547897,JVC,28.501187648456057
B01AZ8EDJU,"EVGA GT 710 1GB DDR3 64bit Single Slot, Dual DVI 01G-P3-2716-KR",,4.4,19,,Good (4-4.5),0.3400104358413173,EVGA,
B01AZ8EO8K,"EVGA GT 710 2GB DDR3 64bit Dual Slot, Passive 02G-P3-2712-KR",,4.0,35,,Average (3.5-4),0.3000197121447104,EVGA,
B01AZ8ZE2A,Nihao 3-Port 1080P HDMI Switcher with Pigtail Cable for DVD HDTV PS3,,3.3,22,,Below Avg (3-3.5),0.23001217514820343,Nihao,
B01AZ9PAM8,Zoom Q4n Handy Video Recorder,168.0,3.7,101,Mid-High ($100-200),Average (3.5-4),0.27005797689620686,Zoom,45.283018867924525
B01AZB2V0A,Apple iPad Air Drop Tech Pink Gumdrop Cases Silicone Rugged Shock Absorbing Protective Dual Layer Cover Case,,4.2,267,,Good (4-4.5),0.3201542185439103,Apple,
B01AZB2VU0,Apple iPad Air 2 Drop Tech Black Gumdrop Cases Silicone Rugged Shock Absorbing Protective Dual Layer Cover Case,,4.5,138,,Good (4-4.5),0.3500794283478034,Apple,
B01AZC3VOO,"The Joy Factory MagConnect Carbon Fiber C-Clamp Mount for iPad Pro 12.9"" 1st and 2nd Gen (MMA402)",,4.1,12,,Good (4-4.5),0.3100063774585827,The,
B01AZC4O2C,"Intel Compute Stick CS525 Computer with Intel Core m5 vPro processor and no OS (BLKSTK2mv64CC),Black",,3.8,42,,Average (3.5-4),0.28002377052744476,Intel,
B01AZEYT1G,"Antlion Audio USB Adapter with 3.5mm Speaker/Headphone and Microphone Jacks - Built-in Compatibility with Windows, Linux and Mac OS",,3.6,31,,Average (3.5-4),0.26001739306886207,Antlion,
B01AZOZRLM,"DKMUS Car Speakers Adaptor for BMW 3 Series E36 1991-1998 Rear Speaker Adapter 6""x9"" Rings Brackets 1 Pair",,4.5,120,,Good (4-4.5),0.3500689925064862,DKMUS,
B01AZW36PS,ienza GenCables UC-E6 USB Photo Transfer and Charge Cable Cord Lead Wire for Nikon Cameras,7.95,4.2,62,Budget (<$20),Good (4-4.5),0.32003536590668624,ienza,1.8883610451306414
B01AZXX2CO,"Linux Builder, Learn How To Use Linux, Ubuntu Linux 14.04 Bootable 8GB USB Flash Drive - Includes Boot Repair and Install Guide - Better Than Windows",,3.7,158,,Average (3.5-4),0.2700910237270448,Linux,
B01B03E1YQ,"RADAR DETECTOR - DASHBOARD MAGIC MOUNTING PAD For Passport 9500ix, Escort, Valentine, Cobra, Beltronics, Whistler, No mounting bracket, No windshield mount (Black)",8.99,4.0,233,Budget (<$20),Average (3.5-4),0.3001345063992,RADAR,2.2418952618453867
B01B0C5MHM,821-1501 2nd Hard Drive Upgrade Kit SSD fit for Mac Mini A1347 2012,,4.5,296,,Good (4-4.5),0.35017103184381027,821-1501,
B01B0DKPG4,"2016 Lenovo G50 Laptop PC, 15.6-inch HD LED Backlight Display, AMD E1-6010 Dual-Core Processor, 4GB DDR3L RAM, 500GB HDD, DVDRW, Bluetooth, HDMI, Windows 10",,3.7,75,,Average (3.5-4),0.2700429029031931,2016,
B01B0JUJB4,"iPad Mini 4 Case, Style4U Slim Fit Dual Layer Hybrid Armor Protective Case Cover for Apple iPad Mini 4 with 1 Stylus [Black]",,4.2,443,,Good (4-4.5),0.3202562578812344,iPad,
B01B0JUJUK,"iPad Mini 4 Case, Style4U Slim Fit Dual Layer Hybrid Armor Protective Case Cover for Apple iPad Mini 4 with 1 Stylus [Green]",,4.3,443,,Good (4-4.5),0.33025625788123436,iPad,
B01B0P9VIA,"Repair Replacement Screws for Unibody Apple MacBook Regular White 13"" A1342 MC207 MB207 MC516 MB516 Set of 8",,4.8,70,,Excellent (4.5-5),0.38004000405838273,Repair,
B01B0PBH5K,"Laptop A1278 A1280 A1342 Fan CPU Cooling Fan for MacBook Pro 13"" Unibody",,4.6,83,,Excellent (4.5-5),0.3600475410548896,Laptop,
B01B0PJOOQ,Electriduct Medium Latching Cable Raceway (500 Series) - 5 Feet - Beige,20.25,4.2,52,Low ($20-50),Good (4-4.5),0.3200295682170656,Electriduct,4.809976247030879
B01B0PRDBM,"INYES CPU Cooling Fan for MacBook Air 13"" A1369 Fan 2010 2011 A1466 2012 2013 2014 Year",,4.2,67,,Good (4-4.5),0.3200382647514966,INYES,
B01B0QR6N6,"Waterproof LED flash video light - Underwater Diving flashLight lamp Mount For GoPro Hero 5 4 / 3+ , SJCAM / Xiaomi Yi Accessories",,4.0,16,,Average (3.5-4),0.3000086965344311,Waterproof,
B01B0S8BK6,"ZAGG Slim Book Case, Ultrathin, Hinged with Detachable Backlit Keyboard for iPad mini 2 / iPad mini 3 / iPad Mini Retina Display - Rose Gold (Includes 30 day free trial of Quickbooks)",24.99,3.7,50,Low ($20-50),Average (3.5-4),0.2700284086791414,ZAGG,6.735849056603773
B01B0W5UW4,"2PK Life Proof Replacement Headphone Adapters / Connectors for iPhone 6S, 6S Plus, 6, 6 Plus Cases",,3.2,33,,Below Avg (3-3.5),0.2200185526067862,2PK,
B01B0W5VGY,"Replacement Life Proof Headphone Adapter Connector Plug (4PK) for iPhone 6S, 6S Plus, 6, 6 Plus",,3.9,32,,Average (3.5-4),0.2900179728378241,Replacement,
B01B132K0C,"Kastar HHR-P103 Battery, Type 25, NI-MH Rechargeable Battery 3.6V 1000mAh Replacement for Panasonic HHR-P103 / P-P103 Cordless Phone (Detail Models in The Description)",7.39,4.5,67,Budget (<$20),Good (4-4.5),0.3500382647514966,Kastar,1.6385809312638582
B01B14Z17U,"iSimple ISGM751 Full Integration Bluetooth with HF Calling for Select GM, White/Black",,4.0,173,,Average (3.5-4),0.30009972026147586,iSimple,
B01B161G4U,"American Bass XR-12D2 12"" 2,400 Watts Max Power Dual 2 Ohm Car Subwoofer",184.27,4.2,137,Mid-High ($100-200),Good (4-4.5),0.3200788485788414,American,43.76959619952494
B01B167CXY,Ikan DS1 Beholder Gimbal for DSLRs (Black),,3.2,55,,Below Avg (3-3.5),0.22003130752395172,Ikan,
B01B16J156,Waxy Black Whole Leather Camera Neck Shoulder Strap for Film SLR DSLR RF Leica Digital,,2.0,1,,Poor (<3),0.1,Waxy,
B01B16MXLU,"Lenovo Thinkpad Yoga 2-in-1 Convertible 11.6-inch IPS Touchscreen Laptop(Tablet), Intel Quad Core Processor, 4GB DDR3L, 128GB SSD, HDMI, Bluetooth, Webcam, AC Wifi, Windows 10 Professional",299.99,4.1,227,High ($200-500),Good (4-4.5),0.3101310277854275,Lenovo,72.99026763990268
B01B178WIC,"KINGDEL® Fanless Micro PC, Mini Computer with 16GB RAM, 128GB SSD, Intel 4th Generation i7 CPU, 2xHD Ports, 2xLAN, All Metal Body, Windows 11 Pro",,3.8,29,,Average (3.5-4),0.2800162335309379,KINGDEL®,
B01B17CG4I,"Luminira G Pad II 10.1 / G Pad X 10.1 Screen Protector (V930 V940N) - Anti Glare, Anti Fingerprint (Matte Finish) Screen Protector Film Guard for G Pad 2 10.1 / G Pad X 10.1 (3 Pack)",,3.6,34,,Average (3.5-4),0.26001913237574825,Luminira,
B01B1AKO4Y,"White Touch Screen Digitizer Replacement for Samsung Galaxy TAB 4 7.0"" SM-T230NU",,4.3,132,,Good (4-4.5),0.330075949734031,White,
B01B1DEIMA,"Fintie Impact Resistant Case for Amazon Fire (Previous Generation - 5th) 2015 release - [CaseBot Tuatara] Rugged Unibody Hybrid Full Protective Bumper Cover with Built-in Screen Protector, Black",,4.4,139,,Good (4-4.5),0.34008000811676553,Fintie,
B01B1EFM1U,FISTERS Automatic Tensioning Tools Guns Fasten Cutting Tool Plastic Nylon Cable Tie Gun,,4.0,43,,Average (3.5-4),0.30002435029640695,FISTERS,
B01B1G8M2E,TONSUM 4-Port Super Speed USB 3.0 Hub with Individual On/Off Switches for PC Computer Laptop 5Gb/S With Cable Black,,3.1,16,,Below Avg (3-3.5),0.21000869653443105,TONSUM,
B01B1H02NK,"ASUS GT 710 2GB DDR3 64Bit Dual Slot, Passive Low Profile Graphics Cards, Blue/Silver 710-2-SL-CSM",148.68,4.1,104,Mid-High ($100-200),Good (4-4.5),0.3100597162030931,ASUS,36.17518248175183
B01B1PRE7E,"Aiposen 110V/220V AC to DC 24V 5A 120W Switch Power Supply Driver,Power Transformer for CCTV Camera/Security System/LED Strip Light/Radio/Computer Project(24V 5A)",,4.4,53,,Good (4-4.5),0.34003014798602765,Aiposen,
B01B1PREEW,"Aiposen 110V/220V AC to DC 24V 20A 480W Switch Power Supply Driver,Power Transformer for CCTV Camera/Security System/LED Strip Light/Radio/Computer Project(24V 20A)",44.9,2.7,17,Low ($20-50),Poor (<3),0.17000927630339313,Aiposen,16.568265682656826
B01B1WDJYO,Samsung Galaxy S7 edge Case LED View Flip Cover - Gold,,3.8,460,,Average (3.5-4),0.28026611395358947,Samsung,
B01B1WQQ76,"M-Audio AV42 | Compact Active Desktop Reference Monitor Speakers For Premium Playback, Professional Media Creation and Immersive Gaming Sound",,4.4,1973,,Good (4-4.5),0.3411433043931994,M-Audio,
B01B1X9AHI,"Sony FDR-AX53/B 4K Handycam Camcorder Bundle with 2X 64GB Memory Card, Camera Bag, 60 Inch Tripod, 2540 mAh Battery, Charger, 55mm Filter Set and Table-top Tripod",,4.2,81,,Good (4-4.5),0.3200463815169656,Sony,
B01B1YYKSG,Apple MacBook Pro 256GB Wi-Fi Laptop 13.3in with Intel Core i5 MF840LL/A - Silver (Renewed),356.0,4.1,109,High ($200-500),Good (4-4.5),0.3100626150479034,Apple,86.61800486618006
B01B1Z8FDQ,"Sharp GB004WJSA Universal Remote Control for All Sharp BRAND TV, Smart TV - 1 Year Warranty",12.99,4.4,3880,Budget (<$20),Good (4-4.5),0.34224892380386424,Sharp,2.945578231292517
B01B206CF8,ChargerCity XT-Large Hard Shell Carry Case for Garmin Nuvi Drive Smart 51 55 57LM 58 60 61LM 65 66LM 66LMT 67LM 67LMT 68LM 2639 2639LMT 2689 2689LMT 60LMT NUVICAM LMT LMTHD GPS (Free AIR Vent Mount),14.95,4.5,273,Budget (<$20),Good (4-4.5),0.3501576971576827,ChargerCity,3.3148558758314857
B01B21QLNU,GoPro Camo Housing + QuickClip (Realtree Xtra) (GoPro Official Accessory),39.0,4.4,45,Low ($20-50),Good (4-4.5),0.3400255098343311,GoPro,8.843537414965986
B01B244QLQ,[REPRAPGURU] 12864 LCD Full Graphic Smart Display Controller for RepRap RAMPS 1.4 3D Printer Mendel Prusa Arduino Mega Pololu Shield Arduino RepRap,,3.9,47,,Average (3.5-4),0.29002666937225513,[REPRAPGURU],
B01B24EAAS,Poetic Revolution iPad Pro 12.9 Rugged Case Cover with Hybrid Heavy Duty Protection and Built-in Screen Protector and Kickstand for Apple iPad Pro 12.9 (1st Gen 2015) Blue/Gray,,4.0,30,,Average (3.5-4),0.30001681329990004,Poetic,
B01B24EBIE,"Poetic Fire 7 2015 Case, Revolution [Premium Rugged][Shock Absorption & Dust Resistant] Complete Protection Hybrid Case w/Built-in Screen Protector for Amazon Fire 7 5th Gen (2015) Blue/Gray",,3.8,86,,Average (3.5-4),0.2800492803617758,Poetic,
B01B27UACC,Pwr+ 6 Ft USB 3.0 Micro-B Data Sync Cable 21 Pin for External-HDD WD-My-Passport Ultra Slim Air Essential SE My Book-Studio-Elements-Portable Wireless Pro Seagate-Wireless Plus Backup LaCie Hard Drive,,4.6,401,,Excellent (4.5-5),0.3602319075848274,Pwr+,
B01B287FAQ,PWR+ USB to 21Pin Data Cable for Samsung Galaxy S5 and Note 3 N9000 Long 6 Ft 21 Pin Charging Data Sync Cable Samsung Galaxy Note 3 N900 N9000 N9005 Note Pro 12.2 P900 Tab Pro 12.2 Sm G900 T900,,4.2,137,,Good (4-4.5),0.3200788485788414,PWR+,
B01B28D49C,Verizon Ellipsis 8 Tablet Memory Card 32GB microSDHC Memory Card with SD Adapter,7.99,4.4,25,Budget (<$20),Good (4-4.5),0.3400139144550897,Verizon,1.8117913832199546
B01B29BU9C,Swiftech H320 X2 Prestige CPU Liquid Cooling System,,3.6,9,,Average (3.5-4),0.26000463815169655,Swiftech,
B01B29CRAS,"Certified Lightning Cable APXX 6ft 8-Pin Lightning to USB Cable with Nylon Braided for iPhone 5/5s/5c/6/6 Plus, iPad Air/Air2, iPad Mini",,3.5,90,,Below Avg (3-3.5),0.2500515994376241,Certified,
B01B29NV1W,"Certified Lightning Cable APXX 10ft 8-Pin to USB Cable with Nylon Braided for iPhone 5/5s/5c/6/6 Plus, iPad Air/Air2, iPad Mini",,3.5,90,,Below Avg (3-3.5),0.2500515994376241,Certified,
B01B2ASI6Y,"Surge Protector Power Strip - NTONPOWER 4 Outlets Power Strip with 4 USB Ports 5ft Extension Cord, 10A Circuit Breaker, Overload Protection, On Off Switch, for Home, Office and More, White (1700 J)",,4.6,472,,Excellent (4.5-5),0.36027307118113433,Surge,
B01B2BH10M,Baseus Type C to Lightning Cable (USB 3.1 ) Male to Lightning (2A Charge Cord ) Sync & Data Wire (1M/ 3.3FT) for iPhone 6 / Plus / iPad / MacBook Air Retina / Chromebook Pixel / HP Pavilion,,2.5,52,,Poor (<3),0.15002956821706553,Baseus,
B01B2DCCUE,Fujifilm X-E2S Mirrorless Camera w/XF18-55 Lens Kit (Black),,4.3,44,,Good (4-4.5),0.330024930065369,Fujifilm,
B01B2DLN7C,"SSD Mounting Bracket, SNANSHI SSD Bracket 2.5 to 3.5 Adapter SSD HDD Metal Mounting Bracket Adapter Hard Drive Holder for PC SSD (Pack of 2)",,4.4,140,,Good (4-4.5),0.3400805878857276,SSD,
B01B2EC4FG,"USB Motherboard Connector,SNANSHI 20Pin USB3.0 Male to 9Pin USB2.0 Female Motherboard Adapter Converter Cable（Pack of 2）",,4.0,23,,Average (3.5-4),0.30001275491716556,USB,
B01B2EPONA,Electronics8,,4.4,63,,Good (4-4.5),0.3400359456756483,Electronics8,
B01B2F26RG,"Wireless Headphones Bluetooth, MOSCHE Bluetooth 4.1 Wireless Stereo Headsets with Retractable Earbuds with Mic for Cell Phone (Pink)",,3.1,201,,Below Avg (3-3.5),0.21011595379241374,Wireless,
B01B2FZMYK,"Tablet Sleeve - iXCC 7.9 Inch Tablet Sleeve Case Water Resistant Briefcase Carrying Bag for iPad Mini, Galaxy Tab, Kindle or More - Black",,3.9,17,,Average (3.5-4),0.29000927630339307,Tablet,
B01B2G0D6Q,Laptop Sleeve - iXCC 14 Inch Notebook Computer Sleeve Case Neoprene Water Resistant Briefcase Carrying Bag for MacBook or More - Black,,3.7,29,,Average (3.5-4),0.27001623353093795,Laptop,
B01B2H4FVY,"Geekria Comfort Foam Replacement Ear Pads for GRADO SR125, SR225, SR325, SR60, SR80, SR80e, M1, M2 Headphones Ear Cushions, Headset Earpads, Ear Cups Cover Repair Parts (Black)",13.9,4.2,632,Budget (<$20),Good (4-4.5),0.32036583421506537,Geekria,3.3016627078384797
B01B2H4IF2,"Geekria QuickFit Protein Leather Replacement Ear Pads for Sony MDR-NC60 Headphones Earpads, Headset Ear Cushion Repair Parts (Black)",13.99,4.5,185,Budget (<$20),Good (4-4.5),0.35010667748902063,Geekria,3.1019955654101996
B01B2KCY6Y,"Super Digital Camera Lens 0.45x Wide Angle Lens, 12.5x Macro Lens for iPhone 6 / 6s / 6 Plus / 5s, Smart Phone",,3.2,21,,Below Avg (3-3.5),0.2200115953792414,Super,
B01B2L6E78,"Skyvast New Laptop Battery EV06 for HP Pavilion DV4-1000 DV5-1000 DV6-1000 CQ50 CQ60 CQ70 G50 G60 G61 G70 G71, 482186-003 484170-001 498482-001 KS524AA KS526AA HSTNN-CB72 HSTNN-UB72",,3.4,33,,Below Avg (3-3.5),0.24001855260678617,Skyvast,
B01B2M64FO,"Fintie Samsung Galaxy Tab E 9.6 Case - [Honey Comb Series] Light Weight [Anti Slip] Shock Proof Silicone Cover [Kids Friendly] for Tab E Wi-Fi/Tab E Nook/Tab E Verizon 9.6-Inch Tablet, Navy",,4.2,92,,Good (4-4.5),0.3200527589755483,Fintie,
B01B2NDUL4,"Thermaltake C1000 1000ml Vivid Color Computer Water Cooling System Coolant CL-W114-OS00RE-A, Red",,3.8,86,,Average (3.5-4),0.2800492803617758,Thermaltake,
B01B2OA28C,Veeki True Universal Soundless USB Wired Mouse with Retractable Cable Perfectly Suited for Desktop PC Lamptop Notebook (Black),,3.2,37,,Below Avg (3-3.5),0.2200208716826345,Veeki,
B01B2OJ6CU,"Neewer® 10 Pieces Universal Lens Cap Keepers Holders for Canon Nikon Sony Pentax Fuji and Other SLR DSLR Cameras, Comes with an Ultra Gentle Microfiber Cleaning Cloth",,4.0,77,,Average (3.5-4),0.30004406244111725,Neewer®,
B01B2OR3M0,Astromania Finderscope Starpointer for Astronomical Telescopes with Slide-in Bracket,14.99,3.9,9,Budget (<$20),Average (3.5-4),0.2900046381516965,Astromania,3.8337595907928392
B01B2OSAQS,Replace Toshiba Satellite Battery for PA5023U-1BRS PA5024U-1BRS PA5025U-1BRS PA5026U-1BRS PA5027U-1BRS PA5109U-1BRS PABAS259 PABAS260 PABAS261 PABAS262 PABAS263,,4.0,82,,Average (3.5-4),0.3000469612859276,Replace,
B01B2OYTHC,"Rii i8 2.4GHz Wireless Touchpad Keyboard Mouse for All Devices, Black (RT-MWK-08)",,3.5,38,,Below Avg (3-3.5),0.25002145145159654,Rii,
B01B2P8EQI,Intel Processor Processors BX80662G3920,79.99,4.5,17,Mid ($50-100),Good (4-4.5),0.3500092763033931,Intel,17.736141906873613
B01B2P9S36,TNP 3.5mm to RCA Audio Cable Adapter (10 inch) - Bi-Directional AUX Auxiliary Male Headphone Jack Plug Y Splitter to Left/Right Stereo 2RCA Female Connector Wire Cord,,4.3,18,,Good (4-4.5),0.33000985607235517,TNP,
B01B2PJRPA,Intel CPU BX80662G3900 Celeron G3900 2.80Ghz 2M LGA1151 2C/2T Skylake Retail,19.0,4.6,491,Budget (<$20),Excellent (4.5-5),0.3602840867914136,Intel,4.121475054229935
B01B2QOCD6,"G.G.Martinsen 32GB MP3/MP4 Player with Multi-lingual OS, Mini USB Port, Voice Recorder, Media Player and E-book reader (Pink)",,2.9,53,,Poor (<3),0.19003014798602758,G.G.Martinsen,
B01B2SIYQK,New XRT122 Remote Control for Vizio LCD LED TV D39H-D0 D39HD0 D50U-D1 D50UD1 D55U-D1 D55UD1 D58U-D3 D58UD3 D65U-D2 D65UD2 E32-C1 E32C1 E32H-C1 E32HC1 E40-C2 E40C2 E40X-C2,7.98,4.5,218,Budget (<$20),Good (4-4.5),0.35012580986476893,New,1.7694013303769403
B01B2YMHQC,"LONMAX 16GB Wooden USB Flash Drive Gift USB Thumb Pen Drive USB Memory Stick with Gift Box(16GB, Bamboo Guitar Style 89)",11.89,4.7,178,Budget (<$20),Excellent (4.5-5),0.3701026191062862,LONMAX,2.524416135881104
B01B34RRJS,Rhino Premium Apple Certified Lightning Cable -2 Meter Space Gray- Tough-Braided Extra-Strong Jacket - Sync/Charge iPhone & iPad,,3.2,25,,Below Avg (3-3.5),0.22001391445508967,Rhino,
B01B353C6E,Aiposen USB 3.0 A Male to A Male Cable 3Feet(1M),,4.2,41,,Good (4-4.5),0.3200231907584828,Aiposen,
B01B361VC0,"Everprime willtohdmi12 Wii to HDMI Converter Audio Output Video Adapter, Supports All Wii Display Modes, HDMI Upscaling to 480P HDTV & Monitor, White",1.99,4.1,101,Budget (<$20),Good (4-4.5),0.31005797689620684,Everprime,0.4841849148418492
B01B3936HK,Sony HDR-AS50/B Full HD 1080p Action Cam with 16GB MicroSD Card & Battery Pack Bundle,,3.4,5,,Below Avg (3-3.5),0.24000231907584826,Sony,
B01B3BPMHA,"Garmin Approach S20, GPS Golf Watch with Step Tracking, Preloaded Courses, Slate",,4.5,499,,Good (4-4.5),0.3502887249431102,Garmin,
B01B3GIL8W,"JVC KD-X370BTS Digital Media Receiver featuring Bluetooth, USB, SiriusXM, Alexa Connectivity with Magnet Phone Holder",109.99,4.5,57,Mid-High ($100-200),Good (4-4.5),0.35003246706187585,JVC,24.3880266075388
B01B3H1D8G,Fotodiox Reversible Flower Hood for Lumix G Vario 14-42mm f/3.5-5.6 II APSH. MEGA O.I.S. Kit Lens - Detachable Tulip Lens Hood with Inner Pinch Cap for Panasonic Lumix Micro-4/3 Digital Cameras,8.95,4.5,30,Budget (<$20),Good (4-4.5),0.35001681329990003,Fotodiox,1.9844789356984478
B01B3J11D6,URBAN ARMOR GEAR [UAG] Folio iPad Pro 9.7-inch Feather Light Composite [Magma] Military Drop Tested iPad Case,,4.5,280,,Good (4-4.5),0.3501617555404172,URBAN,
B01B3JA6H8,"Toshiba Satellite Fusion 15 L55W-C/5153 15.6-Inmch Laptop (Intel Core i7-6500U 2.5 GHz,8 GB,256 GB,Windows 10), Silver",,3.7,36,,Average (3.5-4),0.27002029191367244,Toshiba,
B01B3KTKFQ,"SSE® Sunshade Sun Hood for DJI Phantom 4, Phantom 3 4K, Advanced, Professional + DJI Inspire 1, V2.0, PRO, RAW - Medium",,4.2,44,,Good (4-4.5),0.32002493006536903,SSE®,
B01B3N3VYE,"j5create USB Type C to USB Type C Charging and Data Transfer Cable 2.3ft | Supports Power Delivery 100W and USB 3.1 Gen2 SuperSpeed+ 10Gbps, Suitable for Laptop, Tablet, Phone, Charger (JUCX01)",7.46,4.0,33,Budget (<$20),Average (3.5-4),0.3000185526067862,j5create,1.860349127182045
B01B3NQXNA,Fujifilm Instax Mini 8 Instant Film Camera (White) with Fujifilm Instax Mini 6 Pack Instant Film (60 Shots) + Compact Bag Case + Batteries Top Kit - International Version (No Warranty),,4.2,64,,Good (4-4.5),0.32003652544461036,Fujifilm,
B01B3OGB1I,Online-Welcome Blank Keyboard Stickers Non Transparent White Background,9.62,3.9,37,Budget (<$20),Average (3.5-4),0.29002087168263446,Online-Welcome,2.4603580562659846
B01B3TRWH0,"58MM UV Filter + 58mm Tulip Lens Hood for Olympus, Canon, Sigma, Tamron, Pentax SLR and DSLR Lenses 58 mm Ultraviolet Filter & 58 mm Lens Hood",,4.5,14,,Good (4-4.5),0.35000753699650694,58MM,
B01B3ZQHPW,"Comp Bind Technology Dust Cover Compatible with Brother HL-L2360DW Wireless Printer, Black Nylon Anti-Static Cover Dimensions 14''W x 14.5''D X 7''H by Comp Bind Technology",16.99,4.8,16,Budget (<$20),Excellent (4.5-5),0.38000869653443103,Comp,3.5322245322245323
B01B41AGGQ,Maxell Professional Industrial Communicator Series C90 Audio Cassette Tapes - 5 Pack,21.99,4.6,92,Low ($20-50),Excellent (4.5-5),0.3600527589755482,Maxell,4.770065075921909
B01B42V3K8,Khanka Hard Storage Carrying Travel Case Bag for Polaroid Zip/Snap Touch Mobile Printer w/Zink Zero Ink Printing Technology - Black,,4.6,213,,Excellent (4.5-5),0.3601229110199585,Khanka,
B01B44XM9G,SONY Walkman 8GB headphone-integrated NW-WS414 / B (Black),,4.0,50,,Average (3.5-4),0.30002840867914143,SONY,
B01B45LZHG,E LV Case for Galaxy S7 Edge Case 2IN1 (CASE Cum Purse) PU Leather flip Wallet Bag Pouch Case Cover for Samsung Galaxy S7 Edge - [Black],,4.3,1098,,Good (4-4.5),0.3306360065513893,E,
B01B4AF400,Ansmann Travel Adapter - EU to IT,6.99,4.5,324,Budget (<$20),Good (4-4.5),0.3501872653747482,Ansmann,1.549889135254989
B01B4AO2D0,"CNE501241 3.5mm Stereo Female to Dual RCA Male Red & White Audio Adapter Cable, 6 Inch,",5.49,3.9,50,Budget (<$20),Average (3.5-4),0.29002840867914137,CNE501241,1.4040920716112533
B01B4AO942,"3.5mm Aux Headphone Extension Cable 15 Feet (4.5 Meters) 3.5mm Male to Female Stereo Audio Extension Cable 15ft (4.5M) for Car, Stereo, iPhone, Smartphone or any Audio Device CNE502200 (5 Pack)",28.99,4.4,644,Low ($20-50),Good (4-4.5),0.3403727914426102,3.5mm,6.573696145124716
B01B4BKJK4,"REOLINK 16CH 5MP Home Security Camera System, 8pcs Wired 5MP Outdoor PoE IP Cameras with Person Vehicle Detection, 4K 16CH NVR with 4TB HDD for 24-7 Recording, RLK16-410B8-5MP",749.99,4.4,1199,Premium (>$500),Good (4-4.5),0.3406945632165583,REOLINK,170.0657596371882
B01B4ESXT0,"GPD XD Plus [2018 UPDATE] Portable Gaming Handheld 5"" Touchscreen Android 7.1.1 Nougat Mediatek MT8176 Quad-Core CPU GX6250 GPU, 4GB RAM, 32GB ROM, 6000mAh Battery",,4.0,83,,Average (3.5-4),0.3000475410548897,GPD,
B01B4FW4CQ,Laptop Battery for Dell MR90Y Laptop Inspiron 3421 3521 5421 5521 Notebool PC,,4.4,162,,Good (4-4.5),0.3400933428028931,Laptop,
B01B4GT7VG,"Kiorafoto 3""x3"" Easy Carry Professional Camera White Balance Card Disc Grey Card Film Color Correction Filter Color Checker Temperature Calibration Tool with Neck Strap String for Lens up to 82mm",14.99,4.2,215,Budget (<$20),Good (4-4.5),0.3201240705578827,Kiorafoto,3.5605700712589075
B01B4IX68O,"EJOY e-Joy Mini USB 3 Speeds Rechargeable Portable Table/Electric Personal Fan with LED Light Function (Model 3), 4.5"" L",,3.1,44,,Below Avg (3-3.5),0.21002493006536896,EJOY,
B01B4K98RU,"Neewer 2400W 5500K 20""x28""/50x70cm Four Socket Softbox Compact Fluorescent Photo Video Studio Lighting Kit with Carrying Case for Portraiture,Art and Product Photography",,4.0,32,,Average (3.5-4),0.30001797283782417,Neewer,
B01B4L6LWO,"F-color USB C Cable 6 Ft Long Braided Reversible USB Type C Cable, Green",,3.7,56,,Average (3.5-4),0.2700318872929138,F-color,
B01B4LBN7W,SMALLRIG Quick Release Plate Compatible with Arca Swiss Standard for Cameras and Cages - 2146,25.99,4.4,83,Low ($20-50),Good (4-4.5),0.3400475410548897,SMALLRIG,5.8934240362811785
B01B4M1ZLU,Fritesla Virtual Reality Headset 3D Glasses VR Box for Smartphone iPhone 6 Plus Samsung S6,,3.4,48,,Below Avg (3-3.5),0.2400272491412172,Fritesla,
B01B4PKGYY,"kandouren - Case Cover for Kindle Paperwhite - Totem Art Skin,Lighted Slim Leather Cover with Autowake(Fit 6 inch 6th Generation Paperwhite 2013 2015 2016 2017)",,4.3,97,,Good (4-4.5),0.3300556578203586,kandouren,
B01B4R9O4A,DPKIKO Zikee 17-17.3 Inch Water-Resistant 360°Protective Slim Briefcase Laptop Sleeve with Handle Carrying Case,,4.0,89,,Average (3.5-4),0.3000510196686621,DPKIKO,
B01B4RBD8U,"CowboyStudio Multi-function Aluminum Alloy Camera Tripod Monopod with Quick Release Plate Ball Head and Bag, BK-475",,3.7,61,,Average (3.5-4),0.27003478613772414,CowboyStudio,
B01B4S54IY,"CTA Digital Gooseneck Floor Stand for Smartphones - Universal for iPhone 6s, Galaxy S6, Note5",,3.1,16,,Below Avg (3-3.5),0.21000869653443105,CTA,
B01B4SNL52,"Logitech M545 Wireless Mouse – Side-to-Side Scroll Wheel and 2-Thumb Buttons Make Computer and Laptop Navigation Effortless, Ergonomic Shape for Right/Left Hand Use, USB Unifying Receiver, Black",69.99,4.2,227,Mid ($50-100),Good (4-4.5),0.32013102778542757,Logitech,16.624703087885983
B078KC31LM,a2zTech Dummy AntiTheft Burglar Deterrent LED TV for Home Safety & Security | Clever Indoor System for Theft & Crime Prevention | Extra Bright with Built-in Sensor Timer for Your Protection | 4 Modes,,4.1,19,,Good (4-4.5),0.3100104358413172,a2zTech,
B01B4U3EF2,"iPad Pro Clear Case, Fogeek Ultra-Thin Thin TPU Gel Rubber Soft Skin Protective Case Cover for Apple iPad Pro 12.9 Inch 2015 Model (Clear)",,3.7,13,,Average (3.5-4),0.27000695722754486,iPad,
B01B4WY5AI,Aiposen CF to 50 Pin 1.8 IDE Adapter,,3.9,24,,Average (3.5-4),0.29001333468612756,Aiposen,
B01B51Z0D4,Kenwood Excelon X501-1 Class D Mono Power Amplifier,199.99,4.5,49,Mid-High ($100-200),Good (4-4.5),0.3500278289101793,Kenwood,44.343680709534375
B01B58I0PM,gofanco SuperSpeed USB 3.0 to USB 3.0 and Gigabit Ethernet RJ45 Multi Port Adapter Hub with USB Type C Adapter 10/100/1000 Mbps for Windows and Mac OS (USB3HubLAN),,4.3,263,,Good (4-4.5),0.330151899468062,gofanco,
B01B5AG0TI,"Cable Matters 5-Pack LC UPC Duplex Fiber Optic Keystone Coupler Jack, OM1/OM2/OM3/OM4 Multimode, OS2 Single Mode Support",18.99,4.7,166,Budget (<$20),Excellent (4.5-5),0.3700956618787414,Cable,4.031847133757961
B01B5AG1P6,Cable Matters 5-Pack USB 3.0 Keystone Jack Inserts Gender Changer,13.99,4.7,72,Budget (<$20),Excellent (4.5-5),0.3700411635963069,Cable,2.970276008492569
B01B5AG2A0,Cable Matters 5-Pack Gold-Plated RCA Keystone Jack Inserts in White,,4.4,31,,Good (4-4.5),0.34001739306886214,Cable,
B01B5AG2R8,Cable Matters 5-Pack Gold-Plated 3.5mm TRS Keystone Jack Inserts in White,17.99,4.4,45,Budget (<$20),Good (4-4.5),0.3400255098343311,Cable,4.079365079365079
B01B5B5UNO,iBOLT Vent Klip Mount for Garmin GPS Devices and iBOLT Car Holders and Docks w/ 17mm Ball Joint,10.0,3.6,16,Budget (<$20),Average (3.5-4),0.26000869653443104,iBOLT,2.770083102493075
B01B5B8EDM,Garmin RV 760LMT Portable GPS Navigator (Renewed),,3.9,26,,Average (3.5-4),0.2900144942240517,Garmin,
B01B5BKM50,"Kuzy Compatible with MacBook Pro 15.4 inch Case Model A1398 with Retina Display Soft Touch 15 inch Plastic Hard Shell Cover for Older MacBook Pro 15.4 inch, Raspberry Pink",,3.4,53,,Below Avg (3-3.5),0.24003014798602756,Kuzy,
B01B5DQGV2,"Huawei B890 4G LTE Wireless Gateway Mobile Router Smart Hub Unlocked - Support 32 users, 100 mbps (Made for Americas)",84.99,3.4,8,Mid ($50-100),Below Avg (3-3.5),0.24000405838273448,Huawei,24.92375366568915
B01B5E29VC,Dell Universal Adapter (DA100),89.99,4.4,338,Mid ($50-100),Good (4-4.5),0.3401953821402172,Dell,20.405895691609974
B01B5FR7PY,"Monoprice 113347 BlackbirdTM 4K Series HDMI Audio Inserter, Black",47.98,4.2,214,Low ($20-50),Good (4-4.5),0.32012349078892066,Monoprice,11.39667458432304
B01B5FV2B4,Lonsent CR2-3V Rechargeable Li-Ion Battery & Charger Set,,3.9,88,,Average (3.5-4),0.2900504398997,Lonsent,
B01B5HHH3Y,AMGUR MX3 Air Mouse Remote Mini Wireless Keyboard and Air Mouse for Android TV Box Raspberry Pi Mini PC Xbox PS3 PS4 Smart TV Remote Keyboard,16.99,3.8,87,Budget (<$20),Average (3.5-4),0.28004986013073785,AMGUR,4.459317585301838
B01B5KAZV2,"Cinematix 9"" Portable DVD Player with 6 + Hour Battery Life",,3.6,23,,Average (3.5-4),0.2600127549171655,Cinematix,
B01B5QHGJ0,"VANDESAIL CAT 6 Ethernet Extension Cable at 6 RJ45 Male to Female Shielded LAN Network Patch Cord with Gold Plated Plug (6.5ft-1pack, Black)",,4.9,117,,Excellent (4.5-5),0.3900672531996,VANDESAIL,
B01B5RJ3UO,"Vandesail Ethernet Extension Cable, CAT7 RJ45 Male to Female Shielded LAN Network Cable Gold Plated Lead Black Round (10ft/3m, Black - 1pack)",,4.2,24,,Good (4-4.5),0.32001333468612764,Vandesail,
B01B5SAWE4,"Foscam C2 Indoor 1080P FHD Wireless Plug and Play IP Camera with IR-Cut, Night Vision, 120-Degree Wide View Angle, PIR Detection and Media Message Push",,2.5,7,,Poor (<3),0.15000347861377245,Foscam,
B01B5SDQ6U,"GMYLE Galaxy S7 Case, Soft TPU Case Slim for Galaxy S7 - Transparent Slim Fit Case",,3.9,14,,Average (3.5-4),0.2900075369965069,GMYLE,
B01B5SKAZK,4GB 1333MHZ SODIMM Single Rank,,4.5,225,,Good (4-4.5),0.3501298682475034,4GB,
B01B5SKL40,Kingston KCP313SD8/8 8gb 1333mhz Sodimm Mem,49.82,4.6,94,Low ($20-50),Excellent (4.5-5),0.36005391851347235,Kingston,10.806941431670284
B01B5XFJEM,B01B5XFJEM,,3.3,36,,Below Avg (3-3.5),0.23002029191367238,B01B5XFJEM,
B01B5XY8EE,"Aiposen 4 in 1 Micro USB HUB Adapter with Power Powered, Charge Charging Charger OTG Host Cable Cord Adapter Connector",,3.2,25,,Below Avg (3-3.5),0.22001391445508967,Aiposen,
B01B6197JG,NOPTEG 8-Inch Portable USB PC Speaker Channel Sound Bar (black),,3.1,10,,Below Avg (3-3.5),0.21000521792065863,NOPTEG,
B01B64O3M4,"Acer H277HU kmipuz 27-Inch IPS WQHD 2560 x 1440 Display, USB 3.1 Type-C port, HDMI, DP, 2 x 3w speakers,Black",,4.0,242,,Average (3.5-4),0.3001397243198586,Acer,
B01B65BDGM,"Convenience Concepts Designs2Go TV/Monitor Riser for TVs up to 46 Inches, Light Oak",38.25,4.4,115,Low ($20-50),Good (4-4.5),0.3400660936616759,Convenience,8.673469387755102
B01B6AN7WK,"QIVV Liquid Chalk Markers,10 Colored Wet Erase Chalk Markers Neon Pens For Kids Art Menu Board Bistro Boards Windows Chalkboard Markers Reversible Bullet/Chisel Fine Tip-Non-Toxic Odorless Erasable",,3.6,66,,Average (3.5-4),0.2600376849825345,QIVV,
B01B6BN0Q2,WD 8TB My Book Desktop External Hard Drive - USB 3.0 - WDBFJK0080HBK-NESN,219.18,3.9,121,High ($200-500),Average (3.5-4),0.2900695722754482,WD,56.056265984654736
B01B6DLG3O,iexcell Silver Tone Aluminium Heat Diffuser Heatsink Cooling Fin 120mm x 100mm x 18mm,,4.2,11,,Good (4-4.5),0.32000579768962073,iexcell,
B01B6G1VMC,"Alcey Aluminum Finish USB Numeric Keypad with USB Hub and 24 inch USB Cable, for iMac, MacBook, MacBook Pro, MacBook Air, Mac Mini, or Any PC",,4.0,14,,Average (3.5-4),0.30000753699650695,Alcey,
B01B6HE2VS,Rosewill 3 Buttons 1 x Wheel USB Wired Optical 800 dpi Mouse (RM-C2U),,3.6,42,,Average (3.5-4),0.2600237705274448,Rosewill,
B01B6KE6IE,CowboyStudio Fancy Pro 37 Inch Octagon Umbrella Speedlite Softbox for Flash Light,36.0,4.2,352,Low ($20-50),Good (4-4.5),0.32020349890568617,CowboyStudio,8.551068883610451
B01B6L9ZBQ,Rosewill Bluetooth Keyboard with 5-Inch EMC Mouse Touch Pad (BK-700),,3.1,13,,Below Avg (3-3.5),0.21000695722754484,Rosewill,
B01B6NSJ34,"Supershieldz Designed for Apple iPad Mini 3, iPad Mini 2, iPad Mini 1 Tempered Glass Screen Protector Anti Scratch, Bubble Free",8.99,4.4,127,Budget (<$20),Good (4-4.5),0.34007305088922074,Supershieldz,2.0385487528344672
B01B6OOZRW,Shark Navigator Powered Lift-Away DLX Vacuum,,3.9,32,,Average (3.5-4),0.2900179728378241,Shark,
B01B6QAT66,for iPhone /7/7Plus/8/8 Plus/X/Xs Adapter Headphone Jack Splitter Adapter Earphone Audio Cable and Charger Accessories 2 in 1 Earphone Splitter Car Charger Adapter Support iOS 12 System,,4.6,110,,Excellent (4.5-5),0.36006319481686544,for,
B01B6T7B2I,"Kastar EP5962 Cordless Phone Battery Ni-MH, 3.6 Volt, 1000 mAh Replacement for Lucent EP5962, Panasonic HHR-P103 / P-P103 Cordless Phone",7.39,4.3,58,Budget (<$20),Good (4-4.5),0.33003304683083795,Kastar,1.71461716937355
B01B6T7ERK,"Synergy Digital Cordless Phone Battery, Works with Panasonic HHR55AAABU Cordless Phone, (Ni-MH, 1.2V, 1000 mAh) Ultra Hi-Capacity Battery",6.25,4.3,101,Budget (<$20),Good (4-4.5),0.33005797689620686,Synergy,1.4501160092807426
B01B6TIQBS,Kastar Universal Remote Control Battery RLI-007-1 Replacement For Universal 11N09T MX-890 MX-810 MX-880 MX-950 MX-980 Remote,7.59,4.2,287,Budget (<$20),Good (4-4.5),0.3201658139231517,Kastar,1.8028503562945368
B01B6X8QP0,"Plugable USB 3.0 Transfer Cable, Unlimited Use, Transfer Data Between 2 Windows PC's, Compatible with Windows 11, 10, 8.1, 8, 7, Vista, XP, Bravura Easy Computer Sync Software Included",49.95,4.4,1123,Low ($20-50),Good (4-4.5),0.34065050077544107,Plugable,11.326530612244898
B01B6YMFOC,Blackjet VX-2SSD USB 3.2 Gen 2 10Gbps USB Type-C Dual SSD Dock RAID 0 RAID 1 JBOD,119.99,3.4,37,Mid-High ($100-200),Below Avg (3-3.5),0.24002087168263447,Blackjet,35.18768328445748
B01B702YTG,UPTab Mini DisplayPort 1.4 to HDMI 2.1 Active Adapter with HDR Support Displays 4k 120Hz up to 8K 60Hz with HDR,29.95,4.2,110,Low ($20-50),Good (4-4.5),0.3200631948168655,UPTab,7.114014251781472
B01B70OH5U,"Empire Cell Phone Battery, Works with Plantronics CT14 Cell Phone, (NiMh, 2.4V, 750 mAh) Ultra Hi-Capacity Battery",7.45,4.5,59,Budget (<$20),Good (4-4.5),0.35003362659980003,Empire,1.6518847006651887
B01B727F5C,"NEEWER Photography Single Roller Wall Mounting Manual Background Support System with 2 x Single Hook, 2 x Expand Bar, 1 x Chain, Load Capacity: 22lb/10kg",42.99,4.4,651,Low ($20-50),Good (4-4.5),0.34037684982534466,NEEWER,9.748299319727892
B01B727LXS,"NEEWER Photography 4 Roller Wall Mounting Manual Background Support System with 2 x Four Fold Hook, 8 x Expand Bar, 4 x Chain, Load Capacity per Roller: 22lb/10kg",119.99,4.4,721,Mid-High ($100-200),Good (4-4.5),0.3404174336526895,NEEWER,27.20861678004535
B01B729HTY,"CordGuard Universal Wrap On Cable Wire Saver Protector Strain Relief, Set of 4",,4.0,86,,Average (3.5-4),0.30004928036177586,CordGuard,
B01B79UWX2,808 Audio EAR CANZ Wireless Earbuds with Bluetooth - Black,,2.6,217,,Poor (<3),0.16012523009580684,808,
B01B7HNL1E,OP/TECH USA Dual Harness,43.58,4.4,18,Low ($20-50),Good (4-4.5),0.34000985607235523,OP/TECH,9.882086167800454
B01B7HOE3I,OP/TECH USA Tripod Leg Wraps - 1.25-Inch,,3.3,26,,Below Avg (3-3.5),0.2300144942240517,OP/TECH,
B01B7HP360,OP/TECH USA Lens Sleeve - 4-Inch,,3.3,8,,Below Avg (3-3.5),0.23000405838273447,OP/TECH,
B01B7HPT14,OP/TECH USA Soft Pouch Body Cover - Manual (Nature),19.95,4.3,44,Budget (<$20),Good (4-4.5),0.330024930065369,OP/TECH,4.62877030162413
B01B7HQ4TA,OP/TECH USA Soft Pouch Rangefinder/Telephoto,13.11,4.3,67,Budget (<$20),Good (4-4.5),0.33003826475149656,OP/TECH,3.0417633410672855
B01B7HQ9CW,"OP/TECH USA 7304164 Snappeez-Large, Horizontal Neoprene Pouch for Camera or Phone (4.5 x 2.5 x .25 - .75 Inch) (Royal)",10.95,4.3,26,Budget (<$20),Good (4-4.5),0.3300144942240517,OP/TECH,2.540603248259861
B01B7HQDCI,OP/TECH USA Soft Pouch Zippeez - Small (Navy),,4.3,56,,Good (4-4.5),0.3300318872929138,OP/TECH,
B01B7IFUR6,Fstop Labs Replacement for DJI Phantom 3 Pro/Adv/4K Gimbal Yaw and Roll Arm Includes Gimbal Cable and Screws,,4.0,140,,Average (3.5-4),0.30008058788572756,Fstop,
B01B7ITVOY,"Total Gym Replacement Set of 4 Wheels/Rollers for Models 2000, 3000, and More",33.88,4.0,274,Low ($20-50),Average (3.5-4),0.30015827692664476,Total,8.448877805486285
B01B7OED7I,"CINE CineStill Film 800135 800 Tungsten High Speed (ISO 800) Color Film, 36 Exposures 135 DX Coded, White",,4.7,314,,Excellent (4.5-5),0.37018146768512755,CINE,
B01B7PO0GG,"myCartridge M231 M Tape 12mm Compatible with Brother P-Touch MK231 M-K231 Black On White, 4-Pack for Brother for PT-M95, Pt-70BM, Pt-90, Pt-65, Pt-70, Pt-70Sr, Pt-85 Label Maker, 0.47In x 26.2ft",,4.2,75,,Good (4-4.5),0.32004290290319315,myCartridge,
B01B7TYACQ,"Doberman Security SE-0137-8PK Home Security Window/Door Alarm Kit, 8 Pack (White)",,4.1,53,,Good (4-4.5),0.31003014798602757,Doberman,
B01B80YB6O,"Pakpod Packable Tripod for Mirrorless, DSLR, GoPro, Smartphone & VR 360 Cameras - World's Most Versatile Camera Mount",,3.7,36,,Average (3.5-4),0.27002029191367244,Pakpod,
B01B86KYKU,Sirius XM Stratus 7 replacement receiver SSV7 no accessories !!!,,4.2,113,,Good (4-4.5),0.32006493412375175,Sirius,
B01B8CB3ZO,"Tera Grand - 6FT - 2 Pack - CAT7 10 Gigabit Ethernet Ultra Flat Patch Cable for Modem Router LAN Network, Gold Plated Shielded RJ45 Connectors, Faster Than CAT6a CAT6 CAT5e, White",,4.2,34,,Good (4-4.5),0.3200191323757483,Tera,
B01B8EVYVU,10 feet OFC True 8 Gauge AWG Oxygen Free Copper Speaker Wire Car Home Audio,,4.8,252,,Excellent (4.5-5),0.3801455220094792,10,
B01B8I4LFW,BiXPower 5.5 x 2.5mm Right Angle Dongle Connector Converter for 5.5 x 2.5mm DC Power Connector - LD525,5.89,4.8,34,Budget (<$20),Excellent (4.5-5),0.38001913237574825,BiXPower,1.2245322245322245
B01B8ICV9A,EnergyPal Amplified Indoor HDTV Antenna 50 Mile Range With Power Supply and 10ft Coax Cable,,2.9,79,,Poor (<3),0.19004522197904136,EnergyPal,
B01B8L6ZCQ,"INVELLOP iPad Air 2 case, Black [Slim Fit] Case Cover for Apple iPad Air 2 (2014 Release) (Fits ONLY iPad Air 2nd Generation) (Black)",,4.4,319,,Good (4-4.5),0.3401843665299379,INVELLOP,
B01B8MGAK2,Amazon Tap Sling Cover - Green,,4.5,1312,,Good (4-4.5),0.350760077109272,Amazon,
B01B8MGARA,Amazon Tap Sling Cover - White,,4.5,1312,,Good (4-4.5),0.350760077109272,Amazon,
B01B8MGASE,Amazon Tap Sling Cover - Blue,,4.5,1313,,Good (4-4.5),0.35076065687823405,Amazon,
B01B8MMPH4,Amazon Tap Sling Cover - Black,,4.5,1312,,Good (4-4.5),0.350760077109272,Amazon,
B01B8R28O4,"Spark Electronics 234980 Universal USB Port Colors USB AC/DC Power Adapter Home Wall Charger Plug with Easy Grip for iPhone 7/7 Plus 6/6 Plus Samsung Galaxy S5 S4 S3?, White¡­",,4.0,109,,Average (3.5-4),0.30006261504790344,Spark,
B01B8WTT3C,"Infiland Lenovo Tab 2 A10-70/ Tab 3 10 Business Case, Infiland Smart Rotating Stand Case Cover for Lenovo Tab 2 A10-70 2015 Release/ Lenovo Tab 3 10 Business TB3-X70 10.1"" Tablet 2016 Release, Navy",,4.1,210,,Good (4-4.5),0.31012117171307235,Infiland,
B01B90A25C,"TecBillion Cat7 Shielded Ethernet Patch Network Cable- RJ45 Gold Plated Connector, 600 MHz/10Gbps-5 Color(Black/Blue/Red/Green/White), 4.92 Feet",,4.0,37,,Average (3.5-4),0.3000208716826345,TecBillion,
B01B92JQWU,"Monoprice 1000FT 24AWG Cat5e 350MHz UTP Stranded, In-Wall Rated (CM), Bulk Ethernet Cable - Yellow",,4.1,15,,Good (4-4.5),0.31000811676546897,Monoprice,
B01B95ZZ0E,"LB1 High Performance 7800mAh/11.1V Battery for HP G62, Fits MU06 MU09 593553-001 / 593554-001 / 636631-001",,3.7,116,,Average (3.5-4),0.2700666734306379,LB1,
B01B96248O,ASRock Rack Motherboard C236 WSI,,4.0,34,,Average (3.5-4),0.3000191323757483,ASRock,
B01B96L2QE,Wacom Color Manager (EODIS3-DCWA),184.87,3.5,44,Mid-High ($100-200),Below Avg (3-3.5),0.25002493006536897,Wacom,52.669515669515675
B01B96M16E,"Dell Wireless Computer Mouse-WM126 – Long Life Battery, with Comfortable Design (Black)",,4.5,7288,,Good (4-4.5),0.35422477642659406,Dell,
B01B96MNNA,"ASUS Oculus Certified Gaming Desktop G20CB-WS71,Core i7/GTX 980/16GB RAM/1TB w/256SSD, Windows 10,ROG Black/Red",,3.7,85,,Average (3.5-4),0.2700487005928138,ASUS,
B01B96MO20,"ASUS G11CD-WS51 Oculus Ready Gaming Computer (Intel i5, 8GB, 1TB HDD, GTX970 4GB, Windows 10 Desktop)",,3.5,68,,Below Avg (3-3.5),0.2500388445204586,ASUS,
B01B9APNG0,"ASUS VivoBook E403SA-US21 14-inch Full HD Laptop (Intel Quad-Core N3700 Processor, 4 GB DDR3 RAM, 128GB eMMC Storage, Windows 10 Home OS) Metallic Gray, 14 inch",399.99,3.6,361,High ($200-500),Average (3.5-4),0.2602087168263447,ASUS,110.80055401662051
B01B9G80RS,"Logitech 920-007776 Create - Wired Keyboard and Folio Case - Apple Smart Connector, Blue/Silver",,4.2,1339,,Good (4-4.5),0.3207757308712479,Logitech,
B01B9HBP4C,"Acer Aspire E 15, 15.6""HD, Intel Core i5-6200U, 4GB DDR3L, 1TB HDD, Windows 10, E5-574-53QS",,3.8,82,,Average (3.5-4),0.28004696128592754,Acer,
B01B9IDI4G,"Gator Cases G-CLUB Series Carry Bag for DJ Style Headphones and Accessories; (G-CLUB-HEADPHONE),Black",47.79,4.4,87,Low ($20-50),Good (4-4.5),0.34004986013073796,Gator,10.83673469387755
B01B9IDLAW,LG 29UM68-P 29-Inch 21:9 UltraWide IPS Monitor with FreeSync,,4.3,394,,Good (4-4.5),0.33022784920209297,LG,
B01B9KHMX2,"Soundstream VR-65B Double-DIN Bluetooth DVD/CD/AM/FM in-Dash Car Stereo with 6.2"" Smart Sense Screen",104.9,3.9,519,Mid-High ($100-200),Average (3.5-4),0.29030032032235153,Soundstream,26.828644501278777
B01B9TOXD0,"Universal 4-in-1 Remote Compatible with 99% Toshiba TV DVD Player Cable/SAT AUX, Replace CT-8037 CT-90275 CT-90302 CT-90325, No Need Set up, Easy to USE!",,3.7,43,,Average (3.5-4),0.2700243502964069,Universal,
B01B9ZBO5E,VanGoddy Laurel Titan Orange Carrying Case Bag for Canon PowerShot Series Compact to Advanced Cameras,34.95,3.2,2,Low ($20-50),Below Avg (3-3.5),0.2200005797689621,VanGoddy,10.88785046728972
B01B9ZGP44,"OEM Yamaha Remote Control: RX-A470, RX-A470, RX-A470BL, RX-A470BL, RX-V677, RXV677",20.64,4.7,235,Low ($20-50),Excellent (4.5-5),0.3701356659371241,OEM,4.382165605095541
B01B9ZMIIG,"Eleplace 15.6 Inch Laptop Privacy Filter for Widescreen Display 16:9 Aspect Ratio, Anti Scratch Anti-Glare Laptop Screen Protector",,3.9,70,,Average (3.5-4),0.2900400040583827,Eleplace,
B01BA2VOVK,"INYES Bottom Case Rubber Feet for MacBook Pro A1278 A1286 A1297 13"" 15"" 17""",,4.3,122,,Good (4-4.5),0.3300701520444103,INYES,
B01BA5JH52,"Intellinet 5-Port PoE Passthrough Gigabit Ethernet Switch - with 1 x Gigabit PoE Input, 4 x Gigabit PoE Output, 68W Power Budget via AC Power & 26W Power Budget via PoE PD, 3 Yr Mfg Warranty - 561082",66.99,4.6,23,Mid ($50-100),Excellent (4.5-5),0.3600127549171655,Intellinet,14.531453362255967
B01BAEXPGU,iGuleek SD TF Card Reader Lightning USB OTG SDHC Micro SD Card Adapter for iPhone 5/5C/5S/6/6Plus and Android Smartphones,,3.9,43,,Average (3.5-4),0.2900243502964069,iGuleek,
B01BAEZQNU,Avengers Logo MacBook Decal Apple MacbookLaptop Vinyl Sticker Decal (Black),4.7,4.4,182,Budget (<$20),Good (4-4.5),0.3401049381821345,Avengers,1.0657596371882085
B01BAHVNY8,HENGSHENG HDMI to DVI Connector Rotate 90 180 360 degree Female to Male gold adapter HDMI to DVI to HDMI Connector Gold Converter Adapter for multimedia,,4.0,15,,Average (3.5-4),0.300008116765469,HENGSHENG,
B01BAUMVLO,"Galaxy S7 Edge Case, OBLIQ [NaKED SHIELD][Clear][Metal Kickstand] Slim Fit Crystal Clear Scratch Resist Heavy Duty Protection Dual Layer Case for Samsung Galaxy S7 Edge",,4.1,584,,Good (4-4.5),0.310338005304886,Galaxy,
B01BAWGYHO,Wireless Remote Control for uConnect VES BLU-RAY Systems - Works with Select Vehicles Chrysler Dodge Jeep BLU-RAY Entertainment Systems - Part 05091246AA,55.75,4.5,83,Mid ($50-100),Good (4-4.5),0.35004754105488967,Wireless,12.361419068736142
B01BBAW028,"Dango Design Gripper Mount - Universal Clamp Mount for Action Cameras, Use as a Mount on Motorcycle, Powersports Helmets & More - Stealth Black",49.99,4.6,1181,Low ($20-50),Excellent (4.5-5),0.36068412737524097,Dango,10.843817787418656
B01BBDL62U,COO Kindle Fire HD 8 Tablet and Fire HD 8 Plus Tablet (10th Generation 2020) - Ultra Lightweight Slim Shell Folding Stand Cover for Kindle Fire HD 8 Case 10th Gen with Auto Wake/Sleep,,4.2,162,,Good (4-4.5),0.3200933428028931,COO,
B01BBE9S8I,"iPad Mini 4 Keyboard Case for Apple iPad Mini A1538/A1550, Wireless Bluetooth Keyboar Magnetic Cover with Apple Sleep/Wake, Built-in Non-Slip Case - Adjustable Angle",,4.1,325,,Good (4-4.5),0.31018784514371023,iPad,
B01BBFKS18,"Earphones,Sungluber(TM) Modern Audiophile Hi-Fi Earbuds in Ear, Noise Isolation Headphones with mic&microphone fit iphone ,samsung,sony for running",,3.7,174,,Average (3.5-4),0.2701003000304379,"Earphones,Sungluber(TM)",
B01BBKZ520,"Logitech Group Video Conferencing Bundle with Expansion Mics for Big Meeting Rooms, Black and Silver",,4.3,113,,Good (4-4.5),0.3300649341237517,Logitech,
B01BBM8DB8,Lookatool Super Speed USB 3.0 to SATA 22 Pin 2.5 Inch Hard Disk Driver SSD Adapter Cable Converter,,4.3,14,,Good (4-4.5),0.3300075369965069,Lookatool,
B01BBMF8MA,"Transolid SA80051SS Sensio Pop Up Power & Charging Station, Stainless Steel",152.34,3.3,19,Mid-High ($100-200),Below Avg (3-3.5),0.23001043584131722,Transolid,46.02416918429004
B01BBNSIMQ,Godox PB-600 Portable Flash Bag Case Pouch Cover for Godox AD600 AD600B AD600M Godox AD600BM,,4.4,80,,Good (4-4.5),0.3400458017480035,Godox,
B000V1PAVM,RiteAV - Coax Coupler Premium,9.99,4.6,16,Budget (<$20),Excellent (4.5-5),0.360008696534431,RiteAV,2.1670281995661607
B01BBNTIVG,9007 Male to H4 Female Adapter for Hummer H2 Headlights,,4.5,132,,Good (4-4.5),0.350075949734031,9007,
B01BBPJC2Y,Lookatool Micro USB to Network LAN Ethernet RJ45 Adapter with 3 Port USB 2.0 HUB Adapter,,3.7,10,,Average (3.5-4),0.2700052179206586,Lookatool,
B01BBRLEJ6,Sedna - PCI to PCIE Adapter Card,39.9,3.5,28,Low ($20-50),Below Avg (3-3.5),0.2500156537619759,Sedna,11.367521367521368
B01BBU2NBQ,"2016 Lenovo 15.6-Inch Business Laptop PC, Intel i3 Processor, 4GB Memory, 500GB HDD, LED-backlit HD Display, Webcam, HDMI, Bluetooth, Windows 7, Windows 10 Professional",,3.7,12,,Average (3.5-4),0.27000637745858275,2016,
B01BBWUAW8,SONY Walkman 4GB headphone-integrated NW-WS413 (Blue),,4.1,1488,,Good (4-4.5),0.310862116446596,SONY,
B01BBX1NNM,"FiiO K5 Docking Headphone Amplifier/DAC, Titanium",,4.3,126,,Good (4-4.5),0.3300724711202586,FiiO,
B01BBXMCSW,Syba SD-PEX40105 8 Port SATA III 6G Dual Chipset PCI-E 2.0 x1 Slot Expansion Card Internal and External Ports,110.3,3.9,25,Mid-High ($100-200),Average (3.5-4),0.2900139144550896,Syba,28.20971867007673
B01BBXPJA0,Dell U2417HA 24-Inch UltraSharp Infinity Edge Monitor,,3.8,28,,Average (3.5-4),0.28001565376197585,Dell,
B01BBXPNYM,"Acer Travelmate B117-M-C0DK 11.6"" Notebook, 4 GB RAM, 32 GB SSD, Intel HD Graphics, Black",,3.2,29,,Below Avg (3-3.5),0.22001623353093794,Acer,
B01BC0D4N6,August Bluetooth Wireless Transmitter/Receiver 2 in 1 Stereo Audio MR260 - Dual Mode Wireless Adapter Audio Sender and Receivers - Bluetooth Enable Your Audio Devices,,4.0,325,,Average (3.5-4),0.3001878451437103,August,
B01BC1PQL8,"Ceramic Heat, GLISTENY Mini Brooder Bulb Infrared Bulb Emitter Lamp Infrared Ceramic Bulb Heat Lamp Red Heat Bulb for Pet Coop Heater Reptile Chicken Coops Brooding Turtle Heat Lamp Black 25w",,3.9,32,,Average (3.5-4),0.2900179728378241,Ceramic,
B01BC4ES3W,+iD Smart Card Reader,,4.4,10,,Good (4-4.5),0.3400052179206587,+iD,
B01BCCEZDC,Dark Grey Aftermarket Radio Stereo Double Din Install/Installation Dash Kit with Wiring Harness and Antenna Adapter Compatible with Honda Civic 2006-2011,42.45,4.6,99,Low ($20-50),Excellent (4.5-5),0.3600568173582827,Dark,9.208242950108461
B01BCCJV7W,Earth Taupe Aftermarket Radio Stereo Double Din Install/Installation Dash Kit with Wiring Harness and Antenna Adapter Compatible with Honda Civic 2006 2007 2008 2009 2010 2011,38.99,4.7,62,Low ($20-50),Excellent (4.5-5),0.37003536590668623,Earth,8.278131634819534
B01BCD3DRA,beyerdynamic T5p Second Generation Audiophile Headphone,,4.1,137,,Good (4-4.5),0.3100788485788413,beyerdynamic,
B01BCE0Q06,"NEW USARMT Panasonic Universal TV&DVD Blu-ray Player Remote Fit for 99% Panasonic Plasma LCD LED 3D TV & DVD Blu-ray Player, replace N2QAYB000100 N2QAYB000221 N2QAYB00048. No need to set up, easy to USE!",,3.4,40,,Below Avg (3-3.5),0.24002261098952066,NEW,
B01BCFJYSA,"2 Pair 199 uF Bass Blockers 200Hz - 4 Ohm / 100Hz - 8 Ohm 6""x9"" 6""x8"" 5""x7""",20.26,3.8,74,Low ($20-50),Average (3.5-4),0.280042323134231,2,5.317585301837271
B01BCLXO7Q,Le Grand Macho RT (with Fan TY-147B),,4.4,166,,Good (4-4.5),0.3400956618787414,Le,
B01BCM9HUI,"Hydrofarm Active Eye AEM60C Universal Phone 60x with clamp Microscope, White",12.99,3.7,218,Budget (<$20),Average (3.5-4),0.2701258098647689,Hydrofarm,3.501347708894879
B01BCNB98A,ChargerCity Simple-Lock Car Air Vent Holder Mount for COBB Tuning AccessPORT V3 Auto Tuner programmer (Fit all horizontal and vertical Vent),13.95,4.2,222,Budget (<$20),Good (4-4.5),0.3201281289406172,ChargerCity,3.3135391923990496
B01BCOKC3C,"MAX Cases XBAND 11 inch Universal iPad and Tablet Hand Strap, Hand held - Blue",,3.6,55,,Average (3.5-4),0.2600313075239517,MAX,
B013XWOL56,"MOSISO Plastic Hard Case Cover Compatible MacBook Air 11 Inch, Light Gray",,4.0,17,,Average (3.5-4),0.30000927630339314,MOSISO,
B01BCTB3W6,White Coaxial RG6 Cable 200ft UL ETL cm CATV Fire Retardant Satellite Audio Video Cable with Weather Seal Anti CORROSSIVE Brass Connectors,21.5,4.5,67,Low ($20-50),Good (4-4.5),0.3500382647514966,White,4.767184035476719
B01BCV7JMW,BLACKOUT Faraday Cage EMP Bags Premium Ultra Thick 12pc Prepping Kit Laptops Tablets Smartphones Hard Drives,54.94,4.2,141,Mid ($50-100),Good (4-4.5),0.3200811676546897,BLACKOUT,13.049881235154395
B01BCWM7ZA,White Coaxial RG6 Cable 100ft UL ETL cm CATV Fire Retardant Satellite Audio Video Cable with Weather Seal Anti CORROSSIVE Brass Connectors,16.53,4.6,393,Budget (<$20),Excellent (4.5-5),0.3602272694331309,White,3.585683297180044
B01BCX6GDI,VIZIO S2121w-D0 2.1 Channel Sound Stand with Integrated Subwoofer (Renewed),,3.4,102,,Below Avg (3-3.5),0.24005855666516893,VIZIO,
B01BD5TX2G,"[EOL] Universal Rectangle Shaped Portable Protection Hard Case for Wired, Wireless, Bluetooth Earbuds Headsets, with Inner Mesh Pocket, Strong Zipper, by Brainwavz [EOL]",,3.9,104,,Average (3.5-4),0.29005971620309307,[EOL],
B01BD7957W,"South Main Hardware 848103 1000-Pack 4 Inch, Natural 1,000-Pack, 18-Lb Test, Small Cable Ties, 1000 Tie",7.66,4.3,89,Budget (<$20),Good (4-4.5),0.33005101966866207,South,1.7772621809744782
B01BD79I6U,"South Main Hardware 848107 8 Inch Heavy Duty, Natural 100-Pack, 75-Lb Test, Small Cable Ties, 100 Tie",6.41,4.4,47,Budget (<$20),Good (4-4.5),0.34002666937225523,South,1.4535147392290249
B01BD79MB6,"South Main Hardware 848108 11 Inch 100-Pack, 75-Lb Test, Medium, Black Uv Cable Ties, 100 Tie",6.99,4.4,52,Budget (<$20),Good (4-4.5),0.3400295682170656,South,1.5850340136054422
B01BDAGTFU,"Mosiso Hard Case for MacBook Pro 13 Inch with Retina Display, Light Gold",,4.0,365,,Average (3.5-4),0.300211035902193,Mosiso,
B01BDAKDJS,BaoFeng SRH805S SMA-F SRH805S SMA-F Female Dual Band Antenna for Baofeng GT-3 UV-5R BF-888s Radio,8.48,4.2,981,Budget (<$20),Good (4-4.5),0.3205681735828273,BaoFeng,2.014251781472684
B01BDAKLSQ,Baofeng USB Charging Cable Wire for Two Way Radio,,3.5,24,,Below Avg (3-3.5),0.2500133346861276,Baofeng,
B01BDCAV20,Kicker CXA600.1 600-Watt Mono Class D Subwoofer Amplifier,189.95,4.5,183,Mid-High ($100-200),Good (4-4.5),0.3501055179510965,Kicker,42.11751662971175
B01BDCBNUY,Kicker CXA300.1 300-Watt Mono Class D Subwoofer Amplifier,,4.5,186,,Good (4-4.5),0.35010725725798275,Kicker,
B01BDCBP66,Kicker CXA300.4 4x75-Watt Four-Channel Full-Range Amplifier,149.95,4.4,123,Mid-High ($100-200),Good (4-4.5),0.34007073181337244,Kicker,34.002267573696145
B01BDIG0E2,"Elac - Debut F6, Floorstanding Loudspeaker (Black - Each/Single)",,4.3,32,,Good (4-4.5),0.33001797283782414,Elac,
B01BDJL8LQ,"Smartphone-fan Blue Mini Lightning 8-Pin Portable Smartphone USB Fan for Apple Devices iPhone X, XS, XR, 8, 8+, 7, 7+, 6, 6s, 6+",,3.4,41,,Below Avg (3-3.5),0.24002319075848275,Smartphone-fan,
B01BDKTQPU,"Cablelera Power Cord Extension & Splitter, NEMA 5-15P to NEMA 5-15R x 2, 16 AWG, 13A, 125V (ZADA33PQ-36)",,4.4,76,,Good (4-4.5),0.34004348267215523,Cablelera,
B01BDKUCH6,"ORICO Aluminum mSATA to USB3.1 Type-C/USB-C SSD Enclosure Adapter Case, Built-in ASM1153E Controller - Silver (MSA-UC3)",,4.3,111,,Good (4-4.5),0.3300637745858276,ORICO,
B01BDKUCXK,"Macally Ultra Slim Aluminum External Enclosure for USB 3.0 to 2.5"" SATA Hard Drive/SSD Mac/PC (M-S250U3)",,3.7,26,,Average (3.5-4),0.2700144942240517,Macally,
B01BDKZ68Q,MagiDeal Ear Pads Cushions for Sony MDR ZX100 ZX300 Headset Headphone Grey,,3.5,67,,Below Avg (3-3.5),0.25003826475149654,MagiDeal,
B01BDMTI0G,WOCKODER 3-Speed Stereo Turntable with Built-in Speakers and Speed Adjustment,,4.0,124,,Average (3.5-4),0.30007131158233447,WOCKODER,
B01BDNZ1GU,"Cardboard Photo Folder 5x7 (10 Pack) - White Card Folder with Nice Silver Design- Great for Wedding Pictures, Baby, Graduation, Friends and Many More!",9.99,4.0,66,Budget (<$20),Average (3.5-4),0.3000376849825345,Cardboard,2.491271820448878
B01BDO7L3U,"EVGA GT 710 2GB DDR3 64bit Single Slot, Low Profile 02G-P3-2713-KR",,4.5,1061,,Good (4-4.5),0.3506145550997928,EVGA,
B01BDPDKTI,Super Antenna MP1DXTR80 HF SuperWhip Tripod All Band 80m MP1 Antenna with Clamp Mount and Go Bag ham Radio Amateur,399.99,4.3,133,High ($200-500),Good (4-4.5),0.3300765295029931,Super,92.80510440835268
B01BDWLUNY,"Voyager WVOS541 Wireless Camera System, Built-in Speaker, 5.6"" TFT LCD, 1/3"" CMOS Sensor, Waterproof, Auto-Pairing, Supports up to 4 Wireless Cameras, Mirror Image Orientation",593.17,3.5,73,Premium (>$500),Below Avg (3-3.5),0.25004174336526896,Voyager,168.994301994302
B01BDWQL8S,Surge Guard 35530 Hardwire Model - 30 Amp,185.9,4.4,165,Mid-High ($100-200),Good (4-4.5),0.34009508210977935,Surge,42.15419501133787
B01BDWTH9S,"Tera Grand - Premium CAT7 Double Shielded 10 Gigabit 600MHz Ethernet Patch Cable for Modem Router LAN Network, Gold Plated Shielded RJ45 Connectors, 3 ft White, 2-Pack",8.99,4.1,46,Budget (<$20),Good (4-4.5),0.3100260896032931,Tera,2.1873479318734796
B01BDX9Q6Q,GinCoband 12PCS Fitbit Flex Wristband Replacement Accessory with Clasp For Fitbit Flex Bracelet Sport Arm Band No tracker,,4.3,1405,,Good (4-4.5),0.33081399562274433,GinCoband,
B01BDZMTXG,SanDisk Micro SDHC Ultra (5 Pack) MicroSD TF Flash Memory Card 16GB 16G Class 10 SDSQUNB-016G Bundle with Everything But Stromboli Memory Card Reader,29.22,4.7,55,Low ($20-50),Excellent (4.5-5),0.37003130752395175,SanDisk,6.203821656050955
B01BE3O9HG,"LS Photography 49mm UV Protection Filter Lens Accessory for Nikon, Canon, Pentax, DSLR Camera Lens Filters, LGG270",,5.0,12,,Excellent (4.5-5),0.40000637745858275,LS,
B01BE42SY6,NavePoint 8 Inch Mount Head Screw Cable Wire Zip Tie 50 lbs Natural White 100 Pack Lot Pcs,9.6,4.7,237,Budget (<$20),Excellent (4.5-5),0.3701368254750482,NavePoint,2.038216560509554
B01BE5CT8U,"Audio Technica AT-LP60BK-BT Fully Automatic Bluetooth Wireless Belt-Drive Stereo Turntable, Black",,4.5,677,,Good (4-4.5),0.35039192381835843,Audio,
B01BE60PLM,Digital Energy 6 Port USB Charging Station and Surge Protector Strip (in Retail Packaging),18.99,4.3,51,Budget (<$20),Good (4-4.5),0.33002898844810347,Digital,4.406032482598608
B01BE76M7C,Kenwood Excelon X801-5 5-Channel Car Amplifier,,4.6,48,,Excellent (4.5-5),0.3600272491412172,Kenwood,
B01BE990XI,Caseology Envoy for Samsung Galaxy S7 Case (2016) - Premium Leather - Leather Cherry Oak,,4.4,2971,,Good (4-4.5),0.34172191381734385,Caseology,
B01BECUKD4,"Double DIN Android Stereo Receiver - Car Head Unit System w/ Rear View Backup Camera Support, 6 Inch Touchscreen LCD, 3G WiFi, Bluetooth, CD DVD Player, GPS Navigation, USB, Radio - Pyle PLDNAND621",,3.9,115,,Average (3.5-4),0.2900660936616758,Double,
B01BECUPCK,"Premium Pyle 7-Inch Double-DIN Car Stereo Receiver bluetooth, Dash Cam Recorder Backup Camera Monitor , TFT/LCD Monitor, CD/DVD Player, Disc/MP3/MP4/USB /SD/AM/FM (NO Navigation Disc Included )PLDNVR",,3.4,24,,Below Avg (3-3.5),0.24001333468612757,Premium,
B01BEH1Y3E,Fractal Design Nano S - Mini Tower Computer Case - ITX - Optimized for High Airflow and Silent Computing with ModuVent Technology - 2X Fractal Design Dynamic X2 GP-14 Silent Fans Included - Black,,4.6,165,,Excellent (4.5-5),0.36009508210977925,Fractal,
B000WM2YS2,DLO Jam Jacket Case with Cord Management and Surface Shields for iPod touch 1G (Black),,4.1,171,,Good (4-4.5),0.3100985607235517,DLO,
B01BEH1YMA,Fractal Design Nano S Window - Mini Tower Computer Case - ITX - Optimized for High Airflow and Silent Computing with ModuVent Technology -2x Fractal Design Dynamic X2 GP-14 Fans included -Black Window,,4.6,165,,Excellent (4.5-5),0.36009508210977925,Fractal,
B01BEL2T3O,Premium Quality Ultra Slim USB 2.0 External DVD CD RW Superdrive Slot SATA CD Burner,,2.9,13,,Poor (<3),0.19000695722754482,Premium,
B01BERGPX8,Netgear Unite AC770S | Mobile Wifi Hotspot 4G LTE | Up to 300Mbps Download Speed | Connect Up to 10 Devices | Create A WLAN Anywhere | 2 MIMO TS-9 external antenna connectors | GSM Unlocked - White,88.99,3.5,604,Mid ($50-100),Below Avg (3-3.5),0.25034960068412737,Netgear,25.353276353276353
B01BET7CWY,PA 100 Watt Public Address System with Handheld PA Microphone and Dual Horn PA System,,4.3,60,,Good (4-4.5),0.3300342063687621,PA,
B01BET7DYG,"SpeedTech Lights Vireo 100-Watt Handheld Emergency Vehicle Siren System for Police, Fire Trucks, Ambulances with 6 Siren Tones Plus Horn, 6 Button Control Box and Handheld PA Microphone All in One",189.99,4.4,193,Mid-High ($100-200),Good (4-4.5),0.3401113156407172,SpeedTech,43.08163265306123
B01BEV94GE,"Macally Mini DisplayPort DP (Thunderbolt 2 Port Compatible) to HDMI Adapter (Supports up to 4K) for Apple Macbook Air / Pro, Mac Pro, iMac, and Mac Mini (MDHDMI4K)",,4.2,51,,Good (4-4.5),0.3200289884481035,Macally,
B01BEWBQDM,"Transcend JetDrive Go 300 128GB Lightning USB 3.1 Gen 1 Flash Drive for iOS TS128GJDG300R, Rose Gold",,4.3,1035,,Good (4-4.5),0.33059948110677895,Transcend,
B01BF377W4,Advance micro device AMD A10-7860K Black Edition A-Series APU with Radeon R7 Graphics AD786KYBJCSBX,139.95,4.4,199,Mid-High ($100-200),Good (4-4.5),0.34011479425448965,Advance,31.734693877551017
B01BF6B3Z8,Toshiba Canvio for Desktop 4TB External Hard Drive - HDWC340XK3J1,,4.4,274,,Good (4-4.5),0.3401582769266448,Toshiba,
B01BF6B48E,Toshiba Canvio for Desktop 5TB External Hard Drive - HDWC350XK3J1,,4.4,273,,Good (4-4.5),0.34015769715768274,Toshiba,
B01BFDOVAA,(2) NEUTRIK NL2FX SpeakON 2-Pole Female Cable Connector,14.99,4.8,82,Budget (<$20),Excellent (4.5-5),0.3800469612859276,(2),3.116424116424117
B01BFEVS9G,"Acer Chromebook 15 - CB5-571-C5XU - 15.6in HD Display, Intel Celeron 3205U Dual-core 1.50 GHz, 4GB RAM, 32GB SSD, Chrome OS - White (Renewed)",,3.7,47,,Average (3.5-4),0.27002666937225517,Acer,
B01BFIB1SA,"Kindle Paperwhite E-reader (Previous Generation - 7th) - White, 6"" High-Resolution Display (300 ppi) with Built-in Light, Wi-Fi + Free Cellular Connectivity - Includes Special Offers",,4.1,501,,Good (4-4.5),0.3102898844810343,Kindle,
B01BFIB29S,"Kindle Paperwhite E-reader (Previous Generation - 7th) - White, 6"" High-Resolution Display (300 ppi) with Built-in Light, Wi-Fi + Free Cellular Connectivity",,4.0,145,,Average (3.5-4),0.3000834867305379,Kindle,
B01BFJDTW0,Riverstone Audio - Tested/Matched Pair (2 Tubes) 7-Pin JAN 5654W Fully-Tested Vacuum Tubes - Upgrade for 6AK5 / 6J1 / 6J1P / EF95 - JAN 5654W Platinum Grade Pair,27.19,4.8,1759,Low ($20-50),Excellent (4.5-5),0.3810192338353166,Riverstone,5.652806652806653
B01BFK6H5A,"For iPhone 5s Case, Shamo's Clear Apple iPhone SE 5S 5 Case [Shock Absorption] Cover TPU Rubber Gel [Anti Scratch] Transparent Clear Back, Soft Silicone, Crystal clear",,4.3,104,,Good (4-4.5),0.3300597162030931,For,
B01BFKTJWI,"Epson LabelWorks Standard LK (Replaces LC) Tape Cartridge 1/2"" White on Black (LK-4BWV) - for use with LabelWorks LW-300, LW-400, LW-600P and LW-700 Label Printers",14.99,4.6,72,Budget (<$20),Excellent (4.5-5),0.36004116359630683,Epson,3.2516268980477228
B01BFKTM02,"Epson LabelWorks Standard LK (Replaces LC) Tape Cartridge ~1/4"" Black on White (LK-2WBN) - for use with LabelWorks LW-300, LW-400, LW-600P and LW-700 Label Printers",14.99,3.7,33,Budget (<$20),Average (3.5-4),0.2700185526067862,Epson,4.040431266846361
B01BFND49Y,MEE audio M6 PRO Replacement Headset Cable (Black),,4.1,110,,Good (4-4.5),0.31006319481686545,MEE,
B01BFNFXUM,Laptop Sleeve with Handles,,3.7,36,,Average (3.5-4),0.27002029191367244,Laptop,
B01BFNQFKY,Sony Alpha a6300 Mirrorless Digital Camera with E PZ 16-50mm F3.5-5.6 OSS Power Zoom Lens (Black),712.0,4.5,478,Premium (>$500),Good (4-4.5),0.35027654979490674,Sony,157.87139689578714
B01BFONGL4,HSS Flash,,3.7,40,,Average (3.5-4),0.2700226109895207,HSS,
B01BFOX1I2,TiVo TCDA93000 TiVo Mini2 (RF Version) (Certified Refurbished),,3.7,21,,Average (3.5-4),0.2700115953792414,TiVo,
B01BFQJ3NC,Josi Minea x 2 Pcs 3.5mm Audio Jack Extender Headphone Adapter with Gold Plated 4-Pole Connectors for Apple iPhone 6/6S/6+/5S/5 iPad Samsung Galaxy S6/S5 Note & Most Smartphones & Tablets [ 2 Pack ],,4.2,126,,Good (4-4.5),0.32007247112025866,Josi,
B01BFQJ7JC,Josi Minea x 3 Pcs 3.5mm Audio Jack Extender Headphone Adapter with Gold Plated 4-Pole Connectors for Apple iPhone 6/6S/6+/5S/5 iPad Samsung Galaxy S6/S5 Note & Most Smartphones & Tablets [ 3 Pack ],,4.0,70,,Average (3.5-4),0.30004000405838277,Josi,
B01BFQJBFM,Josi Minea x 5 Pcs 3.5mm Audio Jack Extender Headphone Adapter with Gold Plated 4-Pole Connectors for Apple iPhone 6/6S/6+/5S/5 iPad Samsung Galaxy S6/S5 Note & Most Smartphones & Tablets [ 5 Pack ],,4.3,46,,Good (4-4.5),0.3300260896032931,Josi,
B01BFUV0TS,"BM Premium LP-E17 Battery and Charger for Canon Rebel EOS R8, EOS R10, EOS R50, EOS R100, EOS RP, EOS M3, EOS M5, EOS M6, EOS M6 II, SL2, SL3, T6i, T6s, T7i, T8i, EOS 750D, EOS 760D, EOS 8000D",15.99,4.2,78,Budget (<$20),Good (4-4.5),0.32004464221007933,BM,3.798099762470309
B01BFXX3D6,Eve Energy (1st Generation) - Switch & Power Meter,,3.6,62,,Average (3.5-4),0.2600353659066862,Eve,
B01BFZ2SW6,"APEVIA X-QBER-GN Micro ATX Cube Gaming/HTPC Case, Supports VGA up to 320mm/ATX PS, 2 x Windows, USB3.0/USB2.0/HD Audio/SD/Micro SD Ports, 1 x 140mm Green LED fan, Flip Open Design, Dust Filter – Green",,4.0,13,,Average (3.5-4),0.3000069572275449,APEVIA,
B01BFZIS70,"APEVIA X-QBER-PK Micro ATX Cube Gaming/HTPC Case, Supports VGA up to 320mm/ATX PS, 2 x Windows, USB3.0/USB2.0/HD Audio/SD/Micro SD Ports, 1 x 140mm Red LED fan, Flip Open Design, Dust Filter – Pink",,4.5,9,,Good (4-4.5),0.3500046381516966,APEVIA,
B01BFZW9BG,"APEVIA X-QBER-WHT Micro ATX Cube Gaming/HTPC Case, Supports VGA up to 320mm/ATX PS, 2 x Windows, Top USB3.0/USB2.0/HD Audio/SD/Micro SD, 1 x 140mm White LED fan, Flip Open Design, Dust Filter - White",,3.8,16,,Average (3.5-4),0.280008696534431,APEVIA,
B01BG0TRRO,"Roberly One Punch Man Vinyl Decal Sticker for Car Window, Laptop and More. # 927 (6"" x 4.9"", White)",,4.0,70,,Average (3.5-4),0.30004000405838277,Roberly,
B01BG78B1U,ASTRO Gaming 3ACBL-AGH9X-807 Replacement Tool,24.95,4.5,262,Low ($20-50),Good (4-4.5),0.35015131969909996,ASTRO,5.532150776053215
B01BGGH2IO,"Corsair Memory Only Force Series LE SSD, SATA 6Gbps 480GB 2.5"" CSSD-F480GBLEB",283.8,4.5,336,High ($200-500),Good (4-4.5),0.350194222602293,Corsair,62.926829268292686
B01BGIYLJA,"APC 3-Outlet Surge Protector 1080 Joule with 3 USB Charging Ports, SurgeArrest Essential (P3U3)",,4.7,544,,Excellent (4.5-5),0.3703148145464033,APC,
B01BGJJI6A,UpBright 19.5V 3.33A 65W AC/DC Adapter Compatible with HP 15-N013 15-ab010nr 15-af030ca 15-f271wm 15-f271 15-f272wm 15-f272 15-f337nr 15-f337 15-ba018wm Pavilion AR58125 Laptop Power Supply Charger,13.99,4.4,67,Budget (<$20),Good (4-4.5),0.3400382647514966,UpBright,3.1723356009070294
B01BGKIQO4,"APEVIA AF512L-RD 4 Pin Plus 3 Pin Silent LED Case Fan Best Value, 120mm, Red, 5 Piece",,4.2,176,,Good (4-4.5),0.32010145956836206,APEVIA,
B01BGLYAAW,kwmobile 3-in-1 Micro USB Card Reader - Universal OTG Adapter for Fire HD 8 (2015) - Adapter Hub Compatible with Android Devices - Black,,3.9,22,,Average (3.5-4),0.29001217514820343,kwmobile,
B0054LAUJQ,"InFocus Genuine Replacement Projector Lamp for IN112, IN114, IN116 and IN114ST",139.99,3.0,7,Mid-High ($100-200),Poor (<3),0.20000347861377243,InFocus,46.50830564784054
B01BGM7WZ6,"IOGEAR USB 3.0 to DVI External Video Card, GUC3020DW6",,3.9,48,,Average (3.5-4),0.2900272491412172,IOGEAR,
B01BGUX4U0,"Ceptics New Zealand, Australia, Sydney Travel Adapter Power Plug (Type I) - Dual USB + 1 USA Input Socket - Perfect for Travelling Vacation Charging Cell Phones, Laptops, Tablets & More GP4-16",12.99,4.2,113,Budget (<$20),Good (4-4.5),0.32006493412375175,Ceptics,3.085510688836105
B01BGV2FA4,"Monoprice Cat6A Ethernet Patch Cable - 1 Feet - Blue | Network Internet Cord - RJ45, 550Mhz, UTP, Pure Bare Copper Wire, 10G, 30AWG, 5-Pack - SlimRun Series",,4.8,3341,,Excellent (4.5-5),0.3819364283333092,Monoprice,
B01BGV2LIU,"Monoprice Cat6A Ethernet Patch Cable - 3 Feet - White | Network Internet Cord - RJ45, 550Mhz, UTP, Pure Bare Copper Wire, 10G, 30AWG, 5-Pack - SlimRun Series",,4.8,3390,,Excellent (4.5-5),0.38196483701245054,Monoprice,
B01BGV2T5U,"Monoprice Cat6A Ethernet Patch Cable - 3 Feet - Black | Network Internet Cord - RJ45, 550Mhz, UTP, Pure Bare Copper Wire, 10G, 30AWG, 10-Pack - SlimRun Series",21.98,4.8,131,Low ($20-50),Excellent (4.5-5),0.3800753699650689,Monoprice,4.5696465696465705
B01BGV2TAA,"Monoprice Cat6A Ethernet Patch Cable - 1 Feet - Black | Network Internet Cord - RJ45, 550Mhz, UTP, Pure Bare Copper Wire, 10G, 30AWG, 10-Pack - SlimRun Series",20.98,4.9,265,Low ($20-50),Excellent (4.5-5),0.3901530590059862,Monoprice,4.272912423625255
B01BGV3382,Monoprice - 115165 SlimRun Cat6A Ethernet Patch Cable - Snagless RJ45 UTP Pure Bare Copper Wire 10G 30AWG 10ft Black 10-Pack,31.48,4.8,101,Low ($20-50),Excellent (4.5-5),0.38005797689620685,Monoprice,6.544698544698545
B01BGZEWO2,Corsair Dominator Platinum 32GB (2x16GB) DDR4 3200MHz C16 Desktop Memory,,4.6,276,,Excellent (4.5-5),0.3601594364645689,Corsair,
B01BH0QM3A,24V DC Universal AC/DC Slimline Regulated Switching Wall Adapter Power Supply,,3.5,19,,Below Avg (3-3.5),0.2500104358413172,24V,
B01BH1LMPW,Fujifilm Instax Groovy Camera Case For Instax Mini 8 and 9 - Raspberry,9.49,4.5,5094,Budget (<$20),Good (4-4.5),0.3529527633238155,Fujifilm,2.1042128603104215
B01BH1V414,"Panasonic LUMIX DMC-ZS100 Digital Camera (Black) Bundle with 64GB Memory Card, Cable, Battery with Dual Charger, Case with Accessories, and Video Software Suite (6 Items)",,3.8,37,,Average (3.5-4),0.28002087168263445,Panasonic,
B01BH26M5G,"ChargerCity XT Boat Helm Pole Bar Spin Bike Tablet Mount w/Universal Tablet Holder for iPad Pro, iPad Air, iPad Mini, Galaxy Tab S, Surface Pro Book & All Other 7""-12"" Screen Tablets",21.95,4.3,97,Low ($20-50),Good (4-4.5),0.3300556578203586,ChargerCity,5.092807424593968
B01BH2FSGU,"Bulldog Napping Cute Car Truck SUV Laptop Cup Tumbler Window Die Cut Vinyl Decal Sticker Approx. 3.5"" Inches Black",5.49,4.6,20,Budget (<$20),Excellent (4.5-5),0.3600110156102793,Bulldog,1.190889370932755
B01BH5FFEC,Acoustimass 10 Series V,,4.6,34,,Excellent (4.5-5),0.36001913237574823,Acoustimass,
B01BH5KNPS,"PRO 67mm Filter Kit + PRO Tulip Lens Hood for Nikon AF-S DX Nikkor 18-140mm f/3.5-5.6G ED VR - 67 mm Polarizing Filter, 67mm UV Filter, 67mm Florescent Filter & 67mm Flower Lens Shade Hood",24.95,4.2,15,Low ($20-50),Good (4-4.5),0.32000811676546903,PRO,5.9263657957244655
B01BH5TLK6,Ipevo PadPillow Stand for iPad Air & iPad 4/3/2/1Nexus/Galaxy - Charcoal Gray (MEPX-07IP),,4.4,4929,,Good (4-4.5),0.3428571014450742,Ipevo,
B01BH6TLVO,"62MM 0.43x Wide Angle Conversion Lens with Macro Close-Up Attachment for Canon, Carl Zeiss, Fujifilm, Nikon, Panasonic, Pentax, Olympus, Samsung, Sigma, Tamron, Tokina Lens",36.0,3.0,19,Low ($20-50),Poor (<3),0.20001043584131725,62MM,11.960132890365449
B01BH714XG,MEE audio MMCX Headset Cable with in-line Remote and Microphone for Pinnacle P1 in-Ear Headphones (Black),,3.0,46,,Poor (<3),0.2000260896032931,MEE,
B01BH8NDZ2,"APEVIA X-ENERQ-GN Micro ATX /Mini ATX Gaming/HTPC Case, Supports Video Card up to 290mm/ATX PS, 1 x Window, USB3.0/USB2.0/HD Audio/SD/Micro SD Ports, 2 x 120mm Green LED fans, Dust Filter – Green",,3.4,20,,Below Avg (3-3.5),0.2400110156102793,APEVIA,
B01BH8RR8Q,"APEVIA X-ENERQ-RD Micro ATX /Mini ATX Gaming/HTPC Case, Support VGA up to 290mm/ATX PS, USB3.0/2.0/HD Audio/SD/Micro SD Ports,2x120mm Red LED fans–Red",,3.5,19,,Below Avg (3-3.5),0.2500104358413172,APEVIA,
B01BH8Z5NK,"APEVIA X-ENERQ-WHT Micro ATX/Mini ATX Gaming/HTPC Case, Supports Video Card up to 290mm/ATX PS, 1 x Window, USB3.0/USB2.0/HD Audio/SD/Micro SD Ports, 2 x 120mm Blue LED fans, Dust Filter – White",,4.5,26,,Good (4-4.5),0.35001449422405173,APEVIA,
B01BH95LM4,"APEVIA X-ENERQ-PK Micro ATX/Mini ATX Gaming/HTPC Case, Support VGA up to 290mm/ATX PS, USB3.0/2.0/HD Audio/SD/Micro SD Ports, 2x120mm Red LED fan–Pink",,4.5,13,,Good (4-4.5),0.3500069572275449,APEVIA,
B01BH97AYQ,"BOPO TECH 25 Feet USB 3.0 Cable B-A A Male to B Male Superspeed A-B/A Male to B Male for Scanner, Printers, Desktop External Hard Drivers and More",,3.8,23,,Average (3.5-4),0.2800127549171655,BOPO,
B01BH99YDG,Nikon COOLPIX S33 13.2MP Waterproof Digital Camera - Blue (Renewed),,3.4,17,,Below Avg (3-3.5),0.24000927630339308,Nikon,
B01BH9DAUY,"Goldwood TR8D 8"" Dual Sealed Car Box Speaker Cabinet",,4.4,172,,Good (4-4.5),0.34009914049251383,Goldwood,
B01BH9DBGM,"Goldwood TR8S 8"" Single Sealed Car/Truck Box Speaker Cabinet",39.99,3.9,47,Low ($20-50),Average (3.5-4),0.29002666937225513,Goldwood,10.22762148337596
B01BH9XIWO,"APEVIA X-QTIS-WHT Micro ATX Gaming/HTPC Case, Supports Video Card up to 340mm/ATX PS, 1 x Window, USB3.0/USB2.0/HD Audio Ports, 1 x 120mm Blue LED fan, Dust filter, White",,3.6,19,,Average (3.5-4),0.2600104358413172,APEVIA,
B01BHAU6QO,Bragi - The Dash Truly Wireless Smart Earphones,,3.0,842,,Poor (<3),0.2004875856970997,Bragi,
B01BHD7WR2,"Sena USB Bluetooth Adapter 300m Working Dist, UD100-G03 (300m Working Dist. Exchangeable Antenna, Bluesoleil Driver (Works with Microsoft Bluetooth Driver)), red, Black",36.99,4.4,89,Low ($20-50),Good (4-4.5),0.34005101966866214,Sena,8.387755102040817
B01BHJVQ4Q,KIQ Armor Series for Samsung Galaxy Tab E 9.6 Case Thick Protective Kickstand Case for Samsung Galaxy Tab E Case SM-T560 2015 (SM-T560/T561/T565/T567) - Camouflage,20.99,4.4,1844,Low ($20-50),Good (4-4.5),0.34106851419709255,KIQ,4.759637188208616
B01BHL9ZFG,"YTR.co 3D VR Virtual Reality Headset with Head-mounted Headband for 3D Movies and Games, Fits Most Phones Google, iPhone, Samsung Note, LG, HTC, Moto - 3D Glasses",,3.0,17,,Poor (<3),0.2000092763033931,YTR.co,
B01BHM8IH6,Marshal 4TB Standard Size External Hard Drive MAL34000EX3-BK USB3.0 USB2.0 Shelter Drive,,4.2,25,,Good (4-4.5),0.3200139144550897,Marshal,
B01BHQ18BU,"BOSS Audio Systems BVCP9675 Double Din, Apple CarPlay, Bluetooth, MP3 USB - - no CD DVD AM FM Receiver, 6.75 Inch Capacitive Touchscreen",,3.3,45,,Below Avg (3-3.5),0.230025509834331,BOSS,
B01BHQ1ELY,"Sound Storm Laboratories SSL S13.3BGT All-in-one Ceiling-Mount Tft Monitor & Multimedia Player with Ir Transmitter, Fm Modulator",,3.7,50,,Average (3.5-4),0.2700284086791414,Sound,
B01BHV3QEW,ZOTAC NVIDIA GeForce GT 610 ZONE Edition 1GB GDDR3 2DVI/Mini HDMI PCI-Express Video Card ZT-60603-20L,148.86,4.1,365,Mid-High ($100-200),Good (4-4.5),0.31021103590219296,ZOTAC,36.21897810218979
B01BHX72AE,ION Audio Solar Stone | Wireless Solar-Rechargeable Outdoor Speakers (Pair),,3.2,61,,Below Avg (3-3.5),0.22003478613772415,ION,
B01BHX72L8,ION Audio Solar Stone | Wireless Solar-Rechargeable Garden Speaker (Single),,3.0,110,,Poor (<3),0.2000631948168655,ION,
B01BI0X6KQ,"MSI AM3+, AMD 970, SATA 6Gb/s, USB 3.1 Gen2, ATX Motherboard 970A-G43 Plus",,4.0,96,,Average (3.5-4),0.3000550780513966,MSI,
B01BI332JI,Samsung BD-H6500 4K Upscaling 3D Smart Wi-Fi Blu-ray Player with Remote Control + Xtech Blu-Ray Disc Laser Lens Cleaner + Xtech High-Speed HDMI Cable w/Ethernet + HeroFiber Ultra Gentle Cleaning Cloth,,4.1,34,,Good (4-4.5),0.31001913237574824,Samsung,
B01BI8EEP4,PTZOptics 20x-USB Gen2 Full HD Broadcast and Conference Indoor PTZ Camera (Gray),,4.5,65,,Good (4-4.5),0.3500371052135724,PTZOptics,
B01BI8S8OC,"Samsung Galaxy TabPro S SM-W703NZKAXAR 12-Inch Tablet (Intel Core M3 6Y30 0.90 GHz, 128 GB SSD, 4GB RAM, Windows 10 Pro)",,3.3,22,,Below Avg (3-3.5),0.23001217514820343,Samsung,
B01BI8T73S,60 Postcards - Woodland Animals Thank You - 6 Different Images,,4.8,53,,Excellent (4.5-5),0.3800301479860276,60,
B01BI8U5MA,Ducky Shine 5 RGB LED Backlit Blue Cherry MX Mechanical Keyboard,,3.5,34,,Below Avg (3-3.5),0.25001913237574824,Ducky,
B01BICC7PO,"KIQ Galaxy Tab E 9.6 T560 Tempered Glass Screen Protector, 9H Tough 0.30mm Scratch-Resist Self-Adhere Easy-to-install with cleaning cloth For Samsung Galaxy Tab E 9.6 SM-T560",8.99,4.4,397,Budget (<$20),Good (4-4.5),0.3402295885089793,KIQ,2.0385487528344672
B01BICHNT4,"Oyen Digital 2.5"" to 3.5"" Hard Drive/SSD Converter Adapter",20.0,5.0,5,Budget (<$20),Excellent (4.5-5),0.4000023190758483,Oyen,3.9920159680638725
B01BID04F8,"2016 HP 17.3-Inch High Performance Laptop PC, AMD Quad-Core A6-6310 Processor, 4GB Memory, 500GB HDD, SuperMulti DVD Burner, Webcam, WIFI, HDMI, Windows 10",,4.2,40,,Good (4-4.5),0.32002261098952073,2016,
B01BIEVH7Q,"Boostwaves® WA-2802 Amplified HD Digital Outdoor HDTV Antenna with Motorized 360° Rotation, UHF/VHF/FM Radio with Infrared Remote Control for 2 TVs -Installation Kit",,4.0,27,,Average (3.5-4),0.3000150739930138,Boostwaves®,
B01BIFEC86,"LITEBOX LED Photo Studio Shooting Tent Kit in a Box - 2 Dimmable Light Bars, 4 Backdrops, Tripod & Premium Travel Bag! (5500K Daylight) - 24"" x 24""",,3.6,56,,Average (3.5-4),0.26003188729291377,LITEBOX,
B01BIFT8LM,Panasonic DMC-ZS40S Digital Camera with 3-Inch LCD (Silver) (Certified Refurbished),,4.8,19,,Excellent (4.5-5),0.3800104358413172,Panasonic,
B01BIJXYXG,CTA Digital 2-in-1 Flexible Desk Clamp LED Lamp & Mount (PAD-FDC),,3.6,17,,Average (3.5-4),0.2600092763033931,CTA,
B01BIJY0S4,"CTA Digital Fridge Wall Mount for Tablets up to 9.75"" in Length PAD-FWM",23.24,4.6,13,Low ($20-50),Excellent (4.5-5),0.36000695722754483,CTA,5.0412147505422995
B01BIJYJ80,"Tabletop Arm Mount - CTA Metal Arm Mount with Cable Routing System for iPad 7th/ 8th/ 9th Gen 10.2"", iPad Pro 11"", iPad 5th & 6th Gen, and Other 7-12"" Tablets, (PAD-TAM), Gray",,3.9,691,,Average (3.5-4),0.29040004058382735,Tabletop,
B01BITAWDQ,"Kroo Universal Tablet Folio Case fits 10 to 12"" (MU12VTK1)",,3.3,49,,Below Avg (3-3.5),0.23002782891017928,Kroo,
B01BJ0898Y,NUC LID Additional Dual USB 2.0 Ports for 5th and 6th GEN NUC,,4.7,21,,Excellent (4.5-5),0.37001159537924144,NUC,
B01BJ0XZ2O,"2-Pack 3.5mm Audio Stereo Y Splitter Cable 3.5mm Male to 2 Port 3.5mm Female for Earphone and Headset Splitter Adapter, Compatible with iPhone, Samsung, LG Smartphones, Tablets, MP3 players, White",,4.0,63,,Average (3.5-4),0.3000359456756483,2-Pack,
B01BJ3P5EC,Camera and Action Cam Head Mount Harness Strap Holder Band to Use for Action Sports Fits Universal Canon Nikon Sony Samsung Olympus Vivitar GoPro,8.45,3.9,129,Budget (<$20),Average (3.5-4),0.29007421042714476,Camera,2.1611253196930944
B01BJ7014W,Portable 7 Inch LCD Digital HD Television TV - ATSC/NTSC Tuner USB SD Slots,99.9,3.8,27,Mid ($50-100),Average (3.5-4),0.28001507399301373,Portable,26.220472440944885
B01BJFLYUO,ClearClick Direct to Digital Cassette Tape Converter with Cassette to CD Wizard 2.0 Software,,3.5,29,,Below Avg (3-3.5),0.25001623353093794,ClearClick,
B01BJL80BO,"OtterBox iPad Air Case - OtterBox AGILITY Shells, CHARCOAL (CHARCOAL/BLACK)(77-38100)",,4.0,74,,Average (3.5-4),0.30004232313423107,OtterBox,
B01BJL9MEI,LifeProof FRĒ iPad Air (1st Gen Only) Waterproof Case - Retail Packaging - Black,79.5,4.4,1294,Mid ($50-100),Good (4-4.5),0.3407496412679548,LifeProof,18.027210884353742
B01BJLB2EG,LifeProof FRE iPad Mini 1/2/3 Waterproof Portfolio Cover + Stand ONLY (Case sold separately) – Retail Packaging - GREY,,4.2,82,,Good (4-4.5),0.32004696128592763,LifeProof,
B01BJYJSB2,"{ Filter Set for DJI } DJI Phantom 3 Professional, Advanced and Standard Quadcopter. Filter Kit Includes: UV + Polarizer + Neutral Density ND8 & ND4 Filters",,3.5,108,,Below Avg (3-3.5),0.25006203527894133,{,
B01BK18VPI,AMX3d Lilypad Development Main Board - The Silver Dollar Sized Arduino Compatible Designed for e-Textile and Wearable Projects– Power by Battery or USB Connector Cable.,20.51,3.9,35,Low ($20-50),Average (3.5-4),0.29001971214471034,AMX3d,5.2455242966751925
B01BK6HWO4,"TrendBox 2.4"" Car Recorder Camera Rearview Dash Cam Video LCD Mirror Vehicle DVR for Most Car Model Traveling",,3.9,18,,Average (3.5-4),0.29000985607235513,TrendBox,
B01BKA5P2G,Intova Duo Waterproof HD POV Sports Video Camera,,3.6,187,,Average (3.5-4),0.2601078370269448,Intova,
B01BKA5P5I,Intova Duo Waterproof HD POV Sports Video Camera,,3.6,187,,Average (3.5-4),0.2601078370269448,Intova,
B01BKF1GGU,Fusion Entertainment MS-RA70 Marine Entertainment System with Bluetooth,269.99,4.6,314,High ($200-500),Excellent (4.5-5),0.3601814676851275,Fusion,58.56616052060738
B01BKF1LWY,Fusion Entertainment MS-RA70N Marine Entertainment System with Bluetooth with NMEA 2000 compatibility,299.98,4.6,109,High ($200-500),Excellent (4.5-5),0.3600626150479034,Fusion,65.0715835140998
B01BKUB66U,"Garmin vívoactive HR GPS Smart Watch, X-large fit - Black",,4.1,5896,,Good (4-4.5),0.3134177380313945,Garmin,
B01BKWGAAA,GOCONTROL GB00Z-2 Wave Glass Break Detector (White),44.99,3.1,16,Low ($20-50),Below Avg (3-3.5),0.21000869653443105,GOCONTROL,14.466237942122188
B01BKXES0I,"Dell XPS XPS9350-5341SLV 13.3 Inch QHD Touchscreen Laptop (Intel Core i7 with Iris Graphics, 8 GB RAM, 256 GB SSD, Silver)",,3.6,96,,Average (3.5-4),0.26005507805139655,Dell,
B01BKY03O2,KEYKO Genuine KT-1280 12V 8Ah REAL Capacity 8.0 Amp 20Hrs Battery SLA Sealed Lead Acid / AGM Replacement - F2 -F1 Adapter,,3.6,10,,Average (3.5-4),0.2600052179206586,KEYKO,
B07N2QB9Y7,"G.G.Martinsen MP3/MP4 Player,Support Photo Viewer- Blue",,3.1,42,,Below Avg (3-3.5),0.21002377052744484,G.G.Martinsen,
B01BKZGBQA,Linksys AC1200 Amplify Dual Band High-Power Wi-Fi Range Extender (Certified Refurbished),,3.7,95,,Average (3.5-4),0.27005449828243444,Linksys,
B01BL0CKIM,Akitio Thunder3 Duo Pro (Thunderbolt3 - Enclosure Only) - Windows ONLY : Currently not Supported by Mac,,4.3,17,,Good (4-4.5),0.3300092763033931,Akitio,
B01BL5WKJ6,"Sew Pro 4GB Vintage Sewing Machine USB Flash Drive for PC and Mac, Embroidery and Sewing Machines",,4.2,119,,Good (4-4.5),0.3200684127375242,Sew,
B01BL7CCBA,"Verbatim 32GB Premium microSDHC Memory Card with Adapter, UHS-I V10 U1 Class 10, Black (44083)",6.97,4.6,12891,Budget (<$20),Excellent (4.5-5),0.36747322192106446,Verbatim,1.5119305856832974
B01BLC5P0U,Sewell Direct Instacom USB to Serial Adapter 6' with Posts (SW-29968),,3.7,38,,Average (3.5-4),0.27002145145159656,Sewell,
B01BLFYZFI,Tough Tested V4.1 Bluetooth Headset Earphones | Wireless Neckband Headset with 10x Noise Canceling in-Ear Earbuds and Speaker Mode,,3.8,93,,Average (3.5-4),0.28005333874451027,Tough,
B01BLGYMGY,"Fovitec - 1x 28"" Photography Beauty Dish Carrying Case - [Foam Padded][Multiple Separate Compartments][Expansion Zippers][Lightweight][Durable Nylon]",24.98,4.4,187,Low ($20-50),Good (4-4.5),0.34010783702694486,Fovitec,5.6643990929705215
B01BLHLCNY,"Galaxy S7 Edge Case, Scratch Resistant i-BlasonClear Halo Series Samsung Galaxy S7 Edge Hybrid Bumper Case Cover 2016 Release (Clear (Anti-Scratch))",,4.4,1115,,Good (4-4.5),0.3406458626237445,Galaxy,
B01BLQOCYG,"Sony MDRRF985RK Wireless RF Headphone, Black (Certified Refurbished)",,3.8,141,,Average (3.5-4),0.2800811676546896,Sony,
B01BLQT6YW,Polaroid Protective Silicone Skin for Polaroid Snap Instant Print Digital Camera (White),5.99,2.8,69,Budget (<$20),Poor (<3),0.18003942428942066,Polaroid,2.1316725978647693
B01BLQT976,Polaroid Protective Silicone Skin for Polaroid Snap Instant Print Digital Camera (Clear),,3.3,49,,Below Avg (3-3.5),0.23002782891017928,Polaroid,
B01BLR8S3Q,"Vintage Portable Turntable - 3 Speed Record Player Suitcase - Built in Stereo Speaker and Battery - 1/8” Stereo Headphone Jack, Aux Input, RCA Output – Blue VinylPal by ProduTrend",,3.7,123,,Average (3.5-4),0.2700707318133724,Vintage,
B01BLRQJUU,Cobra Electronics SPX 7800BT Maximum Performance Radar/Laser/Camera Detector (Renewed),,3.8,64,,Average (3.5-4),0.2800365254446103,Cobra,
B01BLSARYS,Flexson Desk Stand for SONOS Play:1 Speakers - Black - Single,,4.5,474,,Good (4-4.5),0.3502742307190585,Flexson,
B01BLTB7C8,"Josi Minea x5 Pcs USB 3.1 Type C (USB-C) to Micro USB Adapter Connector for Samsung Galaxy S8 & S8 Plus, Google Pixel, GoPro HERO5, LG G6 & G5, Nexus 5X/6P New Macbook & OnePlus 3/2 - White [ 5 Pack ]",,3.9,92,,Average (3.5-4),0.2900527589755482,Josi,
B01BLTB8OU,"Josi Minea x5 Pcs USB 3.1 Type C [ USB-C ] to Micro USB Adapter Connector for Samsung Galaxy S8 & S8 Plus, Google Pixel, LG G6 / G5 / V20, Nexus 5X / 6P, New MacBook, OnePlus 3/2 - Black [ 5 Pack ]",,3.9,87,,Average (3.5-4),0.29004986013073786,Josi,
B01BLTQ3E0,"2-Pair Earbuds Microphone with Volume Control, EldHus 6S Headphones with Mic, Android Earphones Noise Cancelling Headphone for 3.5mm Port",,3.9,119,,Average (3.5-4),0.2900684127375241,2-Pair,
B01BLTYGJ4,"Kenwood Marine Radio Stereo Bluetooth Receiver Bundle, 1998 2013 Harley Davidson Motorcycle Touring Flht Flhx Flhtc, Adapter Install Dash Kit, Handle Bar Control, Enrock Wire Antenna",,3.9,133,,Average (3.5-4),0.29007652950299306,Kenwood,
B01BLU6N9E,"Kenwood Marine Digital Media Bluetooth Receiver, 1996-13 Scosche Harley Davidson Weathershield, Scosche Handlebar Control Interface, 1996-12 Harley Davidson ISO DIN Kit, Antenna",,3.4,25,,Below Avg (3-3.5),0.24001391445508963,Kenwood,
B01BLV35HG,"KICKER CompR8 8-Inch (20cm) Subwoofer, DVC, 4-Ohm, 300W",,4.5,142,,Good (4-4.5),0.3500817474236517,KICKER,
B01BLV364S,"KICKER CompR10 10-Inch (25cm) Subwoofer, DVC, 4-Ohm, 400W",129.95,4.5,87,Mid-High ($100-200),Good (4-4.5),0.3500498601307379,KICKER,28.813747228381374
B01BLVEV8S,"KICKER Pair 43DSC3504 DSC350 80 Watt 3.5"" 3 1/2"" 2-Way Car Stereo Speakers DS350",49.99,4.6,2045,Low ($20-50),Excellent (4.5-5),0.3611850477584682,KICKER,10.843817787418656
B01BLVEW4G,"KICKER Pair 43DSC6704 DSC670 240 Watt 6.75"" 2-Way Car Audio Speakers 4-Ohm DS670",79.99,4.6,1007,Mid ($50-100),Excellent (4.5-5),0.36058324757584104,KICKER,17.351409978308027
B01BLVEYNK,"KICKER CompRT12 12-Inch (30cm) Subwoofer, DVC, 1-Ohm, 500W",,4.3,48,,Good (4-4.5),0.3300272491412172,KICKER,
B01BLVEZ3O,"KICKER CompRT12 12-Inch (30cm) Subwoofer, DVC, 2-Ohm, 500W",,4.4,168,,Good (4-4.5),0.34009682141666553,KICKER,
B01BLVEZG6,"KICKER CompRT67 6.75-inch (165mm) Subwoofer, DVC, 1-Ohm, 150W",,4.7,107,,Excellent (4.5-5),0.3700614555099793,KICKER,
B01BLVF1ZA,Kicker CXA1800.1 1800-Watt Mono Class D Subwoofer Amplifier,499.99,4.7,154,High ($200-500),Excellent (4.5-5),0.37008870465119653,Kicker,106.15498938428875
B01BLW61LM,"Kicker CompRT12 12-inch (30cm) Subwoofer in Thin Profile Enclosure, 4-Ohm, 500W",,4.6,109,,Excellent (4.5-5),0.3600626150479034,Kicker,
B01BLYO3FG,"Poetic iPad Pro 9.7 Case, Corner/Bumper Protection, Dual Protection, Stylish PC, TPU Case with Pencil Holder, Compatible with Apple Smart Keyboard - Black",,4.0,124,,Average (3.5-4),0.30007131158233447,Poetic,
B01BLYO4FK,"iPad Pro 9.7 Case, Poetic Quarterback [Corner/Bumper Protection][Dual Protection] - Stylish PC+TPU Case for iPad Pro 9.7 with Pencil Holder, Compatible w/Apple Smart Keyboard Green/Gray",,3.5,18,,Below Avg (3-3.5),0.25000985607235515,iPad,
B01BLZ8BA8,TV Remote Add-on for Fire TV Stick Remote (Control Your TV Directly from Your Fire TV Remote),19.99,3.7,331,Budget (<$20),Average (3.5-4),0.27019132375748267,TV,5.388140161725067
B01BM3QGAG,Crux SWRTY-61J Radio Replacement Accessories,79.91,4.2,210,Mid ($50-100),Good (4-4.5),0.3201211717130724,Crux,18.980997624703086
B01BM6S0AM,"2016 Dell Inspiron i3543 15.6-inch Touchscreen Laptop PC, Intel Core i3-5005U 2.00 GHz, 4GB DDR3L RAM, 1TB HDD, DVDRW, HDMI, Bluetooth, MaxxAudio, Windows 10",,3.7,57,,Average (3.5-4),0.27003246706187584,2016,
B01BM7VSBO,Creative Woof 3 Bluetooth Wireless Speaker (Crystallite Blue),,4.3,38,,Good (4-4.5),0.33002145145159656,Creative,
B01BM8G3UY,"2016 Dell Inspiron 15 15.6-inch Touchscreen Flagship Laptop, AMD A10-8700P, 8GB, 1TB HDD, DVDRW, Radeon R6 Graphics, HDMI, Bluetooth, Win 10- Silver",379.0,3.2,95,High ($200-500),Below Avg (3-3.5),0.22005449828243448,2016,118.06853582554517
B01BMB3FCK,"Philips 276E6ADSS 27-Inch Class IPS Quantum Dot Technology/Adobe RGB LED-Lit Monitor, Full HD 1920 x 1080Resolution, 5ms, 20M:1 DCR, 300cd/m2 Brightness, VGA/DVI/HDMI w/MHL, Audio in/Out",,3.6,26,,Average (3.5-4),0.2600144942240517,Philips,
B01BMFXNQE,"iGadgitz U4330 Mini Lightweight Table Top Stand Tripod and Grip Stabilizer Compatible with Digital Cameras, DSLRs, Video Cameras & Camcorders - Black",19.99,4.6,2002,Budget (<$20),Excellent (4.5-5),0.3611601176930993,iGadgitz,4.336225596529284
B01BMJ0Z1Q,Gigabyte GeForce GTX 980Ti 6GB XTREME Gaming Graphic Card GV-N98TXTREME C-6GD,,3.8,21,,Average (3.5-4),0.28001159537924136,Gigabyte,
B01BMJ16PA,"Emtec 8GB Click USB Flash Drive, 5-Pack (ECMMD8GB102P5)",,3.9,38,,Average (3.5-4),0.2900214514515965,Emtec,
B01BMJ1K24,Thermaltake Core P5 Green Edition ATX Open Frame Panoramic Viewing Tt LCS Certified Gaming Computer Case CA-1E7-00M8WN-00,,4.3,103,,Good (4-4.5),0.33005913643413104,Thermaltake,
B01BMJ25DC,Kingston Digital 16GB USB 2.0 DT SE9 and GE9 Combo (KW-B2316),,4.0,34,,Average (3.5-4),0.3000191323757483,Kingston,
B01BMJ25ZA,"Kingston Digital 8GB Micro SD Flash Card One Adapter with Jcase, Pack of 2 (SDC4/8GB-2P1AET)",,4.2,156,,Good (4-4.5),0.3200898641891207,Kingston,
B01BMLTY8E,"Acer Predator Gaming Utility Backpack (Red) 17.3” for All Gaming Laptops – Water Resistant, Spacious and Durable for Everyday use",,4.2,77,,Good (4-4.5),0.32004406244111727,Acer,
B01BMNXJ06,"Pyle 50"" Inch Portable Projector Screen - Portable Floor Standing Fold-Out Roll-Up Tripod Manual, Office Presentation, Quick Assembly - PRJTP53",39.13,4.2,725,Low ($20-50),Good (4-4.5),0.32041975272853773,Pyle,9.294536817102138
B01BMNXKI2,"Sharper Image Rugged & Durable Bluetooth Speaker, Portable & Rechargeable (Black)",,3.0,18,,Poor (<3),0.2000098560723552,Sharper,
B01BMNXKW8,"Sharper Image SBT1006BK Bluetooth Wireless Tailgate Speaker with Equalizer, Microphones & Guitars Inputs, Aux-in, Portable & Rechargeable (Black)",,3.3,59,,Below Avg (3-3.5),0.23003362659979995,Sharper,
B01BMNYCMA,"Zoom ECM-3 Extension Cable for Zoom Interchangeable Input Capsules, 3 Meters, works with H5, H6, Q8, U-44, F1, F4, F8n, and F8",89.99,4.4,55,Mid ($50-100),Good (4-4.5),0.3400313075239518,Zoom,20.405895691609974
B01BMPDJS6,"Kenwood DDX773BH 6.95"" in Dash Touchscreen DVD CD Receiver with Built in Bluetooth, AM/FM Tuner and HD Radio",,4.1,108,,Good (4-4.5),0.31006203527894133,Kenwood,
B01BMRTZGE,Teensy LC USB Development Board Without Pins,,4.7,173,,Excellent (4.5-5),0.37009972026147586,Teensy,
B01BMS3GTA,"Asus Q502LA-BBI5T14 15.6in Touch-Screen Laptop Convertible - Intel Core i5, 8GB, 1TB Black (Renewed)",,3.8,38,,Average (3.5-4),0.2800214514515965,Asus,
B01BMUNZSU,"Farpoint Bahtinov Focus Mask for Celestron 6"" SCT",13.65,4.5,40,Budget (<$20),Good (4-4.5),0.3500226109895207,Farpoint,3.026607538802661
B01BMVXL10,Easy Up Heavy Duty Pole to Pole Mount - EZ HD-PTP-8,26.0,4.7,37,Low ($20-50),Excellent (4.5-5),0.37002087168263453,Easy,5.520169851380042
B01BMWZ01I,Sony Alpha A6300 4K Wi-Fi Digital Camera & 16-50mm & 55-210mm Lenses (Black) with 32GB Card + Case + Battery & Charger + Tripod + Filters + Kit,,4.2,29,,Good (4-4.5),0.320016233530938,Sony,
B01BMZGLZ4,Roku 2 Streaming Media Player 4210XB Faster Processor (Renewed),,4.5,937,,Good (4-4.5),0.35054266374849624,Roku,
B01BN0PLFO,"Opteka TTL Auto-Focus Dedicated Flash Speedlite (IF-500) for Panasonic Lumix DMC G7, GX8, GM5, GH4, GX7, G6, GH3, GH1, GF1, GH2 and GF2 Micro Four Thirds Mirrorless Digital Cameras",,3.6,20,,Average (3.5-4),0.26001101561027934,Opteka,
B01BN1D0WY,Car Cam Buddy - 2.5 inch HD Camera Recorder Car Dash Cam with Endless Loop Recording,,3.0,18,,Poor (<3),0.2000098560723552,Car,
B01BN2GYEE,Poetic iPad Pro 9.7 Case - Poetic Rugged Protective Silicone Case [Corner/Bumper Protection][Grip][Sound-Amplification][Bottom Air Vents] w/Apple Pencil Holder for iPad Pro 9.7 (2016) Black,,4.3,125,,Good (4-4.5),0.3300718913512965,Poetic,
B01BN4K2B8,2GIG GC3 Security & Automation System 2GIG-GC3-345,299.99,3.7,26,High ($200-500),Average (3.5-4),0.2700144942240517,2GIG,80.85983827493261
B01BNCFE72,"CAMVATE 2 Pieces 5/8"" male to 1/4-20 female Microphone Mount Adapter - 1201",5.8,4.2,50,Budget (<$20),Good (4-4.5),0.32002840867914145,CAMVATE,1.3776722090261282
B00J7LT3XI,Neewer Professional Rail Nodal Slide Metal Quick Release Clamp for Camera with Arca Swiss Compatible,,4.7,13,,Excellent (4.5-5),0.3700069572275449,Neewer,
B01BNDI8DS,"2016 Nextbook Flexx 10.1"" Convertible Laptop With Keyboard, 1 Year Office 365 and 1 Tb Cloud Storage (Intel Atom Z3735F Quad-Core Processor, 2GB RAM, 32GB Memory, Webcam, Bluetooth, Windows 8.1)",,3.5,145,,Below Avg (3-3.5),0.2500834867305379,2016,
B01BNKCNM8,StarTech.com VS122HDMIU 2 Port Auto High Speed HDMI Switch,34.99,3.4,149,Low ($20-50),Below Avg (3-3.5),0.24008580580638614,StarTech.com,10.260997067448681
B01BNKCP6W,StarTech.com Steel Full Profile Expansion Slot Cover Plate - System slot blanking panel (pack of 10) (PLATEBLANK),8.97,4.4,452,Budget (<$20),Good (4-4.5),0.34026147580189303,StarTech.com,2.034013605442177
B01BNKCR1U,"StarTech.com Cisco Console Rollover Cable - RJ45 Ethernet - Network cable - RJ-45 (M) to RJ-45 (M) - 6 ft - molded, flat - blue - ROLLOVERMM6",7.95,4.3,305,Budget (<$20),Good (4-4.5),0.33017624976446885,StarTech.com,1.8445475638051045
B01BNSVK2Y,MPF Products 750mAh High Capacity Extended L-LY11 F12440097 553-000018 Battery Replacement Compatible with Logitech G930 Wireless Gaming Headset (981-000257),12.95,4.0,54,Budget (<$20),Average (3.5-4),0.3000307277549897,MPF,3.229426433915212
B01BNSX1S0,Digicharge Car Windshield Mount Holder for Garmin Drive Drivesmart 76 66 52 55 40 LM 51 LMT-S 50 LM 60 LM 61 LMT-S 40LM 51LMT-S 50LM 60LM 61LMT-S RV 780 GPS Sat Nav,7.99,4.3,596,Budget (<$20),Good (4-4.5),0.33034496253243084,Digicharge,1.8538283062645013
B01BNSX9VO,Digicharge Hard Carrying Case for 6 Inch Garmin DriveSmart 66 Drive 61 60LM 60LMT 61LMT-S 61LM Dezl OTR610 OTR700 RV 660LMT Nuvi 68 67 68LM 67LM 2639LMT 2639 Fleet 670 660 6’’ GPS Accessory Storage,14.99,4.5,2042,Budget (<$20),Good (4-4.5),0.3511833084515821,Digicharge,3.3237250554323725
B01BNVFI2E,"iPad Pro 9.7 inch Screen Protector, [Tempered Glass] Fosmon TOUCH Ultra Thin [Shatter Proof | 9H Hardness] HD Clear Glass Screen Shield for or Apple iPad Pro 9.7"" (2016), Air 1 (2013) and 2 (2014)",,3.9,13,,Average (3.5-4),0.2900069572275448,iPad,
B01BNXAY6M,"Bastex Multi-Angle Portable Aluminum Stand for iPhone, iPad, Samsung Galaxy/Tab, Google Nexus, HTC, LG, Nokia Lumia, OnePlus and Other Tablets, Smartphones, and E-Readers - Silver",9.99,4.0,17,Budget (<$20),Average (3.5-4),0.30000927630339314,Bastex,2.491271820448878
B01BNZAY6A,Evoluent VMCRW VerticalMouse C Right Hand Ergonomic Mouse with Wireless Connection (Regular Size),,3.6,182,,Average (3.5-4),0.2601049381821344,Evoluent,
B01BO22YRE,"VIVO Dual 13 to 27 inch LED LCD Monitor Free-Standing Desk Stand, Holds 2 Screens, Heavy-Duty Fully Adjustable Arms with Max VESA 100x100mm, Extra Tall 40 inch Pole, Black, STAND-V012F",49.99,4.2,283,Low ($20-50),Good (4-4.5),0.3201634948473034,VIVO,11.874109263657958
B01BO2KODU,"Amcrest Full-HD 1080P 16CH Video Security System w/ Eight 2MP Outdoor IP67 Bullet Cameras, 66ft Night Vision, Pre-Installed 2TB Hard Drive, Eco (AMDV108116-8B-B)",,3.8,81,,Average (3.5-4),0.2800463815169655,Amcrest,
B01BO4G8II,MyDigitalSSD 120GB (128GB) BP5e 80mm SATA III 6G M.2 2280 NGFF SSD Solid State Drive (Bullet Proof 5 Eco),,4.0,30,,Average (3.5-4),0.30001681329990004,MyDigitalSSD,
B01BO4IUS4,MyDigitalSSD 240GB (256GB) BP5e 80mm SATA III 6G M.2 2280 NGFF SSD Solid State Drive (Bullet Proof 5 Eco),,4.1,85,,Good (4-4.5),0.31004870059281375,MyDigitalSSD,
B01BO4L3MY,MyDigitalSSD 480GB (512GB) BP5e 80mm SATA III 6G M.2 2280 NGFF SSD Solid State Drive (Bullet Proof 5 Eco),,3.9,82,,Average (3.5-4),0.29004696128592755,MyDigitalSSD,
B01BO61CMS,ViewTV AT-263 ATSC Digital TV Converter Box Bundle 25 Mile Flat HD Digital Indoor TV Antenna and HDMI Cable w/Recording PVR Function/HDMI Out/Coaxial Out/Composite Out/USB Input,,3.7,625,,Average (3.5-4),0.27036177583233084,ViewTV,
B01BO68942,Rubber Dampers ( 8 pcs ): CGO3,,4.5,19,,Good (4-4.5),0.35001043584131725,Rubber,
B01BOB6QMO,"Monoprice Blackbird 4K Pro 1x2 HDMI Splitter - HDR, 18Gbps, 4K 60Hz, YCbCr 4:4:4, With HDCP 2.2 Support (Compatible with PS4/5 Xbox Apple TV Fire Stick Roku Blu-Ray Player)",,3.2,22,,Below Avg (3-3.5),0.22001217514820348,Monoprice,
B01BOB6TXA,"Monoprice Blackbird 4K Pro 1x4 HDMI Splitter |HDR, 18Gbps, 4K 60Hz, YCbCr 4:4:4, with HDCP 2.2 /EDID (Compatible with PS4/5 Xbox Apple TV Fire Stick Roku Blu-Ray Player)",,3.8,20,,Average (3.5-4),0.2800110156102793,Monoprice,
B01BOB6UT8,Monoprice Blackbird 4K Pro 5x1 HDMI Switch with HDCP 2.2 Support,,3.6,51,,Average (3.5-4),0.26002898844810346,Monoprice,
B01BODR8KQ,HIINK Comaptible Ink Cartridges for Canon PGI-250XL CLI-251XL Used in Pixma iP7220 iP8720 iX6820 MG5420 MG5422 MG5520 MG5522 MG5620 MG6320 MG6420 MG6620 MG7120 MG7520 MX722 MX922 ix6820 (30-Pack),22.99,4.1,49,Low ($20-50),Good (4-4.5),0.31002782891017927,HIINK,5.59367396593674
B01BOGUEPE,"HONDALINK AHA SIRI IOS HDMI CABLE KIT CIVIC CRV FIT HRV IPHONE 5,6 & 7 (NOTE 20% RESTOCKING FEE ON RETURNED ORDERS)",,3.3,20,,Below Avg (3-3.5),0.23001101561027928,HONDALINK,
B01BOJS0DY,"Mobile Spec Headphone Amplifier & Enhancer for Universal/Smart Phone, Black",6.95,3.4,108,Budget (<$20),Below Avg (3-3.5),0.24006203527894132,Mobile,2.0381231671554256
B01BOLIT5Q,"CAMVATE Crab clamp with 5/8""-27 thread for microphones - 1190",12.9,4.7,569,Budget (<$20),Excellent (4.5-5),0.370329308770455,CAMVATE,2.7388535031847137
B01BOLTR66,"CAMVATE 5/8""-27 Camera Accessory Mount to Cold Shoe with Mini Ball Head for Microphone Stand - 1188",9.93,4.4,70,Budget (<$20),Good (4-4.5),0.3400400040583828,CAMVATE,2.251700680272109
B01BOUSGFK,Lifeproof NUUD Series Waterproof Case for iPad Mini 4 - Retail Packaging - Black,,4.0,146,,Average (3.5-4),0.3000840664995,Lifeproof,
B01BOW6HCM,First Alert SFA275 Parking Alert Sensor,,3.7,58,,Average (3.5-4),0.27003304683083795,First,
B01BOWN20W,"KICKER L712 Q-Class 12-Inch (30cm) Square Subwoofer, Dual Voice Coil 2-Ohm",,4.7,81,,Excellent (4.5-5),0.37004638151696556,KICKER,
B01BP4RF3O,Long Range UHF- HDTV 91 Element Yagi Antenna,38.84,4.1,112,Low ($20-50),Good (4-4.5),0.31006435435478963,Long,9.450121654501219
B01BP5EZS6,Withings Go,,3.4,543,,Below Avg (3-3.5),0.24031423477744118,Withings,
B01BP68GBC,Aftermarket Double Din Radio Stereo Car Install Dash Kit Compatible with Jeep Wrangler 1997-2002,80.0,3.7,52,Mid ($50-100),Average (3.5-4),0.27002956821706553,Aftermarket,21.5633423180593
B01BP711FE,Subthump Exclusive 2010-2015 Camaro Boston Add Amp Integration Harness,,4.7,160,,Excellent (4.5-5),0.37009218326496895,Subthump,
B01BPCTXU4,Electronics16,,4.2,55,,Good (4-4.5),0.32003130752395176,Electronics16,
B01BPEM714,Lenovo Thinkpad T430 - Intel 2.6 GHz Core i5-430UM 4GB HDD 320GB Win 7 Pro DVD (Certified Refurbished),,3.6,30,,Average (3.5-4),0.2600168132999,Lenovo,
B01BPEYFU0,Skull Candy S2IKJY529 / S2IKJY-529 / S2IKJY-529 Inkd 2 In-Ear Headphones - Green/Brown,,4.0,200,,Average (3.5-4),0.3001153740234517,Skull,
B01BPEZOX2,"Skullcandy Ink'd 2.0 Noise-Isolating Earbud with In-Line Microphone and Remote, Tangle-Reducing Flat Cable, Supreme Sound with Powerful Bass, Natural Vocals, and Precision Highs",,4.5,10325,,Good (4-4.5),0.3559855347643964,Skullcandy,
B01BPF3MPS,"Skullcandy S6HBJY-534 Hesh 2 Bluetooth Wireless Headphones with Mic, White/Gold",,4.2,84,,Good (4-4.5),0.32004812082385176,Skullcandy,
B01BPNVM8O,"LG G Pad 2 8.0 /G Pad F 8.0 Case, EpicGadget(TM) Heavy Duty Hybrid Case Full Protection Cover with Kickstand For LG Gpad 2 8 / Gpad F 8+ G Pad 2/F 8.0 Screen Protector and 1 Stylus (Gray/Pink)",,4.2,63,,Good (4-4.5),0.3200359456756483,LG,
B01BPNVM9I,"LG G Pad 2 8.0 /G Pad F 8.0 Case, EpicGadget(TM) Heavy Duty Hybrid Case Full Protection Cover with Kickstand For LG Gpad 2 8 / Gpad F 8+ G Pad 2/F 8.0 Screen Protector and 1 Stylus (Black/Black)",,4.0,54,,Average (3.5-4),0.3000307277549897,LG,
B01BPNVM9S,"LG G Pad 2 8.0 /G Pad F 8.0 Case, EpicGadget(TM) Heavy Duty Hybrid Case Full Protection Cover with Kickstand For LG Gpad 2 8 / Gpad F 8+ G Pad 2/F 8.0 Screen Protector and 1 Stylus (Black/Pink)",,4.1,66,,Good (4-4.5),0.3100376849825345,LG,
B01BPNWAJY,"Mount-It! Universal TV Stand Base Mount, Tabletop TV Stand for 32 to 60 Inch Screens, Height Adjustable Mount with Tempered Glass Base Holds up to 88 lbs, Max VESA 600x400",58.83,4.6,380,Mid ($50-100),Excellent (4.5-5),0.360219732436624,Mount-It!,12.761388286334057
B01BPOZC48,"Acer Aspire R 14 - 14"" Notebook Intel Core i5 2.30GHz, 8GB RAM, 256GB w/ Windows 10 Home(Renewed)",,3.8,18,,Average (3.5-4),0.2800098560723551,Acer,
B01BPR7DO2,"LimoStudio Light Stand Mount Bracket with Umbrella Reflector Holder & 1/4"" Male Screw Adapter Thread & 1/4"" 3/8"" Female Screw Adapter Thread Brass Photography Studio, AGG1812",15.99,3.1,10,Budget (<$20),Below Avg (3-3.5),0.21000521792065863,LimoStudio,5.141479099678457
B01BPU0VCK,"CAMVATE Photography Photo Studio Video Wall Ceiling Mount with 1/4""-20 Thread for Monitor & CCTV DVR Home Installation Surveillance System - 1180",9.99,4.4,166,Budget (<$20),Good (4-4.5),0.3400956618787414,CAMVATE,2.2653061224489797
B01BPVIROS,CAMVATE DSLR Camera Cage Top Handle Wood Grip Compatible for Sony Panasonnic - 1175,81.22,4.6,419,Mid ($50-100),Excellent (4.5-5),0.3602423434261447,CAMVATE,17.618221258134493
B01BQ88F9M,"Car Dash Cam FHD 1080p 140 Wide Angle Dashboard Camera Recorder Car Dash with Night Vision, G-Sensor, Motion Detection",,3.2,134,,Below Avg (3-3.5),0.22007710927195515,Car,
B01BQ8RU2U,Dell FBA_DBQBCBC064 Adapter USB-C to Ethernet Pxe,22.22,4.6,76,Low ($20-50),Excellent (4.5-5),0.36004348267215514,Dell,4.819956616052061
B01BQ8S45M,HP USB Slim Business Keyboard,12.89,4.6,2717,Budget (<$20),Excellent (4.5-5),0.36157465250097837,HP,2.796095444685467
B01BQCHFB2,"Silicon Power 16GB Jewel J50 USB 3.0 Zinc-Alloy Compact Flash Drive, Titanium Edition (SP016GBUF3J50V1T)",,4.0,14,,Average (3.5-4),0.30000753699650695,Silicon,
B01BQCQ89W,"Silicon Power 32GB Jewel J50 USB 3.0 Zinc-Alloy Compact Flash Drive, Titanium Edition (SP032GBUF3J50V1T)",,4.0,47,,Average (3.5-4),0.3000266693722552,Silicon,
B01BQG1B1I,"Magellan Roadmate 2525-LM 4.3"" Portable GPS Navigator",,4.2,45,,Good (4-4.5),0.3200255098343311,Magellan,
B01BQYHJF2,"TimoLabs TM-SS2020BT-2015B, 2.0 Channel Sound Base/Sound Stand with Wireless Bluetooth Streaming, Bundled with HDTV Antenna",,3.9,61,,Average (3.5-4),0.2900347861377241,TimoLabs,
B01BR2UA4U,SEREE HDV-M6 Full HD 1080P Beauty Face Max. 24MP DIS Face Detection Elegant Appearance Self Timer Camcorder FHD Video Camera (HDV-M6),,3.6,86,,Average (3.5-4),0.2600492803617758,SEREE,
B01BRHFTBY,"pure plop black - swappable SATA HDD, SSD, enclosure, anodized aluminum, UASP support",,3.4,9,,Below Avg (3-3.5),0.24000463815169654,pure,
B01BRJTDBE,"Skar Audio IX-12 D4 12"" 500 Watt Max Power Dual 4 Ohm Car Subwoofer",,4.1,441,,Good (4-4.5),0.31025509834331017,Skar,
B01BRVFP9G,"Memex Universal AC/DC Adapter/Charger 1000mA, 1.5V, 3V, 4.5V, 6V, 7.5V, 9V, 12V DC, 110V/220V Regulated Universal AC to DC Converter with Multiple Connector Ends",,3.4,35,,Below Avg (3-3.5),0.24001971214471032,Memex,
B01BSBNCRM,"ImpactGel Xtreme Armor iPad Case (iPad Gen 2, 3, 4)",,3.4,27,,Below Avg (3-3.5),0.24001507399301378,ImpactGel,
B01BSL5MUW,"1byone Door Stopper Alarm with Built-in Alert System, DIY Home Security, Door Sensor with Transmission Function, Works with All Other 1byone Alarm Systems",,3.9,84,,Average (3.5-4),0.2900481208238517,1byone,
B01BSNPP7U,"Sametop Head Strap Mount Compatible with GoPro Hero 11, 10, 9, 8, Hero 7 Black, 7 Silver, 7 White, Hero 6, 5, 4, Session, 3+, 3, 2, 1, Hero (2018), Fusion, Max, DJI Osmo Action Cameras",9.99,4.6,1455,Budget (<$20),Excellent (4.5-5),0.36084298407084775,Sametop,2.1670281995661607
B01BT0RWL4,THINGUMA K-532 Camera Mounting Plate Combo Tool,17.95,4.6,39,Budget (<$20),Excellent (4.5-5),0.3600220312205586,THINGUMA,3.893709327548807
B01BT1C736,Universal Pitot Tube Cover. HI-VIZ,13.99,4.4,39,Budget (<$20),Good (4-4.5),0.3400220312205587,Universal,3.1723356009070294
B01BT2CW9Y,Logitech Canvas Keyboard Case For Ipad Air - Black,,3.7,123,,Average (3.5-4),0.2700707318133724,Logitech,
B01BT8X2W4,iecables Pair of Gold Plated Metal RCA (Phono) Red/Black Connectors to Open 16 awg Speaker Wire Leads (Heavy Duty 16 Gauge Perfect for Amplifiers and Subwoofers) 10 Feet,16.5,4.3,81,Budget (<$20),Good (4-4.5),0.3300463815169655,iecables,3.8283062645011605
B01BT9GNJ2,Meffort Inc 15 15.6 inch Laptop Carrying Sleeve Bag Case with Hidden Handle & Adjustable Shoulder Strap with Matching Skin Sticker and Mouse Pad Combo - Art Design,29.95,4.6,78,Low ($20-50),Excellent (4.5-5),0.36004464221007926,Meffort,6.496746203904556
B01BTANMWW,Swann SWPRO-735CAM-US PRO-735 Multi-Purpose Day/Night Security Camera Night Vision 85-Feet/25-Meter (2-Pack),,4.2,56,,Good (4-4.5),0.3200318872929138,Swann,
B01BTB7J8O,iecables Pair of Gold Plated Metal RCA (Phono) Red/Black Connectors to Open 16 awg Speaker Wire Leads (Heavy Duty 16 Gauge Perfect for Amplifiers and Subwoofers) 30 Feet,30.95,4.4,16,Low ($20-50),Good (4-4.5),0.3400086965344311,iecables,7.01814058956916
B01BTDAFTC,IQShield Screen Protector Compatible with Samsung Galaxy TabPro S 12 inch (Tablet Only) LiquidSkin Anti-Bubble Clear Film,12.95,3.0,15,Budget (<$20),Poor (<3),0.20000811676546898,IQShield,4.3023255813953485
B01BTDFPV0,LUŽID X2 Brass 46mm to 52mm Step Up Filter Ring Adapter 46 52 Luzid,12.95,3.9,11,Budget (<$20),Average (3.5-4),0.29000579768962065,LUŽID,3.3120204603580565
B01BTDG5S2,"IQShield Matte Screen Protector Compatible with Apple iPad (iPad Pro 9.7, Air 2, Air, 2016, 2017) Anti-Glare Anti-Bubble Film",9.95,3.2,37,Budget (<$20),Below Avg (3-3.5),0.2200208716826345,IQShield,3.0996884735202492
B01BTDI1CA,"Woozik B820 in-Ear Noise Isolating Heavy Bass Headphones with Mic, Volume Control and Answer Button for Apple iPhone 6/6s and Android Galaxy (Black)",,3.6,10,,Average (3.5-4),0.2600052179206586,Woozik,
B01BTGPMAG,"2016 Lenovo 15.6"" High Performance Flagship Laptop PC - AMD Quad-Core A8 Processor up to 2.4GHz, 8GB RAM, 1TB HDD, AMD Radeon R5, SuperMulti DVD Drive, WLAN, Bluetooth, HDMI, Webcam, Windows 10",,3.8,18,,Average (3.5-4),0.2800098560723551,2016,
B01BTJWE8Q,"powerday Phantom 3 Professional Advanced Cable Pack Spare Part N0.54 [Signal Cable,Gimbal Connect Cable,Visual postioning Cable, Parameter Reading Cable]",,4.1,36,,Good (4-4.5),0.3100202919136724,powerday,
B01BTJZFY6,INSMA Amplifier Board TDA7492P Audio Receiver Amplifiers DIY Module 25W Dual Channel,,4.2,388,,Good (4-4.5),0.3202243705883206,INSMA,
B01BTOIKUW,Status Audio HD Headphones,,3.1,74,,Below Avg (3-3.5),0.21004232313423102,Status,
B01BTPE6Y0,NEWSTYLE Tab E 8.0 Kids Case - Shockproof Light Weight Protection Handle Stand Kids Case for Samsung Galaxy Tab E 8.0 Inch 2015 Tablet (Not Fit Other Tablet) (Red),,4.6,2227,,Excellent (4.5-5),0.36129056570956475,NEWSTYLE,
B01BTPE6ZE,NEWSTYLE Tab E 8.0 Kids Case - Shockproof Light Weight Protection Handle Stand Kids Case for Samsung Galaxy Tab E 8.0 Inch 2015 Tablet (Not Fit Tab E 9.6 or Other Tablet) (Purple),,4.6,2228,,Excellent (4.5-5),0.3612911454785268,NEWSTYLE,
B01BTPE6ZO,NEWSTYLE Tab E 8.0 Kids Case - Shockproof Light Weight Protection Handle Stand Kids Case for Samsung Galaxy Tab E 8.0 Inch 2015 Tablet (Not Fit Other Tablet) (Green),,4.6,2172,,Excellent (4.5-5),0.36125867841665094,NEWSTYLE,
B01BTPE708,"NEWSTYLE Tab E 8.0 Kids Case - Shockproof Light Weight Protection Handle Stand Kids Case for Samsung Galaxy Tab E 8.0 Inch 2015 Tablet (Tab E 8.0, Orange)",,4.6,2173,,Excellent (4.5-5),0.361259258185613,NEWSTYLE,
B01BTPE73U,"NEWSTYLE Tab E 8.0 Kids Case - Shockproof Light Weight Protection Handle Stand Kids Case for Samsung Galaxy Tab E 8.0 Inch 2015 Tablet (Tab E 8.0, Rose)",,4.6,2230,,Excellent (4.5-5),0.36129230501645093,NEWSTYLE,
B01BTRTFH6,"Sametop Adhesive Camera Tethers Safety Leash Compatible with Gopro Hero 11, 10, 9, 8, 7, 6, 5, 4, Session, 3+, 3, 2, 1, Hero (2018), Fusion, Max, DJI Osmo Action Cameras (5 Pack)",8.99,4.6,335,Budget (<$20),Excellent (4.5-5),0.3601936428333309,Sametop,1.9501084598698484
B01BTSVXWK,Metra 82-5605 Rear 6.5-Inch Speaker Wire Wall Plate (Speaker Wall Plate) 1 Pair - Black,14.99,4.6,493,Budget (<$20),Excellent (4.5-5),0.3602852463293377,Metra,3.2516268980477228
B01BTSVYGK,"Metra 82-5606 Front 6""x9"" Speaker Plates - Pair",15.66,4.6,333,Budget (<$20),Excellent (4.5-5),0.36019248329540676,Metra,3.396963123644252
B01BTSVZ3C,"Metra Electronics 82-5607 Front 6.5"" Speaker Plate -Pair",21.45,4.2,74,Low ($20-50),Good (4-4.5),0.3200423231342311,Metra,5.095011876484561
B01BTSW310,Metra 959310B BMW 3-Series Stereo Installation Kit with 5-Switch Panel (Models 1999-2006),36.14,4.3,65,Low ($20-50),Good (4-4.5),0.3300371052135724,Metra,8.385150812064966
B01BTSYC6O,"JVC CS-DR520 5.25"" 2-Way Coaxial Speakers",,4.3,74,,Good (4-4.5),0.33004232313423104,JVC,
B01BTTHWQK,"EZVIZ Mini HD 720p WiFi Home Security Camera with Motion Detection, 130° View, Night Vision, Works with Alexa Using IFTTT - 2 Camera Kit",,3.4,14,,Below Avg (3-3.5),0.24000753699650687,EZVIZ,
B01BTTUCSK,Fossil Q Wander Gen 2 Stainless Steel Touchscreen Smartwatch FTW2111,,4.1,110,,Good (4-4.5),0.31006319481686545,Fossil,
B01BTW1LBY,"Sametop Bike Handlebar Seatpost Mount with 3-Way Adjustable Pivot Arm Compatible with Gopro Hero (2018), Fusion, Hero 7, 6, 5, 4, Session, 3+, 3, 2, 1 Cameras",,3.8,159,,Average (3.5-4),0.2800916034960068,Sametop,
B01BTW4QNE,"Dell Inspiron 11.6"" Laptop Intel Celeron 2GB Ram 32GB eMMC Flash Memory Bali Blue I3162-0000BLU",,3.7,146,,Average (3.5-4),0.27008406649949995,Dell,
B01BTWXFVS,uxcell 3.5x1.35mm DC Male Connector Power Supply Ends Solder Adapter DIY DC Barrel Connectors Replacement 10pcs,6.99,4.5,38,Budget (<$20),Good (4-4.5),0.3500214514515966,uxcell,1.549889135254989
B01BTXGL5E,Handmadecraft Leather Unisex Real Leather Messenger Bag for Laptop Briefcase Satchel,38.99,4.1,231,Low ($20-50),Good (4-4.5),0.3101333468612758,Handmadecraft,9.486618004866182
B01BTZSMTK,UNMCORE 3.5mm Stereo Jack Y Splitter Cable Adapter Audio Auxiliary Cable 1 x Male to 2 x Female Connectors (Gold Plated)- Black,,4.2,50,,Good (4-4.5),0.32002840867914145,UNMCORE,
B01BU2XS5A,"Cable Matters USB to HDMI Adapter (USB 3.0 to HDMI Adapter, USB 3 to HDMI Adapter) with Gigabit Ethernet in Black",,4.3,28,,Good (4-4.5),0.3300156537619759,Cable,
B01BU3VQBC,"Skar Audio VXI65 6.5"" 2-Way Component Speaker System - Set of 2",,3.6,38,,Average (3.5-4),0.26002145145159655,Skar,
B01BU5USIM,"CozyPhones Sleep Headphones - Thin Earphone Speakers - Most Comfortable Headphones for Sleeping - Perfect for Air Travel, Relaxation, Meditation & Insomnia - Leopard",18.99,3.7,169,Budget (<$20),Average (3.5-4),0.27009740118562753,CozyPhones,5.118598382749326
B01BU61P10,"PRORIES Action Selfie Stick for GoPro Hero & Session, Action Cams - Best Aluminum Waterproof Monopod - Extends 17-40 Inch. - Aluminum Tripod Mount, Thumb Screw, Carrying Bag, Phone Holder",,3.6,12,,Average (3.5-4),0.26000637745858274,PRORIES,
B01BUAT3L0,Plantronics Blackwire C225 Headset,,4.1,1155,,Good (4-4.5),0.31066905338222717,Plantronics,
B01BUCTFD4,"IQ Shield Tempered Glass [Clear] Screen Protector for iPad 2017 (iPad 9.7 2017/2018 Version,iPro 9.7"",Air 2,Air) Transparent HD Ballistic Glass",,3.9,36,,Average (3.5-4),0.2900202919136724,IQ,
B01BUE8WHW,"Itelite DBS02 Antenna System for DJI Phantom 4, Phantom 3 Professional, Phantom 3 Advanced and DJI Inspire 1",,3.5,28,,Below Avg (3-3.5),0.2500156537619759,Itelite,
B01BUEH5ZC,"Skinomi iPad Screen Protector (iPad 9.7 2017/2018 version,iPad Pro 9.7"".Air 2,Air), Tech Glass Screen Protector for Apple iPad 2017 Clear HD and 9H Hardness Ballistic Tempered Glass Shield",,3.3,35,,Below Avg (3-3.5),0.23001971214471031,Skinomi,
B01BUGPN3Q,Harman Kardon Onyx Studio Wireless Bluetooth Speaker with rechargeable battery (Renewed),,4.3,112,,Good (4-4.5),0.33006435435478965,Harman,
B01BUH02WM,"MagicGuardz®, Made for Samsung Galaxy Tab A 9.7"" T550, Premium Tempered Glass Clear Screen Protector, Retail Box",,4.0,72,,Average (3.5-4),0.3000411635963069,"MagicGuardz®,",
B01BUICFDA,"Slim Sleeve for MacBook Pro Retina 15""",,4.3,81,,Good (4-4.5),0.3300463815169655,Slim,
B01BULE4EK,"Promaster Cityscape 70 Photo Gear Backpack, Charcoal Gray (4555)",129.95,3.9,10,Mid-High ($100-200),Average (3.5-4),0.2900052179206586,Promaster,33.23529411764706
B01BUO3P6U,"SportsBot SS110 Portable Bluetooth Wireless Speaker for 12Hrs Music Streaming & Hands-Free Calling w/ 40mm Driver Speakerphone, Built-in Mic, 3.5mm Universal Audio Port, Lithium Rechargeable Battery",,3.5,39,,Below Avg (3-3.5),0.2500220312205586,SportsBot,
B01BUON1CI,"Kuryakyn 7379 Tri-Line Speaker Grills with Aluminum Mesh Screen for 2015-19 Harley-Davidson Motorcycles: Gloss Black, Pack of 2",,4.1,40,,Good (4-4.5),0.31002261098952066,Kuryakyn,
B01BUP74V6,"DEFEWAY 4 Channel Wired Outdoor Security Camera System,4pcs 720p Video surveillance Camera 4ch audio DVR with 1tb Hard Drive",,3.9,53,,Average (3.5-4),0.29003014798602755,DEFEWAY,
B01BUUCFBU,Mini XDUOO X3 HI-FI Music Player JZ4760B Chip 24bit/192khz HD format Audio Player Lossless Music Player Black for 2 pcs 128G Memory Card,,3.0,12,,Poor (<3),0.20000637745858277,Mini,
B01BUUN6PO,CIB True 1080P HD 8CH Recording and Display DVR System with 2TB HDD with Network Remote Viewing for Most AHD System HD Camera and All 480TLV to 960H TVL Analog Cameras- H80P08K2TB,,4.2,21,,Good (4-4.5),0.32001159537924145,CIB,
B01BUY2FM0,Neewer® 2-Pack Eyepiece Eyecup Eye Cup (Canon EB Replacement) for Canon EOS 5D Mark II / 5D / 6D / 70D / 60D / 60Da / 50D / 40D,,4.3,213,,Good (4-4.5),0.33012291101995855,Neewer®,
B01BUYJX5W,Canon Cameras US 1285C002 Power Zoom Adapter PZ-E1 (Black),121.0,4.4,127,Mid-High ($100-200),Good (4-4.5),0.34007305088922074,Canon,27.43764172335601
B01BV13GPW,RLsales Replacement Remote Control for RC-682M RC-681M RC-606S RC-607M Fit for Onkyo SR603 SR501 SR502 SR504 SR503A/V Receiver,10.88,4.4,53,Budget (<$20),Good (4-4.5),0.34003014798602765,RLsales,2.4671201814058956
B01BV1Q2EE,Toshiba Canvio Premium 2 TB Portable Hard Drive (HDTW120XC3C1),,4.3,72,,Good (4-4.5),0.33004116359630686,Toshiba,
B01BV1Q3BG,Toshiba Canvio Premium 1 TB Portable Hard Drive (HDTW110XC3A1),,4.1,74,,Good (4-4.5),0.310042323134231,Toshiba,
B01BV1Q4G0,Zalman Z11 Plus HF1 ATX Gaming Mid Tower Computer Case with Red Led Fan (Black),,3.7,35,,Average (3.5-4),0.2700197121447104,Zalman,
B01BV1QYN8,3 Pack Samsung Micro-USB 3.0 Data Cable for Galaxy S5 and Note 3 N9000 - Non-Retail Packaging - White,,4.0,44,,Average (3.5-4),0.300024930065369,3,
B01BV1RY5U,ANTOP Photo Frame AT-204BW Indoor HDTV Antenna | Smartpass Amplified,,4.1,229,,Good (4-4.5),0.3101321873233516,ANTOP,
B01BV2OOTI,Part Express EopZol 10ft Telephone Line Cord Cable Wire 6P4C RJ11 DSL Modem Fax Phone to Wall Black,5.99,4.5,160,Budget (<$20),Good (4-4.5),0.35009218326496894,Part,1.3281596452328162
B01BV4KNEQ,CHMETE Camera Neck Strap Binoculars Strap Black,,4.5,485,,Good (4-4.5),0.35028060817764123,CHMETE,
B01BV52GQI,EopZol Telephone Handset Phone Coil Cord Swivel Twist Top Untangle Detangler - Clear,,2.6,23,,Poor (<3),0.16001275491716554,EopZol,
B01BV8D6IM,AC Doctor INC Laptop Battery for Dell Latitude 14 15 5000 E5440 E5540 Series M7T5F VV0NF FT6D9 3K7J7 5200mAh 11.1V Replacement,26.88,4.3,172,Low ($20-50),Good (4-4.5),0.33009914049251377,AC,6.236658932714618
B01BVATQI4,"Cambond iPhone Cord 3 Pack, 8 Pin Lightning Cable Durable Stepped Apple Certified Cord for iPhone 7/7 Plus, iPhone 6s / 6s Plus, iPhone 6/6 Plus, iPhone 5s 5c 5 (Blue + Peach + Green 10ft)",,3.4,46,,Below Avg (3-3.5),0.24002608960329308,Cambond,
B01BVAV9VQ,"Galaxy Tab A 7.0 Case, Infiland Folio Slim Fit PU Leather Case Cover Samsung Galaxy Tab A 7.0 7-Inch Tablet 2016 Release Tablet, Black",,4.4,143,,Good (4-4.5),0.34008232719261383,Galaxy,
B01BVJWEYS,"Griffin iPad Pro 9.7-inch Rugged Case, Survivor All-Terrain with Stand, Black/Blue - Mil-spec Tested, Real-World Proven Protection.",,4.0,64,,Average (3.5-4),0.30003652544461035,Griffin,
B01BVPH9A6,"VonHaus Free Standing Heavy Duty Double Arm Dual Monitor Stand - LCD LED Twin Screen Mount Desk Stand for 13-27"" Screens with ±45° Tilt & ±180° Swivel Adjustment, Fully Adjustable Bracket",,4.4,102,,Good (4-4.5),0.340058556665169,VonHaus,
B01BVSRYD0,"HP 2017 Newest 251-a123wb - 21.5"" HD LED High Performence Desktop Computer, Intel Pentium J2900 Processor, 4GB Memory, 21.5"" Monitor Included, 1TB Hard Drive, DVD RW, UBS 3.0, Windows 10",,3.6,23,,Average (3.5-4),0.2600127549171655,HP,
B01BVTMBU0,Denon AVRS710W-R Renewed 7.2 Channel Full 4K Ultra HD AV Receiver with Bluetooth & WIFI,,3.6,29,,Average (3.5-4),0.26001623353093795,Denon,
B01BVU24WE,Yubi Power 4 Outlet Power Plug Surge Protector Wall Tap with 2 USB Ports 2.1A 300 Joules with Child Safety Cover - White - ETL Listed -,,3.7,15,,Average (3.5-4),0.270008116765469,Yubi,
B01BVUD3K6,Canon PowerShot ELPH 180 20 MP Digital Camera (Silver) w/ 32GB Accessory Bundle,,4.4,637,,Good (4-4.5),0.3403687330598757,Canon,
B01BVV6G72,Canon PowerShot ELPH 180 20 MP Digital Camera (Red) + 32GB Card + Battery and Charger + Accessory Bundle,,4.4,638,,Good (4-4.5),0.3403693128288378,Canon,
B01BVX5BX0,"Jensen FM Stereo CD555 Bluetooth Boombox, Silver, 7.00 x 9.75 x 6.00 inches",40.0,4.3,2417,Low ($20-50),Good (4-4.5),0.3314007218123578,Jensen,9.280742459396752
B01BVX7T12,Monster 8ft HDMI Cable 4k Ultra HD - 60/120 Hz Refresh Speed - 11.2Gbps High Definition 1080p Video - Supports Dolby and DTS HD 5.1/7.1,,4.5,118,,Good (4-4.5),0.3500678329685621,Monster,
B01BVXSRSQ,OnlineEEI BBD999STEP Step and Repeat Framework and Carry Case for use with Pipe and Drape System,173.1,4.3,208,Mid-High ($100-200),Good (4-4.5),0.3301200121751482,OnlineEEI,40.162412993039446
B01BW0BQX6,"Acer LCD LED Widescreen Monitor 24"" Display, 5 ms, Black , Screen, LED G6, 60 Hz (Certified Refurbished)",,3.7,17,,Average (3.5-4),0.2700092763033931,Acer,
B01BW0XK76,SanDisk Ultra USB Type-C 128GB Flash Drive (SDCZ450-128G-G46),19.95,4.3,1409,Budget (<$20),Good (4-4.5),0.33081631469859263,SanDisk,4.62877030162413
B01BW1U2L2,"Cable Matters Internal Mini SAS HD to SATA Cable 3.3 Feet, 1m (SFF-8643 to SATA Forward Breakout)",19.99,4.6,73,Budget (<$20),Excellent (4.5-5),0.36004174336526895,Cable,4.336225596529284
B01BW1ZP14,"Arctic Silver 5 (Anti-Static Kit) - 3.5 Grams with ArctiClean 60 ML Combo Kit + Microfiber (7"" X 6"") Cleaning Cloth + Anti Static Wrist Strap",16.99,4.7,645,Budget (<$20),Excellent (4.5-5),0.37037337121157227,Arctic,3.6072186836518045
B01BW21DXC,APEVIA G-3140MM Apevia 140mm Black Fan Grill 3 in 1 Pack - Retail,8.99,4.5,65,Budget (<$20),Good (4-4.5),0.3500371052135724,APEVIA,1.9933481152993349
B01BW3SPKK,CESS 6.35mm 1/4 Inch Female Stereo TRS Audio Socket Jack Connector Panel/Chassis Mount - 6.35mm Stereo Socket (4 Pack),8.99,4.2,70,Budget (<$20),Good (4-4.5),0.3200400040583828,CESS,2.135391923990499
B01BWA9MSC,Dentsing XCMRD Battery for Dell Inspiron 15 3000 Series 3521 3537 3541 3542 3543 3531 i3531 i3542-6000bk 17 3721 3737 17R-5737 15R 5537 5521 14 3421 5421 Latitude 3540 3440 MR90Y FW1MN P28F V8VNT 40Wh,23.74,4.2,84,Low ($20-50),Good (4-4.5),0.32004812082385176,Dentsing,5.6389548693586695
B01BWB1X3I,"UpBright USB 5V DC Charging Cable Power Cord Compatible with RCA 9"" RCT6213W87DK NXW10QC32G RCT6077W2 Curtis Proscan PLT 8088 8031 Acer One 10 S1002-145A N15P2 N15PZ Visual Land VL-879 ME-107 G3A2000",3.85,4.1,37,Budget (<$20),Good (4-4.5),0.3100208716826345,UpBright,0.9367396593673968
B01BWBNZB6,"Duttek RJ45 Coupler, RJ45 Connectors, Network Coupler for Ethernet Cat 5/ CAT 6 LAN Ethernet Cable Extender Straight Modular Inline Coupler (Black 1 Pack)",,4.8,24,,Excellent (4.5-5),0.3800133346861276,Duttek,
B01BWDH7O0,"Sametop Quick Release Tripod Mount + Tripod Mount Adapter Compatible with Hero 11, 10, 9, 8, 7, 6, 5, 4, Session, 3+, 3, 2, 1, GoPro Hero (2018), Fusion, Max Cameras",7.99,4.6,440,Budget (<$20),Excellent (4.5-5),0.3602545185743481,Sametop,1.733188720173536
B01BWJ354A,ELECBRAiN 45W 19.5V 2.31A AC Power Adapter Charger Replacement for Ultrabook XPS 12 13 13D L321X L322X Laptop 4.5/3.0mm with Extra USB Port,,4.1,13,,Good (4-4.5),0.31000695722754484,ELECBRAiN,
B01BWJZLW4,Fintie Folio Case for LG G Pad F 8.0 / G Pad II 8.0 - Premium PU Leather Stand Cover for G Pad F 8.0 V495 / V496 / UK495 & G Pad 2 8.0 V498 8-Inch Tablet (Love Tree),,4.5,239,,Good (4-4.5),0.3501379850129724,Fintie,
B01BWK2G44,Pentax K-S1 SLR Lens Kit with DA L 18-55 mm Lens (White),,4.0,29,,Average (3.5-4),0.300016233530938,Pentax,
B01BWLBA9A,Neewer® 2-Pack Nikon DK-23 Replacement Eyepiece Eyecups for Nikon D7100 D7200 D300 D300s DSLR Cameras,,4.1,143,,Good (4-4.5),0.31008232719261375,Neewer®,
B01BWMQC0Q,Sewell Direct SW-30339 Ultra Low Profile TV Wall Mount for 37-70 Inches,,4.2,121,,Good (4-4.5),0.3200695722754483,Sewell,
B01BWMX5BK,NYNE Rebel Rugged 16 Wide Weatherproof Portable Bluetooth Boombox,,3.8,54,,Average (3.5-4),0.2800307277549896,NYNE,
B01BWN1DKO,"MOSISO Compatible with MacBook Air 13 inch Case (Models: A1466 & A1369, Older Version 2010-2017 Release), Protective Plastic Hard Shell Case Cover, Serenity Blue",,4.1,632,,Good (4-4.5),0.3103658342150653,MOSISO,
B01BX1QSFK,Vilros Raspberry Pi Aviation Weather & Traffic Receiver Kit-Includes Raspberry Pi 3 Model B-Mini ADS-B Receiver Set-Micro SD Card Pre-Loaded with Stratux Software & More,,4.2,101,,Good (4-4.5),0.3200579768962069,Vilros,
B01BX3ZSXQ,"JBL Reflect Response in-Ear Bluetooth Sport Headphones, Black",,3.4,34,,Below Avg (3-3.5),0.24001913237574826,JBL,
B01BX6IW90,"LIT Clip on Camera Light for Cell Phones, Tablets, Computers - 18 LEDs, Dimmer, Diffuser - Rechargeable Selfie Light - for iPhone, Samsung Galaxy, iPad, Tablets, Laptops",,3.1,29,,Below Avg (3-3.5),0.21001623353093793,LIT,
B01BX72RUY,AKG Bluetooth Headphone Black (Y50BTBLK),,4.0,549,,Average (3.5-4),0.30031771339121366,AKG,
B01BX8FVMY,AKG Bluetooth Headphone Silver (Y50BTSLV),,3.8,39,,Average (3.5-4),0.2800220312205586,AKG,
B01BX8M6PO,"AUX Audio Cable, INNOVAA Universal Stereo Audio Male to Male 3.5mm AUX Cable - 20 Feet",,4.2,47,,Good (4-4.5),0.3200266693722552,AUX,
B01BXDVMYA,"BM Premium LP-E12 Dual Battery Charger for Canon EOS-M, EOS M2, EOS M10, EOS M50, EOS M50 II, EOS M100, EOS M200, SX70 HS, Rebel SL1 Cameras",14.99,4.6,61,Budget (<$20),Excellent (4.5-5),0.3600347861377241,BM,3.2516268980477228
B00LPE1DDS,3-Pin Computer Case Cooling Fan Y-Splitter Cable with Black Sleeve,4.35,4.4,17,Budget (<$20),Good (4-4.5),0.34000927630339317,3-Pin,0.9863945578231291
B01BXDYYIQ,"kate spade new york Sleeve for 13"" MacBook, 13"" Laptop - Rose Gold Glitter",,4.7,247,,Excellent (4.5-5),0.37014262316466895,kate,
B01BXEEDWM,2 Pack Fenzer Replacement 1200mAh Battery for Apple iPod Photo 4th 4 Gen Generation,,3.9,26,,Average (3.5-4),0.2900144942240517,2,
B01BXEEHWI,2 Pack Fenzer Replacement 850mAh Battery for Apple iPod Classic 7th 7 Gen Generation,,4.2,69,,Good (4-4.5),0.3200394242894207,2,
B01BXEEKZC,Fenzer Replacement Rechargeable Battery for Apple iPod Classic 3rd 3 Gen Generation,,3.8,60,,Average (3.5-4),0.28003420636876203,Fenzer,
B01BXEEQ1U,Fenzer Replacement Rechargeable Battery for Apple iPod Nano 2nd 2 Gen Generation,,3.3,22,,Below Avg (3-3.5),0.23001217514820343,Fenzer,
B01BXEF042,Fenzer Replacement 850mAh Battery for Apple iPod Classic 7th 7 Gen Generation,,4.1,69,,Good (4-4.5),0.31003942428942066,Fenzer,
B01BXES8EQ,2 Pack Fenzer Two-Way Radio Batteries for Midland BATT5R BATT-5R,,4.3,80,,Good (4-4.5),0.3300458017480034,2,
B01BXGSEPM,G.Skill 32GB (2 x 16GB) Aegis DDR4 PC4-17000 2133MHZ for Intel Z170 Desktop Memory Model F4-2133C15D-32GIS,,4.7,14,,Excellent (4.5-5),0.37000753699650696,G.Skill,
B01BXJMBEY,"AllEasy High Speed USB Charger Outlet 3.6A, USB Wall Charger, Electrical Outlet with USB, 15A TR Receptacle, Screwless Wall Plate",,3.8,19,,Average (3.5-4),0.2800104358413172,AllEasy,
B01BXNF2X2,i-Tentek B40C Capacitor Version GPS Stealth Dash Cam - 170° Wide Angle 6G Lens - High Heat Resistant - Full HD 1080P Car DVR with G-Sensor HDR Night Vision Motion Detection (DVR + GPS+ Hardwire Kit),,3.8,60,,Average (3.5-4),0.28003420636876203,i-Tentek,
B01BXSEMMY,RevoLity 9-9.5 Inch Car DVD Headrest Mount Holder Strap Case for Swivel & Flip Style Portable DVD Player Color Black,,3.6,34,,Average (3.5-4),0.26001913237574825,RevoLity,
B01BXT03KI,PC Screw Kit 134pcs for Assembling Computer Case,,4.2,11,,Good (4-4.5),0.32000579768962073,PC,
B01BXTALCS,Dentsing 245RR Laptop Battery Replacement for Dell XPS 15 9530 9535 P31F Precision M3800 Series 701WJ 7D1WJ H76MV Y758W 91Wh 11.1V 7810mAh,59.74,3.5,51,Mid ($50-100),Below Avg (3-3.5),0.25002898844810345,Dentsing,17.01994301994302
B01BXTDLVG,SHENFAN 5 Port HDMI 4K Splitter Switcher Box Hub Selector IR Remote For 4K 3D 1080P Ultra HD[ 5V 1A Power Cord Inclued],,3.5,34,,Below Avg (3-3.5),0.25001913237574824,SHENFAN,
B01BXWGSTA,New Replacement Remote Control for SCEPTRE X322BV-HD X325BV-FHDU X325BV-FHD E328BV-HDH X425BV-FHD3 E165BD-HD E195BV-SHD E195BD-SHD LCD LED HD TV,9.68,4.3,188,Budget (<$20),Good (4-4.5),0.33010841679590686,New,2.245939675174014
B01BXX5NCC,"Godox MS300 300WS GN58 Flash Studio Strobe Monolight with Bowens Mount,Built-in Godox 2.4G Wireless System,0.1～1.8S Recycle time, Anti-Preflash, 1/32 to 1/1 Power Output,150W Modeling Lamp",109.0,4.4,74,Mid-High ($100-200),Good (4-4.5),0.3400423231342311,Godox,24.71655328798186
B01BXXFF9S,New URMT42JHG003 Remote Control for Philips 40PFL4706/F7 46PFL4706/F7 55PFL4706/F7 40PFL5505D/F7 46PFL5505D/F7 55PFL5505D/F7 40PFL5706/F7 46PFL5706/F7 55PFL5706/F7 LED LED TV,9.51,4.5,61,Budget (<$20),Good (4-4.5),0.35003478613772415,New,2.108647450110865
B01BXYZ9BQ,"StarTech.com Universal Replacement Power Adapter - DC 9 Volts, 2 Amps Power Adapter (SVA9M2NEUA), Black",22.09,4.2,121,Low ($20-50),Good (4-4.5),0.3200695722754483,StarTech.com,5.247030878859857
B01BXZTF42,Dentsing G5M10 Battery for Dell Latitude E5450 E5550 P48G001 Series Laptop 0WYJC2 8V5GX R9XM9 WYJC2 1KY05 451-BBLN 080-854-0066 TXF9M 7V69Y 7.4V 51Wh/6820mAh 4-Cell,41.74,4.5,93,Low ($20-50),Good (4-4.5),0.35005333874451033,Dentsing,9.2549889135255
B01BY033SK,Genuine TV Ears Replacement Battery for TV Ears Original/Digital Headsets - 40810,15.95,4.5,789,Budget (<$20),Good (4-4.5),0.3504568579421101,Genuine,3.5365853658536586
B01BY11DTK,Noam NMG - Motorcycle Phone/GPS Case Magnetic tank bag,,4.1,72,,Good (4-4.5),0.31004116359630685,Noam,
B01BY3Y3YA,Feihe Mini AV/CVBS 3RCA Composite Video AV to HDMI Video Converter Adapter 720p 1080p Upscaler（Write）,,3.6,11,,Average (3.5-4),0.2600057976896207,Feihe,
B01BY4CZ30,"Neewer® Aluminum Alloy Swing-Away Design Matte Box with Filter Tray,Fit 15mm Rail Rod Rig,for Nikon Canon Sony Fujifilm Olympus DSLR Camera,Camcorder Video Movie Film Making System",,3.4,24,,Below Avg (3-3.5),0.24001333468612757,Neewer®,
B01BY4M7VU,"ACEE Deal Black Rechargeable Digital Voice Recorder with Mini USB Port , MP3 Music Player and Dictaphone , 8 GB Internal Memory Card",,3.5,48,,Below Avg (3-3.5),0.2500272491412172,ACEE,
B01BY55Q6W,"MOHOO 7x5FT Colorful Brick Wall Silk Photography Backdrop, Graffiti Party Backdrops for Studio Prop Wall Decor Photo Background 2.1x1.5m",,4.7,1075,,Excellent (4.5-5),0.37062267186526177,MOHOO,
B01BY92NHS,Fixcracked Touch Screen Replacement Parts Digitizer Glass Assembly for Ipad mini 2012 （A1432 A1454 A1455）& mini 2 2013 (A1489 A1490 A1491) 9.7 inch+ Professional Tool Kit (white),18.99,4.2,1218,Budget (<$20),Good (4-4.5),0.3207055788268376,Fixcracked,4.510688836104513
B01BY9GQ8K,Fixcracked for iPad mini & iPad mini 2 9.7 inch Touch Screen Replacement Parts Digitizer Glass Assembly+ Professional Tool Kit (black),18.99,4.1,2654,Budget (<$20),Good (4-4.5),0.311538127056368,Fixcracked,4.62043795620438
B01BYH2VVI,"Nikon LC-72 72mm Nikon Lens Cap, Model: 4749, Gadget & Electronics Store",14.99,4.9,28,Budget (<$20),Excellent (4.5-5),0.39001565376197594,Nikon,3.0529531568228108
B01BYKAOXC,Logitech Illuminated Living-Room Wireless Keyboard K830 and Touchpad for Internet-Connected TVs (Renewed),,4.1,225,,Good (4-4.5),0.3101298682475034,Logitech,
B01BYKG1FM,"Targus Vertical Slipcase Messenger Bag Travel Laptop Bag with Hideaway Handles, Cross Shoulder Strap, Protective Padding for 14-Inch Laptop, Black (TSS913)",16.99,4.6,250,Budget (<$20),Excellent (4.5-5),0.36014436247155507,Targus,3.6854663774403473
B01BYRUYJY,Sony a6300 Mirrorless Digital Camera w/ 16-50mm & 55-210mm Lens Bundle,,4.5,39,,Good (4-4.5),0.35002203122055864,Sony,
B01BYTG7YS,"Earphones with Microphone T33i Premium Earbuds Stereo Headphones Volume Control and Noise Isolating, Green",,3.9,158,,Average (3.5-4),0.29009102372704476,Earphones,
B01BZ76Q54,"LimoStudio 24"" x 24"" / 60cm x 60cm Black & White Acrylic Reflective Table Top Display Background Boards for Photography Shooting, AGG1826",48.9,4.1,128,Low ($20-50),Good (4-4.5),0.3100736306581827,LimoStudio,11.897810218978103
B01BZ9XNQM,Earphones with Microphone 592G Premium Earbuds Stereo Headphones and Noise Isolating Made for iPhone iPod iPad Samsung Galaxy LG HTC (Gold),,3.5,448,,Below Avg (3-3.5),0.25025915672604465,Earphones,
B01BZFMH8Q,"Supershieldz (4 Pack) Designed for iPad Pro 9.7 inch and iPad 9.7 inch (2018 and 2017) Screen Protector, High Definition Clear Shield (PET)",7.99,4.3,1783,Budget (<$20),Good (4-4.5),0.3310331482904063,Supershieldz,1.8538283062645013
B01BZFRC0Y,"Supershieldz (3 Pack) Anti Glare and Anti Fingerprint (Matte) Screen Protector Designed for Apple iPad 9.7 inch (2018, 2017) and iPad Pro 9.7 inch",7.49,4.3,3947,Budget (<$20),Good (4-4.5),0.3322877683243228,Supershieldz,1.737819025522042
B01BZFYOPU,YCS basics Headphones + Mic/Stereo Headset Adapter Cable for Office/Home Phones,,3.9,74,,Average (3.5-4),0.290042323134231,YCS,
B01BZG2SLG,"Supershieldz Designed for iPad 9.7 inch (2018, 2017) and iPad Pro 9.7 inch Tempered Glass Screen Protector, Anti Scratch, Bubble Free",8.99,4.5,580,Budget (<$20),Good (4-4.5),0.35033568622903777,Supershieldz,1.9933481152993349
B01BZGF3EA,"OMNIHIL 8 Feet AC/DC Power Adapter 9V 2A (2000mA) 5.5x2.5millimeters Compatible with NordicTrAC k GX, A.C.T, E Models",11.96,4.3,62,Budget (<$20),Good (4-4.5),0.3300353659066862,OMNIHIL,2.774941995359629
B01BZGFUPW,OMNIHIL [UL Listed] 8 Foot Long AC/DC Power Adapter Compatible with Stanley SL10LEDL FATMAX LED Spotlight Power Supply Home Wall Charger,10.96,4.1,29,Budget (<$20),Good (4-4.5),0.31001623353093793,OMNIHIL,2.6666666666666674
B01BZGH2ZS,OMNIHIL 8 Feet AC/DC Power Adapter 6V 2A (2000mA) 5.5x2.5millimeters / 5.5x2.1millimeters Compatible with Proform Cardio Crosstrainers Razor Models,10.96,4.6,26,Budget (<$20),Excellent (4.5-5),0.3600144942240517,OMNIHIL,2.377440347071584
B01BZJICZY,Boostwaves Razor 60 HDTV Indoor Antenna,,3.2,35,,Below Avg (3-3.5),0.22001971214471036,Boostwaves,
B01BZR21NU,"Dentsing JD25G Battery for Dell XPS 13 XPS13 13D XPS13D 13-9343 13-9350 13D-9343, 90V7W JHXPY 5K9CP RWT1R 0RWT1R 0N7T6, XPS13-9350-D1608 D1508G D1708 9350 9343 7.4V 52Wh/7360mAh",37.74,3.9,33,Low ($20-50),Average (3.5-4),0.29001855260678616,Dentsing,9.65217391304348
B01BZTGZHQ,"Zoom iQ6 Stereo X/Y Microphone for iPhone/iPad for Recording Audio for Music, Interviews, and More",99.99,4.0,726,Mid ($50-100),Average (3.5-4),0.3004203324974998,Zoom,24.935162094763093
B01BZU6KUW,ALPINE CDE-141 CDE-143BT CDE-147BT CDE-HD148BT CDE-HD149BT CDE-SXM145BT UTE-42BT OEM GENUINE WIRE HARNESS,19.49,4.6,44,Budget (<$20),Excellent (4.5-5),0.36002493006536895,ALPINE,4.227765726681128
B01BZYZIZQ,OP/TECH USA 1301252 3/8-Inch Webbing Connector (Regular) - System Connectors,,4.4,87,,Good (4-4.5),0.34004986013073796,OP/TECH,
B01BZYZQDA,OP/TECH USA System Connectors Super Pro,9.95,4.1,60,Budget (<$20),Good (4-4.5),0.31003420636876206,OP/TECH,2.420924574209246
B01BZYZU18,"OP/TECH USA 1301062 Uni-Loop - System Connectors, Black",6.5,4.6,904,Budget (<$20),Excellent (4.5-5),0.36052353137274795,OP/TECH,1.4099783080260306
B01BZYZUXG,"OP/TECH USA Fashion Strap - 3/8-Inch, Steel (1611252)",15.95,4.6,158,Budget (<$20),Excellent (4.5-5),0.36009102372704477,OP/TECH,3.4598698481561825
B01BZZGYEO,19.5V 3.34A AC Adapter/Power Supply and Cord Replacement for HP Inspiron 1420 1501 1520 1521 1525 6000 6400 300M 500M 505M 600M 640M 700M 710M E1405 E1505,,4.4,64,,Good (4-4.5),0.3400365254446104,19.5V,
B01C010YJI,"ANVISION AC to DC 12V 3A Power Supply Adapter, Plug 5.5 x 2.1mm for NVR DVR Security Camera",,4.3,95,,Good (4-4.5),0.33005449828243444,ANVISION,
B01C018J68,KOOTION 5PCS 8GB USB 2.0 Flash Drives Thumb Drives Pack Memory Stick Swivel Pen Drive (5 Mixed Colors: Black Red Orange Blue Green),,4.4,54,,Good (4-4.5),0.3400307277549897,KOOTION,
B01C01YDNQ,"ANVISION AC to DC 12V 2A Power Supply wtih 4-Way Splitter Cable, Plug 5.5 x 2.1mm, for Security Camera Router Switch Speaker Led Light Strip",,4.3,64,,Good (4-4.5),0.3300365254446103,ANVISION,
B01C02TH90,"2 Pack, Cat6 Ethernet Patch Cable, Bootless, White, 25 Feet, CNE478741",21.76,4.5,19,Low ($20-50),Good (4-4.5),0.35001043584131725,2,4.824833702882484
B01C04HWKO,Video Balun Network Transceiver with Video Audio Power Connectors CAT5/CAT6 to BNC 4 Pairs,17.5,4.0,17,Budget (<$20),Average (3.5-4),0.30000927630339314,Video,4.364089775561098
B01C05C1OK,"Acer Predator XB241H Bmipr 24-Inch Full HD 1920x1080 NVIDIA G-Sync Display, 144Hz, 2 x 2w speakers, HDMI & DP",,4.5,498,,Good (4-4.5),0.35028814517414814,Acer,
B01C06CFEU,YINENN Electronics USB 3.0 Ultra Slim Portable DVD+/-RW External Drive for Mac & Window PC,,3.3,53,,Below Avg (3-3.5),0.23003014798602756,YINENN,
B01C09ZSNM,"Allsop Metal Art Ergo 3 Adjustable Monitor Stand, TV / Laptop Riser, 3 Height Levels with Micro Leg Adjustments, Non-Skid, Holds 35 lbs (06494)",43.24,4.7,890,Low ($20-50),Excellent (4.5-5),0.37051541460727905,Allsop,9.180467091295117
B01C09ZTK4,Aula LED Backlight Wired Gaming Keyboard (On Fire SI-859),25.99,4.3,214,Low ($20-50),Good (4-4.5),0.3301234907889206,Aula,6.03016241299304
B01C0J2560,TV Wizard Remote - Universal Micro Remote - Universal Keychain Remote!,,3.1,38,,Below Avg (3-3.5),0.21002145145159656,TV,
B01C0J7EMA,BEST KITS BKCDK651 Dodge RAM 2006-2008 Double-Din Kit For Non-Navigation Factory Radios,33.49,4.5,227,Low ($20-50),Good (4-4.5),0.35013102778542754,BEST,7.425720620842573
B01C0J7KYM,"Planet Audio PATV85 ATV UTV Weatherproof Sound System - 8 Inch Speakers, 1.5 Inch Tweeters, Built-in Amplifier, Bluetooth. Built-in LED Lightbar, Easy Installation for 12 Volt Vehicles",254.99,3.9,251,High ($200-500),Average (3.5-4),0.2901449422405171,Planet,65.2148337595908
B01C0J7L00,"Planet Audio P9630B Car DVD Player - Double Din, Bluetooth Audio and Hands-Free Calling, 6.2 Inch LCD Touchscreen Monitor, MP3 Player, CD, DVD, WMA, USB, SD, AUX In, AM/FM Radio Receiver",109.99,4.1,661,Mid-High ($100-200),Good (4-4.5),0.3103826475149653,Planet,26.761557177615575
B01C0J7L0K,"Planet Audio P9640BRC Double Din, Touchscreen, Bluetooth, DVD CD MP3 USB SD AM FM Car Stereo, 6.2 Inch Digital LCD Monitor, Wireless Remote, Rearview Flush Mount Camera Included",,3.4,35,,Below Avg (3-3.5),0.24001971214471032,Planet,
B01C0J7O5W,"Planet Audio PNV9674 Car GPS Navigation (NO Canada MAP) and DVD Player - Double Din, Bluetooth Audio and Calling, 6.2 Inch LCD Touchscreen Monitor, MP3, CD, DVD, USB, SD, Aux-in, AM/FM Radio Receiver",196.55,3.9,143,Mid-High ($100-200),Average (3.5-4),0.29008232719261373,Planet,50.2685421994885
B01C0J7O9I,Planet Audio PNV9650RC Double Din Receiver with 6.5 Inch Touchscreen Display Built-In Bluetooth/GPS Navigation/License Plate Camera,,3.4,13,,Below Avg (3-3.5),0.2400069572275448,Planet,
B01C0J7OAM,"Planet Audio PNV9650 6.5"" Double-Din in-Dash Navigation Touchscreen DVD Receiver with Bluetooth",,3.6,24,,Average (3.5-4),0.2600133346861276,Planet,
B01C0W3SSG,DISH NETWORK Remote 52.0,33.7,4.5,701,Low ($20-50),Good (4-4.5),0.35040583827344807,DISH,7.47228381374723
B01C131M6E,"Apple iPad Pro (128GB, Wi-Fi, Space Gray) 12.9in Tablet (Renewed)",388.0,4.2,1167,High ($200-500),Good (4-4.5),0.3206760106097721,Apple,92.16152019002375
B01C1NYPKO,"iPad 2 3 4 Case, ESR Smart Case Cover [Synthetic Leather] Translucent Frosted Back Magnetic Cover with Auto Sleep/Wake Function [Light Weight] (Sweet Pink)",,4.4,2155,,Good (4-4.5),0.3412488223442959,iPad,
B01C1NYQG2,"ESR Yippee Smart Case for iPad 2 3 4, Smart Case Cover [Synthetic Leather] Translucent Frosted Back Magnetic Cover with Auto Sleep/Wake Function [Light Weight] (Champagne Gold)",,4.1,141,,Good (4-4.5),0.3100811676546896,ESR,
B01C1NYR1Q,"ESR Yippee Smart Case for iPad 2 3 4, [Light Weight] [Synthetic Leather] Translucent Frosted Back Magnetic Cover with Auto Sleep/Wake (Silver Grey)",,4.3,188,,Good (4-4.5),0.33010841679590686,ESR,
B01C1QG8L0,Inovat 1 Pair Right Left Angle Micro USB Male 90 Degree USB Male to Micro Female Plug Adapters,6.59,4.3,145,Budget (<$20),Good (4-4.5),0.3300834867305379,Inovat,1.5290023201856149
B01C1SLIKE,"Vegkeyen Protector for iPhone 7 [2 Pack] Glassguard Premium Tempered Glass Screen Protector, with Double Defense Technology for Apple iPhone 7 (4.7 Inch) - [Upgraded]",,4.2,614,,Good (4-4.5),0.3203553983737481,Vegkeyen,
B01C1TYTPE,Universal 6-in-1 Linux Best Operating Systems Collection Install Recovery MultiBoot Bootable Live USB Flash Thumb Drive for PCs and MACs USB-C Compatible,,3.4,91,,Below Avg (3-3.5),0.24005217920658617,Universal,
B01C1WA9H8,"magnaroute HD-17 Multi-Vendor Rack Mount Kit Compatible with Many 17.3"" Wide Buffalo Tech, Cisco, Dell, D-Link, Linksys, NETGEAR, and TRENDnet Products",,4.0,29,,Average (3.5-4),0.300016233530938,magnaroute,
B01C2A6NNI,HKW Magnetic MicroUSB Charging Cable (Dedicated Connecter),,3.3,38,,Below Avg (3-3.5),0.23002145145159653,HKW,
B01C2G8BCS,YINGNEW High Power 16X 52MM Compact Monocular Telescope for Bird Watching Hunting Camping Hiking with Super Clear and Sharp Image,,3.1,34,,Below Avg (3-3.5),0.2100191323757483,YINGNEW,
B01C2HD7XA,iCasso Retina 15 inch Case Art Printing Hard Shell Protective Cover for MacBook Pro 15 inch Retina Model A1398- Left and Right Brain,,3.9,93,,Average (3.5-4),0.2900533387445103,iCasso,
B01C2JXH8S,"Neewer® Eyepiece Eyecup (Canon EG Replacement) for Canon EOS Rebel 5D Mark III, 7D, 7D Mark 2, 1D X, 1D C, 1D Mark III/IV, 1Ds Mark III Digital Cameras",,3.8,44,,Average (3.5-4),0.28002493006536894,Neewer®,
B01C2LDFR4,"Slow Dolphin Fabric Non Woven 6.5x10 ft Photography Photo Video Studio Backdrop Background Kit, White Black Chromakey Backdrops, Backdrop Support Stand with Carry Bag",,3.7,80,,Average (3.5-4),0.2700458017480034,Slow,
B01C2MC9ZC,iCasso Retina 15 Inch Case Rubber Coated Soft Touch Hard Shell Protective Cover for MacBook Pro 15 Inch Retina (No CD-ROM) Model A1398 (Birds),,4.2,20,,Good (4-4.5),0.3200110156102794,iCasso,
B01C2MCFVU,iCasso New Art Fashion Image Series Ultra Slim Light Weight Rubberized Hard Case Glossy Clear Crystal Snap-On Hard Cover Case for MacBook Air 11 inch (Model: A1370 /A1465) - Four Seasons Tree,,4.5,57,,Good (4-4.5),0.35003246706187585,iCasso,
B01C2NFK48,Fellowes PrivaScreen Privacy Filter for 23.0 Inch Widescreen Monitors 16:9 (4807101),63.99,4.1,142,Mid ($50-100),Good (4-4.5),0.3100817474236517,Fellowes,15.569343065693433
B01C2NNEPU,"Mudder Tablet Drawing Glove for Light Box, Graphic Tablet, Pen Display (Black)",,4.4,1417,,Good (4-4.5),0.34082095285028924,Mudder,
B01C2O7YNC,Mohoo 5x7ft Pirate Ship Silk Photography Backdrop Studio Prop Background 1.5×2.1m (Updated material),,3.8,40,,Average (3.5-4),0.28002261098952064,Mohoo,
B01C2PQHHU,Samsung Galaxy Tab E 8.0 Screen Protector - ACdream Premium HD Tempered Glass Screen Protector for Samsung Galaxy Tab E 8.0 Inch Tablet 2016 Release with 9H Hardness/Scratch Resist - Ultra Clear,,4.4,262,,Good (4-4.5),0.3401513196991,Samsung,
B01C2TO8HM,CABLEDECONN Active HDMI Female to VGA Male Output 3.5 Audio Converter Adapter 1080P for Notebook Xbox 360 PS3 4 Amazon Fire TV Stick Raspberry Google Chromecast,,3.6,34,,Average (3.5-4),0.26001913237574825,CABLEDECONN,
B01C2VRY1M,Rivacase Sling Crossbody Backpack - 13 Inch Laptop Day Pack for Men & Women - Water Resistant Tech Travel Bag - Casual Daypack with Mesh Comfort Shoulder Strap For Computer Tablet Smart Phone - Grey,,4.4,145,,Good (4-4.5),0.34008348673053795,Rivacase,
B01C2YBGAE,"Headphones, In-Ear Earbuds Earphones Headset with Mic Stereo & Volume Control (Golden)",,3.2,18,,Below Avg (3-3.5),0.2200098560723552,"Headphones,",
B01C35XJI4,"Wild-Vision Full HD 5.0 Trail and Game Camera, Premium Pack",,3.8,26,,Average (3.5-4),0.28001449422405167,Wild-Vision,
B01C371Z8I,Epson-Compatible ValueView 3D Glasses. Rechargeable. Multi-Pack,,4.3,20,,Good (4-4.5),0.33001101561027935,Epson-Compatible,
B01C3BD3W0,"UE MEGABOOM Wireless Bluetooth Speaker, Lava Red (Renewed)",,4.2,307,,Good (4-4.5),0.3201774093023931,UE,
B01C3BL336,"BOOMR Quick-Release Camera & Binoculars Bungee Neck/Shoulder Sling Strap - Fits Most Popular Brands Including Sony, Nikon, Canon, Olympus, Pentax & Leica!",9.99,4.4,210,Budget (<$20),Good (4-4.5),0.34012117171307243,BOOMR,2.2653061224489797
B01C3EFCWQ,Juicebox V-Mount Battery & Charger (150Wh) with US-Based Warranty,,3.7,101,,Average (3.5-4),0.27005797689620686,Juicebox,
B01C3EFUF0,Rigol ADP0150BNC 50 Ohm Impedance Adapter,10.99,4.3,18,Budget (<$20),Good (4-4.5),0.33000985607235517,Rigol,2.5498839907192576
B01C3GCXJ4,SAMSUNG 150 Watts 2.1 Channels Bluetooth Soundbar with Wireless Active Subwoofer Dolby Digital Sound Home Entertainment System Stream Your Music via Bluetooth APP Control Through Your Phone (Renewed),,4.2,155,,Good (4-4.5),0.3200892844201586,SAMSUNG,
B01C3GW1VY,"RAILBLAZA Kayak Action Camera Mount Pole Kit, Compatible with StarPort Mount",38.99,4.4,68,Low ($20-50),Good (4-4.5),0.3400388445204587,RAILBLAZA,8.841269841269842
B01C3I6TCO,"caseable Fire HD 10 Cover (10"" Tablet, 5th Generation - 2015 Release), Pass This On",,4.0,99,,Average (3.5-4),0.30005681735828277,caseable,
B01C3IB02S,"Professional 72-inch Tripod 3-way Panhead Tilt Motion with Built In Bubble Leveling + Deluxe Backpack for Canon, Nikon, Sony, Pentax, Sigma, Fuji, Olympus, Panasonic, JVC, Samsung Cameras + Camcorders",54.99,4.1,175,Mid ($50-100),Good (4-4.5),0.31010087979939993,Professional,13.379562043795623
B01C3J3POI,Logitech Z906 Surround Sound Speaker System Bundle with Bluetooth Audio Adapter,,4.6,91,,Excellent (4.5-5),0.36005217920658616,Logitech,
B01C3LE44G,Nikon COOLPIX B700 Digital Camera,367.68,4.1,267,High ($200-500),Good (4-4.5),0.31015421854391023,Nikon,89.45985401459855
B0058OU5BM,SmartGuard 5-Year Furniture Protection Plan ($200-$299 Items),,3.7,81,,Average (3.5-4),0.27004638151696553,SmartGuard,
B01C3OP6KY,"Nekteck 2.5-inch USB Type C 3.0 External HDD Hard Drive Disk Enclosure Case with USB C Interface for 9.5mm, 7mm HDD/SSD [ Optimized for SSD, Support UASP & SATA III] Tool-Free Design - Black",,4.1,147,,Good (4-4.5),0.310084646268462,Nekteck,
B01C3PQT1S,"Aluminum Tablet Stand - iXCC Multi-Angle Holder for Tablets, Smartphones and E-Readers [iPhone/iPad/Samsung Galaxy/Tab/Google Nexus] - Black",,3.7,83,,Average (3.5-4),0.27004754105488965,Aluminum,
B01C3QXRIU,9 Vertical Outlets 6 Feet Power Cord 3 Feet Body Opentron OT3096V1 Heavy Duty Metal Surge Protector Power Strip with Mounting Parts - Free End Caps for Shipping Protection Only,37.99,4.6,227,Low ($20-50),Excellent (4.5-5),0.3601310277854275,9,8.240780911062908
B01C3SK0FG,Headphone Adapter AUX Audio Jack Charging,,4.3,99,,Good (4-4.5),0.33005681735828274,Headphone,
B01C3Y4LT6,Yongnuo 3PCS YN-560IV Manual Flash Speedlite Light with YN560 TX LCD Wireless Flash Trigger Remote Controller Compatible for Canon DLSR Cameras& 3pcs Diffuser & USB LED,,4.4,31,,Good (4-4.5),0.34001739306886214,Yongnuo,
B01C3Y6KXQ,Plextor M6e Series 256GB PCI Express Internal Solid State Drive PX-AG256M6e,,3.9,48,,Average (3.5-4),0.2900272491412172,Plextor,
B01C3ZPXWE,"Fintie Case for iPad Air 2 9.7"" - [SlimShell] Ultra Lightweight Stand Smart Protective Cover with Auto Sleep/Wake Feature for iPad Air 2, Paisley Waves",,4.0,36,,Average (3.5-4),0.30002029191367247,Fintie,
B01C40RNMQ,"Cablelera 12' Shielded North American Power Cord, 5-15P to IEC60320 C13, SVT, Black (ZADA13PC-12)",13.99,4.7,31,Budget (<$20),Excellent (4.5-5),0.3700173930688621,Cablelera,2.970276008492569
B01C40RS76,"Cablelera North American Power Cord Extension, NEMA 5-15P to NEMA 5-15R, 3', 16 AWG, 13A, 125V (ZWACPQA3-03)",8.99,4.6,44,Budget (<$20),Excellent (4.5-5),0.36002493006536895,Cablelera,1.9501084598698484
B01C40SGQ8,"Cablelera North American Standard Power Cord, NEMA5-15P to IEC320 C13, 6ft, 16AWG, 10A 125V (ZWACPCAJ-06)",,4.9,24,,Excellent (4.5-5),0.39001333468612764,Cablelera,
B01C40SX8E,"Cablelera AC Power Cord Extension, IEC320 C14 to IEC320 C19, 3', 14AWG, 15A, 250V(ZWACDFAN-03)",8.99,4.7,83,Budget (<$20),Excellent (4.5-5),0.3700475410548897,Cablelera,1.9087048832271762
B01C40SZ5A,"Cablelera AC Extension Power Cord, IEC320 C14 to IEC320 C15, 14 AWG, 15A, 250V (ZWACDEAE-06)",8.99,4.5,79,Budget (<$20),Good (4-4.5),0.35004522197904137,Cablelera,1.9933481152993349
B01C41QV82,RoomMates RMK3109SCS Dinotrux Peel and Stick Wall Decals,,4.8,16,,Excellent (4.5-5),0.38000869653443103,RoomMates,
B01C42TR1E,Pair Kicker 43DSC6804 DSC680 6x8 200 Watt 2-Way Car Stereo Speakers 4-Ohm DS680,79.99,4.4,376,Mid ($50-100),Good (4-4.5),0.3402174133607758,Pair,18.13832199546485
B01C42Z4RA,"Brydge 12.9 Bluetooth Keyboard for 12.9"" iPad Pro (Space Gray)",,3.4,84,,Below Avg (3-3.5),0.24004812082385169,Brydge,
B01C42Z72M,"Brydge 12.9 Bluetooth Keyboard for 12.9"" iPad Pro (Silver)",,3.4,71,,Below Avg (3-3.5),0.2400405838273448,Brydge,
B01C42Z736,Brydge 7.9 Keyboard for iPad Mini (2019) 5 and iPad Mini 4 | Backlit Keys | Aluminum | Bluetooth Wireless | Rotating Hinges | 180 Degree Viewing (Space Gray),,3.8,85,,Average (3.5-4),0.2800487005928137,Brydge,
B01C466H1S,kuman 1602 Shield Module LCD Display V3 Compatible for Arduino MEGA2560 KY54,,4.1,23,,Good (4-4.5),0.3100127549171655,kuman,
B01C46AW8W,INSMA DC 12V 8000mAh Backup Rechargeable Li-ion Battery for CCTV Camera US-Plug Circulation charge and discharge more than 500 times,,3.0,22,,Poor (<3),0.20001217514820346,INSMA,
B01C46N8R4,"HGST, a Western Digital Company Touro Mobile USB 3.0 Portable Drive 500GB (0S03796)",51.66,3.9,21,Mid ($50-100),Average (3.5-4),0.29001159537924137,"HGST,",13.212276214833759
B01C49SBDM,"Dentsing EB-BT355ABE 3.7V 15.96Wh/4200mAh Battery Compatible with Samsung Galaxy TAB A 8"" SM-T350 T355C Tab5 P350 EB-BT355ABC EB-BT355ABA with Installation Tools",,3.5,45,,Below Avg (3-3.5),0.25002550983433103,Dentsing,
B01C4EP06S,"Archgon MH-2231-U3 2.5 inches SATA Hard Drive/SSD Aluminum Enclosure, Optimized for UASP & SATA III 6.0 Gbps Transfer Rate",14.0,3.5,19,Budget (<$20),Below Avg (3-3.5),0.2500104358413172,Archgon,3.988603988603989
B01C4EP3LK,"Archgon MH-3507-U3A USB 3.0 2.5""/3.5"" Hard Drive Enclosure Docking Station Optimized for UASP & SATA III 6.0 Gbps Transfer Rate",29.0,4.7,23,Low ($20-50),Excellent (4.5-5),0.37001275491716556,Archgon,6.1571125265392785
B01C4ITUOW,Alpha 20mm Sensor Cleaning Swabs (12pk) (Blue) w/Gamma,26.95,3.6,5,Low ($20-50),Average (3.5-4),0.2600023190758483,Alpha,7.465373961218837
B01C4KK0JE,Case Logic Kickback for Surface Pro 4 (CKSE2197),,3.8,118,,Average (3.5-4),0.280067832968562,Case,
B01C4LFQBU,"Pioneer B-1 Photo / Video Storage Box - Holds over 1,100 Photos up to 4x6"" or 10 VHS Videos, Solid Color: Bright Purple. TWO PACK.",21.69,4.5,334,Low ($20-50),Good (4-4.5),0.35019306306436887,Pioneer,4.8093126385809315
B01C4NF8ZC,Maxell T-160 (8 hours) Premium Grade Video Cassette 10-Pack,129.99,3.8,45,Mid-High ($100-200),Average (3.5-4),0.280025509834331,Maxell,34.11811023622048
B01C4QJCME,Nikon Coolpix P900 Wi-Fi 83x Zoom Digital Camera + Extra Replacement Battery + Original Accessories + Extremespeed 32GB Commander Memory + Spider Flexible Tripod + Deluxe Carrying Case + 12pc Bundle,,4.2,48,,Good (4-4.5),0.3200272491412173,Nikon,
B01C4SG4GE,Belden 2-Pack PPC POEGB-1GCW Ground Block with Integrated MoCA PoE Filter,6.99,4.3,64,Budget (<$20),Good (4-4.5),0.3300365254446103,Belden,1.6218097447795825
B01C4TDDB2,NavePoint Adjustable Rack Mount Server Shelf Rails 1U Full Depth 2-Pack,81.91,4.4,18,Mid ($50-100),Good (4-4.5),0.34000985607235523,NavePoint,18.573696145124714
B01C4TLEOA,"32GB Accessory Kit for Nikon Coolpix A900, B700, B500, P900, L840, L830, L820, P610, P600, P520, L320, P7800 Digital Cameras Includes 32GB High-Speed Memory Card + Fitted Case + 60 inch Tripod + More",,4.1,62,,Good (4-4.5),0.3100353659066862,32GB,
B01C4UY0JK,"Amazon Cloud Cam Security Camera, Works with Alexa",,4.1,6682,,Good (4-4.5),0.3138734364355804,Amazon,
B01C4W2P18,(Old Model) Seagate 2TB Laptop HDD SATA 6Gb/s 128MB Cache 2.5-Inch Internal Hard Drive (ST2000LM015),72.5,4.5,867,Mid ($50-100),Good (4-4.5),0.35050207992115145,(Old,16.07538802660754
B01C4WYYS0,Verizon P283 Big Button Remote Controller,35.49,4.3,58,Low ($20-50),Good (4-4.5),0.33003304683083795,Verizon,8.23433874709977
B01C56505G,"RayCue 6ft USB C to HDMI Adapter Cable, USB Type C(Thunderbolt 3) to HDMI 4K Cable Compatible with MacBook Pro, MacBook Air, iPad Pro, XPS, Surface Book 2, Galaxy and More (6ft)",,4.1,166,,Good (4-4.5),0.3100956618787413,RayCue,
B01C59K7BU,LB1 High Performance 6600mAh Battery for Dell Inspiron 1545 1525 1526 Fits RN873 GP952 M911G X284G K450N RU586,,3.5,58,,Below Avg (3-3.5),0.25003304683083794,LB1,
B01C59KV7A,LB1 High Performance 6600mAh Battery for HP Pavilion DV7-1000 DV7-2000 DV7-3000 DV8-1000 HDX X18 516355-001,,3.7,24,,Average (3.5-4),0.2700133346861276,LB1,
B01C59L3VI,LB1 High Performance Battery for HP 516355-001 HSTNN-Q35C HSTNN-C50C HSTNN-DB75 HSTNN-OB75,,3.7,28,,Average (3.5-4),0.2700156537619759,LB1,
B01C59MND0,"LB1 High Performance 6600mAh Battery for Toshiba Satellite A655, A660, A665 Fits: PA3634U-1BRS, PA3634U-1BAS",,3.1,20,,Below Avg (3-3.5),0.21001101561027932,LB1,
B01C5BBMMQ,"Dentsing AA-PBZN2TP Battery for Samsung Chromebook 303C XE303C12 Chromebook XE303C, XE500T, XE500C, XE503C Xe303c12 Xe303c12-a01us 905s3g 910s3g 915s3g Ba43-00355a Laptop",28.99,4.4,208,Low ($20-50),Good (4-4.5),0.34012001217514826,Dentsing,6.573696145124716
B01C5CVA8Q,BULL-TECH M5Y1k Laptop Battery for Dell Inspiron 14 3451 3452 17 5755 Inspiron 15 3000 5000 3551 5558 5559 5759 Vostro 3458 3459 3468 3558 Series Fit GXVJ3 W6D4J 6YFVW VN3N0 [ 14.8V 40Wh ],,3.7,77,,Average (3.5-4),0.2700440624411172,BULL-TECH,
B01C5F8CSY,Signal Vision SV-4G Commscope Coaxial 5-1000Mhz 4-Way Splitter,7.59,4.4,65,Budget (<$20),Good (4-4.5),0.34003710521357244,Signal,1.7210884353741496
B01C5FVM7W,UpBright 19.5V AC/DC Adapter Compatible with Sony Bravia TV KDL-32 KDL-40 W600B W650A W674A W700B W800B KDL55W650D KDL48W600B KDL-42W650A KDL-40W600B KDL-32W700B Smart LED LCD 19.5VDC Power Charger,14.99,4.3,46,Budget (<$20),Good (4-4.5),0.3300260896032931,UpBright,3.477958236658933
B01C5FYAKS,"EZDIY-FAB 5.25 inch USB 3.0 Multi-Card Reader with USB Charging Port(6-Slot Card Reader, 1x USB 3.0, 4X USB 2.0, 1x eSATA, USB-Charging Port)",,4.1,128,,Good (4-4.5),0.3100736306581827,EZDIY-FAB,
B01C5GC16C,LR General Replacement Remote Control Fit For RM-YD025 For KDL26L5000 KDL32L4000 KDL32L504 KDL32LL150 KDL32S5100 RM-YD014 RM-YD012 For SONY PLASMA LCD LED BRAVIA XBR HDTV TV,13.58,3.9,16,Budget (<$20),Average (3.5-4),0.290008696534431,LR,3.4731457800511514
B073QW4PX6,"WONNIE 12.5 Inch Portable DVD Player with 4 Hour Rechargeable Battery,10.5"" Swivel Screen, SD Card Slot and USB Port and Stereo Earphones (Black)",,4.2,232,,Good (4-4.5),0.32013392663023793,WONNIE,
B01C5GFF38,"Shuttle XPC Accessory PC63J 500W Power Supply for Shuttle XPC H, J and R series Barebone",,4.4,122,,Good (4-4.5),0.3400701520444104,Shuttle,
B01C5HGMN4,Cablelera USB AM/AF with 1' Panel Mount (ZCCCDNMF-01),6.99,4.7,10,Budget (<$20),Excellent (4.5-5),0.37000521792065866,Cablelera,1.4840764331210192
B01C5ILO9K,"1byone O0000-0293 High Gain Low Noise HDTV Antenna Amplifier/Signal Booster, Gain 20dB",,3.8,1053,,Average (3.5-4),0.28060991694809617,1byone,
B01C5J4J78,2 Pcs 4 x1.5V AA Battery Holder with On Off Switch Cap Lead Wires (for AA 4 CELL),,4.4,1061,,Good (4-4.5),0.3406145550997928,2,
B01C5JJN2Y,"Meenova Dash Micro G3 Type-C: Mini MicroSD Card Reader with USB Type-C Plug, with Keychain Case, Gray, for Google Pixel, Nexus 6P/5X,MacBook Air Pro 2020, LG G5, Samsung S21 Ultra, Note 20, and Others",,3.9,66,,Average (3.5-4),0.29003768498253446,Meenova,
B01C5JZ3QY,"EVGA GeForce GTX 960 2GB SSC GAMING ACX 2.0+, Whisper Silent Cooling Graphics Card 02G-P4-2966-KR",292.02,4.6,2141,High ($200-500),Excellent (4.5-5),0.3612407055788268,EVGA,63.34490238611714
B01C5K9QJ8,"iPhone SE / 5S / 5 CASE, DGtle Anti-Scratches [Matte] TPU Gel Premium Slim Flexible Soft Bumper Rubber Protective Case Cover for Apple iPhone SE / 5S / 5 (Black)",,3.9,45,,Average (3.5-4),0.290025509834331,iPhone,
B01C5KQD5I,"Onite DC Plugs Male 4.0x1.7mm, 4.0x1.35mm, 3.5x1.35mm, 3.5mm Mono, 3.0x1.1mm, 2.5x0.7mm, 2.5mm Mono, 2.35x0.7mm, 2.0x0.6mm Adapters for Electronics Devices Tablets, USB to DC 5.5x2.1mm Cord",7.49,4.2,1571,Budget (<$20),Good (4-4.5),0.32091023727044776,Onite,1.7790973871733968
B01C5KWMUI,Sungwoo Foldable Silicone Keyboard USB Wired Waterproof Rollup Keyboard for PC Notebook Laptop (Blue),,3.2,72,,Below Avg (3-3.5),0.2200411635963069,Sungwoo,
B01C5O4GBC,HIZPO Car in Dash Radio DVD Player GPS Navigation for Toyota Corolla Hilux Vios Zelas2011 Matrix Previa Prado Land Cruiser FJ Carmy 4runner Fortuner Land Cruiser100 Series,,4.6,10,,Excellent (4.5-5),0.3600052179206586,HIZPO,
B01C5RK8NE,"MPD Digital NEW-6-RG58-PL259-crimp UHF Male PL-259 Coax Connector, Bag of 6",,4.1,13,,Good (4-4.5),0.31000695722754484,MPD,
B01C5TF5XU,Uniden PC68LTD 40-Channel CB Radio 50th Anniversary,,4.2,24,,Good (4-4.5),0.32001333468612764,Uniden,
B01C5TG278,Ckitze Round White USA to Europe/Asia/Africa Travel Power Plug Adapter,3.99,4.3,129,Budget (<$20),Good (4-4.5),0.3300742104271448,Ckitze,0.9257540603248261
B01C5TG86I,SilverStone Technology RL-FS212B Front Bay Hot-Swapable Hard Drive Enclosure,,4.5,16,,Good (4-4.5),0.35000869653443106,SilverStone,
B01C5TG886,SilverStone Technology RL-FS303B Front Bay Hot-Swapable Hard Drive Enclosure,,4.3,40,,Good (4-4.5),0.3300226109895207,SilverStone,
B01C5XBEMW,Tripp Lite SR1UPANEL50 Rack Enclosure Cabinet 50 Pieces Cooling Blanking Panel 1URM,173.15,4.0,23,Mid-High ($100-200),Average (3.5-4),0.30001275491716556,Tripp,43.17955112219452
B01C6031MA,Posdou 1 Pair Right Left 90 Degree Angle Micro USB Male to Micro USB Female Adapter,5.99,4.2,1430,Budget (<$20),Good (4-4.5),0.3208284898467961,Posdou,1.4228028503562946
B01C6032G0,USB 2.0 Micro USB Male to USB Female OTG Adapter (2 Pack),5.99,4.3,7447,Budget (<$20),Good (4-4.5),0.33431695969156294,USB,1.3897911832946637
B01C6507BI,"Amcrest 4-Camera 12V Power Supply for 960H, 720p/1080p HDCVI, and Analog Security Cameras (Black)",19.99,4.5,346,Budget (<$20),Good (4-4.5),0.3502000202919137,Amcrest,4.4323725055432375
B01C66KA7I,"It3 Anti Fingerprint (2X Pcs) Screen Protector Guard for 14"" Lenovo ThinkPad X1 Yoga (2nd Gen)",,3.6,12,,Average (3.5-4),0.26000637745858274,It3,
B01C66P5EG,"HDD Cable, Caddy Bracket for HP Envy 17-n000, 17-n100, m7-n000, m7-n100 Series (Genuine Newmodeus Product)",,4.3,66,,Good (4-4.5),0.3300376849825345,HDD,
B01C677U2K,"2 Pack, Cat5e Ethernet Patch Cable, Snagless/Molded Boot, 25 Feet, Black (CNE500942)",,4.3,247,,Good (4-4.5),0.3301426231646689,2,
B01C67808I,"2 Pack, Cat5e Ethernet Patch Cable, Snagless/Molded Boot, 50 Feet, White (CNE501895)",34.4,4.3,595,Low ($20-50),Good (4-4.5),0.3303443827634688,2,7.981438515081207
B01C68BJDU,Dataram 64GB (4 X 16GB) DDR3 PC3-14900 1866MHz ECC Registered Memory RAM for MAC PRO Late 2013,80.0,4.4,48,Mid ($50-100),Good (4-4.5),0.3400272491412173,Dataram,18.140589569160998
B01C6EY9WW,Logitech Z506 Surround Sound Home Theater Speaker System,176.68,4.2,4627,Mid-High ($100-200),Good (4-4.5),0.32268201121852946,Logitech,41.966745843230406
B01C6FFNY4,CanaKit Raspberry Pi 3 with 2.5A Micro USB Power Supply (UL Listed),,4.8,1711,,Excellent (4.5-5),0.38099140492513733,CanaKit,
B01C6J3MXY,"LimoStudio Extendable Photo Studio Lighting Reflector Holder with Rubber Hand Grip Boom Arm Stand Kit, AGG1836",,3.8,46,,Average (3.5-4),0.28002608960329306,LimoStudio,
B01C6KUKMY,"REOLINK 4MP 16CH PoE Security Camera System, 8pcs Wired 1440P IP Camera with Person Vehicle Detection, Night Vision, 4K NVR with 4TB HDD for 24-7 Recording RLK16-410B8, Motion Only alert",699.99,4.5,1154,Premium (>$500),Good (4-4.5),0.35066847361326514,REOLINK,155.20842572062085
B01C6NEHCU,CENNBIE Large Mouse Mat 35.4 x 15.5in in -Moon Night Rubber Oblong Mousepad Computer Desk Stationery Accessories Desk Pad,,4.2,31,,Good (4-4.5),0.3200173930688621,CENNBIE,
B01C6Q4GLE,CanaKit Raspberry Pi 3 Ultimate Starter Kit - 32 GB Edition,149.99,4.6,543,Mid-High ($100-200),Excellent (4.5-5),0.3603142347774412,CanaKit,32.5357917570499
B01C6U8FCQ,LensCoat BatteryPouch AA 4+4 (Green) Camera Battery Holder for DSLR lenscoat,16.68,4.2,17,Budget (<$20),Good (4-4.5),0.32000927630339315,LensCoat,3.9619952494061756
B01C6WXD4O,PSWP26BK Waterproof Sport Headphones MP3 Player 8GB Black Color,,3.3,53,,Below Avg (3-3.5),0.23003014798602756,PSWP26BK,
B01C6X47KM,"Belkin DisplayPort to HDMI Adapter Cable, Black",15.53,4.2,56,Budget (<$20),Good (4-4.5),0.3200318872929138,Belkin,3.688836104513064
B01C717PZW,"iCreatin Gigabit PoE Injector Adapter 48V 24W Power Over Ethernet for 802.3af Devices, Up to 328 Ft, 10/100/100Mbps RJ-45, Plug and Play, PSE-480040G",14.96,4.2,51,Budget (<$20),Good (4-4.5),0.3200289884481035,iCreatin,3.5534441805225656
B01C71PXPG,"SilverStone Technology Precision Series Black ATX Tower Case PS13B, Black",78.98,3.8,20,Mid ($50-100),Average (3.5-4),0.2800110156102793,SilverStone,20.729658792650923
B01C71YD34,EKIND Replacement Bracket Cradle Mount Compatible for GPS Garmin Nuvi 2XX 4XX Series(200 200W 205 205W 250 250W 255 255W 260 260W 265T 265WT 270 275T 465T) Black,6.49,4.1,438,Budget (<$20),Good (4-4.5),0.310253359036424,EKIND,1.5790754257907544
B01C71YH44,EKIND Replacement Bracket Cradle Mount Compatible for Garmin GPS Nuvi 12xx 13xx Series(1200 1210 1240 1250 1260 1260t 1300 1350 1350t 1360 1370 1370t 1390 1390t) Black,6.99,4.1,52,Budget (<$20),Good (4-4.5),0.3100295682170655,EKIND,1.7007299270072995
B01C74181Q,"AXESS MS3912 Mini Entertainment System with AM/FM, USB, CD, MP3 Player & Cassette Recorder With Headphone and Aux Jack",,4.0,209,,Average (3.5-4),0.30012059194411034,AXESS,
B01C742IDI,"Smart Door & Window Sensor by Netatmo, Wireless, Pack of 3, DTG01EUSA",,3.1,110,,Below Avg (3-3.5),0.2100631948168655,Smart,
B01C783MVQ,"AXESS SPBT1037 Portable Bluetooth Indoor/Outdoor 2.1 Hi-Fi Cylinder Loud Speaker with Built-In 4"" Sub + Vibrating Disk and SD Card, USB, AUX Inputs in Black",,4.2,96,,Good (4-4.5),0.3200550780513966,AXESS,
B01C783O9G,"AXESS SPBT1037 Portable Bluetooth Indoor/Outdoor 2.1 Hi-Fi Cylinder Loud Speaker with Built-In 4"" Sub + Vibrating Disk and SD Card, USB, AUX Inputs in Gray",,4.1,56,,Good (4-4.5),0.31003188729291375,AXESS,
B01C783ODM,"AXESS SPBT1037 Portable Bluetooth Indoor/Outdoor 2.1 Hi-Fi Cylinder Loud Speaker with Built-In 4"" Sub + Vibrating Disk and SD Card, USB, AUX Inputs in Red",,4.0,148,,Average (3.5-4),0.30008522603742416,AXESS,
B01C7867FE,"Intel 120GB 2.5"" Solid State Drive (SSDSC2KW120H6X1)",,4.0,14,,Average (3.5-4),0.30000753699650695,Intel,
B01C786AXS,"Intel 2.5"" SSD Hard Disk 540s Series, 240GB, 7mm 2.5in SATA, 16nm, TLC SSDSC2KW240H6X1",99.0,3.3,35,Mid ($50-100),Below Avg (3-3.5),0.23001971214471031,Intel,29.90936555891239
B01C7HJ554,"3DR Solo Quadcopter Bundle with Gimbal, Backpack, Battery, and 8 Propellers",,4.1,99,,Good (4-4.5),0.3100568173582827,3DR,
B01C7HZ47M,"Amazon Basics Laptop Backpack Fits Up to 17-Inch Laptops, Black",36.44,4.5,17301,Low ($20-50),Good (4-4.5),0.3600300030437871,Amazon,8.079822616407982
B01C7JN6KW,"Earphone,Splaks Stereo Headphone Earbuds with Mic and Volume Control,Hands-Free Calling,Noise Isolating for iPhone, iPod, iPad, Galaxy, Nokia, HTC, Nexus, BlackBerry etc-Black",,3.0,166,,Poor (<3),0.20009566187874134,"Earphone,Splaks",
B01C7O7T32,Odyssey Toys ODY-1716NX Real Pocket Drone That Takes HD Video and Pictures. Fold Out Motors Makes it The Same Size as a Smartphone - so it Really Does fit in Your Pocket!,45.99,2.7,13,Low ($20-50),Poor (<3),0.17000695722754486,Odyssey,16.97047970479705
B01C7O7Z68,"BEST CONNECTIONS 10-Gauge Automotive Primary Wire Bundle (50ft Each, Red & Black) | Ideal for Car Audio, Automotive, and Trailer | Durable Primary/Remote, Power/Ground Electrical Wiring",,4.6,834,,Excellent (4.5-5),0.36048294754540317,BEST,
B01C7O82LU,Audiopipe 12 Gauge Wire RED & Black Power Ground 100 FT Each Primary Stranded Copper CLAD,24.95,4.6,306,Low ($20-50),Excellent (4.5-5),0.3601768295334309,Audiopipe,5.412147505422994
B01C7OQZKU,Cable Leader 3ft Power Extension Cord Splitter Cable 16 AWG IEC320 C14 to IEC320 C13 x 2,10.99,4.2,10,Budget (<$20),Good (4-4.5),0.32000521792065867,Cable,2.6104513064133017
B01C7RAIWI,"KENUCO WMS WML PC110 DS-1272ZJ-110 Wall Mount Bracket for hik-Compatible Dome Camera Compatible with DS-2CD2143G0-I(S), DS-2CD2163G0-I(S), DS-2CD2183G0-I(S)",21.0,4.2,105,Low ($20-50),Good (4-4.5),0.3200602959720552,KENUCO,4.98812351543943
B01C7SGD3A,Aduro Amplify LED Bluetooth Wireless Speaker - Color Changing Rave Light Show Party Speaker (BrightSound XL),,4.0,451,,Average (3.5-4),0.30026089603293094,Aduro,
B01C7SMHDK,"Aduro Surge Travel Size Power Portable Mini Multi Port Charging Station Hub, Pink",,2.9,20,,Poor (<3),0.1900110156102793,Aduro,
B01C7T4I1S,Aduro Amplify Pro SBN45 Wireless Stereo Around The Neck Earbud Headphone Headset (Black/Gray),,3.9,1739,,Average (3.5-4),0.29100763845607525,Aduro,
B01C7T4I9K,Aduro Amplify Pro SBN45 Wireless Stereo Around The Neck Earbud Headphone Headset (Black/Pink),12.99,3.9,840,Budget (<$20),Average (3.5-4),0.2904864261591755,Aduro,3.3222506393861897
B01C7UGBCQ,"APCRBC124-UPC Replacement Battery by UPC Upgrade Parts Company for APC Models SMC1000I-2U, SMC1000-2U, BR1500GI, BR1500G-FR, BR1200GI, BR1200G-FR, BR1300G, BX1500G, BR1500G, SMC1000-2UC",63.99,4.4,635,Mid ($50-100),Good (4-4.5),0.34036757352195157,APCRBC124-UPC,14.510204081632653
B01C7UGH7A,"Polaroid Bluetooth Stereo Sound System, Three Piece System, Portable & Rechargeable System (Black)",,2.9,21,,Poor (<3),0.19001159537924137,Polaroid,
B01C7UGP04,"Acer Cloudbook 14, 14-inch, Celeron N3050, Win 10, Office 365 Personal-1 year, 2GB DDR3L, 32GB, AO1-431-C3TM",239.0,3.5,58,High ($200-500),Below Avg (3-3.5),0.25003304683083794,Acer,68.0911680911681
B01C7UGPXQ,"Acer Aspire AIO Desktop, 23.8"" Full HD, Core i5-6400T, NVIDIA 940M 2GB Discrete Graphics Card, 8GB DDR4, 1TB HDD, Win 10, AZ3-715-UR61",,3.8,199,,Average (3.5-4),0.28011479425448954,Acer,
B01C7UGSK6,"Acer Aspire E 15, 15.6-inch HD, Pentium 3556U, 4GB DDR3L, 1TB HDD, Windows 10, E5-573-P0DP",,4.0,25,,Average (3.5-4),0.3000139144550897,Acer,
B01C7X7SYS,Cuddeback Genius Pan Tilt Lock Mount includes Universal Adapter and Mounting Screws,23.99,4.6,419,Low ($20-50),Excellent (4.5-5),0.3602423434261447,Cuddeback,5.2039045553145336
B01C7XBKDI,"Edifier P220 in-Ear Computer Headset for Samsung, HTC, Apple, LG - Headphones with Microphone - Black",,3.7,9,,Average (3.5-4),0.27000463815169656,Edifier,
B01C7YEBH4,"Sprint UICC ICC Nano SIM Card SIMGLW436C - iPhone 5c, 5s, 6, 6 Plus, 6S, 6S Plus, 7, 7 Plus, SE, iPad Air, iPad Air 2",4.99,4.0,791,Budget (<$20),Average (3.5-4),0.30045801748003426,Sprint,1.2443890274314215
B01C7YGFX2,"Nippon Labs NL-ST0022A 2.5"" & 3.5"" SATA I/II/III USB 3.0 USB3.0 to SATA Duo Docking Station",26.99,3.5,15,Low ($20-50),Below Avg (3-3.5),0.25000811676546897,Nippon,7.689458689458689
B01C7ZCX5A,"USA GEAR 9 inch Tablet Sleeve Carrying Case - Neoprene Tablet Sleeve with Open Front Design & Shoulder Strap - Compatible with Galaxy Tab S3 9.7"", iPad Air 2, and More 9 inch Tablets",19.99,3.9,80,Budget (<$20),Average (3.5-4),0.2900458017480034,USA,5.112531969309463
B01C81WONO,ienza® Audio Headphone Jack Extender Cable for Trianium Battery Cases (Black),3.95,3.9,51,Budget (<$20),Average (3.5-4),0.29002898844810343,ienza®,1.0102301790281332
B01C83BE6U,"ASUS ROG Swift PG348Q 34"" Gaming Monitor Curved Ultra-Wide 3440x1440 100Hz IPS DisplayPort USB Eye Care G-SYNC",,4.2,532,,Good (4-4.5),0.3203078573188585,ASUS,
B01C83I1TS,LYNEC C120 Pro 2.4G Mini Wireless Remote Keyboard Mouse with 3-Gyro & 3-Gravity Sensor for PC HTPC IPTV Smart TV and Android TV Box Media Player (Upgrade Ver),,3.9,84,,Average (3.5-4),0.2900481208238517,LYNEC,
B01C84FQB8,"2.2"" LCD Digital Peephole Door Viewer Doorbell Wide Angle Door Eye Video Color Security Camera",,3.7,35,,Average (3.5-4),0.2700197121447104,"2.2""",
B07PJPRK9S,"Outlet Wall Mount Stand for dot 3rd Generation Plug in Kitchens, Bathroom and Bedroom, A Space-Saving Solution for Your Smart Home Speakers, Full Surround Bracket Holder No Messy Wires",,3.6,27,,Average (3.5-4),0.26001507399301377,Outlet,
B01C84I73W,"Fintie Keyboard Case for Samsung Galaxy Tab E 9.6 - Smart Slim Shell Stand with Magnetically Detachable Wireless Bluetooth Keyboard for Tab E 9.6-Inch Tablet, Black",,4.5,321,,Good (4-4.5),0.35018552606786196,Fintie,
B01C84I7NW,"A-Tech for Apple 4GB DDR3 1067MHz / 1066MHz PC3-8500 SODIMM Late 2008, Early/Mid/Late 2009, Mid 2010 - MacBook, MacBook Pro, iMac, Mac Mini Memory RAM Upgrade Module",31.49,4.5,440,Low ($20-50),Good (4-4.5),0.35025451857434814,A-Tech,6.982261640798226
B01C84I9I0,A-Tech for Apple 8GB Kit 2X 4GB PC3-10600 MacBook Pro Early 2011 MC700LL/A A1278 MC724LL/A MC721LL/A A1286 MC723LL/A MD035LL/A MC725LL/A A1297 MD313LL/A MD314LL/A MD318LL/A MD322LL/A Memory RAM,50.49,4.2,46,Mid ($50-100),Good (4-4.5),0.32002608960329315,A-Tech,11.992874109263658
B01C84IBS8,A-Tech for Apple 16GB Kit 2 x 8GB PC3-12800 Mac Mini iMac Late 2013 Late 2012 ME086LL/A A1418 ME087LL/A ME088LL/A A1419 ME089LL/A MF886LL/A MF885LL/A MD387LL/A A1347 MD388LL/A MD389LL/A Memory RAM,93.64,4.5,88,Mid ($50-100),Good (4-4.5),0.3500504398997,A-Tech,20.762749445676278
B01C84ITDA,"[2 Pack] iPad Mini 4 Tempered Glass Screen Protector, Aigou®Ultra-Thin Clear Oleophobic Coating Bubble-Free Invisible Shield Tempered Glass Protectors[Lifetime No-Hassle Warranty]",,4.1,24,,Good (4-4.5),0.3100133346861276,[2,
B01C85IHE0,"Ocean Digital Radio Tuner Model WR01C Spotify WiFi WLAN Internet Radio with Bluetooth Receiver, UPnP&DLNA, Audio Out Desktop Radio Airmusic Control APP- Black",,3.6,96,,Average (3.5-4),0.26005507805139655,Ocean,
B01C85ZOT6,Eargels Buds for Samsung Galaxy S6 Edge G9200 G9250 G9208 5 Pairs,,3.4,39,,Below Avg (3-3.5),0.2400220312205586,Eargels,
B01C87CD0M,Shuttle XPC Slim DH110 Mini Barebone PC Intel H110 LGA 1151 Kabylake/Skylake Heatpipe Cooling Module No CPU No Ram No HDD/SSD No OS,,3.2,19,,Below Avg (3-3.5),0.22001043584131727,Shuttle,
B01C88DFOE,"PcProfessional Screen Protector (Set of 2) for 2014 2015 2016 2017 Nissan Rogue 7"" Nissan Connect Screen Display Navigation System Anti Glare Anti Scratch Filters UV",11.99,3.6,15,Budget (<$20),Average (3.5-4),0.260008116765469,PcProfessional,3.3213296398891967
B01C88WV7G,"Macbook Pro 13 Case A1278, RUBAN Plastic Hard Shell Cover and Keyboard Cover for Macbook Pro 13.3 inch with CD-ROM - Gold",,3.9,83,,Average (3.5-4),0.2900475410548896,Macbook,
B01C88Y3MM,"S7 Edge Case, MagicSky [Shock Absorption] Studded Rhinestone Bling Hybrid Dual Layer Armor Defender Protective Case Cover for Samsung Galaxy S7 Edge (Elephant)",,4.4,341,,Good (4-4.5),0.3401971214471034,S7,
B01C89DTFI,"YI 2.7"" Screen Full HD 1080P60 165 Wide Angle Dashboard Camera, Car DVR Vehicle Dash Cam with G-Sensor, WDR, Loop Recording, Golden",,3.5,63,,Below Avg (3-3.5),0.25003594567564824,YI,
B01C8A64Z4,LensCoat BodyBag Small neoprene protection camera body bag case (Black),21.99,4.0,20,Low ($20-50),Average (3.5-4),0.3000110156102794,LensCoat,5.483790523690773
B01C8A6PV2,LensCoat Bodyguard Pro CB Camouflage Neoprene Protection Camera Body Bag case (Clear Back) (Realtree Max4 HD),42.57,3.2,9,Low ($20-50),Below Avg (3-3.5),0.22000463815169657,LensCoat,13.261682242990654
B01C8CGLNW,"49"" Cable Management Sleeve w/Pre-made Holes - Highest Quality Neoprene - Black & White Adjustable Cable Organizer - Cord Organizer - Wire Hider Concealer Protector - For PC, TV, Office and Home",,3.3,32,,Below Avg (3-3.5),0.2300179728378241,"49""",
B01C8DZGSM,"Mr. Christmas Virtual Holiday Projector Kit, Black",,3.7,83,,Average (3.5-4),0.27004754105488965,Mr.,
B01C8H4VX4,Suptek Mobile TV Cart,,3.7,96,,Average (3.5-4),0.27005507805139656,Suptek,
B01C8HLEMK,"Jakcom R3 Smart Ring Consumer Electronics Mobile Phone Accessories 2016 Trending Products Android Smart Watch Phones Smartwatch (Black, 10)",,3.0,32,,Poor (<3),0.20001797283782413,Jakcom,
B01C8IVN2A,"iKits Micro USB Cable 4ft Nylon Braided High Speed Durable Sync and Charge Cord Compatible with S7, HTC, LG & etc. Metal Plug & Mixed Color Cotton Jacket, USB 2.0 A Male to Micro B [2-Pack]",,4.4,82,,Good (4-4.5),0.34004696128592765,iKits,
B01C8K7YNA,"Kingwin Aluminum Single Bay Hot Swap Mobile Rack for 3.5” SSD/HDD, Internal SATA Hard Drive Backplane Enclosure W/ Fan, Support SATA I/II/III & SAS I/II 6Gbps and [Optimized for 3.5” SSD/HDD]",,4.1,1764,,Good (4-4.5),0.31102213268012696,Kingwin,
B01C8KFT0K,"HOOSUN Acrylic Frosted Plexiglass Mouse Pad, Acrylic Premium Gaming Mousepad Extremely Delicate Hard Surface Very Low Surface Resistance (White)",,3.6,29,,Average (3.5-4),0.26001623353093795,HOOSUN,
B01C8NQP1O,"SUPVIN 7-Port USB 3.0 SuperSpeed Compact Hub Adapter USB HUB With On/Off Switch for PS4/PS4 Slim/PS4 Pro,Xbox One,iMac,MacBooks,PCs and Laptops,Tablet (7- Port with switch)",,3.5,143,,Below Avg (3-3.5),0.25008232719261375,SUPVIN,
B01C8RQBKU,Cougar Computer Case QBX-KAZEAR,,2.4,7,,Poor (<3),0.1400034786137724,Cougar,
B01C905ELS,Armor All ADC2-1004-BLK Rear View Mirror Dash Cam (Black),,2.8,18,,Poor (<3),0.18000985607235517,Armor,
B01C92FE70,ViewSonic PRO7827HD 1080p HDMI RGBRGB Rec.709 Lens Shift Home Theater Projector,,4.0,155,,Average (3.5-4),0.3000892844201586,ViewSonic,
B01C93H1P2,LensCoat BodyBag with Lens camouflage neoprene protection camera body bag case (Realtree Max4 HD),36.0,3.6,25,Low ($20-50),Average (3.5-4),0.26001391445508965,LensCoat,9.97229916897507
B01C94S7HC,"Family Accessories Waterproof Cover for Riding Lawn Mower, Large Size for 54+ Inch Decks, 76Lx47Wx47H",,4.3,209,,Good (4-4.5),0.3301205919441103,Family,
B01C9AKRHE,"Movo MTP2000 360°/ 120-Minute Panoramic Time Lapse Tripod Head for DSLR's, GoPro's, and Smartphones",,4.2,512,,Good (4-4.5),0.32029626193961713,Movo,
B01C9CYH1E,LG Electronics 75UH8500 75-Inch 4K Ultra HD Smart LED TV (2016 Model),,3.7,34,,Average (3.5-4),0.27001913237574826,LG,
B01C9D0R5S,"MOS Pack, The Backpack You Plug In to Charge Everything, Slate,, laptop, tablet, and phone pockets with cable management",,3.9,104,,Average (3.5-4),0.29005971620309307,MOS,
B01C9E3O5W,"Super-Bright, Premium UV Black-Light Body Paint. Easy To ApplyNon Greasy Formula Washes Off in Seconds - No More Scrubbing! 100% Skin-Friendly, Non-Toxic & Fragrance-Free! (0.34 oz x 6 Bottles).",,4.5,12,,Good (4-4.5),0.35000637745858276,"Super-Bright,",
B01C9I5S1Q,"Patriot LX Series 200GB High Speed Micro SDXC Class 10 UHS-I Transfer Speeds For Action Cameras, Phones, Tablets, and PCs",,3.3,109,,Below Avg (3-3.5),0.2300626150479034,Patriot,
B01C9IEATC,"Wasabi Power NB-13L Battery (2-Pack) for Canon PowerShot G1 X Mark III, G5 X, G7 X, G7 X Mark II, G9 X, G9 X Mark II, SX620 HS, SX720 HS, SX730 HS, SX740 HS",37.99,4.4,41,Low ($20-50),Good (4-4.5),0.3400231907584828,Wasabi,8.61451247165533
B01C9MWPXQ,Mr.Shield [2-Pack] for Microsoft Lumia 950 [Tempered Glass] Screen Protector [0.3mm Ultra Thin 9H Hardness 2.5D Round Edge] with Lifetime Replacement,,4.2,162,,Good (4-4.5),0.3200933428028931,Mr.Shield,
B01C9NYGD2,HP Elitebook 8460p Laptop WEBCAM - Core i5 2.5ghz - 8GB DDR3 - 320GB HDD - DVDRW - Windows 10 64bit - (Renewed),221.74,3.8,202,High ($200-500),Average (3.5-4),0.2801165335613758,HP,58.19947506561681
B01C9R23E2,AUSDOM Car Dash-Cam Recorder Full HD1080P 2.0 Inches Car DVR Vehicle Camera,,3.2,90,,Below Avg (3-3.5),0.22005159943762415,AUSDOM,
B01C9YDSQ2,LensCoat Beamer Keeper Flash Cover neoprene protection bag case (Black),19.98,4.0,26,Budget (<$20),Average (3.5-4),0.30001449422405174,LensCoat,4.982543640897756
B01C9YDYRA,LensCoat LW111M4 LegCoat Wraps 111 (Set of 3) (Realtree Max4 HD),49.55,4.5,18,Low ($20-50),Good (4-4.5),0.3500098560723552,LensCoat,10.98669623059867
B01C9YDZYW,LensCoat LW115BK LegCoat Wraps 115 (Set of 3) (Black),47.56,4.4,18,Low ($20-50),Good (4-4.5),0.34000985607235523,LensCoat,10.784580498866214
B01C9YEPUK,LensCoat LCLPLWBK LensPouch Large Wide (Black),21.49,4.8,10,Low ($20-50),Excellent (4.5-5),0.3800052179206586,LensCoat,4.467775467775468
B01C9ZPFSA,Postta RJ45 CAT5 CAT5E CAT6 Connector 8P8C UTP Gold Plated Ethernet Crystal Head 100 Pieces,,4.5,504,,Good (4-4.5),0.35029162378792056,Postta,
B01CA4IPKA,Key Ring 64GB USB 2.0 Flash Drive Stainless Steel Metal (N/003/64),,3.2,27,,Below Avg (3-3.5),0.22001507399301382,Key,
B01CA4SN8O,"Meade Instruments LightBridge Mini 114 Telescope, White (203002)",,4.2,129,,Good (4-4.5),0.32007421042714485,Meade,
B01CA5MCPS,Sync 3.5mm Male Car AUX Audio Plug Jack to USB Female Cord Converter Cable,5.95,3.1,45,Budget (<$20),Below Avg (3-3.5),0.21002550983433105,Sync,1.9131832797427655
B01CAH151I,Yeworth 3.5mm 1/8 inch Mono Male Plug to RCA Male Jack Audio Cable Cord Gold Plated 1.8m (6Ft),6.99,4.5,568,Budget (<$20),Good (4-4.5),0.3503287290014929,Yeworth,1.549889135254989
B01CALUEJI,"Symphonized ALN Premium Genuine Wood in-Ear Noise-isolating Headphones, Earbuds, Earphones with Mic (White)",24.99,4.2,365,Low ($20-50),Good (4-4.5),0.320211035902193,Symphonized,5.935866983372922
B01CARPD20,Earphones Plus Memory Foam Earbud Tips - Gray,6.06,4.3,345,Budget (<$20),Good (4-4.5),0.33019944052295164,Earphones,1.406032482598608
B01CARX6KG,LEEF Bridge 3.0 microUSB Black 64GB,,3.8,84,,Average (3.5-4),0.28004812082385167,LEEF,
B01CAU3HI4,"Verbatim Store 'n' Go USB Flash Drive 3.0, Dual USB, USB C and USB A, 64GB, Blue",11.96,4.4,523,Budget (<$20),Good (4-4.5),0.3403026393981999,Verbatim,2.7120181405895694
B01CB1QJ64,"HAUPPAUGE HD PVR 60 Gaming Edition 1080p H.264 for Recording PC, Microsoft Xbox & Video Capture 1600",,3.1,33,,Below Avg (3-3.5),0.2100185526067862,HAUPPAUGE,
B01CB7MQE2,"PcProfessional Screen Protector (Set of 2) for 2014 2015 2016 2017 Ford F150 8"" SYNC 3 AppLink My Ford Touch Screen Display Navigation System Anti Glare Anti Scratch Filters UV",11.99,4.1,42,Budget (<$20),Good (4-4.5),0.3100237705274448,PcProfessional,2.9172749391727497
B01CB8RKXI,"Ignite Audio R1600/1D, Class D Mono Block Car Amplifier - 4000 Watts Peak Power",,4.0,302,,Average (3.5-4),0.3001745104575827,Ignite,
B01CBC9Q18,"Ignite Pro 2X 1/4"" to 1/4"" 50 Ft. True 12 Gauge Wire AWG DJ/Pro Audio Speaker Cable, Pair",44.95,4.5,540,Low ($20-50),Good (4-4.5),0.35031249547055504,Ignite,9.966740576496676
B01CBJ29C4,"KORE Aviation P1 General Aviation Headset for Pilots | Mono, 24 db Passive Noise Reduction Rating, Noise Canceling Microphone, Acoustic Foam Ear Cups, AUX Port for MP3 Music Input with GA Dual Plugs",119.99,4.5,506,Mid-High ($100-200),Good (4-4.5),0.3502927833258447,KORE,26.605321507760532
B01CBSOWBQ,Generic Mouse Bungee Mouse Cord Management Fixer Holder (Black),,4.1,60,,Good (4-4.5),0.31003420636876206,Generic,
B01CC51ZPE,"Odyson - Airport Card/SSD Screw (Torx T5) Replacement for MacBook Air 11"" A1370 A1465, 13"" A1369 A1466 (Late 2010-Early 2015)",4.95,4.5,44,Budget (<$20),Good (4-4.5),0.350024930065369,Odyson,1.0975609756097562
B01CCAJHBS,"Ruban - AIR 13-inch Gold Rubberized Hard Back Case with Keyboard Cover for MacBook Air 13.3"" (A1466 & A1369) (NEWEST VERSION) Shell Cover - Gold",,4.0,127,,Average (3.5-4),0.3000730508892207,Ruban,
B01CCAWCYC,"AMASKY(TM Ultra-Thin External Slot-in DVD VCD CD RW Drive Burner, USB2.0/1.1, Suit for Apple MacBook Pro Air iMac (Silver)",,3.3,35,,Below Avg (3-3.5),0.23001971214471031,AMASKY(TM,
B01CCHUK94,SOONSUN Aluminum Replacement Latch Rear Snap Lock Buckle for GoPro Hero 4 Hero 3+ Hero4 Camera Standard Waterproof Skeleton Housing (Black),8.99,4.6,56,Budget (<$20),Excellent (4.5-5),0.36003188729291374,SOONSUN,1.9501084598698484
B01CCIKB5Q,Neewer 12 x 12 inches 8 Packs Transparent Color Correction Lighting Gel Filter in 8 Colors,15.01,4.5,3476,Budget (<$20),Good (4-4.5),0.35201469714318845,Neewer,3.328159645232816
B01CCIMN7A,"BESTTEN 1800J Surge Protector, 4 Outlet Power Strip with 4 USB Charging Ports (4.2A Totally) and 6-Foot Heavy Duty Extension Cord, UFO Round Design, Ideal for Home and Office, ETL Certified, Blue",,4.2,186,,Good (4-4.5),0.3201072572579828,BESTTEN,
B01CCJGA8M,"Ausdom Dash Cam, Dashboard Camera Recorder with Full HD 1296P, 2.4"" LCD, Wide Angle,Night Vision , G-Sensor, WDR, Loop Recording",,3.9,282,,Average (3.5-4),0.29016291507834124,Ausdom,
B01CCJNI78,"BESTTEN Portable Power Strip Surge Protector, 2.4A Dual USB Charging Ports and 3 Outlets,15A/125V/1875W, 300 Joules, 18 inch Extension Cord, White",,4.4,316,,Good (4-4.5),0.3401826272230517,BESTTEN,
B01CCJOTV2,"Fintie Keyboard Case for Samsung Galaxy Tab E 8.0, Slim Fit Folio PU Leather Case with Detachable Magnetical Bluetooth Keyboard for Galaxy Tab E 32GB SM-T378/Tab E 8.0 SM-T375/T377, Purple",,4.5,287,,Good (4-4.5),0.35016581392315166,Fintie,
B01CCRXKOQ,brogtrol 2 Pin Folding Headset Mic for HYT TYT BAOFENG UV5R 888S 666S Kenwood Radios,,3.6,19,,Average (3.5-4),0.2600104358413172,brogtrol,
B01CCRYIN8,AGPTEK 1080P Media Player Read USB Drive/SD Card with HD HDMI/AV/VGA Output for RMVB/MKV/JPEG etc with Remote Control,39.99,4.1,1237,Low ($20-50),Good (4-4.5),0.3107165944371168,AGPTEK,9.729927007299272
B01CCZITOY,Qaoquda 3Pcs Cable Tie Cord Organizer Wire Wrap Headset Headphone Earphone Wrap Winder Cute Cartoon Animal Cable Manager,8.99,4.2,82,Budget (<$20),Good (4-4.5),0.32004696128592763,Qaoquda,2.135391923990499
B01CD48E94,Orange Pi One Single Board Computer with Quad Core 1.2GHz ARMv7 512MB DDR3 Ethernet,,3.4,46,,Below Avg (3-3.5),0.24002608960329308,Orange,
B01CD7JBM0,"JBL MS6520 180W, 6.5 Coaxial Marine Speakers - (Pair) White - 1 Year Direct Manufacturer Warranty",118.95,4.6,263,Mid-High ($100-200),Excellent (4.5-5),0.360151899468062,JBL,25.80260303687636
B01CDAX4SY,GardenTrax 2 Cycle Mini Cultivator,,3.4,49,,Below Avg (3-3.5),0.2400278289101793,GardenTrax,
B01CDC5QLK,PANASONIC RF-562D AM FM SW Shortwave Transistor Radio - Retro Design (Battery operated),34.0,4.2,379,Low ($20-50),Good (4-4.5),0.320219152667662,PANASONIC,8.076009501187649
B01CDDPJTI,"Dayton Audio BST-1 High Power Pro Tactile Bass Shaker 50 Watts RMS, 4 Ohms Impedance - Turn Any Surface into a Speaker System - Generates Subwoofer Lows",56.96,4.5,592,Mid ($50-100),Good (4-4.5),0.35034264345658256,Dayton,12.629711751662972
B01CDE39DA,"SoundBot SB510FM FM RADIO Water Resistant Bluetooth Wireless 5W Shower Speaker HandsFree Portable Speakerphone w/ Auto-Scan Tuner, 6Hrs Music Streaming, Built-in Mic, Detachable Suction Cup, Lanyard",,3.8,220,,Average (3.5-4),0.280126969402693,SoundBot,
B01CDEQIFQ,Microsoft Surface Pro 4 Type Cover - Black (Renewed),84.89,4.1,78,Mid ($50-100),Good (4-4.5),0.31004464221007927,Microsoft,20.654501216545015
B01CDHG3FI,Harman Kardon One Portable Bluetooth Speaker Black (Certified Refurbished),,3.3,18,,Below Avg (3-3.5),0.23000985607235516,Harman,
B01CDHVRIG,Vital-AZ Backlit USB Keyboard Large Print Keys + 5 Interchangeable Backlight Color - Wired,,3.7,29,,Average (3.5-4),0.27001623353093795,Vital-AZ,
B01CDKSV3C,"RiteCable (2 Pack) 3 Pin Computer Case Fan Extension Cable 24""",,4.1,32,,Good (4-4.5),0.3100179728378241,RiteCable,
B01CDOFZ9G,NavePoint M6 Cage Nuts and Screws for Rack Mount Server Shelves Cabinets Set of 10,9.14,4.5,69,Budget (<$20),Good (4-4.5),0.3500394242894207,NavePoint,2.026607538802661
B01CDOG11C,NavePoint M6 Cage Nuts and Screws for Rack Mount Server Shelves Cabinets Set of 25,10.68,4.6,363,Budget (<$20),Excellent (4.5-5),0.3602098763642688,NavePoint,2.316702819956616
B01CDOG23Y,NavePoint M6 Cage Nuts and Screws for Rack Mount Server Shelves Cabinets Set of 20,13.48,4.5,43,Budget (<$20),Good (4-4.5),0.35002435029640694,NavePoint,2.9889135254988917
B01CDP7ZAM,"21.5 Inch Computer Privacy Screen Filter for 16:9 Widescreen Monitor Anti-Glare Anti-Scratch Protector Anti -Blue Light UV 18.77""(W) x 10.56""(H) - 21.5"" W 16:9 Ratio",31.89,3.9,299,Low ($20-50),Average (3.5-4),0.29017277115069645,21.5,8.156010230179028
B01CDPVNZU,"22"" W Privacy Filter Screen Protector Film Widescreen Monitor Anti Glare Blue Light UV Scratch (W) 18.67"" x (H) 11.68"" (22W- 16:10 Ratio)",,3.9,151,,Average (3.5-4),0.2900869653443103,"22""",
B01CDSCK7M,"BesLif 24W 23.8W 23.6W iMac24 Privacy Filter Compatible Monitor Hanging Screen Protector Film Anti UV Blue Light Scratch (W) 22.04"" x (H) 14.07""",,3.8,50,,Average (3.5-4),0.28002840867914136,BesLif,
B01CDVSBPO,"KuGi Raspberry Pi 3 Model B case PC Protective Case with 2x Heatsinks for Raspberry Pi 3 Model B+ ,Raspberry Pi 3 Model B, Pi 2 Model B & Pi Model B+ (Clear)",,4.5,475,,Good (4-4.5),0.35027481048802056,KuGi,
B01CDZV120,Dentsing L16C2PB1 L16C2PB2 Laptop Battery for Lenovo IdeaPad 320-14AST 320-14IAP 320-14ISK 320-15ABR 320-15AST 320-15IAP 320-14AST 330-14IGM 520-15IKB V320-17IKB B320-14IKB S145-14IIL 35Wh 7.6V,32.77,4.1,35,Low ($20-50),Good (4-4.5),0.31001971214471036,Dentsing,7.973236009732362
B01CE11C7M,"Nextbook Flexx 10.1 Touchscreen Convertible Tablet Laptop With Keyboard 1 Year Office 365 1TB OneDrive (Intel Quad-Core Z3735F Processor, 2G RAM, 32G Memory, IPS Display, Windows 8.1/10)",,3.3,42,,Below Avg (3-3.5),0.2300237705274448,Nextbook,
B01CE1LB6Y,Honbay 2PCS Belt Clip for Motorola Talkabout Series Radio T6200 T5728 T5428 T5720 T5320 T5420 T5628 T9000 T289 Sx750 Mc225r Mb140r Em1020r,6.29,4.4,75,Budget (<$20),Good (4-4.5),0.34004290290319317,Honbay,1.4263038548752833
B01CE6VJMU,"iMicro SP-IMMICVC Desktop Microphone,Black",4.99,3.7,447,Budget (<$20),Average (3.5-4),0.2702585769570826,iMicro,1.3450134770889488
B01CE6Z8U4,"Safstar Wall Mount IT Network Server Cabinet Enclosure Data Devices Rack (Mount Type, 6U)",,4.2,67,,Good (4-4.5),0.3200382647514966,Safstar,
B01CE70TZC,"iPazzPort 2.4G Mini Wireless Keyboard with Touchpad Mouse Combo, Lightweight Portable Keyboard Controller, Compatible with Android TV Box/PC/Tablets/PS4/Raspberry Pi 3/HTPC KP-810-19S",17.99,3.9,1538,Budget (<$20),Average (3.5-4),0.29089110489469944,iPazzPort,4.601023017902813
B01CE77CSE,"Safstar Universal VESA TV Bracket Tilt Wall Mount for Most 26"" 27"" 32"" 37"" 40"" 42"" 46"" 47"" LCD LED Plasma Flat Panel Screen",,4.3,49,,Good (4-4.5),0.3300278289101793,Safstar,
B01CE7WANQ,"Night Owl Security KIT-CAM-4PK-624A 600 TVL Cameras with 24 LEDs and 60' of Cable per Camera, 4 Pack (Black)",,3.8,43,,Average (3.5-4),0.2800243502964069,Night,
B01CE81ZMC,Arama Walkie Talkie Earpiece Two-Way Radio Headset with PTT and MIC G Shape Adjustable for 2 PIN Kenwood UV-5R BF-F8HP BF-888S Arcshell AR-5 A101K01,,4.0,265,,Average (3.5-4),0.30015305900598616,Arama,
B01CE8HXUA,"iPad Pro 12.9"" Case,TOPCHANCES 2015 Smart Cover Case for iPad Pro 12.9(A1584/A1652) Tablet with Free Stylus Pen (Black Camellia)",,4.0,48,,Average (3.5-4),0.30002724914121726,iPad,
B01CE9XDJO,E-SDS 4 Port USB 2.0 KVM VGA Switch Box Adapter for PC Keyboard Mouse Monitor,,3.6,16,,Average (3.5-4),0.26000869653443104,E-SDS,
B01CEBS8ME,"iPad Air 2 Case, ESR [Corner/Bumper Protection] Soft TPU Bumper Translucent Hybrid Case with Smart Cover for iPad Air 2 / iPad 6 (Rose Gold)",,4.5,311,,Good (4-4.5),0.3501797283782413,iPad,
B01CEC7R5C,"Gold Plated HDMI to HDMI Mini Cable, 10 Feet, CNE457555",5.99,4.5,1963,Budget (<$20),Good (4-4.5),0.3511375067035787,Gold,1.3281596452328162
B01CECPUS8,"Foscam FN3004H (Black) - Supports 4 X 960p (1.3MP) Security IP Cameras @ 30fps Realtime, PC Web Browser Remote Access, Feature-Rich OSD with Multiple Trigger & Alarm Events, ONVIF Compliance",,3.7,11,,Average (3.5-4),0.2700057976896207,Foscam,
B01CED5EL0,"DLP Link 3D Glasses, ELEPHAS 144Hz Rechargeable Active Shutter Eyewear for All DLP-Link 3D Projectors- Acer, ViewSonic, BenQ Vivitek, Optoma, Panasonic, Dell, Viewsonic etc (1 Pack)",,3.4,40,,Below Avg (3-3.5),0.24002261098952066,DLP,
B01CEFEMLQ,Arkon Locking Aluminum Tablet Mount with Key Lock for E-Log for Galaxy Tab A iPad Models Retail Black,78.0,4.5,101,Mid ($50-100),Good (4-4.5),0.3500579768962069,Arkon,17.294900221729492
B01CEFEMRA,"LapGear Executive Tablet Pillow, Tablet Stand - Gray Linen (Fits up to 10.5"" Tablet)",,3.8,49,,Average (3.5-4),0.28002782891017924,LapGear,
B01CEFLBAQ,"Panasonic WINGS Wireless Bluetooth In Ear Earbuds Sport Headphones with Mic + Controller RP-BTS30-R (Victory Red), IPX4 Water Resistant",,3.3,99,,Below Avg (3-3.5),0.2300568173582827,Panasonic,
B01CEKN5VO,EZDIY-FAB PCI Express 16x Flexible Cable Card Extension Port Adapter High Speed Riser Card-10cm,,4.2,930,,Good (4-4.5),0.3205386053657618,EZDIY-FAB,
B01CEKUA44,"Laptop Cooling Pad,12""-17""Laptop Fans Chill Mat 4 Quiet Fans LED Lights Cooler Pad for Laptop (4.75inch Fans+Six height adjustment)",,3.6,64,,Average (3.5-4),0.2600365254446103,Laptop,
B01CEN5370,"Nearpow Samsung Galaxy Tab A 8.0 Screen Protector 8 Inch, Tempered Glass Screen Protector with [9H Hardness] [2.5D Round Edge] [Crystal Clear] [Easy Bubble-Free Installation] [Scratch Resist]",,4.1,58,,Good (4-4.5),0.31003304683083793,Nearpow,
B01CEOOXES,HDMI Adapter Specially Designed for Fire Tablets (4th Generation Only),,2.6,58,,Poor (<3),0.16003304683083794,HDMI,
B01CESLJXW,"Snugg iPad Pro 9.7 Case, Grey Leather Smart Case Cover Apple iPad Pro 9.7 Protective Flip Stand Cover with Auto Wake/Sleep",,3.8,47,,Average (3.5-4),0.2800266693722551,Snugg,
B01CF55M1O,"Motorized VHS-C to VHS Cassette Adapter for JVC C-P7U CP6BKU C-P6U,Panasonic PV-P1,RCA VCA115 + Optic Pen Lens Cleaner + 1 VCC Micro-Fiber Cloth…",29.99,4.2,262,Low ($20-50),Good (4-4.5),0.3201513196991,Motorized,7.123515439429928
B01CF5OZAI,LimoStudio Heavy Duty Umbrella Softbox Flash Light Boom Light Stand for Photo,,4.4,11,,Good (4-4.5),0.34000579768962075,LimoStudio,
B01CF5S87E,HIDEit R4 Mount - Roku 4 Wall Mount - Made in The USA,,4.5,99,,Good (4-4.5),0.35005681735828276,HIDEit,
B01CF76O46,"Genuine Sennheiser Replacement Headband Pad for SENNHEISER HD650, HD660 S, HD6XX Headphones",24.89,4.7,144,Low ($20-50),Excellent (4.5-5),0.37008290696157586,Genuine,5.284501061571126
B01CF7LZ86,G-Technology G-DRIVE mobile USB 0G04864 3 TB External Hard Drive,,4.3,20,,Good (4-4.5),0.33001101561027935,G-Technology,
B01CFDHGM4,"Ramtech 65mm Dashboard 3M Adhesive Pad Mounting Disk for Car Truck GPS Suction Cup Mount, Compatible with Garmin Dezl 560 LT/LMT, 570 LMT 580 LMT-S OTR500 OTR610 OTR700 OTR710, Nuvi 465 T/LMT, DMD65",6.99,3.8,61,Budget (<$20),Average (3.5-4),0.2800347861377241,Ramtech,1.8346456692913389
B01CFHXO80,Unitek Aluminum USB 3.0 to SATA Hard Drive Docking Station with 2-Port Hub and SD Card Reader for 2.5 & 3.5 Inch HDD SSD SATA (SATA I/II/III) [ Support UASP & 8TB ],,3.2,31,,Below Avg (3-3.5),0.2200173930688621,Unitek,
B01CFJX00A,YINENN Electronics USB 3.0 External DVD+/-RW Drive for Mac & Window PC,,3.1,33,,Below Avg (3-3.5),0.2100185526067862,YINENN,
B01CFMPNRU,Canon 10x30 Image Stabilization II Binoculars,499.0,4.6,619,High ($200-500),Excellent (4.5-5),0.3603582972185584,Canon,108.24295010845988
B01CFNV02G,"Samsung 65"" LED Curved 4K 240 CMR Full Web (Renewed)",,4.3,541,,Good (4-4.5),0.3303130752395171,Samsung,
B01CFNY0JQ,"STM Haven Backpack for 15"" Laptop & Tablet - Black (stm-111-119P-01)",,4.6,33,,Excellent (4.5-5),0.36001855260678617,STM,
B01CFNYV2C,"STM Radial Messenger Bag for 15"" Laptop & Tablet - Steel (stm-112-117P-56)",,4.4,34,,Good (4-4.5),0.3400191323757483,STM,
B01CFT7ZYC,Vangoddy VGLaurelPUP Laurel DSLR Camera Case with Removable Shoulder Strap (Purple),29.93,4.1,100,Low ($20-50),Good (4-4.5),0.3100573971272448,Vangoddy,7.282238442822385
B01CFU2JHO,HOBBYTIGER 2 Pairs Nylon Fiber Propellers Prop Blade Set A+B for YUNEEC Typhoon Typhoon G Q500 Q500+ Q500 4K RC Quadcopter Drone Spare Replace Parts,,3.5,15,,Below Avg (3-3.5),0.25000811676546897,HOBBYTIGER,
B01CFVIIZA,"Fintie Case for Surface Pro 7+ / Pro 7 / Pro 6 - Premium Vegan Leather Slim Fit Folio Cover with Stylus Holder, Compatible with Microsoft Surface Pro 5 / Pro 4 3 and Type Cover Keyboard (Love Tree)",,4.5,297,,Good (4-4.5),0.3501716116127723,Fintie,
B01CFX2FTI,iphone 5S Screen Replacement For Lcd Touch Screen Digitizer Frame Assembly Set iphone 5S (White),,3.8,56,,Average (3.5-4),0.28003188729291373,iphone,
B01CG433TC,"ESR Rubber Cover for The iPad Air 2, Slim Fit Leather Smart Case with Rubberized Back Cover and Auto Wake & Sleep Function for Apple iPad Air 2 / iPad 6 (Black)",,4.1,468,,Good (4-4.5),0.31027075210528604,ESR,
B01CG4ZT80,Eoncore 3.5mm Stereo Air Tube Wired Earphone Anti-Radiation Binaural Headsets Noise Isolating Earbuds with MICR. for Mobilephone,,3.5,181,,Below Avg (3-3.5),0.25010435841317236,Eoncore,
B01CG5BUKK,"Mounting Dream Fixed TV Wall Mount, Low Profile Wall Mount TV Bracket for Most 42-70 Inch TVs, Flush TV Mount for Space Saving, Fits 16"", 18'', 24"", 32"" Studs, Max VESA 800x400mm and 132lbs MD2361-32",38.99,4.6,588,Low ($20-50),Excellent (4.5-5),0.36034032438073427,Mounting,8.45770065075922
B01CG5BZD2,Allinside Transparent Cover for Apple Magic Keyboard (MLA22LL/A) with US Layout,,4.4,142,,Good (4-4.5),0.34008174742365177,Allinside,
B01CG64H7C,Cablelera Micro HDMI to HDMI 34AWG 15' Black Color (ZC95B1MM-15),11.99,4.6,313,Budget (<$20),Excellent (4.5-5),0.36018088791616537,Cablelera,2.6008676789587857
B01CG7ONBQ,LensCoat LCN300VRBK Nikon 300 f/2.8 VR/VRII Lens Cover (Black),87.5,4.3,36,Mid ($50-100),Good (4-4.5),0.33002029191367244,LensCoat,20.301624129930396
B01CG7R70U,LensCoat lcn80400sfg Lens Cover for Nikon 80-400 VR AF-S (Forest Green Camo),87.5,3.8,18,Mid ($50-100),Average (3.5-4),0.2800098560723551,LensCoat,22.965879265091864
B01CG7RDCW,LensCoat lcn400flm4 Nikon 400 mm VR FL Lens Cover (Realtree Max4 HD),109.24,4.1,10,Mid-High ($100-200),Good (4-4.5),0.3100052179206586,LensCoat,26.579075425790755
B01CG8MK9W,LG Electronics SH4 2.1 Channel 300W Sound Bar with Wireless Subwoofer (2016 Model),,4.3,149,,Good (4-4.5),0.3300858058063862,LG,
B01CG8VTYO,"Stylus Pens, CCIVV 2 in 1 Mesh Stylus for Touch Screens, iPad, iPhone, Kindle Fire + Extra 6 Refills (Pack of 6)",,3.5,44,,Below Avg (3-3.5),0.25002493006536897,Stylus,
B01CGACSQ0,LensCoat LCS150500BK Sigma 150-500 OS Lens Cover (Black),87.5,3.8,27,Mid ($50-100),Average (3.5-4),0.28001507399301373,LensCoat,22.965879265091864
B01CGACVL2,LensCoat Lens Cover for Sigma 150-600 mm f/5-6.3 DG OS HSM Sports (Real Tree Max4) Camera Camouflage Neoprene Lens Protection lcs150600sm4,58.17,3.4,52,Mid ($50-100),Below Avg (3-3.5),0.2400295682170655,LensCoat,17.058651026392965
B01CGCJZKA,LensCoat Lens Cover for Tamron SP 150-600 mm f/5-6.3 Di VC (Real Tree AP Snow) camouflage neoprene camera lens protection sleeve lct150600sn,109.25,3.6,49,Mid-High ($100-200),Average (3.5-4),0.2600278289101793,LensCoat,30.263157894736842
B01CGEPMKA,"Axess 24-Inch 1080p Digital LED Full HDTV, Includes AC/DC TV, DVD Player, HDMI/SD/USB Inputs, TVD1803-24",,3.4,36,,Below Avg (3-3.5),0.24002029191367238,Axess,
B01CGGO9QQ,"HP 15.6"" Reversible Neoprene Sleeve, Black/Red (V5C30AA#ABL)",,4.5,93,,Good (4-4.5),0.35005333874451033,HP,
B01CGGOXWQ,"Corsair SF Series, SF450, 450 Watt, SFX, 80+ Gold Certified, Fully Modular Power Supply",90.95,4.7,469,Mid ($50-100),Excellent (4.5-5),0.37027133187424816,Corsair,19.309978768577494
B01CGGOZOM,"HP Notebook 15-ay011nr 15.6-Inch Laptop (6th Gen Intel Core i5-6200U Processor, 8GB DDR3L SDRAM, 1TB HDD, Windows 10), Silver",,4.3,1124,,Good (4-4.5),0.33065108054440306,HP,
B01CGL7ZW6,"ATool Lightning Cable,Apple 2pcs 10ft Nylon Braided USB Coppery Cord Charging Cable for iPhone SE, 6s, 6s Plus,6, 6 Plus, 5S, 5C, 5, iPad Mini, Air, iPad5, iPod, Silver",,2.6,86,,Poor (<3),0.16004928036177588,ATool,
B01CGM98WU,Hebrew Keyboard Stickers Transparent White Letters for Any Windows Laptop Computer Pc Desktop Notebook,,3.9,37,,Average (3.5-4),0.29002087168263446,Hebrew,
B01CGNB1C4,"JustJamz Bulk Earbuds Bits, 10 Pack of Colorful in-Ear Earbuds, 3.5mm Stereo in-Ear Earphones, Bulk Earbuds, Disposable Headphones, Multi-Color Earphones for Schools, Kids, Classrooms & Libraries",14.99,3.9,452,Budget (<$20),Average (3.5-4),0.29026147580189293,JustJamz,3.8337595907928392
B01CGW1OTK,"Moultrie Universal Camera Stake | 360 Degree Rotation | Adjustable Tilt | Fits MOU 2013 or Later Cameras, Silver, One Size",44.99,4.5,344,Low ($20-50),Good (4-4.5),0.3501988607539896,Moultrie,9.975609756097562
B01CH13A60,"MagMod Basic Kit - All The Basics You Need to Make Flash Photography Fast, Easy and Awesome",,4.8,329,,Excellent (4.5-5),0.38019016421955854,MagMod,
B01CH4DEEA,Kingston IronKey Basic S1000 Encrypted Flash Drive IKS1000B/4GB,143.62,4.1,70,Mid-High ($100-200),Good (4-4.5),0.3100400040583827,Kingston,34.944038929440396
B01CHBBWSS,SR SUN ROOM Double Twin AC Battery Charger Sony NPF330 NP-F530 NP-F550 NP-F570 NP-F770 NP-F970 DSR-PD100AP DSR-PD150 DSR-PD150P DSR-PD170 DSR-PD170P DSR-PD190P HVR-M10P HVR-M10U,13.99,4.3,132,Budget (<$20),Good (4-4.5),0.330075949734031,SR,3.2459396751740144
B01CHCKY8Q,"AGPtek 2 in 1 Waterproof Wireless Bluetooth Removable Keyboard + Protective PU Stand Case Cover (Kindle Fire HD 8"" 2015)",,3.9,193,,Average (3.5-4),0.2901113156407171,AGPtek,
B01CHEHBCQ,Yosoo Universal Astronomical Camera Adapter Smartphone Capturer Holder Mount Barcket Quick Photography Adapter Mount Connector for Binoculars Monocular Scopes Telescopes Spotting Scope 26.4-46.4mm,,3.3,102,,Below Avg (3-3.5),0.23005855666516892,Yosoo,
B01CHLH0IO,Microsoft Surface PRO 4 Decal Sticker SIKAI Patent Microsoft Surface pro4 Full BodySkin Brushed Aluminum Full Body Protector Skin Waterprooft Decal for New Surface Pro 2017 Protective Skin(Silver),,3.8,35,,Average (3.5-4),0.28001971214471033,Microsoft,
B01CHN1NGW,"Fomito LP-E6 LP-E6N Dual Channel Digital Charger with LCD Display for Canon EOS 5D, 5DS, 5DS R, 6D, 7D, 7DS, 60D, 60D, 70D Camera",,3.8,14,,Average (3.5-4),0.2800075369965069,Fomito,
B01CHNZHQY,Timibis 6Pcs 4 Pole 3.5mm Male Repair Headphone Stereo Jack Plug Metal Audio Soldering & Spring Connector Adaptor Tool,,4.2,359,,Good (4-4.5),0.32020755728842065,Timibis,
B01CHO4TX0,"Extended Capacity N856P New Laptop Battery for Dell Studio 17 1745 1747 1749 Series, P/N: U164P M905P U150P 312-0196 [11.1V 85Wh]",,4.1,78,,Good (4-4.5),0.31004464221007927,Extended,
B01CHPI41C,"SUNCOO 100"" Portable Projector Screen,100 Inch Diagonal Projection HD 16:9 Projection Pull Up Foldable Stand Tripod",,4.4,38,,Good (4-4.5),0.3400214514515966,SUNCOO,
B01CHQ8Z7Y,Neewer 13feet/390cm Two Way Rotatable Aluminum Adjustable Tripod Boom Light Stand with Sandbag for Studio Photography Video,97.02,4.2,727,Mid ($50-100),Good (4-4.5),0.32042091226646185,Neewer,23.045130641330164
B01CHS5JSU,Honor Engine Earphone for Honor 5X and Smart Phones– Grey,,3.8,30,,Average (3.5-4),0.28001681329989997,Honor,
B01CHSAQHE,"Fire HD 10 2015 Case, Cellularvilla Premium Pu Leather 360 Degree Rotating Cover Swivel Stand Protective Case for Amazon Kindle Fire HD 10 inch Tablet 5th Generation 2015 Release (Black Pink Flower)",,4.1,239,,Good (4-4.5),0.31013798501297235,Fire,
B000KNMGR2,eBenk Automatic Pan / Tilt Tripod Head with Remote Control,,3.3,33,,Below Avg (3-3.5),0.23001855260678616,eBenk,
B01CHSK46M,"Fire HD 10 2015 Case, Cellularvilla Premium Pu Leather 360 Degree Rotating Cover Swivel Stand Protective Case for Amazon Kindle Fire HD 10 inch Tablet 5th Generation 2015 Release (Rose Pink Glitter)",,4.1,239,,Good (4-4.5),0.31013798501297235,Fire,
B01CHT7BYE,"Italey Laptop Messenger Bag for up to 15.6 inch Laptops - Inspiron, MacBook, Aspire, Satellite, ROG, Flip, Thinkpad, & Others",,3.9,41,,Average (3.5-4),0.2900231907584827,Italey,
B01CHT83E6,Transcend 1TB SATA III 6Gb/s MTS800 80 mm M.2 SSD (TS1TMTS800),722.28,4.3,468,Premium (>$500),Good (4-4.5),0.33027075210528606,Transcend,167.58236658932717
B01CHUD34A,Feihe 7x35 Folding HD Quality Binoculars for Adults Bird Watching Hunting Camping Surveillance Sporting Events Traveling,,3.7,50,,Average (3.5-4),0.2700284086791414,Feihe,
B01CHWXKIM,SIKAI Protective Case for Apple TV 2 3 Remote Shockproof Silicone Cover for Apple TV Remote Skin-Friendly Anti-Slip Washable Anti-Lost Multi-Colors with Remote Loop (Black),,4.4,99,,Good (4-4.5),0.3400568173582828,SIKAI,
B01CHWXM6W,SIKAI Protective Case for Apple TV 2 3 Remote Shockproof Silicone Cover for Apple TV Remote Skin-Friendly Anti-Slip Washable Anti-Lost Multi-Colors with Remote Loop (Glow in Dark Green),,4.4,71,,Good (4-4.5),0.34004058382734487,SIKAI,
B01CHXUSGS,URBEST® 90mm x 25mm DC 12V 2Pin Cooling Fan for Computer Case CPU Cooler,6.99,4.2,373,Budget (<$20),Good (4-4.5),0.32021567405388957,URBEST®,1.660332541567696
B01CHYF64Q,"ESR Yippee Smart Case for The iPad Air, Cover [Synthetic Leather] Translucent Frosted Back Magnetic Cover with Auto Sleep/Wake Function [Light Weight] for iPad 5 (Rose Gold)",,4.4,2607,,Good (4-4.5),0.3415108779151509,ESR,
B01CHYM7OS,"ESR Yippee Smart Case for The iPad Air 2, Smart Case Cover [Synthetic Leather] Translucent Frosted Back Magnetic Cover with Auto Sleep/Wake Function [Light Weight] (Rose Gold)",,4.5,13147,,Good (4-4.5),0.3576216427753541,ESR,
B01CHYMBGM,"ESR Case for The iPad Mini 4, [Corner/Bumper Protection] Smart Case Cover with Soft TPU Bumper and Auto Wake/Sleep Function Compatible for iPad Mini 4 2015 Version (Rose Gold)",,4.2,314,,Good (4-4.5),0.32018146768512756,ESR,
B01CHYMD6U,"ESR Yippee Smart Case for iPad 2 3 4, Smart Case Cover [Synthetic Leather] Translucent Frosted Back Magnetic Cover with Auto Sleep/Wake Function [Light Weight] (Rose Gold)",,4.5,4450,,Good (4-4.5),0.3525793921122433,ESR,
B01CHYRWI4,Easy Style Laptop Battery for Dell Inspiron 15 Series 15-3521 15-3537 15-3541 15-3542 15-5521 15R-N3521 15R-N5521 15R-1528R,,3.7,88,,Average (3.5-4),0.2700504398997,Easy,
B01CHZ29M2,"Bragi The Leash, App Enabled Clips Arm & Wristbands (A1000)",,3.1,20,,Below Avg (3-3.5),0.21001101561027932,Bragi,
B01CHZ6WG6,AutoLover® Mini Car DVR Camera Full HD 1080P DCR Detector Recorder Camcorder Parking Recorder Dash Cam Video G-sensor (Black),,3.4,229,,Below Avg (3-3.5),0.24013218732335165,AutoLover®,
B01CHZFEAG,LensCoat BodyBag neoprene protection camera body bag case (Black),24.74,4.5,135,Low ($20-50),Good (4-4.5),0.35007768904091724,LensCoat,5.4855875831485585
B01CHZFFVE,"LensCoat Raincoat Rain Cover Sleeve Protection for Camera and Lens, Large (Black) RS LCRSLBK",74.99,4.6,108,Mid ($50-100),Excellent (4.5-5),0.3600620352789413,LensCoat,16.266811279826467
B01CHZFHQ2,LensCoat Lens Cover for Canon 100-400 is II Neoprene Camera Lens Protection Sleeve (Black) lenscoat,71.96,4.1,103,Mid ($50-100),Good (4-4.5),0.310059136434131,LensCoat,17.508515815085158
B01CHZGD6U,LensCoat Lens Cover for Canon 300 f/2.8 is II Camouflage Neoprene Camera Lens Protection Sleeve (Realtree Max4 HD) lenscoat,79.43,4.1,25,Mid ($50-100),Good (4-4.5),0.31001391445508963,LensCoat,19.326034063260344
B01CHZGQ4E,LensCoat LC40056SN Canon 400 f/5.6 Lens Cover (Realtree AP Snow),87.5,4.4,64,Mid ($50-100),Good (4-4.5),0.3400365254446104,LensCoat,19.841269841269842
B01CHZGY82,LensCoat Canon 500 Lens Cover (Realtree Max4 HD) camouflage neoprene camera lens protection sleeve LC500M4,79.4,4.4,40,Mid ($50-100),Good (4-4.5),0.34002261098952075,LensCoat,18.00453514739229
B01CHZH2W4,LensCoat Canon 600 f/4 is II Lens Cover (Forest Green Camo) Camouflage Neoprene Camera Lens Protection Sleeve LC6002FG,96.0,3.4,26,Mid ($50-100),Below Avg (3-3.5),0.24001449422405172,LensCoat,28.152492668621704
B01CI2UZJS,"BlueBeach Pop Up Flash Diffuser with Orange, White and Blue colour Filter compatible with Canon Nikon Sony Pentax Panasonic Fuji JVC Kodak DSLR Digital Camera Flash",,4.0,152,,Average (3.5-4),0.3000875451132724,BlueBeach,
B01CI5LLRA,"Cable Clips, ONME Cable Holder Multipurpose Cord Management for Home Non-Toxic Rubber Material Self-Adhesive Desk Cord Clips Durable Cord Organizer Black Cord Holder for Office (3 Colors 6pcs)",,4.3,1154,,Good (4-4.5),0.3306684736132651,Cable,
B01CI5LLUC,ONME Multipurpose Cable Clips (Colorful),,3.8,63,,Average (3.5-4),0.2800359456756482,ONME,
B01CIC9GBQ,"FrontTech 3 in 1 Out HDMI Switch Hub Switcher, 3-Port HDMI Audio/Video Switcher for 4K Ultra HD Device, HDTV, Xbox, PS3",15.97,3.5,11,Budget (<$20),Below Avg (3-3.5),0.25000579768962067,FrontTech,4.54985754985755
B01CIE0DHU,"Poyiccot VGA Wall Plates, 1 Port HDMI Female + 1 Port VGA 15P Female AV Wall Outlet Video Socket Face Connector Plate White ABS (1HDMI+1VGA)",11.53,4.3,52,Budget (<$20),Good (4-4.5),0.3300295682170655,Poyiccot,2.6751740139211138
B01CIEBS74,"SanDisk iXpand Flash Drive 64GB for iPhone and iPad, Black/Silver, (SDIX30N-064G-GN6NN)",,4.4,12811,,Good (4-4.5),0.34742684040409905,SanDisk,
B01CIJGMOI,WoCase Clip for Fitbit One (Best Gift for Fitbit One User) Activity and Sleep Tracker Wristband Band Bracelet,,3.9,149,,Average (3.5-4),0.29008580580638615,WoCase,
B01CIKFP72,Profoto Ocf Color Gel Starter Kit,,4.0,38,,Average (3.5-4),0.3000214514515966,Profoto,
B01CILV1Y2,HIDEit Shield | Wall Mount for NVIDIA Shield Home Media Server,,4.1,50,,Good (4-4.5),0.3100284086791414,HIDEit,
B01CIMI15I,Belkin Retractable Audio Cable (3-Foot),,3.5,25,,Below Avg (3-3.5),0.25001391445508964,Belkin,
B01CIP9OUQ,AnnabelZ Aluminum Laptop Stand Adjustable Notebook Stand for MacBook & PC Laptop (Non-Rotatable),,4.6,23,,Excellent (4.5-5),0.3600127549171655,AnnabelZ,
B01CIRS4QO,"Autolizer Sleeve Bearing 80mm Silent Cooling Fan for Computer PC Cases - High Airflow, Quite, and Transparent Clear (Blue Quad 4-LEDs) - 2 Years Warranty",,4.5,338,,Good (4-4.5),0.35019538214021717,Autolizer,
B01CIRTBMA,"Autolizer Sleeve Bearing 80mm Silent Cooling Fan for Computer PC Cases - High Airflow, Quite, and Transparent Clear (Green Quad 4-LEDs) - 2 Years Warranty",,4.5,337,,Good (4-4.5),0.3501948023712551,Autolizer,
B01CIS1FGY,RCA NEVO Smart Device Remote,,3.7,14,,Average (3.5-4),0.2700075369965069,RCA,
B01CIS5ZTM,"Autolizer Sleeve Bearing 80mm Silent Cooling Fan for Computer PC Cases - High Airflow, Quite, and Transparent Clear (Multi-Color RGB Quad 4-LEDs) - 2 Years Warranty",,4.5,338,,Good (4-4.5),0.35019538214021717,Autolizer,
B01CISE54S,PTZOptics HuddleCamHD Black HCM-1 Small Universal Wall Mount Bracket for Select Cameras,90.0,4.6,39,Mid ($50-100),Excellent (4.5-5),0.3600220312205586,PTZOptics,19.522776572668114
B01CISPUGK,"iBeani iPad Pillow & Tablet Cushion Stand - Securely Holds Any Size Tablet, eReader or Book Upto 12.9 inches, Hands Free Comfort at Any Angle on Any Surface - Paw Print, by iBeani",,4.4,180,,Good (4-4.5),0.3401037786442104,iBeani,
B01CIUMEXA,"Sand Bags, 100 Empty White Polypropylene with Ties with UV Protection",,4.3,75,,Good (4-4.5),0.3300429029031931,Sand,
B01CIVCF24,"WITHit Replacement Band for use with Garmin Vivofit 2, Replacement Wristband Compatible with Garmin Vivofit 2 Fitness Tracker (Gray)",,4.0,39,,Average (3.5-4),0.30002203122055865,WITHit,
B01CIX1OVA,"Monster Rockin' Roller Mini | Portable Bluetooth Wireless Speaker, 60 Watts, up to 36 Hours Playtime, Mic/Guitar Input, Water Resistant",,4.5,346,,Good (4-4.5),0.3502000202919137,Monster,
B01CJ1V3MG,Seardream 16FT 5M 3.5mm Right Angle Male To Male 800 AUX Audio Cable Cord for Beats Dr. Dre Studio Red Color,7.99,4.1,51,Budget (<$20),Good (4-4.5),0.31002898844810345,Seardream,1.9440389294403897
B01CJ44XZM,1.6m Desktop PC Computer Case Power Supply Supplies on/Off Reset HDD Push Button Reset Switch with Cables,8.96,4.6,662,Budget (<$20),Excellent (4.5-5),0.36038322728392735,1.6m,1.9436008676789591
B01CJ4KVMQ,Barco CS-100 | Small Meeting Room Standalone Wireless Presentation System,855.0,4.4,46,Premium (>$500),Good (4-4.5),0.34002608960329317,Barco,193.87755102040816
B01CJ4LJ68,Ergodox Ergonomic Mechanical Keyboard DIY PCB Boards (Set of 2),,4.7,8,,Excellent (4.5-5),0.37000405838273454,Ergodox,
B01CJ4MRIC,Efest 4213 LUC V6 LCD 6 Bay Multi-functional Charger,17.99,4.6,620,Budget (<$20),Excellent (4.5-5),0.36035887698752045,Efest,3.9023861171366594
B01CJ8J4VQ,"MEOFIA USB C HUB,10 in 1 Type C Hub,USB C Hub Adapter for MacBook Pro, with 1Gbps Ethernet,4K USB C to HDMI,VGA,Power Delivery Charging Port,2 USB3.0,2 USB2.0,SD/TF Card Reader",,4.4,16,,Good (4-4.5),0.3400086965344311,MEOFIA,
B01CJDGWRU,Areyourshop 100 Pcs 4mm Banana Socket Jack for Banana Plug Connector,29.59,4.2,28,Low ($20-50),Good (4-4.5),0.32001565376197594,Areyourshop,7.028503562945368
B01CJDKPOG,Areyourshop 6 Pcs New Copper DC Power 5.5mmx2.1mm Female to 5.5mmx2.5mm Male Adapter,,5.0,18,,Excellent (4.5-5),0.4000098560723552,Areyourshop,
B01CJELYC2,Areyourshop 60 Pcs Gold Plated RCA Female Jack Panel Mount Chassis Socket Red Black,32.99,4.4,27,Low ($20-50),Good (4-4.5),0.34001507399301384,Areyourshop,7.480725623582766
B01CJEMFMU,Areyourshop 10 Pcs 5.5mm X 2.1mm DC Socket Jack Right Angle Charger Power Plug Solder,,3.8,9,,Average (3.5-4),0.2800046381516965,Areyourshop,
B01CJG6HTK,"JOYING 10.1"" Android 5.1 Lollipop Quad Core HD 1024600 Touch Screen Car Stereo with Bluetooth Double 2 Din GPS Navigation Head Unit Indash Radio Audio Car Receiver Support 1080p/OBD2/WiFi",,3.0,15,,Poor (<3),0.20000811676546898,JOYING,
B01CJHNRHY,Eathtek Replacement Keyboard with Backlit No Frame for DELL XPS 13 9343 9350 15 7547 7548 Series Black US Layout,,3.4,23,,Below Avg (3-3.5),0.2400127549171655,Eathtek,
B01CJHYFOI,"iPad Air Screen Protector, iXCC 0.3 mm 9.7 Inch High Definition Clear Full Cover iPad Air 2 / iPad Air Tempered Glass Screen Protector Film",,4.0,149,,Average (3.5-4),0.3000858058063862,iPad,
B01CJJIQXM,"iPad Mini 4 Screen Protector, iXCC 0.3mm 9H Hardness iPad Mini 4 Tempered Glass Screen Protector（Not Compatible with iPad Mini 1/2/3",,3.9,100,,Average (3.5-4),0.29005739712724476,iPad,
B01CJJPNY2,"Neewer® for DJI Phantom 3 Professional, Advanced and Standard 37MM Filter Kit: UV Filter + Polarizing Filter + ND4 Filter + ND8 Filter + Snap-on Adapter Ring + Filter Pouch",,4.1,177,,Good (4-4.5),0.31010203933732405,Neewer®,
B01CJKZQX4,"Kenwood KMC-45D Heavy Duty Speaker/Microphone, MIL-STD 810, Upgraded D Version Suitable for DMR/NEXEDGE/Analogue Portables with 2-Pin Connectors and ProTalk Series Radios, 2.5mm Socket for Earpiece",83.0,4.5,224,Mid ($50-100),Good (4-4.5),0.35012928847854136,Kenwood,18.403547671840357
B01CJLOE7W,XP-Pen G430S OSU Tablet Ultrathin Graphic Tablet 4 x 3 inch Digital Tablet Drawing Pen Tablet for OSU! White (8192 Levels Pressure),,4.0,176,,Average (3.5-4),0.30010145956836204,XP-Pen,
B01CJNRC3S,"Lenovo Thinkpad T460 14-Inch Laptop ( Intel Core i5-6300U Dual-Core 2.4GHz, 8GB DDR3, 256GB SSD, Windows 7 Professional)",750.0,3.7,41,Premium (>$500),Average (3.5-4),0.27002319075848275,Lenovo,202.15633423180594
B01CJO3T2A,"10 Inch Octa Core Tablet,4GB RAM,64GB Disk,1280X800 IPS Screen,8.0MP,Dual Sim,Wifi,GPS,Tablet For Kids,Android 7.0(Black)",,3.7,59,,Average (3.5-4),0.2700336265998,10,
B01CJRM8UG,EasySMX 5.25 Inch USB 3.0 Front Panel Multifunctional Internal Card Reader for PC with Audio Output Support CF MD SD MMC XD TF M2 MS Card,,3.7,11,,Average (3.5-4),0.2700057976896207,EasySMX,
B01CJU9126,Samsung Galaxy S7 Factory Unlocked Phone 32 GB - Internationally Sourced (Middle East/African/Asia/EU/LATAM) Version G930F- Titanium Silver,,4.1,345,,Good (4-4.5),0.3101994405229516,Samsung,
B01CJV6722,"Sceptre UTV 50"" Class 4K LED TV 3840x2160 U508CV-UMC 4X HDMI Ports, Metal Black",,4.2,623,,Good (4-4.5),0.32036061629440676,Sceptre,
B01CJWVM3U,"Beats By Dr. Dre Monster iBeats In-Ear Earphones, Black(Best Gifts)",,3.9,49,,Average (3.5-4),0.29002782891017925,Beats,
B01CK2QRG6,"Earplus Earpod Cover for Apple EarPods - Secure Fit Grip Compatible with iPod touch nano, shuffle,iPhone 6 Earphone Earbuds Headphones - Perfect For Running Exercise Gym and Sports (1B+1W)",,3.8,56,,Average (3.5-4),0.28003188729291373,Earplus,
B01CK2QRI4,"Earplus Earpod Cover for Apple AirPods EarPods - Secure Fit Grip Compatible with iPod Touch Nano, Shuffle, iPhone Earphone Earbuds Headphones - Perfect for Running Exercise Gym and Sports (2B+2W)",,3.3,13,,Below Avg (3-3.5),0.2300069572275448,Earplus,
B01CK383SU,CaseBuy Keyboard Cover Skin for Logitech MK270 MK295 Wireless Keyboard & Logitech K200 K260 K270 MK200 MK260 Keyboard (Clear),6.25,4.5,135,Budget (<$20),Good (4-4.5),0.35007768904091724,CaseBuy,1.385809312638581
B01CK3F5D6,Owlee Aviary Wireless Bluetooth Speaker Premium HD Surround Sound with Rich Extra Deep Bass Modern Design,,3.7,76,,Average (3.5-4),0.27004348267215517,Owlee,
B01CK5VY3Y,"Asus MK TPM-M R2.0 TPM-chip, 90MC03W0-M0XBN1",28.99,4.3,486,Low ($20-50),Good (4-4.5),0.33028118794660327,Asus,6.726218097447796
B01CK70Q7M,"CASEKING Headphone Stand Headphone Bracket for Bose, Beats, Sony, Philips, Skull Candy, Plantronics, JVC, Gaming, and DJ etc.. Universal Compatibility with All Headphones(Argent)",,4.4,66,,Good (4-4.5),0.34003768498253456,CASEKING,
B01CK7LIRE,Kingston ValueRAM 8GB 2133MHz DDR4 Non-ECC CL15 SODIMM 1Rx8 Laptop Memory (KVR21S15S8/8),59.99,4.2,150,Mid ($50-100),Good (4-4.5),0.3200863855753483,Kingston,14.249406175771972
B01CKA5CY6,"Lenovo G70 17.3-Inch Laptop (2.2 GHz Intel Core i3 Processor, 4GB DDR3 SDRAM, 1TB HDD, Windows 10), Black",,3.2,26,,Below Avg (3-3.5),0.22001449422405175,Lenovo,
B01CKBFBC8,"ViewTV WM-022 Adjustable Outdoor Antenna Mounting Pole - Attic TV Antenna Mount, Universal Mount Brackets, Easy Installation, Durable, Weather-Proof Structure",,4.4,888,,Good (4-4.5),0.34051425506935495,ViewTV,
B01CKBN76A,4TB 3.5-inch Enterprise CoolSpin Internal Hard Drive HMS5C4040BLE640 0F22146,150.0,3.8,18,Mid-High ($100-200),Average (3.5-4),0.2800098560723551,4TB,39.37007874015748
B01CKDVSWS,iHome iDL43B Dual Charging Stereo FM Clock Radio with Lightning Dock and USB Charge/Play - Black,,4.1,95,,Good (4-4.5),0.3100544982824344,iHome,
B01CKDVWQ0,iHome iDL44 Lightning Dock Dual Clock Radio with USB Charge/Play for iPhone 5/5S & 6/6Plus & All iPad Models with Lightning Connector - Newest Model OPEN BOX,,3.4,115,,Below Avg (3-3.5),0.2400660936616758,iHome,
B01CKFRWNK,"2016 Lenovo Yoga 3 Pro 2-in-1 Convertible 13.3"" Laptop, QHD+(3200x1800) Touchscreen Display, Intel Core M-5Y71 CPU Fanless, 8GB Ram, 512GB SSD, AC Wifi, HDMI, Backlit Keyboard, Win 10",,3.5,14,,Below Avg (3-3.5),0.2500075369965069,2016,
B01CKH53V6,Sigma 150-600mm f/5.0-6.3 Contemporary DG OS HSM Lens & 1.4X Teleconverter with USB Dock + Pistol Grip Tripod + 2 Filters + Kit for Nikon DSLR Cameras,,3.7,9,,Average (3.5-4),0.27000463815169656,Sigma,
B01CKJPTOU,"Accell USB-C to DisplayPort Cable - USB 3.1 Type-C to DisplayPort 1.2 Cable - 6 Feet, 4K UHD @60Hz - Compatible with Thunderbolt 3, MacBook Pro 2016 & iPad Pro, Dell, Samsung, and More (U188B-006B)",15.99,4.4,27,Budget (<$20),Good (4-4.5),0.34001507399301384,Accell,3.6258503401360542
B01CKKNYO6,"MOS Spring Micro USB Cable, NOT FOR IPHONE, Aluminum Heads with Spring Relief, Deep Grey, 10 ft",8.67,3.6,29,Budget (<$20),Average (3.5-4),0.26001623353093795,MOS,2.401662049861496
B01CKN76OW,"iXsystems FreeNAS Mini XL (Diskless) 8 Bay Compact NAS Storage with ZFS. 8-Core 2.4GHz Processor, 32GB RAM",,3.5,15,,Below Avg (3-3.5),0.25000811676546897,iXsystems,
B01CKO2376,CMO N173HGE-E11 REV.C2 New Replacement LCD Screen for Laptop LED Full HD Matte,,5.0,13,,Excellent (4.5-5),0.40000695722754487,CMO,
B01CKRFHLC,"Cameron Sino Replacement 1250mAh 361-00019-16, 361-00019-12 Battery for Garmin Nuvi 1300 1350 1350T 1370 1370T 1390 1390T 1375T,1340T Rro GPS Navigators with Tools Kit",23.73,4.4,62,Low ($20-50),Good (4-4.5),0.34003536590668626,Cameron,5.3809523809523805
B01CKS6WYW,"Cameron Sino Replacement 1500mAh 361-00066-00 Battery for Garmin Nuvi 2797, Nuvi 2757, Nuvi 2757LM, Nuvi 2797LMT GPS Navigators with Tools Kit",23.98,3.9,74,Low ($20-50),Average (3.5-4),0.290042323134231,Cameron,6.13299232736573
B01CKSAKPY,"VEKEFF 1Pair Replacement Ear Pads Earpads for Sony MDR-V55, V500DJ, E95 Headphone",11.99,4.1,52,Budget (<$20),Good (4-4.5),0.3100295682170655,VEKEFF,2.9172749391727497
B01CKSDT2A,"FosPower [2 Pack, 6FT] Apple MFi Certified 8-pin Lightning to USB Cable [Nylon Braided | Full Speed Charging] Compatible with iPhone XR XS XS MAX X, iPad Pro Air / Mini (2019), iPod Touch, Nano (Gold)",,3.6,28,,Average (3.5-4),0.2600156537619759,FosPower,
B000O60R6W,Audiovox D2017 10.2-Inch Slim Line Portable DVD Player,,3.7,29,,Average (3.5-4),0.27001623353093795,Audiovox,
B01CKUX4XM,"BILIFUN Portable Wireless Bluetooth Speaker with Superior Sound ,Enhanced Bass ,12 Hours Playtime,with Built-in Mic, FM Radio,MP3 Alarm Clock,Black",,3.2,20,,Below Avg (3-3.5),0.22001101561027933,BILIFUN,
B01CKYD4YM,"[Upgraded Version] HooToo Security & Surveillance HD Camera WPS One Key Setup, Micro SD Card Slot (up to 32Gb) – White",,3.1,79,,Below Avg (3-3.5),0.21004522197904138,[Upgraded,
B01CL03ZWG,Mr.Shield Designed For Microsoft Surface Book [13.5 Inch ONLY] [Tempered Glass] Screen Protector [0.3mm Ultra Thin 9H Hardness 2.5D Round Edge] Lifetime Replacement,14.95,4.1,141,Budget (<$20),Good (4-4.5),0.3100811676546896,Mr.Shield,3.637469586374696
B01CL0G74O,Hermitshell Travel Case Fits Logitech Wireless Mobile Mouse M557,9.99,4.6,62,Budget (<$20),Excellent (4.5-5),0.36003536590668617,Hermitshell,2.1670281995661607
B01CL1O2OU,GEEKPRO Protective Shockproof Carrying Bag Storage Traveling Case for GEEKPRO power converter ANART DBPOWER GoPro Action Camera Accessories Padded Holding Case Black,,3.5,24,,Below Avg (3-3.5),0.2500133346861276,GEEKPRO,
B01CL1UUVO,"Swift Mount SWIFT650-AP Multi Position TV Wall Mount for 37-inch to 80-inch TVs,Black",67.07,3.9,77,Mid ($50-100),Average (3.5-4),0.2900440624411172,Swift,17.153452685421996
B01CL20E82,"AC Adapter Charger for Acer Aspire One AO1-131M-C667, AO1-431, AO1-131M-C1T4, AO1-431-C8G8, by Galaxy Bang USA",15.99,4.5,112,Budget (<$20),Good (4-4.5),0.35006435435478966,AC,3.545454545454546
B01CL29YXI,Areyourshop 10PCs Connector UHF Female SO239 Jack Bulkhead Solder Panel Mount Straight,19.99,4.7,52,Budget (<$20),Excellent (4.5-5),0.37002956821706556,Areyourshop,4.24416135881104
B01CL2AKPO,Areyourshop 10 Pcs Red Speakon 4 Pin Male Plug Compatible Audio Cable Connector,35.99,4.7,52,Low ($20-50),Excellent (4.5-5),0.37002956821706556,Areyourshop,7.6411889596602975
B01CL2OEL0,"NewFantasia Replacement Audio Upgrade Cable Compatible with Sennheiser HD598, HD558, HD518, HD598 Cs, HD599, HD569, HD579 Headphones 3meters/9.9feet",17.5,4.4,2679,Budget (<$20),Good (4-4.5),0.34155262128041985,NewFantasia,3.968253968253968
B01CL3ZXGO,"Rii MX3 Multifunction 2.4G Fly Mouse Mini Wireless Keyboard & Infrared Remote Control & 3-Gyro + 3-Gsensor for Google Android TV/Box, IPTV, HTPC, Windows, MAC OS, PS3",12.99,4.1,2176,Budget (<$20),Good (4-4.5),0.31126099749249925,Rii,3.16058394160584
B01CL4CUI2,(Old Model) Seagate 1TB Gaming SSHD SATA 8GB NAND SATA 6Gb/s 2.5-Inch Internal Bare Drive (ST1000LM014),49.99,4.5,6401,Low ($20-50),Good (4-4.5),0.3537105213572392,(Old,11.084257206208427
B01CL4RGXQ,Ellen Tool Wall Charger for Nintendo Gameboy DS Advance SP GBA,8.49,4.5,5167,Budget (<$20),Good (4-4.5),0.3529950864580465,Ellen,1.8824833702882484
B01CL6NF7A,"YIKO Headphones [UiiSii] Series In-Ear Sport Earphones Waterproof Earbuds with Mic Control for Running, Compatible with PC ,iPhone, iPod, MP3, MP4,Samsung Galaxy, Nokia etc (Gold)",,3.4,29,,Below Avg (3-3.5),0.2400162335309379,YIKO,
B01CL9JXLY,4K HDR HDMI Cable 3 Feet HDMI 2.0 Supports 4K 120Hz,,4.2,47,,Good (4-4.5),0.3200266693722552,4K,
B01CL9S3UQ,MAXROCK MINi5 Comfort-fit Headphones with Mic Wired Cellphone Earbuds with 3.5mm Jack (Green),,4.2,203,,Good (4-4.5),0.32011711333033793,MAXROCK,
B01CL9S9F0,"4K HDR HDMI Cable 9 Feet, HDMI 2.0 18Gbps, Supports 4K 60Hz(4:4:4, HDR10, HDCP 2.2) 1440p 144Hz and ARC, High Speed Ultra HD Cord",,4.5,286,,Good (4-4.5),0.3501652341541896,4K,
B01CL9ZXNQ,Natoo Replacement Earpads Ear Pads Pad Cushions for Sennheiser RS110 RS115 HDR120 RS120 HDR110 HDR115 RS100 Headphones,10.99,4.1,236,Budget (<$20),Good (4-4.5),0.3101362457060861,Natoo,2.67396593673966
B01CLAGWHQ,4K Ultra HD HDMI Cable 35 Feet High Speed HDMI 2.0 Supports 4K 60hz,,4.2,47,,Good (4-4.5),0.3200266693722552,4K,
B01CLJ25SW,ErgotronHome Ergotron Home Lift24 Adjustable Height Laptop Stand (LIFT24 Silver),,2.9,10,,Poor (<3),0.1900052179206586,ErgotronHome,
B01CLLMA8K,Buyer's Point HDMI Wall Plate with 6-Inch Pigtail (Black),,4.6,236,,Excellent (4.5-5),0.3601362457060861,Buyer's,
B01CM30TQM,SoundOriginal LED Light Strip 12V Inline Toggle Switch Dc Power Adapter Connector,,4.4,43,,Good (4-4.5),0.340024350296407,SoundOriginal,
B01CM5SNY0,"Super Clamp Camera Clamp w/ 1/4""-20 and 3/8""-16 Thread for Cameras, Lights, Umbrellas, Hooks, Shelves, Plate Glass, Cross Bars,Photo Accessories and More",9.99,4.3,107,Budget (<$20),Good (4-4.5),0.3300614555099793,Super,2.317865429234339
B01CM6QU12,Cisco RV132W VPN Router | 3 Fast Ethernet Ports | 1 Fast Ethernet WAN | ADSL2+ | Wireless-N | Limited Lifetime Protection (RV132W-A-K9-NA),49.99,3.0,35,Low ($20-50),Poor (<3),0.20001971214471034,Cisco,16.60797342192691
B01CM6TSE8,Micro SD Card 32GB Class 10 with Adapter - (S-TF-001-32),,4.0,192,,Average (3.5-4),0.30011073587175513,Micro,
B01CM8TG8Y,"Venstone K62 In Ear Noise Isolating Sports Earphones with Microphone and Volume Control, Blue",,3.2,40,,Below Avg (3-3.5),0.2200226109895207,Venstone,
B01CMFKH6W,Slim Minimalist Front Pocket RFID Blocking Leather Wallets for Men & Women,,3.3,19,,Below Avg (3-3.5),0.23001043584131722,Slim,
B01CMJHD7O,"G-POW 3ft 6ft 10ft Nylon Braided Lightning Cable USB Cord Charging Cable for iphone 6s, 6s plus, 6plus, 6,5s 5c 5,iPad Mini, Air,iPad5,iPod. Compatible with iOS9.(Gold)",,3.0,174,,Poor (<3),0.20010030003043788,G-POW,
B01CMKPP5A,TJFEC PU Leather Coated Soft Touch Hard Case for MacBook Air 13 inch Model A1369 and A1466 - Dark Wood,,3.8,58,,Average (3.5-4),0.2800330468308379,TJFEC,
B01CMRQN4K,"PcProfessional Screen Protector (Set of 2) for 2014 2015 2016 2017 KIA Optima Soul Sportage 8"" UVO Infotainment Screen Display Navigation System Anti Glare Anti Scratch Filters UV",11.99,3.3,16,Budget (<$20),Below Avg (3-3.5),0.230008696534431,PcProfessional,3.6223564954682783
B01CMWTMSY,New Dual Band 2.4GHz 5GHz 12dBi RP-SMA High Gain WiFi Wireless Antenna 5.8GHz US Quick USA Shipping,12.23,3.9,89,Budget (<$20),Average (3.5-4),0.29005101966866204,New,3.1278772378516626
B01CN4DCEG,Replacement 361-00035-03 1200mAh Battery for Garmin 2555LMT 2555LT 2495LMT 2475LT 2455LMT 2455LT 2405 2405LT 2505 2505LT GPS Navigators with Tool Kits,23.0,3.9,167,Low ($20-50),Average (3.5-4),0.29009624164770337,Replacement,5.882352941176471
B01CN4FAKU,Blitzby Apple Watch Screen Protector 44mm (7 Pack) Series 4 Compatible,,3.9,56,,Average (3.5-4),0.29003188729291374,Blitzby,
B01CN6L1A6,"Huntz Tempered Glass Adjustable Monitor Stand, Adjust Height from 2.5Inch to 4.5Inch",,4.1,117,,Good (4-4.5),0.31006725319959993,Huntz,
B01CN798GO,"Enterest Shake-Proof Drop-Resistance Elastic Silicon Rubber Case for Most WD,Seagate,Toshiba,Sony 2.5 Inch Portable Hard Drives HDD (Black)",,4.7,33,,Excellent (4.5-5),0.37001855260678623,Enterest,
B01CN7D6EY,"AILIHEN Headphones with Microphone and Volume Control Over ear Noise Isolation Headsets with Detachable Cable for iPhone Android Cellphones ,MP3 ,Laptop,Tablet (Black/Red)",,3.2,110,,Below Avg (3-3.5),0.2200631948168655,AILIHEN,
B01CN7E0RQ,SMAKN LCUS-1 type USB relay module USB intelligent control switch USB switch,15.6,3.6,53,Budget (<$20),Average (3.5-4),0.2600301479860276,SMAKN,4.321329639889197
B01CN81KF0,"Swann SWNVW-GUAEYE-CL 1080p Wireless Monitoring System with 2X WiFi Cameras, Black",219.99,4.1,36,High ($200-500),Good (4-4.5),0.3100202919136724,Swann,53.525547445255484
B01CN8SHF6,"AGPtEK B03 8GB MP3 Player (Expandable up to 64GB), Versatile Digital Music Player, Blue",,3.7,369,,Average (3.5-4),0.2702133549780413,AGPtEK,
B01CN9BCC0,AOTU 1120mAh Replacement Battery for Canon LP-E8 (Pack of 2),12.99,3.2,19,Budget (<$20),Below Avg (3-3.5),0.22001043584131727,AOTU,4.046728971962617
B01CNAVTAE,"Happyjoy TV Wall Mount Bracket Full Motion Articulating Arm for 30-65 Inch Samsung LG Sony LED LCD Plasma 3D 4K Smart TVs Monitor Screen, Max Vesa 600x400mm, Capacity 75Kg(165lbs)",,3.6,12,,Average (3.5-4),0.26000637745858274,Happyjoy,
B01CNBJUHM,"Boy Scouts of America Toy Binoculars- Explore, Adventure, and See the Outdoors Like Never Before! Perfect for Hiking, Camping, Bird Watching, Astronomy, Hunting, Sports and More!",,4.4,31,,Good (4-4.5),0.34001739306886214,Boy,
B01CNE30U2,NEWSTYLE Tab E 9.6 Case - Shockproof Light Weight Protection Handle Stand Kids Case for Samsung Galaxy Tab E / Tab E Nook 9.6 Inch 2015 Tablet for Both WiFi and Verizon 4G LTE Version (Green),,4.7,3338,,Excellent (4.5-5),0.371934689026423,NEWSTYLE,
B01CNINKKS,Apie 2 Outlet/Home Office Surge Protector 5 ft Cord with 4 Port Desktop USB Charging Station Power Strip,,3.0,23,,Poor (<3),0.20001275491716553,Apie,
B01CNJVG8K,"kuman for Raspberry Pi 3B+ TFT LCD Display, 3.5 Inch 480x320 TFT Touch Screen Monitor for Raspberry Pi Model B A+ SPI Interface with Touch Pen SC06",22.79,4.1,228,Low ($20-50),Good (4-4.5),0.31013160755438957,kuman,5.545012165450122
B01CNL400Y,"lizimandu Galaxy S7 case, Slim Fit Soft TPU Phone Case for Mobile Phone Samsung Galaxy S7(1-Blue Flower)",,4.4,542,,Good (4-4.5),0.3403136550084792,lizimandu,
B01CNLQ2B4,Hermitshell Hard Travel Storage Carrying Case Bag Fits Logitech K810 920-004292 K811 920-004161 Bluetooth Keyboard,13.99,4.3,97,Budget (<$20),Good (4-4.5),0.3300556578203586,Hermitshell,3.2459396751740144
B01CNLXGYA,Hermitshell Travel Case Fits Logitech K380 920-007558 920-007559 Bluetooth Keyboard,14.99,4.6,295,Budget (<$20),Excellent (4.5-5),0.36017045207484816,Hermitshell,3.2516268980477228
B01CNM13M6,Replacement Audio Cable Cord w/ In-line Remote & Microphone + Original Replacement Leather Pouch Bag for Beats by Dr Dre Headphones Solo Studio Pro Detox Wireless Mixr Executive (Black),,3.8,187,,Average (3.5-4),0.28010783702694475,Replacement,
B01CNM2H6C,TNP 3.5mm Audio Cable to 6.35mm Dual TS Cable 3-Feet to to TRS Splitter Male Y-Connector 1/4 to 1/8 Audio Cable Stereo to Mono Adapter Cable Breakout Audio Connector,6.99,4.6,77,Budget (<$20),Excellent (4.5-5),0.3600440624411172,TNP,1.5162689804772236
B01CNOPIY8,"CableCreation Mini DisplayPort Cable 6ft 4K@60Hz, Mini DisplayPort to Mini DisplayPort Cable Adapter, Mini DP (Not Thunderbolt) Cord Compatible MacBook Pro/Air, iMac, Surface Pro to Monitor",,4.4,234,,Good (4-4.5),0.34013508616816207,CableCreation,
B01CNPMVU6,"VIZIO 1080p Full-Array LED Smart TV, 40""",169.99,4.1,123,Mid-High ($100-200),Good (4-4.5),0.31007073181337236,VIZIO,41.36009732360098
B01CNQ966M,"DVD-RW Drive, AnMountUSB 2.0 Portable External CD/DVD-RW DVD-ROM Burner&Drive&Write for Desktop & Laptop",,3.7,13,,Average (3.5-4),0.27000695722754486,DVD-RW,
B01CNQYB3A,iKNOWTECH Universal Frame Mount Pro Extra Accessories for DJI OSMO Handheld 4K Gimbal Pro,,4.1,40,,Good (4-4.5),0.31002261098952066,iKNOWTECH,
B01CNSQM26,Fuse Chicken Armour Charge Stainless Steel 6FT/2M iPhone Lightning Cable (MFi Certified),44.95,3.9,86,Low ($20-50),Average (3.5-4),0.2900492803617758,Fuse,11.496163682864452
B01CNT9SBM,"Smarssen LCD FHD 1080p 120 Wide Angle Dashboard Camera Recorder Car Dash Cam with G-Sensor, WDR",,3.3,35,,Below Avg (3-3.5),0.23001971214471031,Smarssen,
B01CNW061U,"WITMOTION USB-UART 6-in-1 USB to Serial Converter, Multifunctional (USB to TTL/RS485/232, TTL-RS232/485, 232 to 485), Universal Adapter Module with CP2102 Compatible with Windows 7/8/10,Linux, Arduino",16.9,4.2,40,Budget (<$20),Good (4-4.5),0.32002261098952073,WITMOTION,4.014251781472684
B01CNZ9EEC,Cables-Grove - 4 Pin Female Jumper To Grove 4 Pin Conversion Cable (5 Pcs Per Pack),13.99,4.3,28,Budget (<$20),Good (4-4.5),0.3300156537619759,Cables-Grove,3.2459396751740144
B01CNZ9UJ6,seeed studio LinkIt Smart 7688,,4.2,12,,Good (4-4.5),0.3200063774585828,seeed,
B01CNZWMJG,"Cable Matters 2-Pack Braided USB C Cable with 3A Fast Charging in Black 3.3 Feet for Samsung Galaxy S20, S20+, S20 Ultra, Note 10, Note 10+, LG G8, V50, Google Pixel 4, and More",,4.5,776,,Good (4-4.5),0.3504493209456032,Cable,
B01CNZWNLI,USB C-C cord 1 F BLK 2pk,,3.3,20,,Below Avg (3-3.5),0.23001101561027928,USB,
B01CNZWOXA,USB C-C cord 6 F BLK 2pk,,3.8,47,,Average (3.5-4),0.2800266693722551,USB,
B01CNZWQUQ,"Cable Matters 2-Pack USB C to USB C Cable (USB Type C Cable / USB-C Cable) in White 6.6 Feet for Samsung Galaxy S9/S8/Note 8, LG G6/V30, Nintendo Switch, Google Pixel/Nexus 5X/6P and More",,3.6,21,,Average (3.5-4),0.2600115953792414,Cable,
B01CO2JDLI,Advance micro device AMD A10 7870K Black Edition A-Series APU with Radeon R7 Graphics AD787KXDJCSBX,198.68,4.2,49,Mid-High ($100-200),Good (4-4.5),0.32002782891017933,Advance,47.19239904988124
B07N2NRM3R,"USB C to Ethernet Adapter, JAVONTEC USB C to 3 Port USB 3.0 Hub with RJ45 10/100/1000 Gigabit Ethernet LAN Wired Network Converter Hub for Laptops, Computers, Tablets and More",,4.3,162,,Good (4-4.5),0.33009334280289304,USB,
B01CO4XWA4,"Amazon Protective Cover for Kindle Paperwhite, Blue - fits all Paperwhite generations",,4.5,970,,Good (4-4.5),0.35056179612424454,Amazon,
B01CO4XWDQ,"Amazon Protective Cover for Kindle Paperwhite, Black - fits all Paperwhite generations",,4.5,972,,Good (4-4.5),0.35056295566216866,Amazon,
B01CO4Y8IE,"Amazon Protective Cover for Kindle Paperwhite, White/Grey - fits all Paperwhite generations",,4.5,970,,Good (4-4.5),0.35056179612424454,Amazon,
B01CO5SMZI,"Sundown Audio E-12 V.3 D4 12"" 500W RMS Dual 4-Ohm EV.3 Series Subwoofer",189.99,4.3,47,Mid-High ($100-200),Good (4-4.5),0.33002666937225517,Sundown,44.08120649651973
B01CO95S6U,NEW 12 foot 12ft TV AC Replacement Power Cord for Samsung PN 3903-000853 3903-000599 90° Angled 2 prong Figure 8,14.95,4.7,165,Budget (<$20),Excellent (4.5-5),0.3700950821097793,NEW,3.1740976645435244
B01COBA0S4,"Ventev Chargesync USB-C Cable Type A-C, Designed to Support C Connector C Devices, Tangle-Free Cable, Supports Rapid Rate Charging up to 3A 3.3ft Gray",,4.5,82,,Good (4-4.5),0.3500469612859276,Ventev,
B01COD0PE6,"Eyes PC Blue Light Screen Protector Panel Universal For 29-32 inch Diagonal LED Monitor (W 28.34"" X H 16.53). Blue Light Blocking up to 100% of Hazardous HEV Blue Light. Reduces Digital Eye Strain",,3.9,33,,Average (3.5-4),0.29001855260678616,Eyes,
B01COE5EKU,"UPPERCASE KRADL Air with Contrast Black Small Profile Aluminum Vertical Stand for MacBook Air, Compatible with 2010-2017 MacBook Air only",,4.3,99,,Good (4-4.5),0.33005681735828274,UPPERCASE,
B01COH17PS,"CableCreation USB-C Hub, 5-in-1 Multiport USB C Hub with 3 x USB 3.0, RJ45 Gigabit Ethernet, USB-C PD Charging Adapter Thunderbolt 3 Compatible for MacBook Pro, Galasy S10, Note10, XPS, G5",,3.9,84,,Average (3.5-4),0.2900481208238517,CableCreation,
B01COIADF2,30cm USB 3.0 A Male to Micro B Male 90 Degree Left Angle Short Data Sync and Charging Cable for Galaxy Note 3 N9000 N900 / S5 i9600/ Computer’s Hard Drive/Digital Camera（Micro Right),,3.8,11,,Average (3.5-4),0.28000579768962064,30cm,
B01COIM9YK,Emaks 45N1762 Battery 45N1763 for Lenovo ThinkPad (Edge) E550 E550C E555 E560 E565 Series 45N1758 45N1759 45N1760 45N1761 - 10.8V 4400mAh 6Cell 76,,3.5,49,,Below Avg (3-3.5),0.2500278289101793,Emaks,
B01COJWYMQ,"I-SMILE 3PCS Replacement Bands with Metal Clasps for Fitbit Flex, Set of 3 with 2 Piece Silicon Fastener Ring",,4.0,4049,,Average (3.5-4),0.3023469047584538,I-SMILE,
B01COKL3F4,"Kingston Technology 8GB DDR4 2133MHz SODIMM Memory Acer, Dell, Fujitsu, & Lenovo Laptop KCP421SS8/8",31.97,4.4,39,Low ($20-50),Good (4-4.5),0.3400220312205587,Kingston,7.249433106575963
B01COKS9O2,"Cable Management Sleeve, RION TECH Neoprene Adjustable Cable Management System for PC/TV/Home Theater/Speaker Home Entertainment Center, Cable Organizer, Cable System(3.3ft Long, 1"" OD)",10.99,4.6,7,Budget (<$20),Excellent (4.5-5),0.3600034786137724,Cable,2.383947939262473
B01COLDGF8,30cm USB 3.0 A Male 90 Degree Left to Micro B Right Angle Short Data Sync and Charging Cable for Computer’s Hard Drive/Digital Camera（Micro Left,8.59,4.4,42,Budget (<$20),Good (4-4.5),0.34002377052744487,30cm,1.947845804988662
B01COMROJQ,"Digitgear 80"" Cable Management Sleeve (5.3 inches wide) Neoprene - Adjustable Black & White Cable Organizer - Cord Organizer - Wire Hider Concealer Protector - For PC, TV, Office and Home",,4.2,325,,Good (4-4.5),0.3201878451437103,Digitgear,
B01COO3BQE,"Learn How To Use Linux, Linux Mint 17.3 Cinnamon Bootable 8GB USB Flash Drive - Includes Boot Repair And Install Guide- Better Than Windows",,3.8,105,,Average (3.5-4),0.2800602959720551,Learn,
B01COOCUM0,Fancy Buying T54FJ Laptop Battery for Dell Latitude E5420 E5430 E5520 E5530 E6420 E6430 E6520 E6530 Inspiron 4420 5420 5425 7420 4520 5520 5525 7520 4720 5720 7720 M421R M521R N4420 N4720 N5420 M5Y0X,25.88,4.2,148,Low ($20-50),Good (4-4.5),0.3200852260374242,Fancy,6.147268408551069
B01COOQ3MS,"Funtin U.2 (SFF-8639) to HD Mini-SAS (SFF-8643) Cable for 2.5"" NVMe SSD",,4.2,15,,Good (4-4.5),0.32000811676546903,Funtin,
B01CORYJ4E,Besteel Stainless Steel Mens Womens Stud Earrings Set 6 Pairs Nickel Free Earrings Black 3-8mm,,5.0,11,,Excellent (4.5-5),0.4000057976896207,Besteel,
B01COSAKMI,Huawei Mate 8 NXT-L09 32GB 6-Inch 4G LTE Factory Unlocked Smartphone - International Stock No Warranty (Space Gray),,4.2,91,,Good (4-4.5),0.32005217920658624,Huawei,
B01COTNSCG,Cosmos Neoprene Carrying Protection Sleeve Case Bag,,4.0,27,,Average (3.5-4),0.3000150739930138,Cosmos,
B01COTU48M,"MARVO FN-30 15-17 inch Gaming Laptop Cooling Stand Powerful Cooling Pad 4x120mm Red LED Light Fan with HUB,Speed Controller,Adjustable Height Setting",,3.8,35,,Average (3.5-4),0.28001971214471033,MARVO,
B01COUZC3S,"HP ENVY 34-a150 All-in-One Desktop (Intel Core i7, 12 GB RAM, 1 TB HDD)",,3.7,19,,Average (3.5-4),0.27001043584131723,HP,
B01COVF2GE,Fotga Upgraded DP500 III Dampen 15mm Rail Lens Follow Focus Puller for All DSLR Video Cinema Camcorder Cameras Blackmagic BMCC BMPCC 5DIV Sony A7S A7 A7S III A9 GH5s GH6 D500 R5C R6 R10 C300 C500 FS7,,4.3,16,,Good (4-4.5),0.33000869653443105,Fotga,
B01COVL88K,"RosyMyth LPC-03 Air Extracting Laptop Cooling with Vacuum Fan - USB Powered, Wind Control, Quiet Operation, Ultra-Portable Radiators,CPU Cooler, Fan Heat Sink for Notebook, Laptop",,3.9,539,,Average (3.5-4),0.29031191570159287,RosyMyth,
B01COVW2IK,SIKER New Laptop Battery for Toshiba Satellite T572 C805 C850 C850D Dynabook Qosmio T752 PA5024U-1BRS PA5023U-1BRS PA5025U-1BRS PA5026U-1BRS PABAS259,,4.3,130,,Good (4-4.5),0.33007479019610686,SIKER,
B01CP0EASK,"Lecmal Portable 16GB SD Card MP3 Player MP4 Player, Economic Music Player with MP3 Voice Recorder, Media Player for Kids-moonBlack",,3.0,24,,Poor (<3),0.2000133346861276,Lecmal,
B01CP0MH3K,Goronya 4 Port HDMI Splitter 1 in 4 Out Amplifier Support 4K x 2K Ultra HD and 3D Full HD 1080P,,4.2,41,,Good (4-4.5),0.3200231907584828,Goronya,
B01CP0N8I8,"SOONWELL 230Wh 14.8V V Lock Li-ion Camera Battery Rechargeable V Mount Spare Battery for DSLR Camera,Camcorder,LED Light, Monitor",,4.5,29,,Good (4-4.5),0.35001623353093797,SOONWELL,
B01CP12D7E,Ancable 1-Pack 0.85ft/26cm Extreme Slim Flat Window Cable RG6 Coaxial Cable F-Jack to F-Jack 0.26m,8.29,4.2,46,Budget (<$20),Good (4-4.5),0.32002608960329315,Ancable,1.9691211401425177
B01CP6O4X0,"DYMO 1758460 AC Power Adapter for LabelManager 260P, 360D",22.55,4.4,252,Low ($20-50),Good (4-4.5),0.3401455220094793,DYMO,5.113378684807256
B01CPANHAC,Samsung Gear S2 3g Version ATT Unlocked Dark Gray,99.97,4.1,65,Mid ($50-100),Good (4-4.5),0.31003710521357236,Samsung,24.32360097323601
B01CPAU3OK,Wireless Headphones,,3.9,77,,Average (3.5-4),0.2900440624411172,Wireless,
B01CPIM9TE,"AngelBox, Connect H.264 and MJPEG Cameras (99% of Camera Brands Compatibility) to Cloud Security Surveillance System, Support up to 10 IP Cameras, DVR/NVR Backup Alternative",,4.0,36,,Average (3.5-4),0.30002029191367247,"AngelBox,",
B01CPIN8LM,CHUWI Hi9 Plus 10.8inch 2560x1600 MTK 6797 X27 10 Core Android 8.0 Tablet PC 4GB+64GB Dual Camera 4G LTE Phablet 2 in 1 Tablets with Keyboard and Hipen H3 Stylus (HI10),,3.5,59,,Below Avg (3-3.5),0.2500336265998,CHUWI,
B01CPJLPZC,Tech Armor HD-Clear Film Screen Protector Designed for Apple iPad Pro 9.7 Inch (2016 and 2017) 2 Pack,9.95,4.2,376,Budget (<$20),Good (4-4.5),0.3202174133607758,Tech,2.363420427553444
B01CPJMGXM,Tech Armor Matte Anti-Glare Film Screen Protector Designed for Apple iPad Pro 9.7 Inch (2016 and 2017) 2 Pack,,4.3,508,,Good (4-4.5),0.3302939428637688,Tech,
B01CPN2P2K,Go Professional Cases Phantom 4 Compact Carrying Case,,4.5,19,,Good (4-4.5),0.35001043584131725,Go,
B01CPN5CXO,Nikon COOLPIX L31 16.1MP Compact Digital Camera 5x Optical Zoom and 2.7-inch Lens (Silver)(Renewed),,3.8,80,,Average (3.5-4),0.28004580174800336,Nikon,
B01CPT4U8G,Craftsman C3 19.2 Volt Lithium-Ion Battery Charger 5336 with (2) 5166 Batteries (Bulk Packaged),,4.1,107,,Good (4-4.5),0.31006145550997927,Craftsman,
B01CPYEB9Y,"iPad Pro 9.7 inch Case, [Heavy Duty] i-Blason Apple iPad Pro 9.7 2016 Armorbox [Dual Layer] Hybrid Full-Body Protective Kickstand Case with Front Cover and Built-in Screen Protector (Green)",,4.0,94,,Average (3.5-4),0.3000539185134724,iPad,
B01CPYEBF8,"iPad Pro Case, Heavy Duty i-Blason Apple iPad Pro 9.7 Inch 2016 Armorbox Dual Layer Hybrid Full-Body Protective Kickstand Case with Front Cover Without Screen Protector (Pink)",,3.7,48,,Average (3.5-4),0.27002724914121723,iPad,
B01CPYEBMQ,I BLASON I Blasonipadpro97-Ab-Blk Laptop Accessories (IPADPRO97-AB-BLK),,3.9,136,,Average (3.5-4),0.29007826880987925,I,
B01CPZ6SDU,"Kidrox Wired Kids Headphones, Volume Limited with Padded Cushions and Removable Size-Adjuster, Safe for Children (Pink)",,3.9,70,,Average (3.5-4),0.2900400040583827,Kidrox,
B01CPZB0ZG,"Samsung Galaxy Tab E 9.6""; 16 GB Wifi Tablet (Black) SM-T560NZKUXAR",309.27,4.5,3325,High ($200-500),Good (4-4.5),0.3519271520299161,Samsung,68.57427937915743
B01CPZCNK2,Sanus VLC1-B1 Virtual Axis Mount for Large Curved TV Black,,4.5,13,,Good (4-4.5),0.3500069572275449,Sanus,
B01CPZZM96,[3-Pack] TheCoos Tempered Glass Screen Protector Apple iPhone 8 & iPhone 7,,4.5,5737,,Good (4-4.5),0.35332555476642563,[3-Pack],
B01CQ0O7UK,"HP Red 15.6in Laptop, Intel Quad Core 2.16GHz CPU, 4GB, 500GB HDD (Renewed)",,3.7,87,,Average (3.5-4),0.2700498601307379,HP,
B01CQ3UCZG,SB Raspberry Pi Zero Case - **Access to All Ports ** Mounted in 30 Seconds Open and Closed (White),,3.8,31,,Average (3.5-4),0.28001739306886203,SB,
B01CQ7AONM,Loctek D2 Swivel Monitor Arm Desk Mount Computer Screen Stand Fits 10-27 inches LCD，Clamping 22 lbs.,,4.4,25,,Good (4-4.5),0.3400139144550897,Loctek,
B01CQB0TG0,"PcProfessional Screen Protector (Set of 2) for 2014 2015 2016 2017 Jeep Grand Cherokee 8.4"" UConnect Touch Screen Display Navigation System Anti Glare Anti Scratch Filters UV",11.99,4.1,114,Budget (<$20),Good (4-4.5),0.31006551389271375,PcProfessional,2.9172749391727497
B01CQBHUP8,ANTIEE A1322 10.95V Laptop Battery for Apple MacBook Pro 13 inch A1278 (Mid 2012 2010 2009 Early 2011 Late 2011) Series 661-5229 661-5557 MD313LL/A 020-6547-A MD101LL/A MB990LL/A MC700LL/A MC374ll/A,,4.3,35,,Good (4-4.5),0.3300197121447104,ANTIEE,
B01CQBPQ68,Kingston Digital 64GB SDXC UHS-I Speed Class 3 Flash Card (SDA3/64GB),59.4,4.3,860,Mid ($50-100),Good (4-4.5),0.33049802153841695,Kingston,13.781902552204178
B01CQCD6NM,Toshiba MQ03ABB200 2.5 2TB 5400RPM SATA - 3 yr Factory Warranty MQ03ABB200,,4.0,37,,Average (3.5-4),0.3000208716826345,Toshiba,
B01CQCJFTG,Degen DE13 FM AM SW Crank Dynamo Solar Power Bank Emergency Radio with LED Flashlight A0798A World Receiver,29.9,4.2,1795,Low ($20-50),Good (4-4.5),0.32104010551795115,Degen,7.102137767220903
B01CQDRMWM,MASTER & DYNAMIC ME03B-A High Performance in-Ear Earphones with Separate Remote and Mic.  Black,,4.1,36,,Good (4-4.5),0.3100202919136724,MASTER,
B01CQFQOLA,"FITUEYES Universal Sound Bar Bracket Mount Above or Below TV, Black,FSB47701MB",,3.4,38,,Below Avg (3-3.5),0.24002145145159653,FITUEYES,
B01CQG7S3M,"Millimeter Ipad Pro Case (12 Inch) Slim Fit Protective Shell Perfect Match With Smart Keyboard Soft TPU Bumper PC Back Cover For Ipad Pro 12.9"" A1584(2015 Release without Smartcover Or Keyboard)Shell",,3.8,21,,Average (3.5-4),0.28001159537924136,Millimeter,
B01CQHSI9Y,LG G5 Case [Tridea] Power Guard Premium Synthetic Leather Bumper [Shock Absorbent][Scratch-Resistant] Case for LG G5 (2016) [Brown],,3.9,61,,Average (3.5-4),0.2900347861377241,LG,
B01CQJGT2K,"Galaxy S7 Edge Case, SGM Dual Layer Hybrid Armor Defender Case With Holster and Kickstand For Samsung Galaxy S7 Edge",,3.4,36,,Below Avg (3-3.5),0.24002029191367238,Galaxy,
B01CQJMJU6,10 Pcs DirecTV 3GHz DTVF81O 05 RG6 Barrel Connector in Line Splice w Weather Seal STAC CATV,12.09,4.8,17,Budget (<$20),Excellent (4.5-5),0.3800092763033931,10,2.5135135135135136
B01CQLQI88,"Tendak 4K HDMI Switch with PIP 4x1 HDMI Switcher with Remote Control 4 Port HDMI Hub for Laptop, PS3, PS4, Roku, Xbox - Support 4k 3D PIP",,4.0,97,,Average (3.5-4),0.30005565782035865,Tendak,
B01CQLQVP8,"New 65W 24.5V 2.65A Replacement Ac Adapter Laptop Charger Compatible with Apple Powerbook iBookG4, iBook,G4 Series,15.2-inch with Size 7.7mmX2.5mm",39.99,4.4,448,Low ($20-50),Good (4-4.5),0.34025915672604473,New,9.068027210884354
B01CQM6GX4,"Fotasy 46mm Silver Metal Wide Angle Lens Hood, Silver Wide Lens Hood 46mm, 46mm Silver Hood fits Olympus M.Zuiko Digital ED 12mm 1:2.0 Lens, 46mm Screw-in Hood Silver",7.27,3.6,11,Budget (<$20),Average (3.5-4),0.2600057976896207,Fotasy,2.0138504155124655
B01CQM6IQY,"(2 Packs) Fotasy Black Aluminum Tripod Buckle Mount Adapter with 1/4"" Screw Holes for GoPro HD Hero, Hero2, Hero3, Hero3+, Hero4, Heor5, Hero6 & Hero7 with Quick-Release Clips",,3.4,47,,Below Avg (3-3.5),0.24002666937225514,(2,
B01CQMWR4Q,"Power Acoustik EG4-1000 Edge Series Full-Range Class AB Amp (4 Channels, 1,000 Watts max)",79.99,4.3,116,Mid ($50-100),Good (4-4.5),0.3300666734306379,Power,18.559164733178655
B01CQN21L4,3m Roland Cable PG MPG Programmers MKS JX GR Synths RRC FC-100 GP-8 16 GM-70,,4.6,92,,Excellent (4.5-5),0.3600527589755482,3m,
B01CQNH4R0,"Apple iPad Pro 12.9"" Leather Sleeve - Non-Scratch Microfiber Interior, Holds Smart Keyboard - Fits MacBook Pro 13 (Black)",,4.3,20,,Good (4-4.5),0.33001101561027935,Apple,
B01CQPBA1E,"Hotodeal Band Compatible with Ionic Bands Waterproof,Replacement Sport Strap Accessory Wristbands Smartwatch, 13 Classic Colors Small Large",,3.9,88,,Average (3.5-4),0.2900504398997,Hotodeal,
B01CQRJEKG,"WV-LINK HDMI TO AV Converter for Amazon Fire Streaming Stick, Google Chromecast, ChromecastUltra & other HDMI Sticks. Use Streaming Sticks with Older TVs that have Composite (red/white/yellow) Inputs.",,3.3,46,,Below Avg (3-3.5),0.23002608960329307,WV-LINK,
B01CQSHQP0,"Kingston Digital 16GB DT2000 Keypad USB 3.0 ,256bit AES Hardware Encrypted (DT2000/16GB)",139.99,4.7,206,Mid-High ($100-200),Excellent (4.5-5),0.3701188526372241,Kingston,29.72186836518047
B01LYQ4UPK,Asurion   Lawn & Garden Extended Protection Plan 3 Year,,3.8,75,,Average (3.5-4),0.28004290290319306,Asurion,
B01CQTK6GU,Griffin BreakSafe Magnetic USB-C Breakaway Power Cable for MacBooks and Chromebook Pixel,9.99,3.9,575,Budget (<$20),Average (3.5-4),0.29033278738422735,Griffin,2.554987212276215
B01CQXGKWK,"Sony H.ear on Wireless Noise Cancelling Headphone, Viridian Blue (MDR100ABN/L)",,4.2,250,,Good (4-4.5),0.32014436247155514,Sony,
B01CR1AH5M,Acrylic Enclosure for Pine A64 / 64 Plus with KIT Button Battery Holder for RTC. DIY CASE,,4.1,14,,Good (4-4.5),0.3100075369965069,Acrylic,
B01CRA11IU,"SecurOMax HDMI Cable (4K 60Hz, HDCP 2.2, HDR, 18Gbps) with Braided Cord, 10 Feet",,4.7,7351,,Excellent (4.5-5),0.3742613018712044,SecurOMax,
B01CRA9GU0,"SecurOMax HDMI Cable (4K 60Hz, 18Gbps) with Braided Cord, 1.5 Feet, 2 Pack",,4.6,2033,,Excellent (4.5-5),0.3611780905309234,SecurOMax,
B01CRAEZYW,Lexar 64GB microSDXC UHS-I 633X High-Performance Memory Card,,3.8,54,,Average (3.5-4),0.2800307277549896,Lexar,
B01CRAQ2CA,DS-30A-1 White Lightning Drone Strobe Light,,4.3,29,,Good (4-4.5),0.33001623353093795,DS-30A-1,
B01CRCC6NC,Linux Ubuntu Metal Sticker 19 x 28mm [898],3.49,4.3,62,Budget (<$20),Good (4-4.5),0.3300353659066862,Linux,0.8097447795823667
B01CREF826,"Exos Backpack, (Laptop, Travel, College, or Business) Urban Commuter",36.95,4.3,32,Low ($20-50),Good (4-4.5),0.33001797283782414,Exos,8.57308584686775
B01CRGKFBS,"Polk Audio TSi500 High Performance Tower Speakers with Four 6-1/2"" Drivers - Pair (Black)",,4.6,91,,Excellent (4.5-5),0.36005217920658616,Polk,
B01CRIU0JS,Sharkk Mouse Wired Ergonomic Vertical Mouse Optical Tracking Mouse with Adjustable DPI for Computer and Laptop,,3.4,36,,Below Avg (3-3.5),0.24002029191367238,Sharkk,
B01CRPAE1A,"Nelly's Security 100' Premade White CCTV RG59 Siamese Cable for HD CCTV Analog, CVI, TVI, AHD and SDI Security Cameras",,4.2,38,,Good (4-4.5),0.3200214514515966,Nelly's,
B01CRUHXBY,HIRALIY Laptop Cooling Pad,,3.8,31,,Average (3.5-4),0.28001739306886203,HIRALIY,
B01CRUUGX6,Wideskall® 20 Feet 3.5mm Gold Plated Male to Female Aux Stereo Audio Extension Cable,6.99,3.9,20,Budget (<$20),Average (3.5-4),0.2900110156102793,Wideskall®,1.7877237851662406
B01CRVCUDE,"Kastar Replacement Battery for EN-EL10, Olympus LI-42B, Kodak KLIC-7006, Fujifilm NP-45, Casio NP-80 (Pack of 2)",9.99,4.2,132,Budget (<$20),Good (4-4.5),0.32007594973403103,Kastar,2.3729216152019004
B01CRVTKIW,Wideskall® 20 Feet 3.5mm Gold Plated Male to Male Aux Stereo Audio Cable (White),7.99,4.3,81,Budget (<$20),Good (4-4.5),0.3300463815169655,Wideskall®,1.8538283062645013
B01CRWGCMS,AVANTEK Amplified Digital Indoor HDTV Antenna with 50-Mile Range Signal Booster,,3.2,199,,Below Avg (3-3.5),0.22011479425448963,AVANTEK,
B01CRXGEDY,Wideskall® 6 Inch 2.5mm Gold Plated Audio Stereo Y Splitter Adapter Cable (White),7.69,4.5,74,Budget (<$20),Good (4-4.5),0.35004232313423106,Wideskall®,1.7050997782705102
B01CRYWX38,"RCA ANT119DR Indoor Flat HDTV Antenna, Multi-Directional (Grey)",,3.9,37,,Average (3.5-4),0.29002087168263446,RCA,
B01CRZD6I8,Genius 7 Series Metallic Comfortable Stylish Wireless Mouse (NX-7015/CHOCOLATE),,4.2,154,,Good (4-4.5),0.32008870465119654,Genius,
B01CS1E5FE,"miliboo MTT705 Aluminum Portable Fluid Head Camera Monopod for Camcorder/DSLR Stand Professional Video Tripod 71.4"" Max Height with 10 Kilograms Max Load Capacity",,4.1,28,,Good (4-4.5),0.3100156537619759,miliboo,
B01CS4A7PI,"miliboo MTT705 Carbon Fiber Portable Fluid Head Camera Monopod for Camcorder/DSLR Stand Professional Video Tripod 72"" Max Height with 10 Kilograms Max Load Capacity",,3.8,33,,Average (3.5-4),0.28001855260678615,miliboo,
B01CS4TNQC,"TerraMaster D2-310 2 Bay External Hard Drive RAID Enclosure USB3.1 (Gen2, 10Gbps) Type C RAID Storage Enclosure Compatible with USB3.0 Devices (Diskless)",,4.3,435,,Good (4-4.5),0.3302516197295378,TerraMaster,
B01CS79F4E,"DWON SD TF Card Reader 3 in 1 Card Adapter with External Storage Memory Expansion for iPhone 5, 5s, 5c, 6, 6 Plus, 6s, 6s Plus 7 7Plus iPads iPods Computers (White)",,4.0,33,,Average (3.5-4),0.3000185526067862,DWON,
B01CS9K10Y,Haixun 304 Stainless Steel Telescopic Tea Ball / Good Grips Twisting Tea Ball / Tea Interval Strainer / Fashion Premium Tea Infuser / Large Capacity Ball with Long Spoon Handle,,3.8,24,,Average (3.5-4),0.28001333468612755,Haixun,
B01CSCHJTC,Windshield Mount Kit Suction Stand Holder Replacement for Tomtom One and XL XXL GPS Navigators Easyport,7.95,3.9,65,Budget (<$20),Average (3.5-4),0.29003710521357234,Windshield,2.0332480818414322
B01CSDC1IA,"Benuo iPad Mini 4 Case, [Vintage Classic Series] [Genuine Leather] Folio Flip Leather Case [Stand Feature] [Magnetic Closure] with Auto Sleep/Wake Function for Apple iPad Mini 4 (Retro Black)",,4.4,177,,Good (4-4.5),0.34010203933732414,Benuo,
B01CSDZE7K,Belkin QODE Ultimate Lite Keyboard Case for iPad Air 2 (White & Gold),,4.1,363,,Good (4-4.5),0.31020987636426883,Belkin,
B01CSGAMQ0,"VersionTECH. Latest USB3.0 Ultra Slim Portable DVD Rewriter Burner,External DVD Drive Optical Drive CD+/-RW DVD +/-RW Superdrive for Apple Mac MacBook Pro and Laptop",,3.9,607,,Average (3.5-4),0.29035133999101354,VersionTECH.,
B01CSJ9YZC,KENMAX® Mic Microphone Holder Clip HLN9073 for CB Motorola Radio XPR4550 CDM750 GM300 M1225 SM50GM3688 TK768G,10.99,4.6,53,Budget (<$20),Excellent (4.5-5),0.36003014798602756,KENMAX®,2.383947939262473
B01CSNTPFC,InstallGear 1/0 Gauge Amp Kit Ga Amplifier Installation Wiring (Power Only),,4.2,97,,Good (4-4.5),0.32005565782035866,InstallGear,
B002FYQAR6,Petra Rse-E106 Outdoor Transformer,,3.1,29,,Below Avg (3-3.5),0.21001623353093793,Petra,
B01CSV709C,ASUS Republic of Gamers Nomad v2 Backpack (90XB0160-BBP010),,4.7,81,,Excellent (4.5-5),0.37004638151696556,ASUS,
B01CSY96Y6,FIRESTIK,64.95,4.0,35,Mid ($50-100),Average (3.5-4),0.3000197121447104,FIRESTIK,16.197007481296758
B01CSYN908,Flexson Wall Mount for SONOS PLAY:5 - Gen. 2 (Black),,4.5,43,,Good (4-4.5),0.35002435029640694,Flexson,
B01CSYNZF2,InstallGear 4 Gauge White 25ft Power/Ground Wire True Spec and Soft Touch Cable,,4.3,7,,Good (4-4.5),0.33000347861377244,InstallGear,
B01CT5X1LS,Sentey BULLEX Gunmetal Earbuds Earphones In Ear Headphones Headset In-Line Microphone Stereo Bass for travel running Men Kids Girls Audiophile Sport Gaming Pc Mac Phones Carrying Case Included LS-4240,,4.1,517,,Good (4-4.5),0.31029916078442743,Sentey,
B01CT6OJFO,tergilente Visible Dust dualpower-x 1.0 x Regular Strength mdx100 Cleaning Lens [17741751],,4.7,31,,Excellent (4.5-5),0.3700173930688621,tergilente,
B01CT7THLO,"Monoprice 15242 Blackbird 4K Pro HDCP Converter, 2.2 to 1.4, Black",33.57,3.9,269,Low ($20-50),Average (3.5-4),0.2901553780818344,Monoprice,8.585677749360615
B01CTBQHL8,"Vidpro VB-12 Stabilizer Hand Grip for DSLR Cameras, Video Camcorders & Action Cameras with Microphone + Flex Tripod + Kit",42.5,4.3,64,Low ($20-50),Good (4-4.5),0.3300365254446103,Vidpro,9.86078886310905
B01CTC5V96,"iPad Pro 9.7 Case, [Corner Protection] CaseCrown Bold Standby Pro (Arctic/Teal) Case w/Apple Pencil Holder - Black, Sleep/Wake, Hand Grip, & Multi-Angle Viewing Stand",,4.1,120,,Good (4-4.5),0.3100689925064862,iPad,
B01CTC5VZU,"iPad Pro 9.7 Case, [Corner Protection] CaseCrown Bold Standby Pro (Black) Case w/Apple Pencil Holder for iPad Pro 9.7 Inch 2016 - Sleep/Wake, Hand Grip, Multi-Angle Viewing Stand",,4.3,159,,Good (4-4.5),0.33009160349600686,iPad,
B01CTC5WJ0,"iPad Pro 9.7 Case, [Corner Protection] CaseCrown Bold Standby Pro (Blue) Case w/Apple Pencil Holder - Black, Sleep/Wake, Hand Grip, & Multi-Angle Viewing Stand",,3.9,50,,Average (3.5-4),0.29002840867914137,iPad,
B01CTC5WR2,"iPad Pro 9.7 Case, [Corner Protection] CaseCrown Bold Standby Pro (Rose Quartz/Pink) Case w/Apple Pencil Holder - Black, Sleep/Wake, Hand Grip, & Multi-Angle Viewing Stand",,4.1,128,,Good (4-4.5),0.3100736306581827,iPad,
B01CTC5X1M,"iPad Pro 9.7 Case, [Corner Protection] CaseCrown Bold Standby Pro (Gray) Case w/Apple Pencil Holder for iPad Pro 9.7 Inch 2016 - Sleep/Wake, Hand Grip, Multi-Angle Viewing Stand",,3.1,30,,Below Avg (3-3.5),0.21001681329990002,iPad,
B01CTE5L7G,Sony Playstation TV Console PS VTE1001 (Renewed),,3.6,51,,Average (3.5-4),0.26002898844810346,Sony,
B01CTFER3Y,"Bushnell Ultra-Light Binocular Harness, Multi, One Size (19126C), Black",,4.8,135,,Excellent (4.5-5),0.3800776890409172,Bushnell,
B01CTIOSMG,Symphonized NRG Premium Genuine Wood in-Ear Noise-isolating Headphones|Earbuds|Earphones with Microphone (Jet Black),,3.6,43,,Average (3.5-4),0.2600243502964069,Symphonized,
B01CTLQQJ6,"(8) - M4x12mm Regular Length Bolts for TVs & Monitors 29"" or Smaller • Wall Mount Bracket to TV • VESA 75x75, 100x100 or 100x200 • Stainless",5.83,4.6,466,Budget (<$20),Excellent (4.5-5),0.3602695925673619,(8),1.2646420824295013
B01CTOK8F6,"iPad Mini 1 2 3 Smart Case Cover, Abestbox Multi Function Flip Leather Case [Auto Sleep/Wake] Portable Travel Bag with Card Slots Stand for iPad Mini1 / Mini2 / Mini3 (Brown)",,4.4,175,,Good (4-4.5),0.3401008797994,iPad,
B01CTOM0MU,RivenAn Universal Camera Quick Release Handlebar Mount Camera Super Clamp Tripod for Holding LCD Monitor/DSLR Camera/DV,,4.1,76,,Good (4-4.5),0.31004348267215515,RivenAn,
B01CTOXG32,Mini Perman Portable USB 2.0 LCD Screen Metal MP3 Music Player Support 32GB Micro SD TF Card Silver,,3.7,17,,Average (3.5-4),0.2700092763033931,Mini,
B01CTQ5TKI,LG HBS-910 Tone Infinim Bluetooth Stereo Headset - Retail Packaging - Rose Gold,,4.3,761,,Good (4-4.5),0.33044062441117217,LG,
B01CTS6ZC2,MemoryTek 8 GB (2x4GB) PC2-6400 DDR2-800 200 PIN SODIMM Dual Channel Laptop Memory Kit,,4.4,65,,Good (4-4.5),0.34003710521357244,MemoryTek,
B01CTSQAEU,"Zalman Optical Wire Gaming Mouse with 4 LED Setting (ZM-M501R),Black",,3.6,38,,Average (3.5-4),0.26002145145159655,Zalman,
B01CTSQLRG,Zalman CPU Fan with 92mm Fan LED (CNPS9500A LED-CU),,4.4,546,,Good (4-4.5),0.34031597408432745,Zalman,
B01CTUJMG6,"Denon Heos 3 HS2 New Hi-Res Audio, Compact, Portable Wireless Bluetooth Speaker with Amazing Sound (Updated Version), Black, Works with Alexa",,4.2,103,,Good (4-4.5),0.3200591364341311,Denon,
B01CTUJQK8,"Sceptre E505BV-FMQKC E50 Series 50"" LED 1080P HDTV MEMC 120 (Metal Black)",,3.4,25,,Below Avg (3-3.5),0.24001391445508963,Sceptre,
B01CTUMTF2,STM Linear Laptop Shoulder Bag with Integrated iPad/Tablet Sleeve,25.38,4.1,112,Low ($20-50),Good (4-4.5),0.31006435435478963,STM,6.1751824817518255
B01CTW2Z90,"iKits Short Micro USB Cable Nylon Braided High Speed Durable Sync and Charge Cord Compatible with 4K TV Sticks, S7, HTC, LG. Metal Plug & Mixed Color Cotton Jacket, USB 2.0 A Male to Micro B [3-Pack]",,4.6,759,,Excellent (4.5-5),0.360439464873248,iKits,
B01CTXNBA6,Centon 2 GB DataStick Pro USB 2.0 Flash Drive DSP2GB-005,5.99,4.2,27,Budget (<$20),Good (4-4.5),0.3200150739930138,Centon,1.4228028503562946
B01CTY6QES,ANTOP Flat-Panel AT-206B Indoor TV Antenna with High Gain Inline Smartpass Amplifier and Built-in 4G LTE Filter - 40 to 50 Mile Range 360 Degree Reception - Piano Black -10ft Cable,,3.4,16,,Below Avg (3-3.5),0.24000869653443102,ANTOP,
B01CTY6RLK,"ANTOP Ring AT-210 Indoor TV Antenna - Multi-Directional Reception, Hairline Black, 4K UHD Ready - HDTV Antenna, 35 Mile, 6' Cable",,3.5,86,,Below Avg (3-3.5),0.2500492803617758,ANTOP,
B01CTY6SIM,"ANTOP 50 Miles Amplified Indoor HDTV Antenna with Inline Amplifier Multi-directional Reception Curved-Panel and Built-in 4G LTE Filter, 10ft Cable AT-211B",29.99,3.7,223,Low ($20-50),Average (3.5-4),0.2701287087095792,ANTOP,8.08355795148248
B01CTY6SXW,"UFO 360° Omni-Directional Reception Outdoor TV Antenna 65 Miles Range with Smartpass Amplified & Built-in 4G LTE Filter for Indoor,Outdoor,RV,Attic Use Support VHF &UHF Digital Signal Grey",27.99,4.0,20,Low ($20-50),Average (3.5-4),0.3000110156102794,UFO,6.980049875311721
B01CTY6TSG,"UFO 360° Omni-Directional Reception Outdoor TV Antenna 65 Miles Range with Smartpass Amplified & Built-in 4G LTE Filter for Indoor,Outdoor,RV,Attic Use Support VHF &UHF Digital Signal Grey",,3.2,24,,Below Avg (3-3.5),0.2200133346861276,UFO,
B01CTY6VBQ,"ANTOP AT-201B Flat-Panel Smartpass Amplified Indoor TV Antenna with High Gain and Built-in 4G LTE Filter 40/50 Mile Long Range Multi-Directional Reception 10' Coaxial Cable, HD/4K UHD Ready",,3.4,64,,Below Avg (3-3.5),0.24003652544461032,ANTOP,
B01CTZO4P0,"BMOUO Samsung Galaxy Tab E 9.6 Case with Keyboard - Ultra Slim Detachable Bluetooth Keyboard Portfolio Case Cover for Samsung Tab E 9.6"" Inch Tablet , Black Color",,4.2,125,,Good (4-4.5),0.32007189135129654,BMOUO,
B01CU0YQPW,AGPtEK Corded Telephone with Headset & Dialpad for House Call Center Office - Noise Cancellation,26.99,4.2,3288,Low ($20-50),Good (4-4.5),0.3219057005783196,AGPtEK,6.410926365795724
B01CU2UY4W,OWC 1.0TB Aura Solid State Drive/Flash Internal Drive Upgrade,,3.4,54,,Below Avg (3-3.5),0.24003072775498963,OWC,
B01CU4D79O,Maroo Case for 14-Inch Chromebook - Black,50.22,4.0,51,Mid ($50-100),Average (3.5-4),0.3000289884481035,Maroo,12.523690773067331
B01CU4E0KY,"Lenovo T460s Ultrabook 20F9003CUS (14"" Display, Intel i7-6600U 2.6GHz, 8GB RAM, 256GB SSD, Webcam, Backlit Keyboard, Fingerprint Reader, Windows 7 Pro 64)",1269.99,3.7,18,Premium (>$500),Average (3.5-4),0.27000985607235517,Lenovo,342.3153638814016
B01CU4PU1M,KZ ATE S Hi-Fi IEM Sports Headphones with Super Bass and Noise Isolating (Mic Edition),,3.4,31,,Below Avg (3-3.5),0.24001739306886205,KZ,
B01CU4PUYE,KZ ATE S Hi-Fi IEM Sports Headphones with Super Bass and Noise Isolating (Standard Edition),,3.6,34,,Average (3.5-4),0.26001913237574825,KZ,
B01CU575Y6,"MCOCEAN Accessory Kit for GoPro Cameras (Silver Black, 38-Pieces)",,3.5,27,,Below Avg (3-3.5),0.25001507399301376,MCOCEAN,
B01CU6MTF0,"iKits Short Micro USB Cable 0.5ft Nylon Braided High Speed Durable Sync and Charge Cord Compatible with S7, HTC, LG & etc, Metal Plug & Mixed Color Cotton Jacket, USB 2.0 A Male to Micro B [5-Pack]",,4.5,138,,Good (4-4.5),0.3500794283478034,iKits,
B01CU6Q5N2,Safstar 360 Rotor Digital Remote Controlled HDTV 1080P Outdoor TV Amplified Antenna for Home Office Outdoor Television,,3.3,81,,Below Avg (3-3.5),0.23004638151696546,Safstar,
B01CU71QO4,"Epson LabelWorks Clear LK (Replaces LC) Tape Cartridge 1/2"" Black on Clear (LK-4TBN) - for use with LabelWorks LW-300, LW-400, LW-600P and LW-700 Label Printers",14.99,4.7,202,Budget (<$20),Excellent (4.5-5),0.37011653356137586,Epson,3.1825902335456475
B01CU7VX5Q,waveshare 10.1inch Capacitive Touch Screen LCD with Case Compatible with Raspberry Pi 4B/3B+/3A+/2B/B+/A+/Zero/Zero W/WH/Zero 2W CM3+/4 1024×600 Resolution HDMI Supports Jetson Nano/Windows,112.99,3.6,64,Mid-High ($100-200),Average (3.5-4),0.2600365254446103,waveshare,31.29916897506925
B01CU9XO92,BENWIS Over Ear Headphones H600 Wired Headphone with in-line Mic Stereo Foldable Headset with Hard Carrying Case (Golden),,3.9,25,,Average (3.5-4),0.2900139144550896,BENWIS,
B01CUBY23W,"HyperGear Freestyle Wireless In-Ear Earphones/Headphones/Earbuds with Mic for iPad, iPod, Samsung Galaxy",,3.0,20,,Poor (<3),0.2000110156102793,HyperGear,
B01CUEA9UE,GIGABYTE GA-H110N LGA1151 Intel H110 Mini ITX DDR4 Motherboard,498.86,3.3,33,High ($200-500),Below Avg (3-3.5),0.23001855260678616,GIGABYTE,150.7129909365559
B01CUJO784,Cimkiz USB Hub 7 Ports 4 USB3.0+3 USB2.0 with Individual Power Switches and LEDs For PC Laptop Data Transmission- Black,,3.5,21,,Below Avg (3-3.5),0.2500115953792414,Cimkiz,
B01CULR00E,"RHA S500i: Ultra-Compact, Noise isolating Aluminium in-Ear Headphone",,3.7,559,,Average (3.5-4),0.2703235110808343,RHA,
B01CULX9WW,RHA T20i Black (Discontinued by Manufacturer),,3.8,89,,Average (3.5-4),0.280051019668662,RHA,
B01CUM5VD6,"Canon EF 50mm f/1.8 STM Lens Bundle with Accessory Kit (13 Items) for EOS 7D Mark II, 7D, 80D, 70D, 60D, 50D, 40D, 30D, 20D, Rebel T6s, T6i, T5i, T4i, SL1, T3i, T6, T5, T3, T2i, T1i, XSi, XS, XTi, XT",,4.7,64,,Excellent (4.5-5),0.37003652544461035,Canon,
B01CUN65BW,"Limeink Compatible Ink Cartridge Replacements PGI-9 (4 Photo Black / 2 Each of Matte Black / Cyan / Yellow / Magenta / Photo Cyan / Photo Magenta / Green / Gray / Red, 22 Pack)",,3.6,27,,Average (3.5-4),0.26001507399301377,Limeink,
B01CUO6CK0,83-16562RK - Raspberry Pi 3 Model B Media Center,,4.3,13,,Good (4-4.5),0.33000695722754486,83-16562RK,
B01CURH6TI,LG HBS-910 Tone Infinim Bluetooth Stereo Headset - Black,,4.1,1603,,Good (4-4.5),0.31092878987723394,LG,
B01CURYWN6,Hitachi Ultrastar A7K2000 2TB 3Gb/s SATA 7200RPM 32MB Internal HDD Hard Drive (Renewed),,4.3,213,,Good (4-4.5),0.33012291101995855,Hitachi,
B01CUVFSM6,"Audio-Technica ATH-M50x Closed Back Dynamic Headphones Bundle with Antlion Audio ModMic 4 with Mute Switch, USB Audio Adapter, and Y Splitter for Audio, Mic",,3.9,44,,Average (3.5-4),0.29002493006536895,Audio-Technica,
B01CUWGZS6,"LG G Pad F 8.0 / G Pad II 8.0 Case, Kuteck LG G Pad F 8.0 / G Pad II 8.0 V495 V496 UK495 G Pad 2 8.0 V498 8"" Tablet Case Full-Body Protection Hybrid Armor Defender Case Convertible w/Stand (Blue)",,4.3,22,,Good (4-4.5),0.33001217514820347,LG,
B01CV0JIA4,"3.5mm TRRS Extension Cable, iXCC 6ft 3.5mm Male to Female Gold-Plated Universal Audio Stereo Extension Cable for Smartphone/Tablet/Speaker and More",,3.9,82,,Average (3.5-4),0.29004696128592755,3.5mm,
B01CV4Y0GC,Lonve High Lossless Sound MP3 Player One Button Voice Recorder 8GB 1.8 Inch Screen with Built-in Speaker Support up to 32GB Micro TF/SD Card,,2.8,29,,Poor (<3),0.1800162335309379,Lonve,
B01CV67WCO,"LQM® 10.8V 100Wh/8550mAh New CA09 Laptop Battery for HP Probook 600 640 650 G0 G1 Series,Compatible P/N:E7U22UT E7U22AA HSTNN-DB4Y HSTNN-LB4Y HSTNN-LB4X HSTNN-LB4Z 718677-421",39.99,4.2,40,Low ($20-50),Good (4-4.5),0.32002261098952073,LQM®,9.498812351543943
B01CVCHYY4,"A1175 A1260 A1211 A1226 A1150 New Laptop Replacement Battery Compatible with Apple MacBook Pro 15 inch MA348 MA348/A MA348G/A MA348J/A Laptop Notebook - Li-ion 5800mAh/68Wh 6Cell,12 Months Warranty",,4.1,232,,Good (4-4.5),0.31013392663023787,A1175,
B01CVE59L2,"GJT T161 2.7"" Slim Car Camera Full HD 1080P 170 Degrees Vehicle DVR Accident Video Recorder Dashcam Road Dash Cam Video Recorder Parking Monitor Night Vision G-Sensor HDMI",,3.5,107,,Below Avg (3-3.5),0.25006145550997927,GJT,
B01CVFP93Y,"New Battery for Lenovo IBM Thinkpad Sl410 Sl410k Sl510 T410 T410i T510 T510i T520 E40 E50 E420 E520,Sl410 2842,Sl410 2874,Sl410k 2842,Sl510 2847,Sl510 2875. (Old Version)",,3.3,37,,Below Avg (3-3.5),0.23002087168263446,New,
B01CVG81UG,"Epson LabelWorks Strong Adhesive LK (Replaces LC) Tape Cartridge 1/2"" Black on White (LK-4WBW) - for use with LabelWorks LW-300, LW-400, LW-600P and LW-700 Label Printers",,4.4,40,,Good (4-4.5),0.34002261098952075,Epson,
B01CVLVD74,PA3822U-1ACA PA5044U-1ACA PA5096U-1ACA PA5177U-1AC3 Adapter Charger Compatible with Toshiba Satellite C50 C55 C75 E45T L50 L55 L55D L75 S50 S55 S70 S75 L955 P840 P845T S955 Power Supply Cord,13.89,4.5,602,Budget (<$20),Good (4-4.5),0.3503484411462033,PA3822U-1ACA,3.0798226164079825
B01CVM0JI2,LOFTEKHDfuryproTwo Input HDMI to RGB Component YPbPr/VGA 2x1 Switch Converter Support 5.1CH Surround Sound.,,3.3,17,,Below Avg (3-3.5),0.23000927630339307,LOFTEKHDfuryproTwo,
B01CVMAK2M,PortaPow 3rd Gen Triple USB + USB-C Power Monitor with Data Blocker,11.99,4.4,1164,Budget (<$20),Good (4-4.5),0.34067427130288586,PortaPow,2.7188208616780045
B01CVMI862,GBB Basic Outdoor Sport Camera Accessories Kit for GoPro Hero4 Session Hero1 2 3 3+ 4 Xiaoyi Yi Climbing Bicycling Swimming Rowing Ski Sets (45 items),,4.0,12,,Average (3.5-4),0.3000063774585828,GBB,
B01CVNC8ZI,"15.6 Inch Laptop Sleeve,LOVPHONE Breathable Notebook Computer Case Cover For Macbook Pro/Lenovo/ASUS/Samsung/Acer/HP and All 15 Inch Notebooks,Slim-fit Briefcase Carrying Bag/Pouch,Bright purple",,4.5,52,,Good (4-4.5),0.35002956821706555,15.6,
B01CVNCARE,"15.6 Inch Laptop Sleeve,LOVPHONE Water-Resistant Notebook Computer Case Cover for MacBook Air/Pro/Lenovo/ASUS/Samsung/Acer/HP and All 15 Inch Notebooks,Slim-fit Neoprene Briefcase(Red)",,4.4,162,,Good (4-4.5),0.3400933428028931,15.6,
B01CVOL7FE,"ZAGG Folio Case, Hinged with Bluetooth Keyboard for Apple iPad Pro 9.7 - Black",,4.0,210,,Average (3.5-4),0.3001211717130724,ZAGG,
B01CVOL9WU,"ZAGG Folio Case, Hinged with Backlit Bluetooth Keyboard for Apple iPad Pro 9.7-inch - Black",94.99,3.8,382,Mid ($50-100),Average (3.5-4),0.28022089197454814,ZAGG,24.93175853018373
B01CVOLKKQ,"TP-Link DOCSIS 3.0 (16x4) High Speed Cable Modem, Max Download Speeds of 686Mbps, Certified for Comcast XFINITY, Time Warner Cable, Cox Communications, Charter, Spectrum (TC-7620)",,4.3,870,,Good (4-4.5),0.3305038192280376,TP-Link,
B01CVOLU3I,"Case Logic Hayes Sleeve for 15.6"" Laptop (HAYS115KPE)",,4.6,36,,Excellent (4.5-5),0.3600202919136724,Case,
B01CVOM140,"TP-Link AC750 Powerline Gigabit Wi-Fi Kit , 2-Kit (AC750)",39.99,4.2,189,Low ($20-50),Good (4-4.5),0.32010899656486896,TP-Link,9.498812351543943
B01CVSJZBS,"Upgrade case Compatible with Beyerdynamic Amiron, T-90, MMX 300 DT-880 DT-990 Manufaktur, Team Tygr 300 R, T1, T-5p T-70/T-70p, DT-770 Pro DT-880 Pro DT-990 Pro Custom One Pro/Plus and Custom Studio",,4.6,203,,Excellent (4.5-5),0.36011711333033786,Upgrade,
B01CVYNMHU,Genuine Original OEM 90w for Dell 0RT74M RT74M PA-1900-32D5 AC Adapter Exact 19.5v 4.62a,28.49,4.5,287,Low ($20-50),Good (4-4.5),0.35016581392315166,Genuine,6.317073170731708
B01CW3C4FQ,Southwire MH8110 Wire Smart Cable Dispenser; Floor or Stud Mounted,62.75,4.7,2006,Mid ($50-100),Excellent (4.5-5),0.3711624367689476,Southwire,13.32271762208068
B01CW3C4GA,Southwire MH8010 Wire Smart Hand Caddy for Spooled Wire,33.3,4.5,553,Low ($20-50),Good (4-4.5),0.3503200324670619,Southwire,7.3835920177383585
B01CW47EG4,"Outdoor Security Camera Wireless, Kami by Yi Rechargeable Battery Powered 1080p Outside Surveillance Front Door IP Smart Cam with Waterproof, WiFi, Cloud, Night Vision, PIR Motion Detection Sensor",,3.8,1721,,Average (3.5-4),0.28099720261475797,Outdoor,
B01CW4AR9K,"YI Home Security Camera, 1080p 2.4G WiFi IP Indoor Surveillance Camera with Night Vision, Motion Detection, Phone App, Pet Cat Dog Cam Works with Alexa and Google Assistance",22.99,4.3,36643,Low ($20-50),Good (4-4.5),0.35124389430811825,YI,5.334106728538283
B01CW4BI6G,"YI Mirror Dash Cam, Dual Dashboard Camera Recorder with Touch Screen, Mobile APP, Front Rear View HD Camera, G Sensor, Reverse Monitor, Loop Recording",,3.9,877,,Average (3.5-4),0.29050787761077207,YI,
B01CW4BLG8,"YI Indoor Wireless WiFi Security IP Camera, Smart Nanny Pet Dog Cat Cam with Night Vision, 2-Way Audio, Motion Detection, 360-degree, 1080p, Phone App, Works with Alexa and Google(White)",,4.3,7679,,Good (4-4.5),0.3344514660907629,YI,
B01CW4C5SQ,"YI Outdoor Security Camera with 6-Month Cloud Service, 1080p Cloud Cam IP Waterproof Night Vision Surveillance System with 24/7 Emergency Response, Alert, Alarm, Phone App, Compatible with Alexa",,4.3,134,,Good (4-4.5),0.33007710927195516,YI,
B01CW4CIYM,YI 4K Action Camera with Waterproof Case 32G Memory Card Included Night Black,,3.8,46,,Average (3.5-4),0.28002608960329306,YI,
B01CW4CJ8W,YI Lite/4K/4K+ Universal Compatible Action Camera Protective Lens + Leather Case Black,,4.2,45,,Good (4-4.5),0.3200255098343311,YI,
B01CW4CMBQ,"YI 4K Action and Sports Camera, 4K/30fps Video 12MP Raw Image with EIS, Live Stream, Voice Control, Selfie Stick & Bluetooth Remote - Night (32G MicroSD Included)",,3.8,16,,Average (3.5-4),0.280008696534431,YI,
B01CWGQCJW,Dell-IMSourcing 45-Watt 3-Prong AC Adapter with 6.5 ft Power Cord,33.89,4.2,119,Low ($20-50),Good (4-4.5),0.3200684127375242,Dell-IMSourcing,8.049881235154395
B01CWJ1QZO,Portage Waxed Canvas with Genuine Leather Camera Laptop Backpack,,3.4,44,,Below Avg (3-3.5),0.24002493006536893,Portage,
B01CWT5D2G,Seagate 3 TB Expansion + External Hard Drive,,4.1,18,,Good (4-4.5),0.31000985607235515,Seagate,
B01CWUZY56,New PI06 Battery for HP 710416-001 710417-001 Pavilion 14-E000 15-E000 15t-e000 15z-e000 17-E000 17-E100 17Z-E100 Touchsmart 17-J000 17-J100 Touchsmart 17-J157Cl,24.99,3.6,31,Low ($20-50),Average (3.5-4),0.26001739306886207,New,6.922437673130194
B01CWX7QUO,"Besiva Earbuds with Microphone & Volume control,Noise isolation Earphones compatible with Apple/Android(Brown)",,3.0,34,,Poor (<3),0.20001913237574828,Besiva,
B01CX4TWMW,Low Profile Helmet Swivel Mount (HERO5 Session/HERO Session) - Official GoPro Mount,29.99,4.3,235,Low ($20-50),Good (4-4.5),0.33013566593712407,Low,6.958236658932715
B01CX4U7DK,"StarDot LEN-2M1.55MMCS 1.55-1.55mm f/1.5-1.5 Fisheye Body only Camera Lens, Black",,4.7,18,,Excellent (4.5-5),0.3700098560723552,StarDot,
B001N82KLU,Allstate 3-Year Consumer Electronics Protection Plan ($125-149.99),,4.1,244,,Good (4-4.5),0.31014088385778266,Allstate,
B01CX4URJO,MSI Computer GeForce GTX 950 2GB OC PCIE x 16 DirectX 12 SLI Support Graphic Card (GTX 950 2GD5 OCV1),,4.0,33,,Average (3.5-4),0.3000185526067862,MSI,
B01CX82KH2,MCM Custom Audio 50-8394 LINE Level Volume Control IR Remote,,4.1,183,,Good (4-4.5),0.3101055179510965,MCM,
B01CX9TX3U,"Haoge LF-N72 Lens Collar Replacement Foot Tripod Mount Ring for Nikon AF-S Nikkor 70-200mm f2.8G ED VR I II, 70mm-200mm f2.8E FL ED VR and 500mm f5.6E PF ED VR Lens Built-in Arca Quick Release Plate",32.99,4.6,79,Low ($20-50),Excellent (4.5-5),0.3600452219790413,Haoge,7.156182212581347
B01CXDPQ64,"YI Home Camera 2, 1080p Full HD Wireless IP Security Surveillance System with Activity Zone, Human Detection for Indoor, Store, Baby, Pet Monitor with iOS, Android App - Cloud Service Available",,3.7,583,,Average (3.5-4),0.27033742553592394,YI,
B01CXE2SMS,Orange Pi One Single Board Computer Quad Core 1.3GHz 512MB DDR3 with Case and Heatsink,,3.5,12,,Below Avg (3-3.5),0.25000637745858273,Orange,
B01CXMGP9C,"CeSunlight LED Book Light, Rechargeable Reading Light, Flexible and Easy Clip On Task Light, with Extra-Bright 4 LED, 2 Brightness Setting, Soft Padded Clamp, Comes with USB Charging Cable (White)",,3.8,166,,Average (3.5-4),0.2800956618787413,CeSunlight,
B01CXNSV6G,"Riverstone Audio Turntable Stylus Tracking Force Pressure Gauge / Scale, LP Digital Mini-Scale, 200g, 0.01g Resolution",,4.1,60,,Good (4-4.5),0.31003420636876206,Riverstone,
B01CXP8AX8,"Case Logic LARI114 14"" RollTop Backpack, Petrol Green",,4.2,97,,Good (4-4.5),0.32005565782035866,Case,
B01CXQ3IDY,TAUPO Laptop Battery Replacement for Toshiba PA3817U-1BRS PA3819U-1BRS Satellite C655 L600 L675 L675D L700 L745 L750 L750D L755 L755D M640 M645 M645-S4070 P745 P745-S4102-12 Months Warranty,,4.1,122,,Good (4-4.5),0.3100701520444103,TAUPO,
B01CXRRRGC,"HENGSHENG 2 Packs 1/4"" Thread to Metal Flash Hot Shoe Mount Adapter for Studio Light Stand/Tripod",,3.3,26,,Below Avg (3-3.5),0.2300144942240517,HENGSHENG,
B01CXS40QQ,"TAUPO Laptop Battery for Lenovo ThinkPad E40 E50 L410 L420 L510 L520 L412 L412 SL410 SL510 T410 T420 T510 T520 W510 W520, ThinkPad Edge 14 15 E420 E425 E520 E525, fits P/N 57Y4186 42T4791 51J0499",,3.7,67,,Average (3.5-4),0.27003826475149656,TAUPO,
B01CY0OV26,"Neewer® 9 x 13 ft/2.8 x 4M Photo Studio 100% Pure Muslin Collapsible Backdrop Background for Photography,Video and Television (Background Only)-Green",,3.7,38,,Average (3.5-4),0.27002145145159656,Neewer®,
B01CY0OZ7M,"Neewer® 9 x 13 ft/2.8 x 4M Photo Studio 100% Pure Muslin Collapsible Backdrop Background for Photography,Video and Television (Background Only)-White",,3.9,68,,Average (3.5-4),0.2900388445204586,Neewer®,
B01CY2NJZE,"MU06 593553-001 Laptop Battery Compatible with HP G62 G32 G42 G42T G56 G72 G4 G6 G6T G7, Compaq Presario CQ32 CQ42 CQ43 CQ56 CQ62 HP 2000 Notebook PC",,4.2,286,,Good (4-4.5),0.3201652341541896,MU06,
B01CY58PXC,"TAUPO 6-Cell Notebook Battery Replacement for Dell Inspiron 13R 14R 15R 17R 17R N3010 N4010 N4110 N5110 N5010 N7110 M501 M503 M4110,fits P/N J1KND 4T7JN -[11.1V,49wh]-12 Months Warranty",,3.6,82,,Average (3.5-4),0.2600469612859276,TAUPO,
B01CY5APOE,"GBB WIFI 12MP 2.0"" LCD HD 1080P 170° Wide Angle Sports DV Waterproof Action Camera Camcorder, Update 25mm Diameter Lens(Big-Eye), 2x Extra Rechargeable Battery + Mount Outdoor Accessories Kit",,3.5,18,,Below Avg (3-3.5),0.25000985607235515,GBB,
B01CY65JD0,64GB Micro SD SDXC Memory Card Plus Adapter Pack (Class 10 UHS-I U1 MicroSD XC Extreme Pro) 64 GB Ultra High Speed 90MB/s 600X Read UHS-1 MicroSDXC Flash. Amplim Cell Phone Tablet Camera 64G TF,,4.4,939,,Good (4-4.5),0.34054382328642047,64GB,
B01CY713SE,"AS10D31 AS10D51 Notebook Battery Compatible with Acer Aspire 5253 5251 5336 5349 5551 5552 5560 5733 5733Z 5740 5735 5735Z, Gateway NV55C NV50A NV53A NV59C",,4.4,201,,Good (4-4.5),0.3401159537924138,AS10D31,
B01CY9CHKA,5 Amp AC to 12V DC Power Adapter Car Cigarette Lighter Socket Charger Power Cord Cable,,3.8,21,,Average (3.5-4),0.28001159537924136,5,
B01CYAILKE,Hoya 62 mm Fusion Antistatic CIR-PL Filter,51.62,4.5,257,Mid ($50-100),Good (4-4.5),0.3501484208542896,Hoya,11.445676274944567
B01CYASD5C,Cokin 72mm Adaptor Ring for L (Z) Series Filter Holder,37.9,4.4,303,Low ($20-50),Good (4-4.5),0.3401750902265448,Cokin,8.594104308390023
B01CYB0XNQ,Kenko Auto Extension Tube Set DG for Canon EOS Lenses A-EXTUBEDG-C,128.9,4.5,403,Mid-High ($100-200),Good (4-4.5),0.3502330671227516,Kenko,28.580931263858094
B01CYB15KG,Kenko KE-NAHDGS 10/16 mm DG Adapter for Sony E Mount Camera - Black,59.9,3.0,18,Mid ($50-100),Poor (<3),0.2000098560723552,Kenko,19.900332225913623
B01CYBG0BA,Tamrac Arc Lens Case 1.1,,3.9,15,,Average (3.5-4),0.29000811676546895,Tamrac,
B01CYCAJ2U,"USB Type C Cable 9.8ft, ikits USB C to USB C Male Data Sync Charging Cord Braided High Speed Charger(3A) Compatible with Apple Macbook (Pro),Pixel XL,Galaxy S10+ S9,Nexus 5X 6P, Nintendo Switch & More",,4.2,83,,Good (4-4.5),0.3200475410548897,USB,
B01CYHG5S2,"BuyCableTies Extra Heavy Duty Cable Ties - 250 lb Rated (22 inch - 25 pk, Black)",,4.6,106,,Excellent (4.5-5),0.3600608757410172,BuyCableTies,
B01CYK7MAY,"FrontTech Vehicle Suction Cup Mount Holder with Bracket Cradle for Garmin GPS 1200, 1250, 1260t, 1300, 1350, 1350t, 1370t, 1390t",6.99,4.4,558,Budget (<$20),Good (4-4.5),0.3403229313118723,FrontTech,1.5850340136054422
B01CYOXC8Q,SAMSUNG OEM Original Part: AA59-00781A Smart Touch TV Remote Control Compatible with AA59-00772A,,4.0,64,,Average (3.5-4),0.30003652544461035,SAMSUNG,
B01CYRYZ6Q,"OMNIHIL 8 Feet AC/DC Power Adapter 9V 1.5A 1500mA 5.5x2.1millimeters (M Plug) Inner/Center/TIP Negative Polarity OMH-120-091521 Power Supply World Wide Voltage 100-240V, Compatible Part",12.96,3.2,13,Budget (<$20),Below Avg (3-3.5),0.22000695722754485,OMNIHIL,4.037383177570094
B01CYXTN3U,Precision Power ICE7000.1D Black Ice Series 7000W Class D Monoblock Amp,259.99,4.3,38,High ($200-500),Good (4-4.5),0.33002145145159656,Precision,60.32250580046404
B01CYXVYDW,Kingston (TM) Digital 32GB DTSE9 G2 Data Traveler 5 Pack 3.0 USB High Speed Flash Drive with (2) Everything But Stromboli (TM) Lanyards,,4.0,16,,Average (3.5-4),0.3000086965344311,Kingston,
B01CYYMSJK,Precision Power ICE2600.1D Black Ice Series 2600W Class D Monoblock Amp,,4.2,54,,Good (4-4.5),0.3200307277549897,Precision,
B01CZ0BU6K,Sevenoak SK-CM200 Shotgun Video Condenser Microphone with Deadcat and Hard Case for DSLR Cameras and Camcorders,26.39,3.5,11,Low ($20-50),Below Avg (3-3.5),0.25000579768962067,Sevenoak,7.518518518518519
B01CZ1J2E6,"ASUS Zenbook UX303UA-YS51 Intel i5 2.3GHz, 4GB, 128GB SSD, 13.3"" Windows 10 Laptop, Smokey Brown",,3.3,18,,Below Avg (3-3.5),0.23000985607235516,ASUS,
B01CZ1J3QI,Asus ZENBOOK Pro UX501VW-XS74T Intel i7 16GB 512GB SSD Gaming GPU GTX 960M Touchscreen Windows 10 Pro Laptop,,3.6,46,,Average (3.5-4),0.2600260896032931,Asus,
B01CZ1Q9FG,"Sundown Audio E-10 V.3 D2 10"" 500W RMS Dual 2-Ohm EV.3 Series Subwoofer",,4.6,67,,Excellent (4.5-5),0.36003826475149653,Sundown,
B01CZ1W25C,"LOREX LNB3163B 3.0-Megapixel HD Weatherproof Bullet Camera, White",,4.4,38,,Good (4-4.5),0.3400214514515966,LOREX,
B01CZ2AXUC,"Supershieldz (3 Pack) Designed for Samsung Galaxy Tab A 7.0 inch (SM-T280) Screen Protector, High Definition Clear Shield (PET)",6.99,4.3,1460,Budget (<$20),Good (4-4.5),0.33084588291565814,Supershieldz,1.6218097447795825
B01CZ2FMKI,"Supershieldz Designed for Samsung Galaxy Tab A 7.0 inch (SM-T280) Tempered Glass Screen Protector, Anti Scratch, Bubble Free",7.99,4.4,399,Budget (<$20),Good (4-4.5),0.3402307480469034,Supershieldz,1.8117913832199546
B01CZ45OAE,Sony a68 Translucent Mirror DSLR Camera (Body Only),,4.1,60,,Good (4-4.5),0.31003420636876206,Sony,
B01CZA5I1S,Ausdom Webcam HD 1080P Web Cam with Built-in Noise-canceling Microphone,,3.6,90,,Average (3.5-4),0.2600515994376241,Ausdom,
B01CZBVI6Q,"Powerextra 2 Pack Intelligent Li-Po Battery Pack 11.1V 980mAh for DJI Osmo, Osmo+ Handheld 4K Gimbal and OSMO Mobile - Compatible with Osmo Intelligent Battery Charger SOY015A-1260120",,4.5,220,,Good (4-4.5),0.35012696940269306,Powerextra,
B01CZD91MW,Mudder 5 Pack 18 Inch SATA III 6.0 Gbps Cable,,4.5,1491,,Good (4-4.5),0.3508638557534823,Mudder,
B01CZDF01S,"HDMI Switch Splitter, VeLLBox HDMI Bidirectional Switcher 3X1 with Pigtail Cable, HDMI Switcher Splitter 3 in 1 Out, Support Resolution up to 4Kx2K, DTS-HD, Grey",,3.4,24,,Below Avg (3-3.5),0.24001333468612757,HDMI,
B01CZELE0I,BT18433 BT28433 BT184342 BT284342 BT183348 BT283348 BT-1011 Replacement Battery Compatible for Phone CS6209 CS6219 CS6229 DS6151 89-1330-01-00 CPH-515D(Pack of 3),9.98,4.6,1748,Budget (<$20),Excellent (4.5-5),0.36101285637673386,BT18433,2.1648590021691976
B01CZFJZYE,"PeakAttacke Outdoor Portable Waterproof LED Tent Light for Camping, Hiking, Emergencies(Green)",,3.8,53,,Average (3.5-4),0.28003014798602754,PeakAttacke,
B01CZKJSGO,Parrot Bebop 2 + Black Skycontroller (White),249.99,4.2,76,High ($200-500),Good (4-4.5),0.3200434826721552,Parrot,59.38004750593824
B01CZKJW1A,MSI Enthusiastic Gaming Intel Z270 DDR4 VR Ready HDMI USB 3 ATX Motherboard (Z270 GAMING M3),,4.5,819,,Good (4-4.5),0.3504742510109722,MSI,
B01CZL97TQ,"Original Cam Caddie Scorpion Video Camera Stabilizer Handle for Nikon, Canon, JVC, Toshiba, Sony, Olympus, Pentax, Apple iPhone, GoPro Hero 4, Hero 3+, Hero 3 and More - Black (0CC-0100-00)",39.99,4.2,111,Low ($20-50),Good (4-4.5),0.32006377458582763,Original,9.498812351543943
B01CZMQ5TU,Memory Card Reader 3 in 1 Lightning iFlash USB SDHC Micro SD TF OTG Card Reader for Android iPhone 5 6 6 Plus iPad,,3.1,27,,Below Avg (3-3.5),0.2100150739930138,Memory,
B01CZMT3NK,"VeLLBox HDMI to AV Converter, Digital HDMI to Analog Video and R/L Audio, Support HDMI Resolution up to 1080p, 5V/1A Power Adapter, Grey",,4.4,8,,Good (4-4.5),0.34000405838273456,VeLLBox,
B01CZNM6CE,Smatree Intelligent Battery(2-Pack) and Rapid Dual-Channel Charger for DJI Osmo (NOT for OSMO Mobile),,3.3,26,,Below Avg (3-3.5),0.2300144942240517,Smatree,
B01CZP6LN2,"Seesii X41T 7"" TFT LCD Monitor HD-TVI+VGA+CVBS Camera Video Test Tester 12V-Out",,3.6,36,,Average (3.5-4),0.26002029191367243,Seesii,
B01CZPGHKE,"Newmowa Replacement Battery(2- Pack) and Dual AC Charger Kit for DJI OSMO,OSMO+,OSMO Mobile Handheld PTZ Camera (2 Batteries + 1 Charger)",,3.9,25,,Average (3.5-4),0.2900139144550896,Newmowa,
B01CZPGHMC,"Newmowa Replacement Battery(1- Pack) and Dual AC Charger Kit for DJI OSMO,OSMO+,OSMO Mobile Handheld PTZ Camera (1 Battery + 1 Charger)",,4.8,9,,Excellent (4.5-5),0.38000463815169655,Newmowa,
B01CZPJRW4,"Security-01 2 Pack 4 Pin IDE Female Molex to Female Dual SATA Power Y-Cable Adapter, 8.67 Inches",6.99,4.3,105,Budget (<$20),Good (4-4.5),0.33006029597205516,Security-01,1.6218097447795825
B01CZT4TT6,"JackCubeDesign Smart Phone Tablet Mobile Phone Cell Phone Charging Station Charger Dock, Multi Device Cord Cable Organizer Stand Holder Outlet(Black) - :MK185",,3.7,18,,Average (3.5-4),0.27000985607235517,JackCubeDesign,
B01CZU9JD6,"Retevis Overhead Noise Reduction Walkie Talkie Headset 2 Pin, Boom Mic, Compatible with Retevis RT22 RT21 H-777 RT68 RT19 Baofeng UV-5R BF-F8HP BF-888S, Two Way Radio Headset for Camera Team(1 Pack)",24.99,3.9,552,Low ($20-50),Average (3.5-4),0.2903194526980998,Retevis,6.391304347826087
B01CZUMP4G,"CableCreation Cat7 Flat Ethernet Cable, SSTP Shielded Gold Plated Ethernet Network Patch Cable cat 7/Category 7, High Speed 10 Gigabit 600Mhz, 1 Pack 1m/3.3FT, Black",,4.6,141,,Excellent (4.5-5),0.3600811676546896,CableCreation,
B01CZW5TTM,kopack Business Laptop Backpack 17inch Waterproof Travel Bag Rucksack Daypack Knapsack Slim Women Backpack,,4.2,82,,Good (4-4.5),0.32004696128592763,kopack,
B01CZW7OD6,Onkyo TX-SR353 5.1-Channel A/V Receiver,,3.9,60,,Average (3.5-4),0.29003420636876204,Onkyo,
B091L2WL1M,"MOBOSI for AirPods 3rd Generation Case, Cool AirPods 3 Case with Keychain Silicone Shockproof Anti-Slip Protective Cover for Men Women, Rugged AirPod Case for 3 Generation (2021), Green",14.99,4.6,1200,Budget (<$20),Excellent (4.5-5),0.36069514298552025,MOBOSI,3.2516268980477228
B01CZWOOGQ,ROCK Earbuds with Microphone Metal Housing Durable Braided Cable Low Distortion Noise Isolating HiFi Stereo Heavy Bass Wired Stereo in-Ear Earbuds Headphones Headset with 3.5mm Jack (Tarnish),,3.8,286,,Average (3.5-4),0.28016523415418954,ROCK,
B01CZWQZH2,Rogue Photographic Design ROGUEBTRY Indicator Battery Pouch (Black),,4.0,30,,Average (3.5-4),0.30001681329990004,Rogue,
B01CZZLTFW,Favson Universal Travel Adapter with International Plugs [US UK EU AU CN] and Dual USB Charger,,3.4,37,,Below Avg (3-3.5),0.24002087168263447,Favson,
B01D02TUIW,"Wireless Security Camera, Corsee 1080P Surveillance IP66 Weatherproof 2.4G Wi-Fi Cameras, Support 2 Way Audio,Outdoor Security Camera System Wireless",,3.2,24,,Below Avg (3-3.5),0.2200133346861276,Wireless,
B01D04Y6VG,Silicon Power 4GB Memory Module for Laptops 4 DDR4 2133 (PC4 2133) SO-DIMM SP004GBSFU213N02,,3.9,17,,Average (3.5-4),0.29000927630339307,Silicon,
B01D05QJ3I,PocketWizard FlexTT5 Transceiver TTL Bonus Bundle for Nikon,,4.4,14,,Good (4-4.5),0.340007536996507,PocketWizard,
B01D06IWB4,"ESR Urban Premium Folio Case for iPad Pro 9.7, Book Cover Design, Multi-Angle Viewing Stand with Auto Sleep/Wake Function for iPad Pro 9.7 inch 2016 Release_De Nimes",,4.4,633,,Good (4-4.5),0.34036641398402745,ESR,
B01D06J02Y,"iPad pro 9.7 inch Case, ESR Smart Case Cover [Synthetic Leather] Translucent Frosted Back Magnetic Cover with Auto Sleep/Wake Function [Light Weight] (Silver Gray)",,4.2,921,,Good (4-4.5),0.3205333874451032,iPad,
B01D06J4JS,"ESR Urban Premium Folio Case for iPad Pro 9.7, Book Cover Design, Multi-Angle Viewing Stand with Auto Sleep/Wake Function for iPad Pro 9.7 inch 2016 Release (Knight)",,4.5,534,,Good (4-4.5),0.3503090168567826,ESR,
B01D09WIL6,FireStick FIRESTIK K4-8R9 CB Radio Antenna FIRE-Ring 9`Foot Coax with Stud,28.08,4.6,59,Low ($20-50),Excellent (4.5-5),0.3600336265998,FireStick,6.091106290672451
B01D0BSGHE,"Samsung BD-JM63 3D Blu-Ray Player, Black (Renewed)",159.0,4.2,150,Mid-High ($100-200),Good (4-4.5),0.3200863855753483,Samsung,37.76722090261283
B01D0C5XN8,"Arlo Accessory - Skins for Arlo Wire-Free - Set of 3, Black, Brown and Grey, Compatible with Arlo Wire-Free Cameras Only - VMA1200D",,4.1,35,,Good (4-4.5),0.31001971214471036,Arlo,
B01D0CEC62,JBL Everest Elite 100 NXTGen Noise-Cancelling Bluetooth In-Ear Headphones Black,,3.5,41,,Below Avg (3-3.5),0.2500231907584827,JBL,
B01D0CENO8,JBL Everest Elite 300 NXTGen Noise-Canceling Bluetooth On-Ear Headphones (White),,3.6,45,,Average (3.5-4),0.26002550983433104,JBL,
B01D0CGWGK,JBL Everest 100-W Everest 100 Wireless Bluetooth In-Ear Headphones White,,2.6,26,,Poor (<3),0.16001449422405176,JBL,
B01D0CVD0A,JacobsParts 8-Inch 8 pin PCI Express PCI-E Power Extension Cable for Video Card,4.39,4.5,28,Budget (<$20),Good (4-4.5),0.3500156537619759,JacobsParts,0.9733924611973392
B01D0DOTSM,"Sylvania SDVD7029 Portable DVD Player with 7"" Swivel Screen (Renewed)",,4.0,55,,Average (3.5-4),0.30003130752395174,Sylvania,
B01D0EHXPM,Microsoft Surface 2 32GB 10.6in Tablet Windows RT 8.1 with Microsoft Touch Keyboard - Blue (Renewed),,3.4,12,,Below Avg (3-3.5),0.24000637745858275,Microsoft,
B01D0JN7GQ,Sigma 30mm F1.4 Contemporary DC DN Lens for Sony E Mount Cameras with Essential Photo and Travel Bundle,,4.7,684,,Excellent (4.5-5),0.37039598220109293,Sigma,
B01D0JNAE0,"Altura Photo Mini Tripod Tabletop Stand w/Soft Pistol Grip for DSLR, Audio Recorder and Video Cameras",,4.0,151,,Average (3.5-4),0.30008696534431034,Altura,
B01D0JNZ86,Workman 104 SWR / Power Meter for VHF / UHF Ham / CB Radio,45.92,3.8,109,Low ($20-50),Average (3.5-4),0.28006261504790336,Workman,12.052493438320212
B01D0M2F1Q,"LimoStudio 4 Pieces Saddlebag New Sand Bag Heavy Duty Weight Bag, Black Color, Holds 18lbs for Photo Studio Light Stand & Boom Stand, AGG1845",,4.1,45,,Good (4-4.5),0.310025509834331,LimoStudio,
B01D0MDOLQ,Cobra CPI 480 400-Watt 12-Volt DC to 120-Volt AC Power Inverter with 5-Volt USB Output (Renewed),,4.1,24,,Good (4-4.5),0.3100133346861276,Cobra,
B01D0Q7JU4,"Fujifilm Instax Mini Instant Film, 10 Sheets x 5 Packs (Total 50 Shoots)",42.26,4.8,1578,Low ($20-50),Excellent (4.5-5),0.3809142956531822,Fujifilm,8.785862785862786
B01D0V1CAM,"ZOZO 10Ft Chromebook Charger Replacement Samsung Power Adapter Charger for Samsung 11.6"" Chromebook Xe303c12 XE303C12-A01 Chromebook 2 3 Xe500c12 503c Xe503c12 Xe503c32 Xe500c13 AA-PA3N40W PA-1250-98",11.79,4.5,8676,Budget (<$20),Good (4-4.5),0.3550294957459453,ZOZO,2.614190687361419
B01D0XFCOC,"ProCase Galaxy Tab A 7.0 2016 Case T280 T285, Stand Folio Case Cover for Galaxy Tab A 7.0 SM-T280 SM-T285 Tablet, with Multiple Viewing Angles, Document Card Pocket (Brown)",,4.4,173,,Good (4-4.5),0.3400997202614759,ProCase,
B01D0XFDMI,"ProCase Galaxy Tab A 7.0 2016 Case T280 T285, Stand Folio Case Cover for Galaxy Tab A 7.0 SM-T280 SM-T285 Tablet, with Multiple Viewing Angles, Document Card Pocket (Red)",,4.4,226,,Good (4-4.5),0.3401304480164655,ProCase,
B01D0XRN0S,"Coiled Micro USB Cable-Aggice USB Type A to Micro USB Right-Angel 90 Degree 150cm 5ft Coiled Cable for Cell Phone,Tablet etc (General USB to Right Angle Micro USB)",,3.6,11,,Average (3.5-4),0.2600057976896207,Coiled,
B01D0YMPZA,"HWHMH Newest Replacement Silicone Bands for Garmin Vivoactive (No Tracker, Replacement Bands Only)",14.99,3.7,25,Budget (<$20),Average (3.5-4),0.27001391445508965,HWHMH,4.040431266846361
B01D0YWR9E,"2016 Edition Lenovo 15 Laptop, Intel Dual-Core Processor, 4GB Memory, 500GB Hard Drive, 15.6-inch HD LED Backlit Display (1366 x 768), HDMI, Bluetooth, Webcam, Windows 10",288.0,4.0,64,High ($200-500),Average (3.5-4),0.30003652544461035,2016,71.82044887780549
B01D11F450,Hermitshell Travel EVA Hard Protective Case Carrying Pouch Cover Bag Compact Sizes Fits Kensington Expert Wireless/Wired Trackball Mouse K72359WW / K64325,11.99,4.4,49,Budget (<$20),Good (4-4.5),0.34002782891017935,Hermitshell,2.7188208616780045
B01D12NSU2,NEOUZA 5PK Compatible with Brother P-Touch Laminated TZe TZ Label Tape Cartridge 18mm x 8m (TZe-241 Black on White),19.99,4.2,69,Budget (<$20),Good (4-4.5),0.3200394242894207,NEOUZA,4.748218527315914
B01D16916S,CoolBELL 13.3 Inch Laptop Sleeve Case Cover with Peony Flower Pattern Ultrabook Sleeve Bag for Ultrabook Like Asus/Dell/MacBook Pro/MacBook Air/Acer/Lenovo/Women/Men,,4.6,493,,Excellent (4.5-5),0.3602852463293377,CoolBELL,
B01D16935C,CoolBELL 15.6 Inch Laptop Sleeve Case Cover with Peony Flower Pattern Ultrabook Sleeve Bag for Ultrabook Like MacBook Pro/MacBook Air/Acer/Asus/Dell/Lenovo/Women/Men,,4.6,493,,Excellent (4.5-5),0.3602852463293377,CoolBELL,
B01D1726NW,"Micro USB Cable Quick Charge-[2 Pack] LOVPHONE 3.3ft Powerline Sync Cord Micro to USB Fast Charging Cable,Universal for Samsung S7 Edge/S6,HTC,Android Smartphones and More",,3.6,59,,Average (3.5-4),0.2600336265998,Micro,
B01D1BFBI0,"iPad Pro 9.7 Keyboard Case, Boriyuan Aluminum 7 Color Backlit Wireless Bluetooth Keyboard Folio Smart Cover for Apple iPad Pro 9.7 with Foldable Stand Function + Screen Protector + Stylus, Gold",,3.9,114,,Average (3.5-4),0.29006551389271373,iPad,
B01D1C2V1O,Quimat Sport Camera Accessory Kit with Travel Case for GoPro Hero4 Session Hero 1 2 3 4 SJ4000 5000 6000 7000 for Outdoor Sports,,3.7,18,,Average (3.5-4),0.27000985607235517,Quimat,
B01D1D0CX2,HiLetgo PCA9685 16 Channel 12-Bit PWM Servo Motor Driver IIC Module for Arduino Robot,8.99,4.4,242,Budget (<$20),Good (4-4.5),0.3401397243198586,HiLetgo,2.0385487528344672
B01D1D0EO4,HiLetgo OTA WeMos D1 R2 CH340 WiFi Development Board ESP8266 ESP-12F For Arduino IDE UNO R3,7.49,4.0,30,Budget (<$20),Average (3.5-4),0.30001681329990004,HiLetgo,1.8678304239401498
B01D1D0F5M,HiLetgo GY-NEO6MV2 NEO-6M GPS Flight Controller Module 3V-5V with Super Strong Ceramic Antenna for Arduino EEPROM APM 2.5,8.99,3.9,212,Budget (<$20),Average (3.5-4),0.29012233125099646,HiLetgo,2.29923273657289
B01D1DCI1G,"Ormosia Precise Point Stylus Pen Version 1.0 [Ultra Slim] for Touch Screen Devices(iOS and Android), Such As iPad, iPhone, Samsung, Windows Tablets and Kindle Fire (Rose Red)",,3.6,38,,Average (3.5-4),0.26002145145159655,Ormosia,
B01D1DQEUW,MSI Performance Gaming Intel Z170A LGA 1151 DDR4 USB 3.1 ATX Motherboard (Z170A Gaming Pro Carbon),488.86,4.4,300,High ($200-500),Good (4-4.5),0.3401733509196586,MSI,110.85260770975057
B01D1DQJ20,MSI Pro Solution Intel Z170A LGA 1151 DDR4 USB 3.1 ATX Motherboard (Z170A SLI),208.68,4.4,345,High ($200-500),Good (4-4.5),0.3401994405229517,MSI,47.31972789115646
B01D1DQKGU,MSI Intel Skylake H170 LGA 1151 DDR4 USB 3.1 Micro ATX Motherboard (CSM-H170M-A Pro),,4.0,265,,Average (3.5-4),0.30015305900598616,MSI,
B01D1DQRKE,MSI Intel B85 LGA 1150 DDR3 USB 3.1 Micro ATX Motherboard (B85M-E45),198.86,4.3,538,Mid-High ($100-200),Good (4-4.5),0.33031133593263085,MSI,46.13921113689096
B01D1EBK0A,Andoer® Tripod Action Fluid Drag Head Video Tilt Pan Damping Head with Handle Quick Release Plates for Camera Monopod Slider Rail,,3.6,11,,Average (3.5-4),0.2600057976896207,Andoer®,
B01D1EQJ8S,Vinabty New Remote AK59-00146A fit for Samsung Blu-Ray DVD Player BDE5300 BDE5300/ZA BDE5400 BDE5400/ZA BDEM53 BDE5900,8.95,4.1,56,Budget (<$20),Good (4-4.5),0.31003188729291375,Vinabty,2.177615571776156
B01D1EYQOW,MSI Armor 2X GeForce GTX 980 GDDR5 4GB OC DirectX 12 VR Ready (GTX 980 4GD5T OC),398.02,3.7,14,High ($200-500),Average (3.5-4),0.2700075369965069,MSI,107.28301886792453
B01D1EYY30,MSI Graphics Cards N750Ti-2GD5TLP,,4.3,1017,,Good (4-4.5),0.33058904526546173,MSI,
B01D1EZ67S,MSI Graphics Cards N720-2GD3LP,,4.3,24,,Good (4-4.5),0.3300133346861276,MSI,
B00GIA3NNW,"mCover iPearl Hard Shell Case for 14-inch ASUS VivoBook S400CA series TouchScreen UltraBook laptop(14"" S400CA) - BLACK",,3.5,6,,Below Avg (3-3.5),0.25000289884481036,mCover,
B01D1EZIXA,"MSI Radeon HD 6450, 2GB DDR3, Low Profile, PCI Express Graphics Card R6450-2GD3H/LP",,4.3,1164,,Good (4-4.5),0.3306742713028858,MSI,
B01D1FVL7Q,VINABTY New GA806WJSA Replaced Remote fit for Sharp Aquos LCD TV LC-40LE700 LC-40LE700UN LC-46LE700 LC-46LE700UN LC-52LE700 LC-40LE700UN SXV-4035,9.58,4.5,50,Budget (<$20),Good (4-4.5),0.3500284086791414,VINABTY,2.124168514412417
B01D1GBME2,"TEASTAR 7"" Inch Hard Carrying Travel GPS Case Zipper Bag Pouch Cover GPS Protective for 6"" 7"" GPS Navigation Garmin DriveSmart 76 65 66 Dezl Otr 700 780 2797lmt 2798LMT Tomtom Magellan Roadmate Black",12.5,4.6,1939,Budget (<$20),Excellent (4.5-5),0.36112359224848894,TEASTAR,2.711496746203905
B01D1GP9LE,BRINCH 17.3 Inch Nylon Shockproof Laptop Case Messenger Bag for 17-17.3 Inch Laptop/Notebook/MacBook/Ultrabook with Shoulder Strap Handles and Various Pockets (Black - Green),,4.6,328,,Excellent (4.5-5),0.3601895844505964,BRINCH,
B01D1IXTY6,UNMCORE Gold Plated HDMI to DVI-D Dual Link 24+1 Pin Male to Male HDMI Converter Adapter Cable 1080P (4.5FT) - Black,,4.1,28,,Good (4-4.5),0.3100156537619759,UNMCORE,
B01D1LMP4I,"PcProfessional Screen Protector (Set of 2) for HP Spectre x360 15t AP012dx AP011dx 15 15.6"" Touch Screen Laptop Anti Glare Anti Scratch",16.99,3.2,31,Budget (<$20),Below Avg (3-3.5),0.2200173930688621,PcProfessional,5.2928348909657315
B01D1NUCT6,"iPad Pro 9.7 inch Case, iPad Pro 9.7 Case, ESR [Corner Protection] Soft TPU Bumper Edge Slim Fit Leather Smart Case Cover with Auto Sleep/Wake for Apple iPad Pro 9.7 inch (2016 Edition)_Black",,4.2,497,,Good (4-4.5),0.3202875654051861,iPad,
B01D1NUDCW,"ESR Yippee Premium Trifold Case for iPad Pro 9.7, Slim Fit Smart Case with Rubberized Back Cover Auto Wake Sleep Function for Apple iPad Pro 9.7 inch 2016 Release (Champagne Gold)",,4.2,258,,Good (4-4.5),0.3201490006232517,ESR,
B01D1NUDJK,"ESR iPad Pro 9.7 Case, [Corner Protection] Soft TPU Bumper Edge Slim Fit Leather Smart Case Cover with Auto Sleep/Wake Compatible for Apple iPad Pro 9.7 inch (2016 Edition)_Rose Gold",,4.2,497,,Good (4-4.5),0.3202875654051861,ESR,
B01D1NUFO8,"iPad Pro 9.7 inch Case, iPad Pro 9.7 Case, ESR [Corner Protection] Soft TPU Bumper Edge Slim Fit Leather Smart Case Cover with Auto Sleep/Wake for iPad Pro 9.7 inch (2016 Edition)_Ming Blue",,4.2,490,,Good (4-4.5),0.3202835070224516,iPad,
B01D1NUG2E,"iPad Pro 9.7 Case, ESR Clear Hard Case [Perfect Match with Smart Keyboard] with Soft TPU Bumper [Corner Protection] Slim Fit Back Shell Cover for iPad Pro 9.7 inch (Champagne Gold)",,4.4,921,,Good (4-4.5),0.3405333874451032,iPad,
B01D1NUTMQ,"Cables Direct Online, 22/4 Solid 500FT Shielded Low Voltage Security Alarm Wire Control Cable Burglar Station Bulk PVC Pull-Out Box",54.95,4.2,78,Mid ($50-100),Good (4-4.5),0.32004464221007933,Cables,13.05225653206651
B01D1RR0NI,Kenox Vintage PU Leather Backpack School College Bookbag Laptop Computer Backpack - Brown,,4.5,502,,Good (4-4.5),0.35029046424999644,Kenox,
B01D1VLNWS,Cobra Electronics CDR 840 Drive HD Dash Cam with GPS,,3.5,114,,Below Avg (3-3.5),0.25006551389271375,Cobra,
B01D1XOZD0,Jensen JBS-225 Wall Mountable Bluetooth Music System with CD Player,,4.0,165,,Average (3.5-4),0.3000950821097793,Jensen,
B01D1YB3KW,RiteAV White USB 3 A-B Female F/F Pigtail Extension Keystone-to-Cable Dongle,12.97,4.2,28,Budget (<$20),Good (4-4.5),0.32001565376197594,RiteAV,3.0807600950118768
B01D2BO0F4,GGMM B-Typer Wireless Bluetooth Keyboard & Envelope Case for Microsoft 10.6' Surface RT/Surface 2/ Surface Pro/Surface Pro 2 (Orange/Black),,4.2,16,,Good (4-4.5),0.3200086965344311,GGMM,
B01D2CWOII,"Suptek Articulating Full Motion Tv Wall Mount for 26''-55'' LED LCD Plasma TVs VESA Standard Up to 400x400mm,100 lbs Weight Capacity MA52A",,4.2,49,,Good (4-4.5),0.32002782891017933,Suptek,
B01D2DE4L2,Case Star Clear Ultra thin Silicone Keyboard Skin Cover Protector ONLY Compatible with Laptop Microsoft Surface Book 1 (NOT Fit for Surface Book 2 and Other Models),,4.3,139,,Good (4-4.5),0.33008000811676547,Case,
B01D2IDRWE,"iPad Mini 4 Keyboard Case, iEGrow F04 7 Colors Backlit Slim Aluminum Bluetooth Keyboard with Protective Clamshell Case Cover and 2800 mAh External Battery for iPad Mini 4 Model A1538/A1550(Silver)",,3.8,32,,Average (3.5-4),0.2800179728378241,iPad,
B01D2IYWWS,"QKOO 5X Quick Release Buckle Clip Basic Base Mount for GoPro Hero 11, 10, 9, 8, 7, 6, 5, 4, Session, 3+, 3, GoPro MAX, Hero (2018), Fusion, DJI Osmo Action, AKASO, SJCAM, Action Cameras",9.99,4.5,331,Budget (<$20),Good (4-4.5),0.3501913237574827,QKOO,2.215077605321508
B01D2K40DM,GMYLE Compact Wired USB Mini Keyboard for PC (Charcoal Black),24.98,4.0,869,Low ($20-50),Average (3.5-4),0.3005032394590756,GMYLE,6.229426433915212
B01D2LPKUS,WishRing 2-pin Waterproof Rainproof Professional Heavy Duty Shoulder Remote Speaker Mic Microphone PTT Compatible with K Plug Radio,13.99,3.9,46,Budget (<$20),Average (3.5-4),0.29002608960329307,WishRing,3.5780051150895145
B01D2O8BNS,Sony 16GB USB 3.0 Flash Drive for Smartphone and Tablets (USM16SA3/B),,4.1,71,,Good (4-4.5),0.3100405838273448,Sony,
B01D2OE092,Sony 64GB USB Flash Drive for Type-C Smartphone and Tablets (USM64CA1/S),,4.1,68,,Good (4-4.5),0.3100388445204586,Sony,
B01D2PPJKU,"10 PCS, RJ-12 110 Type 90 Keystone Jack, White, CNE584416",,4.4,34,,Good (4-4.5),0.3400191323757483,10,
B01D2PRL42,"Mudder 12 Pack Multipurpose Cable Clips Holders Cord Management System for Computer, Charging or Mouse Cord, Black",,3.8,604,,Average (3.5-4),0.28034960068412734,Mudder,
B01D2PZ6C6,"Tripp Lite DVI Dual Link Cable, Digital TMDS Monitor Cable (DVI-D M/M) 10-ft.(P560-010) , Black",13.77,4.6,429,Budget (<$20),Excellent (4.5-5),0.36024814111576536,Tripp,2.9869848156182215
B01D2RW31G,"QKOO 10x Buckle Clip Basic Mount for GoPro Hero 11 10 9 8 7 6 5 4 3+ 3 Session MAX 2018 Fusion, DJI Osmo Action, AKASO, SJCAM, Dragon Touch, DBPOWER Campark APEMAN Crosstour Action Cameras",9.99,4.3,209,Budget (<$20),Good (4-4.5),0.3301205919441103,QKOO,2.317865429234339
B01D2TQQ58,"Fotasy Minolta MD Rokkor Lens to M43 MFT Adapter, Compatible with Panasonic GM5 G9 GF90 GH5s GH5 II GM5 GX7 GX8 GX9 GX850 G90 G91 G95 G100 Olympus E-M1 E-M5 E-M10 I II III E-PM2 E-PM1 Pen-F E-M1X",13.69,4.6,221,Budget (<$20),Excellent (4.5-5),0.36012754917165507,Fotasy,2.9696312364425164
B01D2TSING,CHINFAI External Keyboard for Laptop Silicone Roll Up Folding Travel Portable Wired USB Keyboard for Tablet Computer PC (Blue),,3.7,150,,Average (3.5-4),0.27008638557534825,CHINFAI,
B01D2ZQA9E,Hermitshell Hard EVA Travel Case Fits Dxo One 20.2MP Digital Connected Camera,8.99,4.0,38,Budget (<$20),Average (3.5-4),0.3000214514515966,Hermitshell,2.2418952618453867
B01D2ZUNZ6,"SABRENT USB 3.0 Super Speed 4 Slot Memory Card Reader for Windows, Mac and Linux - Supports SD, SDHC, SDXC, MMC/MicroSD, T-Flash/MS, MS PRO Duo/CF, and More (CR-BMC3)",9.99,4.2,800,Budget (<$20),Good (4-4.5),0.3204632354006929,SABRENT,2.3729216152019004
B01D30YR02,"Lowepro LP36775 Trekker 450 AW Camera Backpack - Large Capacity Backpacking Bag for All Your Gear,Black",,4.0,251,,Average (3.5-4),0.3001449422405172,Lowepro,
B01D32BOV0,"Smatree Charging Case Compatible for Powerbeats 2, Powerbeats 3, Bose Soundsport, Sony WI-C300 Headphones - Hard Shell Storage Travel Bag",,4.4,782,,Good (4-4.5),0.3404527995593757,Smatree,
B01D34UKV8,Timibis 3 Pole 3.5mm Male 90 Degree Repair Headphone Jack Plug Audio Soldering Spring,,3.7,30,,Average (3.5-4),0.2700168132999,Timibis,
B01D352PII,Timibis@ 3.5mm 3 Pole Female Socket Repair Headphone Earphone Jack Stereo Audio Plug Jack Connector Soldering,,3.9,15,,Average (3.5-4),0.29000811676546895,Timibis@,
B01D3BDXP6,Samsung CF390 Series Curved 21.5-Inch FHD Monitor (C22F390),,4.4,80,,Good (4-4.5),0.3400458017480035,Samsung,
B01D3E42DA,Cable Matters 100-Pack 8mm Strain Relief Boots for Large Diameter Cable in Black,12.49,4.7,207,Budget (<$20),Excellent (4.5-5),0.37011943240618617,Cable,2.6518046709129512
B01D3FJ5HC,"Rosewill Server Rack Rails/Server Slide Rails/Server Rails, 26"" Three Section Ball-Bearing Sliding Server Rail Kit (RSV-R27LX)",,3.3,57,,Below Avg (3-3.5),0.23003246706187583,Rosewill,
B01D3G1FFQ,HQRP Four Batteries compatible with Motorola 53617 MH230 MH230R MH230TPR MB140 MB140R KEBT-086-A KEBT-086-B KEBT-086-C KEBT-086-D FV300 FV300R FV700 FV700R FV750 SX500 SX500R SX600 SX800 SX800R SX900,23.95,4.3,51,Low ($20-50),Good (4-4.5),0.33002898844810347,HQRP,5.556844547563806
B01D3J2CM8,Qi-infinity™ Upgraded Pro DC Charge Cable with The Original Magnetic Connector for Microsoft pro3/pro4 and Book -5.5 * 2.5mm DC 12V/15V 2.5-3.6A 3 Feets Cable for SP3/SP4,,3.0,11,,Poor (<3),0.2000057976896207,Qi-infinity™,
B01D3JE0MS,"Fosmon 3-Port 4K HDMI Switch, 3x1 Switcher (Automatic Switching) Support Ultra HD, HDCP, 4K HDMI Splitter Hub Compatible with Apple TV 4K PS5 Xbox Roku Fire TV Stick HDTV Chromecast",12.99,4.2,7285,Budget (<$20),Good (4-4.5),0.32422303711970785,Fosmon,3.085510688836105
B01D3NXGGU,"Apple 9.7-Inch iPad Pro Wi-Fi + Cellular, 9.7"" Tablet, 32 GB, 3G/4G, Space Gray (MLPW2LL/A)",,3.8,20,,Average (3.5-4),0.2800110156102793,Apple,
B01D3O9P14,Mission Power 3FT USB Cable for Powering Fire TV Stick,,4.3,33,,Good (4-4.5),0.3300185526067862,Mission,
B01D3QZ8EK,"Symphonized Wired Earbuds with Microphone - Noise Isolating Headphones with Wire, Ear Buds with Wire, Headphones with Microphone for Computer, Corded Earbuds, Travel Headphones 3.5mm Graduation Gift",29.99,4.2,16592,Low ($20-50),Good (4-4.5),0.32961894684968046,Symphonized,7.123515439429928
B01D3S6ZWC,"ChargerCity GoPro Hero Mounting Bundle w/Hot Shoe Adapter, Tripod Mount Thumb Screw for Hero 6 5 4 3 Session Black Silver White Action Camera & GOPRO to 1/4-20 Camera Adapter.",9.95,4.2,40,Budget (<$20),Good (4-4.5),0.32002261098952073,ChargerCity,2.363420427553444
B01D3SH5H6,"Kenwood DDX9903S 6.95"" eXcelon Double-DIN with Apple CarPlay and Android Auto",,4.0,43,,Average (3.5-4),0.30002435029640695,Kenwood,
B01D3SQQMG,"iBenzer Basic 13.3"" Neoprene Protective Laptop Case Sleeve Bag with Accessory Pocket for 13-13.3 Inch Laptop, MacBook Pro 13, MacBook Air 13, Turquoise, BG13TBL",,4.5,659,,Good (4-4.5),0.35038148797704116,iBenzer,
B01D3SQRJS,"iBenzer Basic 13.3"" Neoprene Protective Laptop Case Sleeve Bag with Accessory Pocket for 13-13.3 Inch Laptop, MacBook Pro 13, MacBook Air 13, Wine Red, BG13WR",,4.5,655,,Good (4-4.5),0.3503791689011929,iBenzer,
B01D3TSFR4,"Mount-It! Full Motion TV Wall Mount | Long Arm TV Mount with 24 Inch Extension | Fits 32 to 55 Inch TVs with Up to VESA 400 x 400, 77 Lbs Capacity",39.99,4.7,1575,Low ($20-50),Excellent (4.5-5),0.37091255634629605,Mount-It!,8.490445859872612
B01D3TU400,BongoTies ALL BLUE Bongo Ties A5-01-B ~ 10 Pack ~ HANDY TIES FOR CABLES AND OTHER UNRULY ITEMS,8.99,4.7,100,Budget (<$20),Excellent (4.5-5),0.37005739712724484,BongoTies,1.9087048832271762
B01D3VPJIA,"Uninex PS101 Power Managed 8-Outlet Energy Controlled Surge Protector, Eliminates Standby Idle Electricity Usage, 6-Foot",,3.7,31,,Average (3.5-4),0.2700173930688621,Uninex,
B01D3YOMN0,"HDView POE Extender Repeater, Up to 328 feet, No External Power Required, Multiple Units, Daisy-Chain Installation, Plug and Play for IP Phone Camera Network Devices",39.99,3.9,42,Low ($20-50),Average (3.5-4),0.29002377052744477,HDView,10.22762148337596
B01D40AOJ4,"Nikon COOLPIX P900 Digital Camera, 83x Optical Zoom - Bundle with Camera Bag, 16GB Class 10 SDHC Card, Cleaning Kit, Software Package",,4.2,30,,Good (4-4.5),0.32001681329990006,Nikon,
B01D40F56G,Savage Luminous Pro LED Video Light,126.99,4.7,33,Mid-High ($100-200),Excellent (4.5-5),0.37001855260678623,Savage,26.961783439490446
B01D42PU64,"WAAO Sawtooth Picture Frame Hanging Hangers Double Hole with Screws, 100 Piece",,4.1,128,,Good (4-4.5),0.3100736306581827,WAAO,
B01D430VT4,Pasow BNC Male Plug to F Female Jack Adapter Coax Connector Coupler adapters CCTV Camera (20PCS),9.99,4.5,162,Budget (<$20),Good (4-4.5),0.35009334280289306,Pasow,2.215077605321508
B01D45L9WA,"Wii to HDMI Converter Adapter 1080P with 3.5mm Jack Audio Output Supports All Wii Display Modes Compatible with Wii U, HDTV, Monitor",6.99,4.2,327,Budget (<$20),Good (4-4.5),0.3201890046816344,Wii,1.660332541567696
B01D4684Q8,"CreateGreat for Garmin Vivofit Band, Soft Silicone Replacement Accessory Band for Garmin Vivofit/Garmin Vivofit Band/Garmin Vivofit Bands",,4.1,83,,Good (4-4.5),0.31004754105488963,CreateGreat,
B01D4686OS,"Garmin Vivofit Band,CreateGreat Soft Silicone Replacement Accessory Band for Garmin Vivofit/Garmin Vivofit Band/Garmin Vivofit Bands",,3.8,33,,Average (3.5-4),0.28001855260678615,Garmin,
B01D46O1QU,"ViiRO Premium Fixed TV Wall Mount Bracket 37"" To 70"" (37 Inch - 70 Inch)- Max VESA 800x400 mm",,4.8,12,,Excellent (4.5-5),0.38000637745858273,ViiRO,
B01D4B3L6G,HONGYU 2016 New Ultrathin Built-in Speaker MP3 MP4 Music Player with 16GB storage and 1.8 Inch Screen / FM / e-book / Voice recorder / Alarm clock / Calendar multifunctional Media Player (Blue),,3.4,27,,Below Avg (3-3.5),0.24001507399301378,HONGYU,
B01D4ERVGO,SUNGUY Round Carrying Cases for Cellphone Earphone Headset Earbuds Pouch Storage Bags (Black2) …,,4.0,41,,Average (3.5-4),0.30002319075848277,SUNGUY,
B01D4ETJZA,eKids Trolls Sing Along MP3 Microphone with Built in Music and Connects to Any MP3 Player,,4.1,253,,Good (4-4.5),0.31014610177844126,eKids,
B01D4F3A7C,"Sabrent USB 3.0 to SATA Dual Bay External Hard Drive Docking Station with Built-in Cooling Fan for 2.5 or 3.5in HDD, SSD with Hard Drive Duplicator/Cloner Function [8TB Support] (EC-HDFN)",,4.1,435,,Good (4-4.5),0.3102516197295378,Sabrent,
B01D4FH410,"Filter Case, 2PCS 3-Pocket Camera Lens Filter Carry Case Professional Photography Filter Holder Belt Bag Pouch Water-Resistant and Dustproof Design for 25mm-82mm Filters by DomeStar",6.99,4.4,805,Budget (<$20),Good (4-4.5),0.34046613424550326,Filter,1.5850340136054422
B01D4FIGU8,"DomeStar Beard Ornaments, 24PCS Colorful Christmas Facial Hair Baubles Man Beard Bell Clip Beard Decoration for Men",,4.7,13,,Excellent (4.5-5),0.3700069572275449,DomeStar,
B01D4FRTEC,"TAUPO New Laptop Battery Replacement for HP EliteBook 8440p 6930p 8440w ProBook 6550b 6455b 6440b 6540b 6545b Compaq 6730b 6530b [6-Cell, 11.1V]",,4.1,34,,Good (4-4.5),0.31001913237574824,TAUPO,
B01D4FTRHO,A8 Power U8 Bluetooth Watch Smart Wristwatch Phone Mate for Smartphones Android Samsung S2/s3/s4/s5/note 2/Note 3 HTC (Black),,3.2,30,,Below Avg (3-3.5),0.22001681329990003,A8,
B01D4G9E80,Hermitshell Travel EVA Hard Protective Carrying Case Fits Kensington Expert Wireless Presenter K72425AM / K72426AM / K72427AM / K72353 / K72637,16.99,4.7,43,Budget (<$20),Excellent (4.5-5),0.37002435029640696,Hermitshell,3.6072186836518045
B01D4G9F8O,Hermitshell Hard Travel Case for Anker 2.4G / LEKVEY Ergonomic Wireless Vertical Ergonomic Optical Mouse,12.99,4.8,96,Budget (<$20),Excellent (4.5-5),0.38005507805139654,Hermitshell,2.700623700623701
B01D4GE570,Mini holder Flexible Sponge Octopus Stand Tripod Mount For Cell Phone Camera Video Phone (Blue ),,3.3,31,,Below Avg (3-3.5),0.23001739306886204,Mini,
B01D4ID3ZI,XSKN for Final Cut Pro X 10 Shortcut Silicone Keyboard Protective Film Compatible Apple Magic Keyboard (MLA22LL/A) with US Layout,16.99,4.6,18,Budget (<$20),Excellent (4.5-5),0.36000985607235514,XSKN,3.6854663774403473
B000M2O8B8,Metz MZ 58311C 58 AF-1C Flash for Canon Cameras,391.61,3.1,11,High ($200-500),Below Avg (3-3.5),0.21000579768962072,Metz,125.91961414790998
B01D4IIXAI,"Foscam C1 Lite HD 720P Indoor Wireless Camera,Day Time Monitor and Home Security IP Camera, Motion Detection P2P Network Cloud Storage (No Night Version)",,3.3,171,,Below Avg (3-3.5),0.23009856072355164,Foscam,
B01D4OFTN6,"TAUPO Laptop Battery Compatible with Dell Latitude D830 D820 D531 D531N, Precision M4300 M65, fits P/N CF623 DF192 FF232 MM165, 6-Cell, 49Wh, 12 Months Warranty",,3.9,37,,Average (3.5-4),0.29002087168263446,TAUPO,
B01D4OO3CE,"Lowepro LP36700 Toploader Zoom 45 AW II Camera Case for DSLR and Lens, Black",,4.5,1507,,Good (4-4.5),0.35087313205687537,Lowepro,
B01D4OX3G6,JOYACCESS Wireless Keyboard Combo Full-Size Whisper-Quiet Wireless Keyboard and Mouse for Desktop in Ergonomic Design-Silver,,3.6,344,,Average (3.5-4),0.26019886075398957,JOYACCESS,
B01D4P677M,Newport 30 Camera Case from Lowepro – Soft Shelled Case for Your Point & Shoot Camera,16.99,4.5,53,Budget (<$20),Good (4-4.5),0.3500301479860276,Newport,3.7671840354767183
B01D4PXFCC,Samsung SM-T817TZKATMB Galaxy Tab S2 9.7 T-Mobile Wi-Fi 32GB Black,,3.6,19,,Average (3.5-4),0.2600104358413172,Samsung,
B01D4QBTUG,New Vinabty Replaced REMOTE fit for Panasonic TV TC-55LET64 TC-L47ET60 TC-L50ET60 TC-L55ET60 TC-P50ST60 TC-P55ST60 TC-P60ST60 TC-P65ST60 TC-L42ET60 TC-39AS530U TC-50AS530U TC-50AS530UE TC-50ASU534 TC-,8.24,3.6,7,Budget (<$20),Average (3.5-4),0.26000347861377243,New,2.2825484764542936
B01D4TJCB6,"Technical Pro Class-T Stereo Mini Amplifier with Power Supply, Headphone Output & Microphone Input, Silver (MA2020)",34.95,3.9,134,Low ($20-50),Average (3.5-4),0.2900771092719551,Technical,8.938618925831204
B01D4UWFUU,Flat Slim FPV HDMI Cable Micro HDMI Male 90 Degree to Standard HDMI Male Full Size HDMI Normal HDMI Compatible with Gopro Sony Alpha sonyA7RII A7SII A9 A6500 A6300（NOT for A6000 Black 50CM,18.99,3.4,42,Budget (<$20),Below Avg (3-3.5),0.2400237705274448,Flat,5.568914956011731
B01D4ZJZTO,"NewFantasia Replacement Audio Upgrade Cable Compatible with Sennheiser Momentum, Momentum 2.0, HD1 Over-Ear On-Ear Headphones 3meters/9.9feet",17.5,4.4,497,Budget (<$20),Good (4-4.5),0.3402875654051861,NewFantasia,3.968253968253968
B01D56OB3C,"2016 Dell XPS 13 High Performance Laptop with 13.3"" FHD IPS Infinity Borderless Display, Intel Core i5-6200U Processor, 8GB RAM, 128GB SSD, 11 hours battery life, Backlit Keyboard, Windows 10",949.0,3.1,47,Premium (>$500),Below Avg (3-3.5),0.21002666937225517,2016,305.14469453376205
B01D5AGOE2,Intel Computer CPU 2.2 10 BX80660E52630V4,479.0,4.7,16,High ($200-500),Excellent (4.5-5),0.3700086965344311,Intel,101.69851380042464
B01D5FLAXW,Cable Matters Ultra-Slim Amplified Indoor HDTV Antenna with Stand,,3.9,168,,Average (3.5-4),0.29009682141666543,Cable,
B01D5J24X8,"RCA Galileo Pro 11.5 case by i-UniK Compatible RCA Galileo Pro 11.5"" Model #RCT6513W87DK C Tablet with Keyboard Case [Bonus Stylus] (Blue)",,4.3,629,,Good (4-4.5),0.3303640949081791,RCA,
B01D5J2DD4,"LG K10 Case, LG Premier LTE Case, Starshop [Heavy Duty] Dual Layers Kickstand Case with [Premium HD Screen Protector Included] and Locking Belt Clip (Black)",,4.2,98,,Good (4-4.5),0.3200562375893207,LG,
B01D5N1ROG,"Mr90y XCMRD New Laptop Battery for Dell Inspiron 14 (3421), 14R (5421), 14R (5437),15 (3521),15R (5521), 15R (5537), 17 (3721), 17 (3737), 17R (5721), 17R (5737),fit Dell Latitude 3440 3540",,4.2,971,,Good (4-4.5),0.32056237589320663,Mr90y,
B01D5Q631U,"Hdmi to Hdmi and Optical Spdif + RCA L/R Audio Converter Hdmi Audio Extractor Splitter De-embedder (Hdmi in, Hdmi + Digital/Analog Audio Out)",18.9,3.6,54,Budget (<$20),Average (3.5-4),0.26003072775498964,Hdmi,5.2354570637119116
B01D5Q9KP6,Lenovo ThinkPad T410 Laptop - Core i5 2.40ghz - 4GB DDR3 - 250GB HDD - DVD+CDRW - Windows 10 64bit - (Renewed),,4.0,46,,Average (3.5-4),0.30002608960329313,Lenovo,
B01D5RGZBC,"NewFantasia Replacement Upgrade Cable for Audio Technica ATH-M50x, ATH-M40x, ATH-M70x Headphones 3meters/9.9feet",17.5,4.3,1507,Budget (<$20),Good (4-4.5),0.33087313205687535,NewFantasia,4.060324825986079
B01D5YCS16,"ANVISION AC to DC 12V 2A Power Supply with On Off Swith Cable Plug 5.5 x 2.1mm for NVR DVR Security Camera, Efficiency Level VI",,4.0,22,,Average (3.5-4),0.3000121751482035,ANVISION,
B01D60DR9G,"New AC Power Adapter Kit/Charger for Canon EOS kiss8000D X8i Rebel T6i T6s 760D with DC Coupler Cable Kit, Replacement for ACK-E18, US Plug",,3.1,14,,Below Avg (3-3.5),0.2100075369965069,New,
B01D61P3EC,"Spinido Dual Bay USB 3.0 Hard Drive Docking Station with Offline Clone Function Hard Drive Reader for 2.5 Inch and 3.5 Inch HDD SSD SATA (2 x 6TB Support, Black) (2.5&3.5)",,4.1,265,,Good (4-4.5),0.3101530590059861,Spinido,
B01D62S492,TRLYC 6Ft*6Ft Purple Wedding Sequin Backdrop,24.99,3.9,74,Low ($20-50),Average (3.5-4),0.290042323134231,TRLYC,6.391304347826087
B01D62UYC2,"Atdec AC-AP-UTH Universal Tablet Holder for 7-Inch to 12-Inch Tablets,Black",68.31,4.3,23,Mid ($50-100),Good (4-4.5),0.33001275491716553,Atdec,15.849187935034804
B01D637T74,1.5m 4.5ft Replacement Audio Upgrade Cable for Bose Around-Ear AE2 AE2i AE2w Headphones by NEW NEOMUSICIA,13.0,4.5,265,Budget (<$20),Good (4-4.5),0.35015305900598614,1.5m,2.8824833702882486
B008I65NUA,Allstate 3-Year Portable Electronics Accidental Protection Plan ($400-449.99),,4.5,23,,Good (4-4.5),0.35001275491716555,Allstate,
B01D63UFY8,Spinido Support UASP SATA III USB 3.0/2.0 Aluminum External Tool-free Hard Disk Drive Enclosure & Mobile Device Optimized For 3.5 Inch HDD (Red),,4.1,44,,Good (4-4.5),0.31002493006536896,Spinido,
B01D63UFZ2,"Spinido Hard Disk Enclosure Support UASP SATA III USB 3.0/2.0 Aluminum External Tool-Free Box and Mobile Device Optimized for 2.5"" SSD and HDD - Silver",,3.9,45,,Average (3.5-4),0.290025509834331,Spinido,
B01D63UFZC,Spinido Aluminum Hard Disk Enclosure Support UASP SATA III USB 3.0/2.0 for 2.5 Inch SSD and HDD - Red,,3.7,34,,Average (3.5-4),0.27001913237574826,Spinido,
B01D66D9PM,"ANVISION 2-Pack Black Male to Female DC Power Inline Cable with On Off Switch 5.5x2.1mm, No Need Soldering",6.78,4.3,87,Budget (<$20),Good (4-4.5),0.3300498601307379,ANVISION,1.5730858468677495
B01D67LTIK,Gonine AC-PW20 ZV-E10 Continuous Power Supply A6400 NP-FW50 Dummy Battery ACPW20 AC Adapter Kit for Sony Alpha A6000 A5100 A6100 A6300 A6500 A7 A7II A7S A7SII RX10 II IV Cameras.,24.99,4.6,1913,Low ($20-50),Excellent (4.5-5),0.3611085182554752,Gonine,5.4208242950108465
B01D68GRCM,Vivotek Ib8369A 2Mp Outdoor Vandal-Resistant Network Bullet Camera,,4.4,15,,Good (4-4.5),0.34000811676546905,Vivotek,
B01D6B3830,"Gonine EH-5 Plus EP-5A Power AC Adapter Kit (Nikon EL-14/ EL-14a Battery Charger Replacement) for Nikon D3100,D3200,D3300,D5100,D5200,D5300,D5500,Df,P7000,P7100,P7700,D7800 Digital Cameras",31.99,4.7,367,Low ($20-50),Excellent (4.5-5),0.3702121954401172,Gonine,6.791932059447983
B01D6BRKY8,"Gonine for Nikon Z6 Z7 Dummy Battery EP-5B EN-EL15A EH-5 Power Adapter Supply, for 1V1 D7500 D7200 D7100 D7000 Z6II Z7II D850 D750 D500 D810a D810 D800e D800 Cameras.",31.99,4.5,275,Low ($20-50),Good (4-4.5),0.3501588566956068,Gonine,7.093126385809312
B01D6DMDE8,Nature Replacement Ear Pads Pad Cushions for JVC HA RX300 HA-RX300 Headphones,,4.2,39,,Good (4-4.5),0.32002203122055867,Nature,
B01D6DV5SI,"Keyboard Cover for 2018/2017 HP Flagship High Performance 11.6"" Touchscreen Chromebook, HP Chromebook 11 G2 / G3 / G4 / G5 11.6 Inch Chromebook(NOT Fit for Chromebook 11 G5 EE and Other Models(Purple)",,4.5,116,,Good (4-4.5),0.3500666734306379,Keyboard,
B01D6HTVNA,"Pioneer AVIC-5200NEX Navigation Receiver with Carplay, 6.2""",,3.9,60,,Average (3.5-4),0.29003420636876204,Pioneer,
B01D6IDJTQ,"Pioneer AVIC-7200NEX in Dash Double Din 7"" Touchscreen DVD Navigation Receiver",,3.9,75,,Average (3.5-4),0.29004290290319307,Pioneer,
B01D6IUNEU,Pioneer AVIC-8200NEX Navigation Receiver with Carplay/Android Auto,,4.1,217,,Good (4-4.5),0.31012523009580684,Pioneer,
B01D6OJWSM,i-unik AT&T Trek 2 HD Case (2016) Model #6461A 8 inch Tablet Support Sleep Awake Function Cover Case with Bonus Stylus (Blue),,4.0,31,,Average (3.5-4),0.3000173930688621,i-unik,
B01D73XMKG,JC Infrared Illuminator 6Leds High Power Wide Angle IR Illuminator for 850nm IP Camera CCTV Security Camera,26.99,4.0,98,Low ($20-50),Average (3.5-4),0.3000562375893207,JC,6.73067331670823
B01D7FGR2E,Headsets with Mic IPX5 Waterproof,,3.8,125,,Average (3.5-4),0.28007189135129645,Headsets,
B01D7H29II,"Digital Voice Recorder,Activated Sound Audio Recorder Dictaphone",,4.2,23,,Good (4-4.5),0.3200127549171656,Digital,
B01D80VGVA,"Rockville RVD10HD-BK 10.1"" Flip Down Monitor DVD Player, HDMI, USB, Games, LED",,4.0,454,,Average (3.5-4),0.3002626353398171,Rockville,
B01D81L1C8,Moto Onfire US Stock Vivid Black 6.5 inch Speaker Pods for 1983-2013 Harley Lower Vented Pre-Rushmore Fairings,129.0,3.7,32,Mid-High ($100-200),Average (3.5-4),0.27001797283782414,Moto,34.77088948787062
B01D824T8A,BXQINLENX 10 Pipe Aluminum Heat Exchanger Radiator for PC CPU CO2 Laser Water Cool System Computer 120mm(B),15.99,4.5,41,Budget (<$20),Good (4-4.5),0.35002319075848276,BXQINLENX,3.545454545454546
B01D82LADM,amFilm Galaxy Tab A 7.0 Screen Protector HD Clear for Samsung Galaxy Tab A 7.0 inch (2016)(2-Pack),,4.2,54,,Good (4-4.5),0.3200307277549897,amFilm,
B01D82XXGO,"UGREEN 6.35mm 1/4 Male to 3.5mm 1/8 Female Stereo Headphone Adapter Audio Jack Plug Gold Plated for Speaker Headphone Guitar Digital Piano Amp, 2 Pack",9.99,4.7,14767,Budget (<$20),Excellent (4.5-5),0.37856086849390524,UGREEN,2.121019108280255
B01D830T42,"Jusney Screen Protector for iPad Air 9.7 inch, Tempered-Glass Film iPad Air 1, iPad Air 2, 6th/5th Gen,2017/2018,iPad Pro 9.7-Inch (2 Packs)",8.99,4.6,799,Budget (<$20),Excellent (4.5-5),0.36046265563173074,Jusney,1.9501084598698484
B01D83B2G6,FICBOX 10 Pack Dual-axis XY Joystick Module For Arduino Joystick Module,,2.8,9,,Poor (<3),0.18000463815169654,FICBOX,
B01D83IIUY,"LOVPHONE 15.6 Inch Laptop Sleeve, Water-Resistant Notebook Computer Case Cover for MacBook Air/Pro/Lenovo/ASUS/Samsung/Acer/HP and All 15 Inch Notebooks,Slim-fit Neoprene Briefcase(Black)",,4.4,162,,Good (4-4.5),0.3400933428028931,LOVPHONE,
B01D84AZWC,BXQINLENX 18 Pipe Aluminum Heat Exchanger Radiator for PC CPU CO2 Laser Water Cool System Computer 240mm(B),29.99,3.6,18,Low ($20-50),Average (3.5-4),0.26000985607235516,BXQINLENX,8.307479224376731
B01D86D2QQ,2Pcs Black Replacement Cord for Fitbit One Band Bracelet(12cm),,4.2,330,,Good (4-4.5),0.32019074398852065,2Pcs,
B01D86IKIQ,Mcbazel Surecom SW-102 Digital VHF/UHF 125-525Mhz Antenna Power & SWR Meter,57.99,4.6,1202,Mid ($50-100),Excellent (4.5-5),0.36069630252344437,Mcbazel,12.579175704989156
B01D89JEDI,Revesun HDMI 2x1 Multi-Viewer with PIP (2 Input 1 Output) Quad Switcher 1080p HDMI 1.3a HDCP 1.2,,3.7,41,,Average (3.5-4),0.27002319075848275,Revesun,
B01D8ALSKO,ISELECTOR Surge Protector 4320J 5-Outlet Individual Switch Power Strip with 3.4A 2-Port USB Charging Station,,3.4,57,,Below Avg (3-3.5),0.24003246706187584,ISELECTOR,
B01D8BE652,"BXQINLENX 3/8"" X 1/2"" (9.5X12.7mm) Water Cooling Tubing Hose for PC CPU CO2 Laser Computer Water Cooling System 3.3FT (1M)(Clear)",5.99,4.3,198,Budget (<$20),Good (4-4.5),0.3301142144855275,BXQINLENX,1.3897911832946637
B01D8CDHRO,ST Series USB Cable for Video Wall Switch Professor,,4.1,46,,Good (4-4.5),0.3100260896032931,ST,
B01D8ESEQG,"Fintie Universal 6-8 Inch Tablet Zipper Sleeve, Premium PU Leather Travel Carry Case for Fire HD 8 (6th 7th Gen), Fire (5th 7th Gen), Fire Kids Edition, Kindle, Kindle Oasis, iPad Mini, Don't Touch",,4.2,179,,Good (4-4.5),0.3201031988752483,Fintie,
B01D8FP89G,Fontic Gimbal Guard for DJI Phantom 3 PRO & Advanced,,4.3,10,,Good (4-4.5),0.3300052179206586,Fontic,
B01D8H6Y1U,"Wavlink 600Mbps Dual Band USB WiFi Dongle & Wireless Network Adapter for Laptop/Desktop Computer - Backward Compatible with 802.11 a/b/g/n Products (2.4 GHz 150Mbps, 5GHz 433Mbps)",,3.6,83,,Average (3.5-4),0.26004754105488964,Wavlink,
B01D8KAUI0,"Mr.Shield Designed For LG G Pad II 8.0 / G Pad F 8.0 8"" Inch (V495/V496/V498) [Tempered Glass] Screen Protector [0.3mm Ultra Thin 9H Hardness 2.5D Round Edge] with Lifetime Replacement",8.95,4.4,58,Budget (<$20),Good (4-4.5),0.340033046830838,Mr.Shield,2.0294784580498866
B01D8O53L0,"Mag Daddy Magnetic Cable Tie Mount, Large (Pack of 10, Black)",27.69,4.4,66,Low ($20-50),Good (4-4.5),0.34003768498253456,Mag,6.278911564625851
B01D8RWMGQ,Sony PSHX500 Hi Res USB Turntable (Black),,4.3,139,,Good (4-4.5),0.33008000811676547,Sony,
B01D8VNE0K,"Fotasy 30cm (11.8 Inch ) Carbon Fiber 15mm Rods for 15mm Rail Rod Support Systems, fits 15mm Mattebox, Follow Focus Shoulder Pads Rod Monitor Mount Rod Clamp Base ( 2 Pcs)",16.95,4.5,276,Budget (<$20),Good (4-4.5),0.35015943646456893,Fotasy,3.7583148558758315
B01D8VNK5E,Fotasy W10 10-Inch Arri-Style Whip for Standard Follow Focus with Premier Cleaning Cloth (Black),,3.8,30,,Average (3.5-4),0.28001681329989997,Fotasy,
B01D8Y43I4,SoundXtreme ST-915 in-Dash Digital Media Receiver with Bluetooth and FM/USB/AUX/SD,20.99,3.3,32,Low ($20-50),Below Avg (3-3.5),0.2300179728378241,SoundXtreme,6.341389728096677
B01D90T9HM,"Apple 9.7-Inch iPad Pro Wi-Fi, 9.7"" Tablet, 256 GB, Rose Gold (MM1A2LL/A)",,4.5,73,,Good (4-4.5),0.350041743365269,Apple,
B01D916RNK,GeauxRobot Raspberry Pi 4 Model B 7-Layer Dog Bone Stack Clear Case Box Enclosure Also for Pi 3B+ 3B 2B B+ A+ B A …,,4.0,25,,Average (3.5-4),0.3000139144550897,GeauxRobot,
B01D92NYTE,"HeroFiber Canon EF 75-300mm f/4-5.6 III Telephoto Zoom Lens + 3pc Filter Kit (UV,FL-D,CPL) + 8pc Bundle Accessory Kit w Cleaning Cloth for Canon SLR Cameras",,4.2,20,,Good (4-4.5),0.3200110156102794,HeroFiber,
B01D92SJNA,Samsung UN55K6250 Curved 55-Inch 1080p Smart LED TV (2016 Model),,4.4,191,,Good (4-4.5),0.3401101561027931,Samsung,
B01D936U8A,SAMSUNG Straight Talk Galaxy S7 Platinum Gold 32GB Runs on Verizon's 4G XLTE Via Straight Talk's $45.00 5GB Unlimited Talk & Text Service Card Not Included,,4.0,93,,Average (3.5-4),0.30005333874451035,SAMSUNG,
B01D93V0DU,Samsung Built-in WiFi Smart Blu-Ray Player (Renewed),,3.8,14,,Average (3.5-4),0.2800075369965069,Samsung,
B01D93Z89W,"Canon EOS Rebel T7 DSLR Camera Bundle w/ Canon EF-S 18-55mm f/3.5-5.6 is II Lens + 2pc SanDisk 64GB Memory Cards, Wide Angle Lens, Telephoto Lens, 3pc Filter Kit + Accessory Kit",539.0,4.7,2636,Premium (>$500),Excellent (4.5-5),0.37152769121505086,Canon,114.43736730360935
B01D94EUBS,TiVo Bridge MoCa 2.0 Adapter,,3.8,219,,Average (3.5-4),0.28012638963373093,TiVo,
B01D96RRGG,"Viotek 32 inch LED Curved Computer Monitor with Speakers -1920x1080 Full HD, VGA DVI and HDMI, Model NA32C",,3.6,93,,Average (3.5-4),0.2600533387445103,Viotek,
B01D98GEKE,"BOSS Audio Systems MCBK650B Speaker Amplifier Sound System, Bluetooth Remote Control, Weatherproof, 4 4 Inch Black Speakers, Compact Amplifier, Ideal for Motorcycles ATV and 12 Volt Applications",,3.4,32,,Below Avg (3-3.5),0.2400179728378241,BOSS,
B01D9B2JBY,"USA Gear Electronics Travel Organizer Tech Bag Case Custom Accessory Storage Compartments, Adjustable Shoulder Strap & Padded Interior – Works w/Tablets, Travel Projectors & More",39.99,4.0,52,Low ($20-50),Average (3.5-4),0.30002956821706556,USA,9.972568578553616
B01D9FO6BG,SCOSCHE Micro USB Data Cable for Universal/Smartphones - Retail Packaging - Blue,19.99,4.0,68,Budget (<$20),Average (3.5-4),0.30003884452045865,SCOSCHE,4.985037406483791
B01D9IZGXK,"TAUPO 9-Cell Laptop Battery for HP 620, Probook 4525S 4320s 4420s 4320t 4321 4321s 4325s 4520 4520s 4425s 4326s 4421S, Compaq 320 321 325 326 420 421, fits PH06 PH09 593572-001 593573-001 HSTNN-CB1A",,4.0,36,,Average (3.5-4),0.30002029191367247,TAUPO,
B01D9J8KQE,LANMU Micro SD to Micro SD Card Extension Cable Adapter Extender Compatible with Ender 3 Pro/Ender 3/Ender 3 V2/Ender 5/Anet A8 3D Printer/SanDisk MicroSDHC/Raspberry Pi/GPS/TV (18.9in/48cm),,4.4,439,,Good (4-4.5),0.3402539388053861,LANMU,
B01D9JIQR2,"HiLDA Screen Protector for iPad Mini,Tempered Glass,for Apple iPad Mini 1/2/3,9H Hardness,2.5D Edge,Ultra Clear,Anti-Scratch,Case Friendly-Siania Retail Package",,3.3,34,,Below Avg (3-3.5),0.23001913237574825,HiLDA,
B01D9KAWYG,"HiLDA Screen Protector for iPad Mini 4,Tempered Glass,9H Hardness,2.5D Edge,Ultra Clear Transparency,Anti-Scratches,Case Friendly",,3.4,33,,Below Avg (3-3.5),0.24001855260678617,HiLDA,
B01D9KISHY,Hilitchi 16ft/5m 10 Wire Rainbow Color Flat Ribbon IDC Wire Cable,7.99,4.3,130,Budget (<$20),Good (4-4.5),0.33007479019610686,Hilitchi,1.8538283062645013
B01D9LVD0M,"Sony Television Wall Mount, Black (SUWL810)",99.0,4.2,91,Mid ($50-100),Good (4-4.5),0.32005217920658624,Sony,23.51543942992874
B01D9MFL9A,Onkyo TX-NR757 7.2-Channel Network A/V Receiver,,4.0,107,,Average (3.5-4),0.3000614555099793,Onkyo,
B01D9MFLKE,"TP-Link Portable Bluetooth Speaker with HD Sound, 66ft Wireless Range, 40mm Large Sound Driver with Extra Bass, Mini Speaker with Adjustable Holder,Great for Indoor & Outdoor",49.99,4.0,48,Low ($20-50),Average (3.5-4),0.30002724914121726,TP-Link,12.46633416458853
B01D9MPCUI,ViewHD HDMI Audio Extractor with 5.1CH Decoder + Audio EDID Setting + TOSLINK + 5.1CH RCA Analog + 3.5mm Headphone Outputs | VHD-H2HADi,,3.4,14,,Below Avg (3-3.5),0.24000753699650687,ViewHD,
B01D9NM8U4,LaCie XtremKey 32GB USB 3.0 Flash Drive 9000300,,3.8,82,,Average (3.5-4),0.28004696128592754,LaCie,
B01D9R1AEK,"Bukm 10-Outlet Surge Protector Power Strip (110-250V Worldwide Voltage) 4-Port Universal USB Family Charging Station w/Surge & Overload Protection for iPhone, iPad, Android Devices, Samsung, and More",,3.6,53,,Average (3.5-4),0.2600301479860276,Bukm,
B01D9TUL8Y,"EBL Smart Rapid Battery Charger for Rechargeable 3.7V Li-ion IMR Batteries 26650 18650 17500 14500 16340(RCR123), Ni-MH/Ni-Cd AA AAA C Batteries (Batteries Not Included)",13.99,4.5,3497,Budget (<$20),Good (4-4.5),0.3520268722913919,EBL,3.1019955654101996
B01D9VNXEQ,FICBOX® 16 Channel 12-bit PWM/Servo Driver-I2C Interface-PCA9685 for Raspberry Pi Shield Module Servo Shield,,4.6,45,,Excellent (4.5-5),0.360025509834331,FICBOX®,
B01D9W6X9C,"LANMU 3.5mm Audio Cable Aux Cord Compatible with Skullcandy Crusher, Hesh 3, Hesh 2, Hesh, Venue, Grind Headphones,Male to Male Headphone Wire Stereo Cable with Mic & Volume-4.6ft",7.99,4.2,1974,Budget (<$20),Good (4-4.5),0.32114388416216144,LANMU,1.8978622327790975
B01D9XMXFO,OldShark 2 Pack Blind Spot Mirror Adjustable Stick-On Exterior Side Mirror for All Cars Motorcycles Trucks,,3.5,43,,Below Avg (3-3.5),0.2500243502964069,OldShark,
B01D9Y0WBK,"iPad Pro 9.7 Case, ROARTZ Purple Slim Fit Smart Rubber Coated Folio Case Hard Shell Cover Light-Weight Auto Wake/Sleep for Apple iPad Pro 9.7-inch Model A1673/A1674/A1675 Retina",,4.0,15,,Average (3.5-4),0.300008116765469,iPad,
B01DA1D0LG,"iCoverCase for Samsung Galaxy Tab S2 9.7 T815/T810 Case Clear, Lightweight Matte Translucent TPU Case Clear Back Cover Case for Samsung Galaxy Tab S2 9.7 T815/T810 -Clear",,3.5,34,,Below Avg (3-3.5),0.25001913237574824,iCoverCase,
B01DA3DJ5Q,Lowepro Toploader Pro 75 AW II Camera Case – Top Loading Case For Your DSLR Camera and Lens,86.74,4.3,457,Mid ($50-100),Good (4-4.5),0.33026437464670333,Lowepro,20.125290023201856
B01DA3NE38,FANVERIM 3.5mm Jack Plug Cool Throat Mic Microphone Covert Acoustic Tube Earpiece Headset with Finger PTT Compatible with Mobile Phone Vocal Hands-Free in-Ear Headset/Headphones/Earphones Black,15.99,3.1,114,Budget (<$20),Below Avg (3-3.5),0.21006551389271377,FANVERIM,5.141479099678457
B01DA3OFZE,GDSTIME 25mm x 25mm x 7mm 2507 5V DC Brushless Cooling Fan,8.99,3.6,19,Budget (<$20),Average (3.5-4),0.2600104358413172,GDSTIME,2.490304709141274
B01DA5QYWE,"JBL Under Armour Wireless Headphones, One Size, Black",,3.8,143,,Average (3.5-4),0.2800823271926137,JBL,
B01DA86XV8,TORRO Premium Italian Leather case with Suede Interior for The Apple iPad Pro (9.7 inch Screen Version),,3.8,85,,Average (3.5-4),0.2800487005928137,TORRO,
B01DACCLC4,Limeink Remanufactured Ink Cartridge 63XL 63 XL High Yield for Envy 4512 4520 Deskjet 3632 2130 2132 1110 1111 3636 3637 1112 3630 3633 3634 OfficeJet 3830 3833 4650 4652 4655 Printer Black and Color,,3.8,155,,Average (3.5-4),0.2800892844201585,Limeink,
B01DADQ27I,AGKupel 4-Port USB 3.0 Hub,,3.8,42,,Average (3.5-4),0.28002377052744476,AGKupel,
B01DAF69ZQ,Maroo - Folio Case for Microsoft Surface Pro 3/Pro 4 Premium Leather - Grey/White,58.39,4.3,56,Mid ($50-100),Good (4-4.5),0.3300318872929138,Maroo,13.54756380510441
B01DAFQX1G,"My Cable Mart Coax/F-Type Right Angle Adapter HIGH Speed 2.5Ghz, Nickel Plated (RG6/RG59)",6.42,4.5,21,Budget (<$20),Good (4-4.5),0.3500115953792414,My,1.4235033259423504
B01DAPVE6K,Sylvania SDVD7029 7in Portable DVD Player-Swivel Screen (Renewed),,3.8,163,,Average (3.5-4),0.2800939225718551,Sylvania,
B01DAVKX7U,"Canon EOS Rebel T6 DSLR Camera Kit, EFS 18-55mm, EF 75-300mm Zoom Lens, Three 32GB U3 Extreme Performance Memory Cards, Two Filter Kits, Camera Bag, Memory Reader & Accessory Bundle",,4.7,896,,Excellent (4.5-5),0.37051889322105147,Canon,
B01DAVNNSG,"Wonnoo Tech Raspberry Pi 3 Starter Accessories Kit- Power Supply, Protecting Case & Heat Sinks Kit for Raspberry Pi 3",,3.5,32,,Below Avg (3-3.5),0.2500179728378241,Wonnoo,
B01DAW21UG,"Bluetooth 4.0 USB Adapter (3 Pack), Costech Gold Plated Micro Dongle 33ft/10m Compatible with Windows 10,8.1/8,7,Vista, XP, 32/64 Bit for Desktop , Laptop, computers",,3.6,26,,Average (3.5-4),0.2600144942240517,Bluetooth,
B01DAWW9C6,"HP 455 G3 W4E07UT#ABA 15.6-Inch Laptop ProBook 1.80 GHz AMD A10-Series,A10-8700P 16 GB RAM,1 TB Hard Drive, Windows 10",555.0,3.9,50,Premium (>$500),Average (3.5-4),0.29002840867914137,HP,141.94373401534529
B01DAWZ4GY,LB1 High Performance Electronics Tweezer Set with Precision Extra Fine Blunt and Grooved Tips,,4.5,19,,Good (4-4.5),0.35001043584131725,LB1,
B01DAXLVR4,"Logitech Multimedia Speaker Z50 for Smartphone, Tablet and Laptop, Grey (Certified Refurbished)",,3.6,50,,Average (3.5-4),0.2600284086791414,Logitech,
B01DAYHMAS,Samsung Evo Plus 32GB MicroSD HC Class 10 UHS-1 Mobile Memory Card for Samsung Galaxy S7 & S7 Edge with USB 2.0 MemoryMarket Dual Slot MicroSD & SD Memory Card Reader,,4.5,146,,Good (4-4.5),0.35008406649949997,Samsung,
B01DAYHNAM,Samsung Evo Plus 32GB MicroSD HC Class 10 UHS-1 Mobile Memory Card for Samsung Galaxy J3 J1 Nxt Ace A9 A7 A5 A3 Tab A 7.0 E 8.0 View On7 On5 Z3 with SD Memory Card Reader,21.99,4.4,192,Low ($20-50),Good (4-4.5),0.34011073587175517,Samsung,4.986394557823129
B01DAYHO0G,SanDisk Ultra 64GB MicroSD XC Class 10 UHS-1 Mobile Memory Card for Samsung Evo 64GB MicroSD XC Class 10 UHS-1 Mobile Memory Card for Samsung Galaxy S7 & S7 Edge with USB 2.0 & SD Memory Card ReaderSamsung Galaxy S7 & S7 Edge with USB 2.0 & SD Memory Card Reader,,4.2,52,,Good (4-4.5),0.3200295682170656,SanDisk,
B01DAYR3ZM,"HumanCentric VESA Mount Adapter for Dell SE2416HX, SE2717HX, SE2717H, S2216M, S2216H, SE2716H, SE2216H, S2817Q, SE2417HG, S2316M, S2316H, SE2416H, SE2717HR, and More [Patented]",,4.2,409,,Good (4-4.5),0.32023654573652405,HumanCentric,
B01DAYSAZO,"HumanCentric VESA Mount Adapter Bracket for Samsung Monitors S24E390HL, S27E390H, U28E590D, U28E510D, and UE510",,4.0,89,,Average (3.5-4),0.3000510196686621,HumanCentric,
B01DB0MG2K,SANYO - Remote Control NC300UH,14.99,4.6,101,Budget (<$20),Excellent (4.5-5),0.36005797689620683,SANYO,3.2516268980477228
B01DB1FA54,"Cyberguys 3 inch Apple MFi Certified Lightning 8 Pin to USB Charge and Sync Cable for iPhone X, 8 Plus/8, 7 Plus/7, SE, 6s Plus/6s/6 Plus/6, 5s/5c/5, iPad Mini/Air/Pro, iPod Touch,",,3.9,18,,Average (3.5-4),0.29000985607235513,Cyberguys,
B01DB91P46,"Security-01 AC 100-240V to DC 12V 1A 12W Power Supply Adapter Barrel Plug 5.5mm x 2.1mm for IP Camera IPC, UL Listed FCC",9.99,4.4,591,Budget (<$20),Good (4-4.5),0.34034206368762054,Security-01,2.2653061224489797
B01DBAEWDG,2pack AC 100-240V to DC 12V 1A 12W Power Supply Adapter Barrel Plug 5.5mm x 2.1mm UL Listed FCC,17.99,4.5,283,Budget (<$20),Good (4-4.5),0.35016349484730336,2pack,3.988913525498891
B01DBB0R34,2pack AC to DC 5V 2A Power Supply Adapter Barrel Plug 5.5mm x 2.1mm UL Listed FCC,13.99,4.2,51,Budget (<$20),Good (4-4.5),0.3200289884481035,2pack,3.323040380047506
B01DBBUAEK,"CERRXIAN USB 3.0 Adapter Combo (1 Pair),Vertical Up Angle and Down Angle Adapter USB 3.0 Male to Female 90 Degrees dapter Coupler Connector (Black)",,3.8,8,,Average (3.5-4),0.28000405838273446,CERRXIAN,
B01DBH0VDE,EN-31201A Replaced Remote fit for Hisense TV LTDN42V77US LTDN46V86US LTDN46K20US LTD24V86US LTDN46K20US LTDN42V77US LTDN24K16US LTDN39V78US LTDN42K26US F46V89C F55V89C,7.1,4.0,23,Budget (<$20),Average (3.5-4),0.30001275491716556,EN-31201A,1.770573566084788
B01DBHFSY6,"HP Envy 34 inch All-in-One Curved Desktop PC, Intel Core i7, 2TB HDD, 128GB SSD, 16GB RAM, 2 GB Graphics, Intel Realsense Camea, Windows 10, Curved, All in One Computer",,3.4,20,,Below Avg (3-3.5),0.2400110156102793,HP,
B01DBHG7L4,"M2cpower Canon LP-E6 Replacement Battery 2600 mAh for Canon EOS 6D, 7D, 70D, 60D, 5D Mark III & Mark II Digital SLR and DSLR Cannon Cameras BG-E14, BG-E13, BG-E11, BG-E9, BG-E7, BG-E6 Grips",,3.8,21,,Average (3.5-4),0.28001159537924136,M2cpower,
B01DBM07MY,"Tripod for Webcam, Logitech Webcam Tripod for Logitech Webcam C922x C922 C930e C930 C920 C615-Silver",17.9,4.3,229,Budget (<$20),Good (4-4.5),0.33013218732335164,Tripod,4.153132250580047
B01DBN4WQA,"Fintie SlimShell Keyboard Case for iPad Mini 1/2 / 3 - Lightweight Cover with Magnetically Detachable Wireless Bluetooth Keyboard, Love Tree",,3.9,72,,Average (3.5-4),0.29004116359630683,Fintie,
B01DBNASKY,"Webcam Tripod Compatible with Logitech Webcam C920s StreamCam Brio C922 C930 C925e C615, 63 inches Aluminum Tripod Stand, Black",19.99,3.8,157,Budget (<$20),Average (3.5-4),0.2800904439580827,Webcam,5.246719160104987
B01DBNBZ2E,ACOMPATIBLE Replacement Keyboard for Lenovo Thinkpad T540 T540p L540 W540 W541 T550 W550 W550s Laptop No Backlight (6 Fixing Screws),,3.6,36,,Average (3.5-4),0.26002029191367243,ACOMPATIBLE,
B01DBOURWW,CFZC 16 GB Multi-Functional MP3 Player / MP4 Player with 1.8 Inch Screen /FM/e-book/Voice recorder/Alarm clock/Calendar 70 HOURS Continuous Playback(gold),,3.8,9,,Average (3.5-4),0.2800046381516965,CFZC,
B01DBOXP4E,"iPad Mini Case, iPad Mini 2 Case,iPad Mini 3 Case,TOPSKY [Robot Series] High Impact Defender Shockproof Case For iPad Mini/ iPad Mini 2/ iPad Mini 3, Navy Blue/Lemony Yellow",,4.3,145,,Good (4-4.5),0.3300834867305379,iPad,
B01DBQM160,"DHMXDC 22mm Width Stainless Steel Strap Metal Band for Motorola Moto 360 2nd Smartwatch and Lg Asus, Urbane, Pebble, Samsung Gear 2 Neo (Modern/Silver)",,3.4,12,,Below Avg (3-3.5),0.24000637745858275,DHMXDC,
B01DBQP7OS,"DROK Waterproof Voltage Regulator, 9-35V to 5V 5A DC to DC Buck Converter, 12V/24V to 5V Step Down Voltage Transformer, High Efficiency Automotive Power Converter Car for Motorcycle Auto LED",,4.1,34,,Good (4-4.5),0.31001913237574824,DROK,
B01DBR4N7E,Crazepony H210 Carbon Fiber FPV Race Quadcopter Frame Like QAV210 QAV250 etc (ZMR220-RX H210 H220 Fram),,3.5,40,,Below Avg (3-3.5),0.25002261098952067,Crazepony,
B01DBRPWXI,kwmobile TPU Silicone Case Compatible with Samsung Galaxy Tab S2 8.0 - Case Soft Flexible Protective Cover - Bicolor Dark Pink/Blue/Transparent,,3.9,197,,Average (3.5-4),0.2901136347165654,kwmobile,
B01DBT9U5M,"StilGut Genuine Leather Pencil Holder Compatible with Apple Pencil & iPad 2018/iPad Pro 9,7""/iPad Pro 10.5"" Sleeve Case, Black",,4.2,91,,Good (4-4.5),0.32005217920658624,StilGut,
B01DBTA1GE,"StilGut Genuine Leather Pencil Holder Compatible with Apple Pencil & iPad 2018/iPad Pro 9,7""/iPad Pro 10.5"" Sleeve Case, Cognac Brown",,4.0,432,,Average (3.5-4),0.3002498804226516,StilGut,
B01DBTFX4O,"CAMVATE Thread Adapter 1/4""-20 Female to 3/8""-16 Male & 3/8""-16 Female to 1/4""-20 Male - 1244",5.94,4.3,101,Budget (<$20),Good (4-4.5),0.33005797689620686,CAMVATE,1.378190255220418
B01DBUJH6S,"M2cpower High Capacity Replacement Battery for Polaroid Instant Digital Camera Z2300, Z230E (Z230, POGO Camera, CZA- 05300)",,3.9,15,,Average (3.5-4),0.29000811676546895,M2cpower,
B01DBZJ77W,dreamGEAR BOOMCHATTM Audio Cable with Microphone Black/Silver,,3.1,188,,Below Avg (3-3.5),0.21010841679590686,dreamGEAR,
B01DBZKQOK,"[Apple MFi Certified] Sundix 3Pack 6FT Extended Extra-long Lightning to USB Cable 8 pin to USB Sync Cable & Charger, Compatible with iPhone 6/6 Plus, 6s/6s Plus, iPad & iPod Models(White)",,3.5,35,,Below Avg (3-3.5),0.25001971214471036,[Apple,
B01DC0ATFK,"CAMVATE 1/4"" Connecting Adapter Hook + Fasten Adapter 1/4"" Screw for Handle Hand Grip - 1255",5.39,4.2,34,Budget (<$20),Good (4-4.5),0.3200191323757483,CAMVATE,1.2802850356294537
B01DC17OSO,Amgate 100pcs 5.9 Inches Stainless Steel Cable Zip Ties Exhaust Wrap Coated Locking,,4.6,471,,Excellent (4.5-5),0.3602724914121722,Amgate,
B01DC6NHSA,"Uiisii HM7 in-Ear Metal Earbuds Headphones Wired Heavy Bass Earphones with Microphone for iPhone, iPod, iPad, MP3 Players, Samsung Galaxy, Nexus, BlackBerry etc (Pink)",,4.2,106,,Good (4-4.5),0.32006087574101727,Uiisii,
B01DC6WC4K,"August PCR450 - Air Mouse Multimedia Remote Control for Android TV Box and Pc, iOS, Radio Frequency Remote Control via USB",,3.7,109,,Average (3.5-4),0.2700626150479034,August,
B01DC8N49U,"OnlineEEI, Premier Pipe and Drape Backdrop or Room Divider Kit, 8ft x 20ft, Gray",459.0,4.6,294,High ($200-500),Excellent (4.5-5),0.3601698723058861,"OnlineEEI,",99.56616052060738
B01DC91P0O,"HARFING Full Motion Articulating TV Wall Mount Bracket for Most 26-55 inch LED LCD OLED Plasma Flat Screen TVs w/VESA Patterns up to 400 x 400mm 18"" Extension-HF1KT",,4.2,175,,Good (4-4.5),0.3201008797994,HARFING,
B01DCEU9C4,Yaesu FTM-3200DR 2 Meter VHF C4FM Digital / FM Analog Mobile Transceiver 65 Watts,,4.6,34,,Excellent (4.5-5),0.36001913237574823,Yaesu,
B01DCFVPYY,Garmin vívoactive HR Charging Clip,29.95,4.6,447,Low ($20-50),Excellent (4.5-5),0.3602585769570826,Garmin,6.496746203904556
B01DCFVQ34,Garmin vívoactive HR Band - Black,35.7,4.5,637,Low ($20-50),Good (4-4.5),0.35036873305987565,Garmin,7.915742793791575
B01DCKFYW8,Glide Gear GG33 Video Camera Tripod Ball Head,,4.5,7,,Good (4-4.5),0.35000347861377246,Glide,
B01DCL2IFI,"Hosa Power Distribution Cord, 6 X NEMA 5-15R to NEMA 5-15P, 14 AWG x 3 OFC, 30 ft",79.99,4.9,30,Mid ($50-100),Excellent (4.5-5),0.39001681329990007,Hosa,16.291242362525455
B01DCN7BXK,"Phanteks 8 to 8 (6+2) Pin VGA Premium Sleeved Extension Cable 19.68"" Length, White(PH-CB8V_WT)",9.89,4.6,143,Budget (<$20),Excellent (4.5-5),0.36008232719261374,Phanteks,2.14533622559653
B01DCN7RC0,"Phanteks CPU Cooler with 5 x 8mm Dual Heat-pipes, 140mm Premium Fans and PWM Adaptor, Patented P.A.T.S Coating, PH-TC14PE_BK (Black)",,4.2,248,,Good (4-4.5),0.320143202933631,Phanteks,
B01DCN85GM,Phanteks 4 Pin PWM- Y Splitter Fan Cable (PH-CB-Y4P),,4.6,301,,Excellent (4.5-5),0.3601739306886206,Phanteks,
B01DCN87M4,Phanteks 3.5-Inch HDD Bracket Specified Enthoo Series Case PH-HDDKT_01,,4.5,345,,Good (4-4.5),0.35019944052295165,Phanteks,
B01DCPGDHI,"Dell Inspiron 5000 Series Laptop - i5559-3349SLV (15.6” HD, Intel Core i5-6200U 2.30GHz, 8GB RAM, 128GB SSD, DVD-RW, Windows 10 Home 64)",,3.7,19,,Average (3.5-4),0.27001043584131723,Dell,
B01DCRJ5UI,"i-unik Samsung Galaxy Tab E 7.0"" LITE Tablet (SM-T113) Slim Folio Standing Cover Case [Bonus Stylus] (Black)",,4.2,56,,Good (4-4.5),0.3200318872929138,i-unik,
B01DD1IV5I,"Atickbase All In 1 Docking Station for 2.5""/3.5"" HDD Sata/ide Hard Disk box USB2.0 Card Reader External Storage Enclosure for Computer (US Plug)",,3.0,25,,Poor (<3),0.20001391445508965,Atickbase,
B01DD28418,"Rii I8 Mini 2.4Ghz Wireless Touchpad Keyboard with Mouse for Pc, Pad, Xbox 360, Ps3, Google Android Tv Box, Htpc, Iptv (Black)",,4.1,33,,Good (4-4.5),0.3100185526067862,Rii,
B01DD2NN3W,DJI Phantom 4 Neutral Density ND8 Filter(for Phantom 4 only ! Doesn't fit Phantom 4 Pro/Adv),27.99,4.0,30,Low ($20-50),Average (3.5-4),0.30001681329990004,DJI,6.980049875311721
B01DD3SNYA,"DJI Phantom 4 Neutral Density ND16 Filter, Grey (For Phantom 4 Only - Doesn't Fit Phantom 4 Pro)",25.0,3.6,21,Low ($20-50),Average (3.5-4),0.2600115953792414,DJI,6.9252077562326875
B01DD99H9Y,Fitbit Blaze Charging Cable,,4.6,318,,Excellent (4.5-5),0.36018378676097573,Fitbit,
B01DDA7WXQ,"Samsung Galaxy TabPro S Screen Protector, JOTO Galaxy TabPro S 2-in-1 Tablet Tempered Glass Screen Film Guard, 0.33 mm Rounded Edge Real Glass Screen Protector Shield for TabPro S 12 Inch (1 Pack)",,3.9,28,,Average (3.5-4),0.29001565376197586,Samsung,
B01DDACL0K,"KOOTION 3 Pack 32 GB USB 2.0 Flash Drive 32GB Thumb Drive Memory Stick Jump Drive Pen Drive, Red",,4.4,182,,Good (4-4.5),0.3401049381821345,KOOTION,
B01DDCAKCO,LR Generic Remote Control Fit For STR-DN1000 STR-DA2400ES STR-DG820 STR-K900 For SONY Surround Sound A/V AV Receiver,,3.7,42,,Average (3.5-4),0.2700237705274448,LR,
B01DDCWTMS,"SENHAI Tripod Ballhead 360°Single Handle Hydraulic Damping Three-Dimensional Aluminum Ball Head + Quick Release Plate for Tripod Monopod,Cameras,Brackets,Light Stands,Max Load to 12kg",,3.5,33,,Below Avg (3-3.5),0.2500185526067862,SENHAI,
B01DDD3Z5W,BXQINLENX 10 Pipe Aluminum Heat Exchanger Radiator for PC CPU CO2 Laser Water Cool System Computer 80mm,11.98,4.4,71,Budget (<$20),Good (4-4.5),0.34004058382734487,BXQINLENX,2.7165532879818595
B01DDDOEMA,"iPad Mini Case, iPad Mini 3 Case, iTrendz Hybrid Series - [Shockproof][Drop Protection][Heavy Duty] Rugged Three-Layer Defender Case Cover With Stand For iPad Mini 1/2/3 (Retina Display) ,Navy Green",,4.2,6,,Good (4-4.5),0.3200028988448104,iPad,
B01DDE2W5A,"Fancy Buying Notebook Laptop Battery for Dell 3420 3520 13r 14r 15r 17r N3010 N3110 N4010 N4050 N4110 N5110 N5010 N5030 N5040 N5050 M5110 M5010 M4110 M501,P/N J1knd 4t7jn",19.88,3.9,25,Budget (<$20),Average (3.5-4),0.2900139144550896,Fancy,5.084398976982097
B01DDE4G9U,"Adjustable Motherboard Backplate, CPU Heatsink Mounting Base, Radiator Holder Backplate for Intel LGA 775 1150 1155 1156 1200 1366 1700",8.99,4.5,176,Budget (<$20),Good (4-4.5),0.35010145956836203,Adjustable,1.9933481152993349
B01DDFH8BC,Foto4easy Professional Vintage TV Movie Film Clap Board Slate Cut Prop Director Clapper,9.47,4.4,83,Budget (<$20),Good (4-4.5),0.3400475410548897,Foto4easy,2.1473922902494333
B01DDFNTG0,"Hosa BNP-116 Black 1/4"" TS to Dual Banana Speaker Adaptor, 6 Inch",15.77,4.2,79,Budget (<$20),Good (4-4.5),0.3200452219790414,Hosa,3.7458432304038003
B01DDFZ5JY,RF design SMA Male Plug to RP-SMA Female 2 Pieces RF coaxial Coax Adapter Coupling Nut Connector Golden,4.99,4.4,87,Budget (<$20),Good (4-4.5),0.34004986013073796,RF,1.1315192743764173
B01DDG89XC,"iPod Touch 4th Generation Case,Lantier 3 Layers Verge Hybrid Soft Silicone Hard Plastic TUFF Triple Impact Shockproof Quakeproof Defender Drop Resistance Protective Case Cover Wave Cheveron Owl Purple",,3.8,101,,Average (3.5-4),0.2800579768962068,iPod,
B01DDHUTFM,Allytech 10 PCS JST-XH 2S Battery Wire Balance Extension 20CM for Li-Po Batteries,,4.0,42,,Average (3.5-4),0.30002377052744483,Allytech,
B01DDJ175G,"AT&T CLP99006 Accessory Cordless Handset, Silver | Requires AT&T CLP99286, CLP99386, CLP99456, CLP99486, CLP99546, CLP99556, or CLP99586 to Operate",,3.6,25,,Average (3.5-4),0.26001391445508965,AT&T,
B01DDL2YRY,"ICZI Mini Displayport to VGA Gold Plated 1080P Thunderbolt to VGA Adapter Converter Male to Female for MacBook, Chromebook Pixel, Surfacebook and More (Black)",,4.6,44,,Excellent (4.5-5),0.36002493006536895,ICZI,
B01DDRXGGQ,Asus Micro ATX DDR3 2400 AMD Socket FM2 6 x SATA 6Gbs Motherboard (A88XM-A/USB 3.1),148.86,4.3,20,Mid-High ($100-200),Good (4-4.5),0.33001101561027935,Asus,34.538283062645014
B01DDUUR7Y,TruLabs Dummy Fake Security Camera CCTV Dome Surveillance [4-PACK],,3.6,38,,Average (3.5-4),0.26002145145159655,TruLabs,
B01DDV4ONG,Captain O-Ring - Rubber Oring Keyboard Switch Dampeners/Sound Reducers Red [40A-L 0.2mm Reduction] (135 pcs w/Screen Cloth),11.99,4.5,48,Budget (<$20),Good (4-4.5),0.35002724914121724,Captain,2.658536585365854
B01DDWO3MC,Motorola Moto 360 Smart Watch - Natural Metal (Certified Refurbished),,3.1,16,,Below Avg (3-3.5),0.21000869653443105,Motorola,
B01DDWO3MM,"Motorola MOTO 360 Android SmartWatch w/ 1.56"" LCD Touchscreen Display, and Bluetooth 4.0 - Cognac Leather (Certified Refurbished)",,3.8,18,,Average (3.5-4),0.2800098560723551,Motorola,
B01DDWO3YK,Motorola Moto 360 - Black Leather Smart Watch for Android Devices (Renewed),99.95,3.8,367,Mid ($50-100),Average (3.5-4),0.2802121954401171,Motorola,26.233595800524938
B01DDY1GSY,USB 3.0 A Type Female to Female 20 Pin Box Header Slot Adapter,,4.7,8,,Excellent (4.5-5),0.37000405838273454,USB,
B01DE33G32,Smart Monitor Stand with Six USB Ports Hub and Keyboard Storage Space - WHITE,,3.6,22,,Average (3.5-4),0.26001217514820346,Smart,
B01DE36JHC,Gravity GR-KIT8R 8 Gauge Amplifier Installation Kit with High Performance RCA and Speaker Wire,22.99,3.6,8,Low ($20-50),Average (3.5-4),0.2600040583827345,Gravity,6.368421052631579
B01DE9YIU6,Pebble Time Round Smartwatch - Black/Black (20mm) (Certified Refurbished),,3.5,46,,Below Avg (3-3.5),0.2500260896032931,Pebble,
B01DEC3KT8,Dell 10.8-Inch Tablet Folio Case for Venue 11 Pro -7130 (HXDYX),18.51,4.4,160,Budget (<$20),Good (4-4.5),0.340092183264969,Dell,4.197278911564626
B01DEC6YBY,Dell Premier Sleeve/Stand M Fits Latitude 13 7000 Detachable (460-BBNO),26.99,4.3,173,Low ($20-50),Good (4-4.5),0.3300997202614758,Dell,6.262180974477959
B01DEC7HYC,Dell Slip Case (460-BBGW),29.97,4.2,23,Low ($20-50),Good (4-4.5),0.3200127549171656,Dell,7.118764845605701
B01DEJ3MI0,"Bluetooth Headset,Roman Wireless Bluetooth Earbuds Hands-Free Wireless Headset Noise Cancelling Bluetooth Earpiece with Mic for iPhone Android Cell Phones.",,4.0,14,,Average (3.5-4),0.30000753699650695,Bluetooth,
B01DEOE3ME,Flexzion International Worldwide Travel Power Plug Adapter All in One Universal Wall Charger Converter with USB Charging Port AU UK US EU AC Adaptor,,3.9,25,,Average (3.5-4),0.2900139144550896,Flexzion,
B01DERXFSY,Original TV Remote Control for SHARP LCD HDTV LC-RC1-14 LCRC114,4.99,4.4,380,Budget (<$20),Good (4-4.5),0.34021973243662407,Original,1.1315192743764173
B01DEX54ZA,"Installerparts 8U Hinged Extendable Wall Mount Bracket, Max 13.5"" Depth – Made of Thick Steel",94.99,4.6,11,Mid ($50-100),Excellent (4.5-5),0.36000579768962065,Installerparts,20.60520607375271
B01DEX6NGE,InstallerParts Cable Tie Mount 22mm - White – 100 Piece Pack,,4.6,30,,Excellent (4.5-5),0.3600168132999,InstallerParts,
B01DF0TBEC,Double car sunglasses holder / Sun visor clip by ChippCar ✮ Holds 2 pairs of sunglasses | Top quality material | Versatile use | Premium design | Keep your glasses always handy!,,2.5,23,,Poor (<3),0.15001275491716554,Double,
B01DF19QA0,Neewer DC-38Q Screw Knob Clamp Quick Release Plate + Metal PU-50 Universal Quick Release Plate,16.01,4.6,343,Budget (<$20),Excellent (4.5-5),0.36019828098502743,Neewer,3.472885032537962
B01DF26Q2K,Onwon USB Drive Organizer Electronics Accessories Case Big Capability USB Flash Drives Bag (Black),9.98,4.2,49,Budget (<$20),Good (4-4.5),0.32002782891017933,Onwon,2.370546318289786
B01DF4RJGK,"Dison Type C Cable,6.6 Ft (2M) Power Line USB-C to USB 3.0 Cable with Pull-up Resistor for USB Type-C Devices, for ChromeBook, MacBook,Nokia N1 Tablet and Other Devices Type C USB(Black)",,3.4,15,,Below Avg (3-3.5),0.24000811676546896,Dison,
B01DF5900C,"2017 Lenovo Thinkpad Yoga 11.6 Inch Convertible HD IPS Multitouch Chromebook, Intel Quad Core Processor 1.6 GHz, 4GB RAM, 16GB SSD, HDMI, Bluetooth, 802.11ac, USB 3.0, HD Webcam, Chrome OS",,3.4,64,,Below Avg (3-3.5),0.24003652544461032,2017,
B01DFC0982,Universal TV Mounting Screws and Washers,,4.5,88,,Good (4-4.5),0.3500504398997,Universal,
B01DFGIDRW,"Dyasge for iPad Air 2 Case Cover with Soft TPU Bumper, Magnetic Stand and Auto Wake/Sleep Feature, Rose Gold",,4.4,99,,Good (4-4.5),0.3400568173582828,Dyasge,
B01DFGIE8U,"Dyasge Soft TPU Bumper Smart Case with Stand for iPad Air 2(Released on 2014 ONLY) Tablet,Rose Gold",,4.0,42,,Average (3.5-4),0.30002377052744483,Dyasge,
B01DFGIEWG,"Dyasge Soft TPU Bumper Case with Stand for iPad Air 2 Tablet,Mint Green",,3.8,36,,Average (3.5-4),0.2800202919136724,Dyasge,
B01DFHO5SM,Sigma 17-50mm f/2.8 EX DC OS HSM FLD Large Aperture Standard Zoom Lens for Nikon Digital DSLR Camera - International Version (No Warranty),799.0,4.5,129,Premium (>$500),Good (4-4.5),0.3500742104271448,Sigma,177.16186252771618
B01DFJZQWO,Nikon 1 J5 Mirrorless Digital Camera (Silver Body Only) International Version (No Warranty),399.99,4.7,9,High ($200-500),Excellent (4.5-5),0.3700046381516966,Nikon,84.92356687898089
B01DFKAMTK,"Tripp Lite 2-Port VGA Splitter with Signal Booster High Resolution Video, 350MHz, 2048x1536 (HD15 M/2xF)(B114-002-R)",26.28,4.5,199,Low ($20-50),Good (4-4.5),0.3501147942544896,Tripp,5.827050997782705
B01DFM5Q12,TECHNICOLOR TC8715D CABLE MODEM WIRELESS ROUTER GATEWAY TWC ONLY,59.99,3.0,62,Mid ($50-100),Poor (<3),0.2000353659066862,TECHNICOLOR,19.930232558139537
B01DFNGTOY,"SHARKK Lightning Headphones Tear Resistant Cable with Volume Control Apple MFi Certified for use with iPhone, iPads, iPods",,3.0,30,,Poor (<3),0.2000168132999,SHARKK,
B01DFP0RKE,"Sony H.ear in Wireless Headphone, Black (MDREX750BT/B)",139.95,4.1,233,Mid-High ($100-200),Good (4-4.5),0.3101345063991999,Sony,34.05109489051095
B01DFPG5CS,Logitech Unifying Receiver for Mouse and Keyboard (Renewed) …,12.55,4.3,241,Budget (<$20),Good (4-4.5),0.3301391445508965,Logitech,2.911832946635731
B01DFPGAGY,Sony NWWS413LM 4GB Sports Wearable MP3 Player (Blue) -Size (L),74.15,4.0,814,Mid ($50-100),Average (3.5-4),0.30047135216616183,Sony,18.49127182044888
B01DFQUTTC,Wahoo ELEMNT GPS Bike Computer,,4.4,520,,Good (4-4.5),0.3403009000913137,Wahoo,
B01DFSLIIQ,Lowrance Navico Fluid Level Sensor [000-11518-001],106.95,4.8,101,Mid-High ($100-200),Excellent (4.5-5),0.38005797689620685,Lowrance,22.234927234927238
B000CD6B3A,Kodak Easyshare V570 5 MP Digital Camera with 5xOptical Zoom,,3.1,84,,Below Avg (3-3.5),0.21004812082385171,Kodak,
B01DG3QO9S,yueton Pack of 5 Nickel Plated HDMI Female to Female F/F Coupler Connector Adapter,5.49,4.3,241,Budget (<$20),Good (4-4.5),0.3301391445508965,yueton,1.2737819025522044
B01DG6ETRY,Meike 50mm f2.0 Large Aperture APS-C Manual Focus Lens Compatible with Sony E Mount Mirrorless Camera NEX 3 3N 5 NEX 5T NEX 5R NEX 6 7 A6400 A5000 A5100 A6000 A6100 A6300 A6500 A6600,74.99,4.3,51,Mid ($50-100),Good (4-4.5),0.33002898844810347,Meike,17.39907192575406
B01DG6ETU6,Meike 50mm f2.0 Large Aperture Manual Focus MFT M4/3 Lens APS-C for Olympus Panasonic Lumix Micro 4/3 System Mirrorless Cameras GH4 GH5 GH6 OM-1,,4.2,48,,Good (4-4.5),0.3200272491412173,Meike,
B01DG94VWO,"Rii i8 Mini 2.4GHz Wireless Touchpad Keyboard with Mouse for PC, PAD, Xbox 360, PS3 (10038-DT)",35.5,3.8,21,Low ($20-50),Average (3.5-4),0.28001159537924136,Rii,9.317585301837271
B01DGC885C,"Bulbeats 1200 Lumens 2 x 144-BX Chipsets 7440 7441 7443 7444 LED Bulbs with Projector , Xenon White 6000K",,3.6,74,,Average (3.5-4),0.26004232313423103,Bulbeats,
B01DGDCIOI,ViewHD HDMI IR Extender Adapter,5.95,4.4,445,Budget (<$20),Good (4-4.5),0.34025741741915855,ViewHD,1.3492063492063493
B01DGE70Z4,Honbay 65 Piece Quick Splice Connector Assortment No Strip Wiring Connections 10-22ga,10.49,4.4,85,Budget (<$20),Good (4-4.5),0.34004870059281384,Honbay,2.378684807256236
B01DGM25P6,zdMoon Camera Bag Case Canvas Bag For Sony A6000 A5000 NEX-6 NEX-7 NEX-3N 5N 5NT 5R 5C F3 C3 DSC-HX200V DSC-H200 RX100 (Black),,4.4,28,,Good (4-4.5),0.34001565376197596,zdMoon,
B01DGNI3P6,E-Kylin 3M 10FT DC Power Extension Cable 5.5x2.1mm Plug Male to Female Adapter for Car Boat Motor Backup Camera & Monitor LED Lights CCTV System - 12V 24V 36V,,3.6,22,,Average (3.5-4),0.26001217514820346,E-Kylin,
B01DGOC7Y8,"MORECOO LED Dimmable Desk Lamp ,Rechargeable Portable Table Lamp with USB Charger , 3 Brightness Levels ,Aluminum Alloy Foldable Lamp for Reading Studying Working(Silver)",,3.8,31,,Average (3.5-4),0.28001739306886203,MORECOO,
B01DGOFCJ0,"Dell Ultrasharp U2417HWi 24"" Screen LED-Lit Monitor with Wireless Connect",,3.1,32,,Below Avg (3-3.5),0.21001797283782414,Dell,
B01DGYJBQA,Apple MK0X2AM/A USB-C to Lightning Cable (1M),,4.5,233,,Good (4-4.5),0.35013450639919996,Apple,
B01DH6NAYG,0 Gauge Amplfier Power Kit for Amp Install Wiring Complete 1/0 Ga Cables 4500W,41.83,4.4,527,Low ($20-50),Good (4-4.5),0.3403049584740482,0,9.485260770975056
B01DHFNC04,"LaCie Porsche Design 2TB USB-C Mobile Hard Drive, Silver (STFD2000402)",,4.1,153,,Good (4-4.5),0.3100881248822344,LaCie,
B01DHFNFJC,"LaCie Porsche Design 1TB USB-C Mobile Hard Drive, Silver (STFD1000402)",,4.0,44,,Average (3.5-4),0.300024930065369,LaCie,
B01DHPTO56,BB-8 Moving Star Wars Droid BB8 - Trackpad Apple Macbook Laptop Vinyl Sticker Decal,,4.2,34,,Good (4-4.5),0.3200191323757483,BB-8,
B01DHTWWTM,"Acer Gaming 3D Monitor 27” GN276HL bid 1920 x 1080 144Hz Refresh Rate 1ms Response Time (VGA, DVI & HDMI Ports)",,4.4,253,,Good (4-4.5),0.34014610177844135,Acer,
B01DI34BU0,Wackolee In-ear Universal Headphones with Mic - Black,,3.2,73,,Below Avg (3-3.5),0.22004174336526897,Wackolee,
B01DI367UM,"American Bass E1544 15"" 2400 Watt Elite Series DVC Subwoofer",157.39,4.7,227,Mid-High ($100-200),Excellent (4.5-5),0.37013102778542756,American,33.41613588110403
B01DI3LO78,Comp Bind Technology Dust Cover Compatible with HP OfficeJet Pro 8720 All-in-One Printer Black Nylon Anti-Static Cover Dimensions 19.7''W x 20.9''D x 13.4''H by Comp Bind Technology,25.99,4.6,44,Low ($20-50),Excellent (4.5-5),0.36002493006536895,Comp,5.637744034707159
B01DI3QVUI,"Comp Bind Technology Dust Cover Compatible with HP OfficeJet Pro 8740 Wireless Color Printer, Black Nylon Anti-Static Dust Cover Dimensions 19.7''W x 17.3''D x 16.2''H",25.99,5.0,10,Low ($20-50),Excellent (4.5-5),0.40000521792065863,Comp,5.187624750499002
B01DI8G4T6,Zalman ATX Mid Tower PC Case Z1 Neo,,4.3,489,,Good (4-4.5),0.3302829272534895,Zalman,
B01DIH45MA,"iHome Beauty iCVBT5 6"" Double-Sided Vanity Mirror with Bluetooth Audio, Speakerphone and USB Charging (Silver)",,4.3,94,,Good (4-4.5),0.3300539185134724,iHome,
B01DIH51R8,Flashpoint StreakLight 360 Ws Flash TTL for Nikon with BP-960 Power Pack (with R2 Integrated Wireless transceiver) - AD360II-N,,3.7,14,,Average (3.5-4),0.2700075369965069,Flashpoint,
B01DIIEF56,COSMOS Pack of 2 Steel Wire Keycap Puller Remover Tool,,4.5,9,,Good (4-4.5),0.3500046381516966,COSMOS,
B01DIIP7K8,"LG G Pad F 8.0 Screen Protector, ACdream Premium HD Tempered Glass Screen Protector for LG G Pad F 8.0 Tablet [AT&T 4G LTE Model V495 and T-Mobile 4G LTE Model V496, 2015 Version], Ultra Clear",,4.2,88,,Good (4-4.5),0.32005043989970006,LG,
B01DIJFQ76,Inovat Replacement USB Cable Charger for Beats by Dr Dre Studio 2.0 Wireless,5.99,4.3,177,Budget (<$20),Good (4-4.5),0.33010203933732407,Inovat,1.3897911832946637
B01DIKHT6G,LINCO Lincostore Photography Photo Portrait Studio 600W Umbrella Continuous Lighting Kit AM112,44.99,4.3,146,Low ($20-50),Good (4-4.5),0.33008406649949995,LINCO,10.438515081206498
B01DILBNZS,"Kastar 2Pcs Battery + LCD Dual Charger Replacement for Nikon EN-EL15 EL15a EL15e Battery, MH-25 Charger, Nikon 1 V1 1V1 D500 D600 D610 D750 D780 D800 D800E D810 D810A D850 D7000 D7100 D7200 D7500 DSLR",22.99,3.9,28,Low ($20-50),Average (3.5-4),0.29001565376197586,Kastar,5.879795396419437
B01DILCM3U,"Laptop Battery for Dell Studio Series 1745 1747 1749,Compatible P/N: N855P U164P U150P N856P M905P 312-0186",29.99,4.5,241,Low ($20-50),Good (4-4.5),0.3501391445508965,Laptop,6.6496674057649665
B01DILO2VK,LINCO Lincostore Photography Photo Table Top Studio Lighting Kit- 30 Seconds to Storage,49.99,4.6,751,Low ($20-50),Excellent (4.5-5),0.36043482672155147,LINCO,10.843817787418656
B01DILXA04,"10 Pack 8GB USB Flash Drive Memory Stick with 10 Lanyards , DataFortress 20MB/S High Read Speed Memory Stick (Bright Sliver 8GB)",,4.0,27,,Average (3.5-4),0.3000150739930138,10,
B01DIMAN6M,"TOPSKY iPad 2 Case,iPad 3 Case,iPad 4 Case, [Kickstand Feature],Shock-Absorption/High Impact Resistant Hybrid Three Layer Armor Defender Case for Regular iPad 2,3,4 with Stylus Pen, Black",,3.2,18,,Below Avg (3-3.5),0.2200098560723552,TOPSKY,
B01DINU00U,Godox AD-H600 600W Portable Off-Camera Light Lamp Flash Head for Godox AD600B AD600BM - Bowens Mount,,3.9,11,,Average (3.5-4),0.29000579768962065,Godox,
B01DIP9UBS,"PURIDEA [Apple Mfi Certified 3Ft iPhone Charger Nylon Braided Lightning Cable Charge and Sync Cable Cord Compatible with iPhone 7/7 plus/SE/5/6/6s/Plus/iPad Mini/Air/Pro,Silver",,3.8,13,,Average (3.5-4),0.2800069572275448,PURIDEA,
B01DIPD71C,"EasyAcc 28W Solar Charger 4-Port USB with High-Efficiency SunPower Solar Panel for iPhone SE, 6s, 6 Plus, iPad Pro / Air / Mini, Galaxy S7, S6 Edge, S6 Plus and More",,4.0,143,,Average (3.5-4),0.3000823271926138,EasyAcc,
B01DISIYC6,Hermitshell Travel Case Fits Kensington Wireless Presenter Pointer K33374USA / K33373US,13.99,4.8,76,Budget (<$20),Excellent (4.5-5),0.38004348267215515,Hermitshell,2.9085239085239087
B01DIU8QMM,Sienoc USB 3.0 Front Panel Floppy Disk Bay 19/20 Pin 4 Ports hub Bracket Cable Color Black,,4.0,7,,Average (3.5-4),0.30000347861377247,Sienoc,
B01DIVQHYU,NF801UD NF804UD NF805UD Replaced Remote fits for MAGNAVOX MMT7797 19MF339B 22MF339B 32MF339B/F7 32MF339B 22ME360B 22MF330B 22ME601B 22MF301B 22ME360B/F7 26MF330B 26MF330B/F7 32MF330B,7.69,4.8,24,Budget (<$20),Excellent (4.5-5),0.3800133346861276,NF801UD,1.598752598752599
B01DIYCNBI,PoseBaby Pro Newborn Photography Bean Bag Studio Size | Bean Filling Not Included | Professional Ottoman Poser | Baby Photo Prop & Pose Pillow - Newborn Photography Props,,4.6,304,,Excellent (4.5-5),0.36017566999550676,PoseBaby,
B01DJ0QGRI,"Foscam C2 HD 1080P WiFi Security IP Camera with iOS/Android App, Super Wide 120° Viewing Angle, Night Vision Up to 26ft, PIR Motion Detection, and More (Black)",,3.0,17,,Poor (<3),0.2000092763033931,Foscam,
B01DJ11VI6,[3-PACK]-Mr.Shield Designed For Samsung Galaxy Tab A 7.0 Anti-Glare [Matte] Screen Protector with Lifetime Replacement,6.95,4.1,130,Budget (<$20),Good (4-4.5),0.31007479019610684,[3-PACK]-Mr.Shield,1.690997566909976
B01DJ1V5SM,KFD 24V AC Adpater for Vizio Soundbar VSB200 VSB205 VSB210 VSB206 VSB207 VSB210WS VHT215 VHT510 Speaker Power Supply;Silhoutte Cameo 1 2 3 4 SD Portrait Studio Machine;Dymo LabelWriter Turbo Printer,16.49,4.3,112,Budget (<$20),Good (4-4.5),0.33006435435478965,KFD,3.8259860788863107
B01DJ2S8KY,"MagicSky Galaxy Tab 4 7.0"" Case, 3in1 Heavy Duty Hybrid Shockproof Armor Kickstand Case for Samsung Galaxy Tab 4 7.0 inch T230 /T231/ T235 Galaxy Tab 4 Nook Cover - Black/Green",,4.2,173,,Good (4-4.5),0.3200997202614759,MagicSky,
B01DJ2SC1Y,"MagicSky Galaxy Tab 4 7.0"" Case, 3in1 Heavy Duty Hybrid Shockproof Armor Kickstand Case for Samsung Galaxy Tab 4 7.0 inch T230 /T231/ T235 Galaxy Tab 4 Nook Cover - Black/Blue",,4.3,154,,Good (4-4.5),0.3300887046511965,MagicSky,
B01DJ4BCF0,Meike 35mm F1.7 Manual Focus Prime Lens for Micro 4/3 MFT M4/3 Compatible with Olympus and Panasonic Mirrorless Cameras GH4 GH5 GH6 OM-1,69.99,4.6,221,Mid ($50-100),Excellent (4.5-5),0.36012754917165507,Meike,15.182212581344903
B01DJ9LS4K,"2 Pack Replacement 24mm 1 Inch(0.94"") TZe151 TZ151 Laminated Black on Clear for P-Touch Label Maker PT-D600 PT-P700 PT-P900W PT-P950NW,26.2ft(8m) Length",,3.8,29,,Average (3.5-4),0.2800162335309379,2,
B01DJ9Z8EQ,"Amped Wireless Athena-EX, High Power AC2600 Wi-Fi Range Extender with MU-MIMO (RE2600M)",,3.8,197,,Average (3.5-4),0.2801136347165654,Amped,
B01DJB45WU,"OTTERBOX DEFENDER SERIES Case for iPad Pro (9.7"" Version) Very Berry (Hibiscus/Pink/Damson Purple) Retail Packaging",,4.5,235,,Good (4-4.5),0.3501356659371241,OTTERBOX,
B01DJB45Y8,"OTTERBOX DEFENDER SERIES Case for iPad Pro (*9.7"" VERSION*) - Frustration FRĒe Packaging - VERY BERRY (HIBISCUS PINK/DAMSON PURPLE)",,4.2,104,,Good (4-4.5),0.32005971620309315,OTTERBOX,
B01DJB6K0U,"ANMANI All New Fire 7 2017 Kids Case - Light Weight Shock Proof Handle Kid-Proof Cover Kids Case for All New Fire 7 Tablet (7th Generation, 2017 Release),Orange",,5.0,10,,Excellent (4.5-5),0.40000521792065863,ANMANI,
B01DJDSAVU,"Canon EOS Rebel T6 DSLR Camera with 18-55mm, EF 75-300mm Lens, and Deluxe Bundle",,4.7,918,,Excellent (4.5-5),0.370531648138217,Canon,
B01DJF2QPO,Stalion Surge Protector Power Strip Socket 900 Joule with 6-USB Charging Ports & 6-Outlets Universal for Home & Office (6-Foot Cord-White),,3.5,50,,Below Avg (3-3.5),0.2500284086791414,Stalion,
B01DJI0TJQ,"Fosmon HD8062 - Intelligent 5-Port HDMI Switch Splitter, 5 in 1 Out Switcher, Supports 4K, Full HD1080p, 3D with IR Remote and AC Adapter",,3.8,545,,Average (3.5-4),0.2803153943153653,Fosmon,
B01DJNR6TC,InstallerParts 1Ft HDMI A-M to Mini (Type-C) Thin Cable High Speed w/Ethernet 36AWG –Type-A 19-Pin Connector – Male Cable,,4.5,59,,Good (4-4.5),0.35003362659980003,InstallerParts,
B01DJNRNJ0,Otimo 8Ft 18AWG NEMA 5-15P to IEC C-7 2-Prong Figure-8 Power Cord,8.49,4.7,160,Budget (<$20),Excellent (4.5-5),0.37009218326496895,Otimo,1.802547770700637
B01DJQ0I3U,"Extension Cord Safety Seal, Set of 2",21.76,3.7,75,Low ($20-50),Average (3.5-4),0.2700429029031931,Extension,5.8652291105121295
B01DJQX6DE,Playstation Mono Headset with Mic (Renewed),9.99,4.0,119,Budget (<$20),Average (3.5-4),0.30006841273752416,Playstation,2.491271820448878
B01DJT5VK2,Vudu Spark (Vudu Streaming Stick) to Stream Vudu,,3.6,57,,Average (3.5-4),0.2600324670618758,Vudu,
B01DJTK8FU,"Movo MC1000 Conference USB Microphone for Computer Desktop and Laptop with 180° / 20' Long Pick up Range Compatible with Windows and Mac for Dictation, Recording, YouTube, Conference Call, Skype",49.95,4.3,719,Low ($20-50),Good (4-4.5),0.33041627411476526,Movo,11.589327146171696
B01DJVXK0S,"Epson LabelWorks Iron-on LK (Replaces LC) Tape Cartridge ~3/4"" Black on White (LK-5WBQ) - for use with LabelWorks LW-400, LW-600P and LW-700 Label Printers",,4.4,55,,Good (4-4.5),0.3400313075239518,Epson,
B01DJWBGYE,ZOZO 65W 19.5V 3.34A AC Replacement Laptop Power Adapter Charger for Dell-Inspiron 11 3152 3162 13 7348 I7352 7353 7359 15 5000 5558 HK45NM140 DA45NM140 P47F P55F 03RG0T 7558 7568 7569 i5558,,4.2,126,,Good (4-4.5),0.32007247112025866,ZOZO,
B01DJX5NSS,"Nikon 200-500mm f/5.6E ED AF-S VR Zoom NIKKOR Lens- Bundle with 95mm Filter Kit, Flex Lens Shade, Cleaning Kit, Cap Leash, Software Package",1056.95,4.7,53,Premium (>$500),Excellent (4.5-5),0.3700301479860276,Nikon,224.4055201698514
B01DK03XTG,Welltop Mini Handheld USB Misting Fan with Personal Cooling Mist Humidifier Rechargeable Portable Mini Misting Cooling Fan for Home Office and Travel (Purple),,4.4,102,,Good (4-4.5),0.340058556665169,Welltop,
B01DK2QXSW,Smart Watch Compatible iOS iPhone Android Samsung，WJPILIS Bluetooth Smart Watch Touchscreen Fitness Activity Tracker with Camera Sleep Monitor Step Counter SIM SD Card Slot for Women Men (Silver),,3.7,60,,Average (3.5-4),0.2700342063687621,Smart,
B01DK3JZ2M,"ProCase Galaxy Tab E Lite 7.0 Case/Tab 3 Lite 7 Case - Stand Folio Case Cover for Galaxy Tab E Lite 7-inch Tablet/Tab 3 Lite 7, with Multiple Viewing Angles, Document Card Pocket (Black)",,4.5,153,,Good (4-4.5),0.35008812488223445,ProCase,
B01DK45NB8,Hosa NBR-271 BNC Female To RCA Male 75-Ohm Video Adapter,3.95,4.2,66,Budget (<$20),Good (4-4.5),0.32003768498253454,Hosa,0.9382422802850356
B01DK48YK0,"Nomadic Gear Backpack Clip Mount with 360' Rotary Mount + Metallic Screws for GoPro Hero 8/ Hero7 / Hero6 / Hero 5+ Cameras| Universal Support for GoPro, SJCAM, XIAOMI",,4.2,91,,Good (4-4.5),0.32005217920658624,Nomadic,
B01DK4BUUQ,"Samsung PM951 128GB M.2 NGFF PCIe Gen3 x4, NVME Solid State Drive SSD, OEM (2280) (MZVLV128HCGR-00000)",,3.8,16,,Average (3.5-4),0.280008696534431,Samsung,
B01DK4QWZ4,Patriot Viper High Performance 128GB USB 3.1 Gen 1 Flash Drive (PV128GUSB),,4.3,24,,Good (4-4.5),0.3300133346861276,Patriot,
B01DK9B8MQ,FixCracked Touch Screen Replacement Parts Digitizer Glass Assembly for Ipad 4 (White),,3.9,133,,Average (3.5-4),0.29007652950299306,FixCracked,
B01DK9ISBU,"BTGGG iPad Screen Protector, Tempered Glass Screen Protector for iPad 2 / iPad 3 / iPad 4 [0.3mm / 2.5D Edge] [Anti-Fingerprint] [Bubble Free]",,3.8,40,,Average (3.5-4),0.28002261098952064,BTGGG,
B01DKAI51M,HiLetgo Mini 3W+3W DC 5V Audio Amplifier Handy Digital Power Amp Module Board Dual-Channel PAM8403 Stereo Amplifiers with Potentiometer for DIY Portable,5.19,4.4,78,Budget (<$20),Good (4-4.5),0.34004464221007935,HiLetgo,1.1768707482993197
B01DKDI9VU,"BESTTEN 1U PDU with 8 Outlets and 9FT Cord, Heavy Duty Metal Power Strip with Surge Protector (900 Joules), 15A/125V/1875W, 19-inch Server Rack Mount Power Distribution Unit, ETL Listed",,4.5,255,,Good (4-4.5),0.3501472613163655,BESTTEN,
B01DKGH68Y,Lepy LP-168S Hi-Fi Stereo Audio Amplifier,40.0,4.0,53,Low ($20-50),Average (3.5-4),0.3000301479860276,Lepy,9.975062344139651
B01DKJYTE0,"INFILAND iPad Pro 9.7 Keyboard Case, Folio Slim Fit PU Leather Case Cover with Magnetically Detachable Bluetooth Keyboard for Apple iPad Pro 9.7 Inch 2016 Release Tablet, Black",,4.4,58,,Good (4-4.5),0.340033046830838,INFILAND,
B01DKME5OQ,RIJER 8 Port Manual Smart VGA USB KVM Switch 801UK PC Computer DVR Selector 1 KM Combo Controls 8 Hosts with Extension Switcher and 8PCS Original Cable,95.0,4.2,119,Mid ($50-100),Good (4-4.5),0.3200684127375242,RIJER,22.565320665083135
B01DKVOSM6,ViewTV Coaxial Cable RG59 Coax Cable with Coax Coupler Female Type Connectors for TV Antenna Audio Modem Satellite Receiver Black Coax Cable 25 Feet,17.99,4.5,191,Budget (<$20),Good (4-4.5),0.35011015610279306,ViewTV,3.988913525498891
B01DL2PE90,"FRESHeTECH Television Sound Bar - Bluetooth 24 inch, 90 Watt with Built-in Subwoofer - Black / Red Leather, FeBARRED",,3.4,66,,Below Avg (3-3.5),0.24003768498253444,FRESHeTECH,
B01DL71LSI,"Sony FDR-AX53 UHD 4K Handycam Camcorder Bundle with Memory Cards (2-Pack), Replacement Batteries (2-Pack), DSLR Accessory Kit, UV Protector, Cable, Card Reader, Tripod, and Cleaning Cloth (11 Items)",1178.0,3.5,33,Premium (>$500),Below Avg (3-3.5),0.2500185526067862,Sony,335.6125356125356
B01DL8L1LE,ZiKON Lightning iFlash USB SDHC Micro SD OTG Card Reader For IOS 9 iPhone 5 6 6S Plus iPad PC & Android,,3.4,36,,Below Avg (3-3.5),0.24002029191367238,ZiKON,
B01DLFVZPO,Metabones Mark IV Smart Adapter for Canon EF Lens to Sony E-Mount Camera - With Microfiber Cloth,,3.4,16,,Below Avg (3-3.5),0.24000869653443102,Metabones,
B01DLJXEQI,Yuesong V6 Laptop Cooler Cooling Pad with Vacuum Fan (V6),,3.6,19,,Average (3.5-4),0.2600104358413172,Yuesong,
B01DLK4R0E,Bay Valley Parts 10.8V 5200mAh Laptop Battery Replacement for Asus A31-1015 A32-1015 Eee PC 1015 1015B 1015P 1015PD 1015PE 1015PEM 1215 1215P 1215B 1215N 1016 1016P AL31-1015 PL32-1015,,3.8,39,,Average (3.5-4),0.2800220312205586,Bay,
B01DLKRP1C,"Hosa YIE-406 Dual IEC C13 to NEMA 5-15P Power Y Cable, 1.5 Feet",17.95,4.7,40,Budget (<$20),Excellent (4.5-5),0.3700226109895207,Hosa,3.81104033970276
B01DLLG5WQ,"ELECBRAiN New Laptop Battery VI04 Replacement for ProBook 440 G2 450 G2 Series,HP Envy 14-v000-v099 HP Pavilion 15-p000-p099 756745-001 756479-421 HSTNN-DB6K HSTNN-LB6J HSTNN-LB6K",,3.5,37,,Below Avg (3-3.5),0.2500208716826345,ELECBRAiN,
B01DLNO030,SADES K10 Multi-Color LED Backlit Wired USB Mechanical Gaming Keyboard with Blue Switches(White),,4.1,74,,Good (4-4.5),0.310042323134231,SADES,
B01DLNTUYY,"lcd4laptop HP TouchSmart 15-AC 15-AC121DX B156XTK01.0 15.6"" LCD Screen Display Touch",67.66,4.4,74,Mid ($50-100),Good (4-4.5),0.3400423231342311,lcd4laptop,15.342403628117912
B01DLNZ0KC,"SECURE Video Projector Travel Hard Carrying Case w/ Dense Foam for All Lumens / LCD / LED: WhaleStone Mini , Crenova XPE460 , iDGLAX iDG-787 , Ezapor Mini , iRulu Portable , iClever IC-P01",,4.2,15,,Good (4-4.5),0.32000811676546903,SECURE,
B01DLO8Z3K,"UIUIUS Voice Recorder,Audio Digital Voice Activated Portable Sound Recorder with 560 Hours Rechargeable 8GB Multifunctional for Lectures and Meeting,Long Tape Duration Recording with HD Microphones",,3.8,84,,Average (3.5-4),0.28004812082385167,UIUIUS,
B01DLP721A,"TEC.BEAN Ultra-thin 7"" HD LCD Vehicle Backup Camera & Monitor Support MP5 Function Night Vision USB Port Touch Button Designed Waterproof Car Rear View Camera WVGA 800RGB480 Distance Scale Lines",,3.5,72,,Below Avg (3-3.5),0.25004116359630685,TEC.BEAN,
B01DLWQOYO,Wonderful Direct Sata Cables 6pack 18-Inch/46CM SATA III 6.0 Gbps Cable with Locking Latch and 90-Degree Plug + 2Pack 4pin to 15pin sata Power Cable,,4.1,27,,Good (4-4.5),0.31001507399301376,Wonderful,
B01DLX6V6O,"Laptop Cooling Pad, Vanble Portable 15.6-17 inches Chill Mat with Dual Quiet 160mm Blue LED Fans & Dual USB Ports & Adjustable Height Setting, USB Powered, 100% Warranty - Black",,4.2,86,,Good (4-4.5),0.3200492803617759,Laptop,
B01DLXB8JO,SENZER SE610 Bass In-ear Headphones Earbuds with Mic & Volume Control for iPhone Smartphones (Black),,3.2,103,,Below Avg (3-3.5),0.22005913643413103,SENZER,
B01DLXG6B4,"Haobase 520 Pcs 40 Pin 2.54mm Pitch Single Row Pin Headers,Dupont Connector H...",,4.1,18,,Good (4-4.5),0.31000985607235515,Haobase,
B01DLYB82A,DeKaSi Accessories Action Kit for Gopro HERO 5/4/3/SJ4000/SJ5000/SJ6000 (40-IN-1),,3.7,27,,Average (3.5-4),0.2700150739930138,DeKaSi,
B01DLZ8K0C,Scart to HDMI Converter 720P 1080P Scaler S-Video R/L Audio to HDMI Box for Video/YC/RGB Images,,3.4,35,,Below Avg (3-3.5),0.24001971214471032,Scart,
B01DLZU2NU,Replacement Remote Control for Insignia 67100BA1008R NS-RC05A-11 NS-LCD19-09CA NS-LCD19F NS-RC03A-13 NS-RC05A-13 NS-RC03A-13 NS-RC05A-13 NS-RC06A-11 NS-RC01G-09 NS-RC04A-12 Plasma LCD LED HDTV TV,,4.5,81,,Good (4-4.5),0.35004638151696554,Replacement,
B01DM1MZ7Y,"iPad Mini 1/2/3 Case[Corner Protection]-Dyasge Ventilated Folio Cover with Soft TPU Bumper for Apple iPad Mini 1/2/3 Tablet,Rose Gold",,3.9,49,,Average (3.5-4),0.29002782891017925,iPad,
B01DM3L8XO,"TV Antenna, Voion 50 Miles Paper Thin Indoor HDTV Antenna with 10 ft Coax Cables. Excellent Signal and Crystal Clear Pictures- Black",,3.3,54,,Below Avg (3-3.5),0.23003072775498962,TV,
B01DM4G0Y0,Snugg iPad Mini 4 360 Keyboard Case in Pink,,3.9,94,,Average (3.5-4),0.29005391851347234,Snugg,
B01DM7AEF8,"Motorola T100TP Talkabout Radio, 3 Pack",,4.5,6289,,Good (4-4.5),0.3536455872334875,Motorola,
B01DM7AEKI,"Motorola T107 Talkabout Radio, 2 Pack",39.95,4.5,1930,Low ($20-50),Good (4-4.5),0.3511183743278304,Motorola,8.85809312638581
B01DM9D9PS,"Windrew Heavy Duty Protective Shock Proof [Anti Slip] [Built-In Kickstand] Cover Skin Case For Samsung Galaxy Tab A 8.0"" SM-T350 P350 + Screen Protector Film and stylus pen (Black/Orange)",,4.0,25,,Average (3.5-4),0.3000139144550897,Windrew,
B01DMCWMXA,"VonHaus Glass Corner Monitor Stand - Adjustable Height Screen Riser for PC Monitors, Computers, Laptops & TVs - 24 x 10 inches - Clear",,4.6,225,,Excellent (4.5-5),0.36012986824750337,VonHaus,
B01DMD03OY,"DBAN Boot and Nuke Hard Drive Data Wiping Software for Windows, Linux & Mac on CD",,3.9,199,,Average (3.5-4),0.29011479425448955,DBAN,
B01DMD152I,"VonHaus Glass Corner Monitor Stand - Adjustable Height Screen Riser for PC Monitors, Computers, Laptops & TVs - 24 x 10 inches - Black",,4.4,183,,Good (4-4.5),0.34010551795109656,VonHaus,
B01DMLPFG2,Samsung Galaxy Note 3 USB 3.0 Data Cable - Non-Retail Packaging - White,8.79,4.3,2394,Budget (<$20),Good (4-4.5),0.3313873871262302,Samsung,2.039443155452436
B01DMYXFLQ,"SAMSUNG Galaxy Tab E 9.6-inch 16GB Tablet PC Wi-Fi, Black Bundle with 32GB Memory Card, Cleaning Kit, 3 Stylus Pens, Travelocity in-Ear Headphone and Tablet Case",,4.5,105,,Good (4-4.5),0.3500602959720552,SAMSUNG,
B01DN08VAY,Apple TV Remote,19.95,4.7,17699,Budget (<$20),Excellent (4.5-5),0.3802607510906904,Apple,4.235668789808917
B01DN092P2,"Samsung EP-TA300CWEGUJ Samsung, Tabpro S 25W AFC Fast Charging Travel Charger",,4.7,377,,Excellent (4.5-5),0.37021799312973785,Samsung,
B01DN09SZG,Samsung Galaxy Tab A 7 2016 Book Cover (EF-BT280PWEGUJ),7.99,4.2,24,Budget (<$20),Good (4-4.5),0.32001333468612764,Samsung,1.8978622327790975
B01DN7NKWQ,"Hosa PWC-141R Right Angle IEC C13 to NEMA 5-15P, 1 Feet",8.95,4.8,340,Budget (<$20),Excellent (4.5-5),0.38019654167814126,Hosa,1.8607068607068606
B01DN7NO2C,"Hosa PWD-402 Piggyback IEC C13 to NEMA 5-15P Power Cord, 2 Feet",15.65,4.7,375,Budget (<$20),Excellent (4.5-5),0.37021683359181373,Hosa,3.3227176220806793
B01DN7NXW8,Hosa SKT Pro 14 Gauge Speaker Cables REAN speakOn - (20 Feet) (Black),39.95,4.3,42,Low ($20-50),Good (4-4.5),0.3300237705274448,Hosa,9.269141531322507
B01DN7NZPI,"Hosa STP-203 1/4"" TRS to Dual 1/4"" TS Insert Cable, 3 Meters",12.99,4.6,396,Budget (<$20),Excellent (4.5-5),0.36022900874001706,Hosa,2.817787418655098
B01DN7OCZK,"Hosa YMP-233 3.5 mm TRS to Dual 1/4"" TRSF Y Cable",6.95,3.8,59,Budget (<$20),Average (3.5-4),0.28003362659979997,Hosa,1.8241469816272968
B01DN7ODXQ,"Hosa YPP-118 1/4"" TRS to Dual 1/4"" TRSF Y Cable",,4.5,1429,,Good (4-4.5),0.35082791007783404,Hosa,
B01DN7OK5W,"Hosa YMP-434 3.5 mm TRSF to Dual 1/4"" TS Stereo Breakout Cable",6.65,4.7,2234,Budget (<$20),Excellent (4.5-5),0.3712946240922993,Hosa,1.4118895966029725
B01DN7OMJQ,"Hosa YPR-257 1/4"" TRSF to Dual RCA Stereo Breakout Cable",,4.5,1773,,Good (4-4.5),0.3510273506007856,Hosa,
B01DNA441E,"ASUS 23-inch Full HD UltraSlim Gaming Monitor [VX238H-W] 1080p, 1ms Rapid Response Time, Dual HDMI, Built in Speakers, Low Blue Light, Flicker Free, EyeCare",,4.5,1285,,Good (4-4.5),0.3507444233472961,ASUS,
B01DNA5WS8,ASUS VX229H 21.5-Inch Full HD AH-IPS LED-backlit and Frameless Monitor,89.0,3.8,125,Mid ($50-100),Average (3.5-4),0.28007189135129645,ASUS,23.359580052493442
B01DNB06JC,"D-FantiX Small Portable Fan Battery Operated Personal Fan Mini USB Rechargeable Handheld Fan for Home, Travel, Bedroom and Office (Black)",,4.6,268,,Excellent (4.5-5),0.3601547983128723,D-FantiX,
B01DNBQJ2A,ULAK iPad Pro 9.7 Case - Folio iPad Pro 9.7 Synthetic Leather Case Rotating Stand Smart Cover for Apple iPad Pro 9.7 Inch_2016 Release Tablet (Minimal Mint Stripes),,3.7,53,,Average (3.5-4),0.2700301479860276,ULAK,
B01DNC406Q,"iCasso Compatible with MacBook Air 11 inch Case Model A1370/A1465, Ultra Slim Pattern Plastic Hard Shell Case Protective Cover for MacBook Air 11'' with Keyboard Cover - Wood",,4.3,91,,Good (4-4.5),0.3300521792065862,iCasso,
B01DNDEKQK,"Nice tech DVI to VGA Cable, WAWPI High Resolution Male Monitor cable DVI-A to VGA Male to Male DVI-A(24+5) with Gold Plated Connectors Cable for PC DVD Monitor HDTV (6FT)",,4.0,17,,Average (3.5-4),0.30000927630339314,Nice,
B01DNFFPHG,BXQINLENX 12025 Dc12v Quiet Brushless Cooling Fan Miniature Cooling Fans 7 Blade (3 PCS),,3.8,14,,Average (3.5-4),0.2800075369965069,BXQINLENX,
B01DNGYXWS,Zmodo Pivot Door / Window Sensors (4 Pack),61.25,3.5,27,Mid ($50-100),Below Avg (3-3.5),0.25001507399301376,Zmodo,17.45014245014245
B01DNH1PL4,Zodiac Digitizer Stylus Pen 1024 Pressure for Microsoft Surface Pro 1 Pro 2 IBM/THINKPAD Lenovo X201T/X220/X220T/X230/X230i/X230T/W700,,3.9,305,,Average (3.5-4),0.2901762497644688,Zodiac,
B01DNMIDMI,SIKER New Laptop Battery PA5185U-1BRS for Toshiba Satellite C55 C55D C55T L55 L55D L55T Series PA5186U-1BRS PA5184U-1BRS,,4.1,131,,Good (4-4.5),0.3100753699650689,SIKER,
B01DNMWXVA,"I-SMILE 3PCS Replacement Bands with Metal Clasps for Fitbit Flex, Set of 3 with 2 Piece Silicon Fastener Ring",,4.0,4053,,Average (3.5-4),0.30234922383430207,I-SMILE,
B01DNN1I8S,"Wide Angle Gopro Lens Replacement Lens by HOLACA, 170 Degrees Lens for Gopro HD Hero 1 2 Cameras",,3.6,10,,Average (3.5-4),0.2600052179206586,Wide,
B01DNN7UXU,"Aivica SH201 SDI to HDMI Converter,Support 3G-SDI / HD-SDI / SDI,Network Unlimited Extender for Monitors",,3.3,12,,Below Avg (3-3.5),0.23000637745858274,Aivica,
B01DNO2FL6,[UL LISTED]KFD 17V Charger AC Adapter for Bose SoundLink I II III 1 2 3 Wireless Bluetooth Speaker Power Supply Cord FLOWBEE Model AD-57171300 AD57171300 Input 120VAC 60Hz 0.4A Output 17VDC Plug Cable,14.49,4.3,145,Budget (<$20),Good (4-4.5),0.3300834867305379,[UL,3.3619489559164735
B01DNQ3JXW,18V 3.0Ah Replace Makita Battery 1822 1823 1834 1835 PA18 192826-5 192827-3 192829-9 194105-7 Cordless Tools (2-Packs),,3.7,33,,Average (3.5-4),0.2700185526067862,18V,
B01DNSJVYG,"Aluminium Alloy 20km Visual Fault Locator Fiber Optic Cable Tester/VFL for FC,SC,ST & LC Adapter",12.98,4.5,88,Budget (<$20),Good (4-4.5),0.3500504398997,Aluminium,2.878048780487805
B01DNSOV5A,BMOUO Kids Case for iPad 2 3 4 - Shockproof Light Weight Convertible Handle Stand Case Cover for Apple iPad 9.7 Inch (iPad 2nd 3rd 4th Generation) - Rose,,4.5,456,,Good (4-4.5),0.35026379487774123,BMOUO,
B01DNSP8VQ,LQM® New Laptop Battery PA5185U-1BRS for Toshiba Satellite C55 C55D C55T L55 L55D L55T C55-B C55-B5299 C55-B5202 PA5186U-1BRS PA5184U-1BRS,16.99,3.5,99,Budget (<$20),Below Avg (3-3.5),0.2500568173582827,LQM®,4.84045584045584
B01DNTMAMU,"BMOUO iPad 2 3 4 Shockproof Case Light Weight Kids Case Super Protection Cover Handle Stand Case for Children for iPad 4, iPad 3 iPad 2 2nd 3rd 4th Generation, Green",,4.4,250,,Good (4-4.5),0.34014436247155516,BMOUO,
B01DNTTKIM,14.4V 3.0Ah Battery for Makita 1420 1422 PA14 192600-1 194172-2 Cordless Drill Power Tool 2-Packs GERIT BATT,,3.9,47,,Average (3.5-4),0.29002666937225513,14.4V,
B01DNTVH6A,"BMOUO ShockProof Convertible Handle Light Weight EVA Protective Stand Kids Case for Apple iPad 4, iPad 3 and iPad 2 - Red",,4.4,207,,Good (4-4.5),0.3401194324061862,BMOUO,
B01DNUH574,BXQINLENX 6010 Dc12v Quiet Brushless Cooling Fan Miniature Cooling Fans 2pin 60x60mm 11 Blade (3 PCS),,3.7,12,,Average (3.5-4),0.27000637745858275,BXQINLENX,
B01DNVVC68,Lioeo iPad 2 Case Silicone iPad Case iPad 3 4 for Kids New Cool Sturdy Carrying Handle Case for Apple iPad 2 3 4 9.7 Inch Screen - Not for ipad Air or ipad Mini (Rose Pink),,4.2,849,,Good (4-4.5),0.32049164407983427,Lioeo,
B01DNVVCVI,Lioeo iPad 2 Case for Kids Shock Proof Eva Foam Case with Handle Standing Cover for Apple iPad gen 2/3/4 iPad Cover 9.7 Inch Screen - Not for ipad Air or ipad Mini (Blue),,4.2,851,,Good (4-4.5),0.3204928036177584,Lioeo,
B01DNWE59S,"Riwbox X7 Comfort-Fit In-Ear Headphones Noise-Isolating Sweatproof Resistant sport Earbuds with In-line Microphone, Universal Volume Control and Secure Earhooks(Silver)",,3.0,43,,Poor (<3),0.2000243502964069,Riwbox,
B01DNX7HYW,"iPad mini case, Leebay Non-toxic Light EVA iPad mini 4 3 2 case, Kids-use 3D Cartoon Butterfly ipad mini case, Shockproof Cover with Stand for kids (Rose)",,3.9,35,,Average (3.5-4),0.29001971214471034,iPad,
B01DO0YPIA,"Typhoon H 4k Collision Avoidance Hexacopter w/ Battery, Charger, ST16 Controller",,3.2,38,,Below Avg (3-3.5),0.22002145145159657,Typhoon,
B01DO8MHMI,"Hisense 43H7C2 43"" 4K Smart TV",,4.0,747,,Average (3.5-4),0.30043250764570323,Hisense,
B01DO92VD2,"[3 Pack] eTECH Collection MiniSD/MiniSDHC to SD/SDHC Memory Card Adapter - Support SanDisk Kingston 1GB 2GB 4GB Mini SD/Mini SDHC (Adapter Only, Memory Card NOT Included)",,3.5,14,,Below Avg (3-3.5),0.2500075369965069,[3,
B01DO9355U,"Bluetooth Shower Speaker SpeakStick PRO, Listen to Music & Receive Phone Calls Anywhere, Powerful 5W Speaker, Micro SD and Built in Microphone, for Outdoor & Indoor Use -Blue",,3.2,49,,Below Avg (3-3.5),0.22002782891017933,Bluetooth,
B01DOB6Y5Q,Samsung 32GB 80MB/s EVO Select Micro SDHC Memory Card (MB-ME32DA/AM),39.99,4.6,2866,Low ($20-50),Excellent (4.5-5),0.36166103807632655,Samsung,8.674620390455534
B01DOB6YQA,Samsung 64GB 80MB/s EVO Select Micro SDXC Memory Card (MB-ME64DA/AM),22.99,4.7,1950,Low ($20-50),Excellent (4.5-5),0.3711299697070718,Samsung,4.881104033970276
B01DOB6YW4,Samsung 128GB 80MB/s EVO Select Micro SDXC Memory Card (MB-ME128DA/AM),,4.7,1659,,Excellent (4.5-5),0.3709612569391098,Samsung,
B01DOHKUAU,"Dell Venue 10 Pro Atom Quad-Core 1.33GHz 2GB 32GB 10.1"" Capacitive Touchscreen Tablet W/ Windows 10 Home (Certified Refurbished)",,3.5,57,,Below Avg (3-3.5),0.2500324670618758,Dell,
B01DOHML48,[3-Pack] TheCoos Tempered Glass Screen Protector Apple iPhone 8 & iPhone 7,,4.5,5737,,Good (4-4.5),0.35332555476642563,[3-Pack],
B01DOHOMOU,"BIRUGEAR 67mm Center-Pinch Snap-On Lens Cap for Canon Nikon Sony Pentax Samsung and Other DSLR Camera Lens with 67mm Filter Thread, Pack of 2 with Microfiber Cleaning Cloth",,4.2,18,,Good (4-4.5),0.3200098560723552,BIRUGEAR,
B01DOI3CYA,Nettech Vizio Smart TV QWERTY Keyboard Remote for All Vizio TV - 1 Year Warranty,11.98,4.4,266,Budget (<$20),Good (4-4.5),0.34015363877494825,Nettech,2.7165532879818595
B01DOIOY9C,NewerTech USB 3.0 Type-A Male to Gigabit Ethernet Adapter,,4.9,17,,Excellent (4.5-5),0.39000927630339316,NewerTech,
B01DOIYBFO,Polaroid 2x3 inch Premium Zink Photo Paper (150 Sheets) - Compatible,,4.7,110,,Excellent (4.5-5),0.3700631948168655,Polaroid,
B01DOMF1N6,"Laptop Messenger Case, Evecase Professional Office Work Messenger Briefcase Bag with Shoulder Strap fit up to 17.3 inch Laptop Ultrabook Chromebook - Black",,4.1,20,,Good (4-4.5),0.31001101561027933,Laptop,
B01DOQR67Q,Apple MM1Y2AM/A Silicone Case for iPad Pro 9.7 Inch - Retail Packaging - Charcoal Gray,,4.3,94,,Good (4-4.5),0.3300539185134724,Apple,
B01DOSOCEE,DSLRKIT Active PoE Splitter Power Over Ethernet 48V to 5V 2.4A Compliant IEEE802.3af,10.5,4.5,246,Budget (<$20),Good (4-4.5),0.35014204339570687,DSLRKIT,2.328159645232816
B01DOSVW06,Maniology (formerly bmc) 3pc Thermal Heat Color Changing Nail Lacquers Gel Polish Master Set - Beneath It All Collection,,3.6,164,,Average (3.5-4),0.2600945023408172,Maniology,
B01DOSWPUC,"Hose4Pros 50-Feet Black Cobra Flexible Expandable Garden Hose with Solid Brass Fittings, UV Protected Outer Cloth, Latex-Free Pro Spray Head and Bag",,2.7,21,,Poor (<3),0.1700115953792414,Hose4Pros,
B01DOV45PM,Gunnar Optiks PPK-07201 PPK Dark Steel Frame with Amber Lens - Not Machine Specific,,3.7,15,,Average (3.5-4),0.270008116765469,Gunnar,
B01DOW5R6M,for Garmin vivofit 2 Bands Cute Silicone Replacement Wristband Bracelet with Buckle for Garmin Vivofit2 Fitness Band,,4.0,248,,Average (3.5-4),0.300143202933631,for,
B01DOWRFKI,SMALLRIG Shoulder Support Baseplate for Canon EOS C100/C100 Mark II/C300 Mark II/for Sony FS7 FS5 with LWS 15 mm Rod Clamp - 1740,,4.5,21,,Good (4-4.5),0.3500115953792414,SMALLRIG,
B01DOXUTX2,"Remote Control Replacement for PROSCAN TV PLDED4017, PLDED4016A-D, PLDED3996A-E, PLDED3273A-E, PLDED5066A-B, PLDED5068A-D, PLED5529A-G",9.65,3.1,130,Budget (<$20),Below Avg (3-3.5),0.21007479019610686,Remote,3.1028938906752415
B01DOZ68SU,"Fintie Keyboard Case for Samsung Galaxy Tab A 8.0 (2015), Slim Shell Stand Cover w/Magnetically Detachable Bluetooth Keyboard for Tab A 8.0 SM-T350/P350 2015 (NOT Fit 2017/2018 Version), Love Tree",,4.3,85,,Good (4-4.5),0.33004870059281377,Fintie,
B01DP2IZAQ,TV REMOTE Remote Control for RCA LED LCD TV,5.0,3.6,99,Budget (<$20),Average (3.5-4),0.26005681735828273,TV,1.3850415512465375
B01DP3IEB0,Ugee M708 Graphic Drawing Pen Tablet with 10×6 Inch Large Working Area (Black Color),,3.7,32,,Average (3.5-4),0.27001797283782414,Ugee,
B01DP4OTCC,"RION TECH Cable Clips & Cord Management System, Cable Management,Cord Organizer,Desktop Cable Organizer & Computer, Electrical, Charging or Mouse Cord Holder,Cordies Desktop (Black)(8 pcs)",6.99,3.5,20,Budget (<$20),Below Avg (3-3.5),0.25001101561027933,RION,1.9914529914529917
B01DP5JCQY,New iPad 9.7 Inch 2017/ iPad Pro 9.7 Inch 2016/ iPad Air 2 / iPad Air Screen Protector Glass MouKou 0.33m 2.5D Round Edge Tempered Glass Screen Protectors,,3.4,71,,Below Avg (3-3.5),0.2400405838273448,New,
B01DP5SS1O,"BULL-TECH A1280 Battery Replacement New Laptop Battery Compatible with Apple A1280 A1278 (2008 Version) MacBook 13-Inch Series, Compable with MB771G/A MB467LL/A MB466LL/A [Li-Polymer 6-Cell 45Wh]",,4.1,606,,Good (4-4.5),0.3103507602220515,BULL-TECH,
B01DP7RU3O,Bleiou 8PCS Multifunctional Adhesive Car Charger Line Clasp Clamp Headphone/USB Cable Car Clip Interior Accessories,,3.7,221,,Average (3.5-4),0.2701275491716551,Bleiou,
B01DP9M3DO,"BESTEK International Travel Adapter, 3000W Universal Travel Adapter for Hair Dryer, Curling Iron USB Travel Wall Charger with Worldwide Wall Plugs for US, UK, AU, EU and Asia, PD 3.0 (1004, black_white)",,4.5,220,,Good (4-4.5),0.35012696940269306,BESTEK,
B01DPACKTK,"TAIFU AC DC Adapter for 24V 5A 4-pin Welltronics WTS-2405W WTS-2405s 070-7528-7874 Led LCD Monitor, Auria EQ276W EQ276WN 27"" Wqhd Korean IPS Led Monitor 2560x1440 Monitor Switching Power Supply",,3.7,31,,Average (3.5-4),0.2700173930688621,TAIFU,
B01DPC3X30,OXA Vintage Canvas Messenger Shoulder Bag for 14 Inch Laptop - Black,,4.2,19,,Good (4-4.5),0.3200104358413173,OXA,
B01DPCF90A,YONGNUO YN660 Wireless Manual Flash Speedlite GN66 2.4G Wireless Radio Master Slave for Canon Nikon Pentax Olympus,,4.1,138,,Good (4-4.5),0.3100794283478034,YONGNUO,
B01DPCJJ38,"J&D Fire 7 Case (2015 Release), Amazon Fire 7"" Cover Slim Lightweight Protective Folding Case for Amazon Fire 7"" (Will only fit Fire 7"" Display 5th Generation - 2015 Release) - Black",,4.0,146,,Average (3.5-4),0.3000840664995,J&D,
B01DPDH61O,"ipad pro 9.7 inch case,iTrendz iPad Pro 9.7 Case, Card Slots, Magnetic Closure, Auto Sleep Wake, Flip Leather Smart Case Cover With Adjustable Stand For iPad Pro 9.7 inch, Cherry Blossoms",,4.1,55,,Good (4-4.5),0.3100313075239517,ipad,
B01DPGPOTC,TrackR bravo - Silver (Discontinued by Manufacturer),,2.8,1019,,Poor (<3),0.18059020480338583,TrackR,
B01DPH78TU,Riwbox K6 Stereo Lightweight Foldable Headphones Adjustable Headband Headsets with Microphone 3.5mm for Cellphones Smartphones iPhone Laptop Computer Mp3/4(Pink),,4.3,11,,Good (4-4.5),0.3300057976896207,Riwbox,
B01DPJTQ6G,GIGABYTE GA-B150N Phoenix-WiFi LGA 1151 Intel B150 HDMI SATA 6Gb/s USB 3.1 USB 3.0 Mini ITX Intel Motherboard,,3.4,9,,Below Avg (3-3.5),0.24000463815169654,GIGABYTE,
B01DPNNU96,Digi Chip 128GB Micro-SD Memory Card for Samsung Galaxy S7 and Samsung S7 Edge Smartphone Phone,15.5,4.8,16,Budget (<$20),Excellent (4.5-5),0.38000869653443103,Digi,3.2224532224532227
B01DPO298I,"Snow WI-Kids Shock Proof Convertible Handle Stand Light Weight Super Protective Stand Cover for Tablet (7 inch Display, 2015 Release Only) (Green)",,4.2,54,,Good (4-4.5),0.3200307277549897,Snow,
B01DPO29EW,"Fire 7 Case,Fire 7 2019 Case,Snowwi Case - Kids Shock Proof Convertible Handle Stand Light Weight Super Protective Stand Cover for Amazon Fire Tablet (7 inch Display, 2019/2017 Release) (Pink)",,4.5,76,,Good (4-4.5),0.3500434826721552,Fire,
B01DPRYRYY,Sony HTCT790 Sound Bar with 4K and HDR Support,299.99,3.9,156,High ($200-500),Average (3.5-4),0.29008986418912064,Sony,76.72378516624042
B01DPRYS52,Sony HTCT390 Ultra-slim Sound Bar with Bluetooth,,4.1,400,,Good (4-4.5),0.3102313278158654,Sony,
B01DPRYSQQ,Sony HT-XT2 2.1 Channel Sound Base with Wifi and Bluetooth,,3.9,176,,Average (3.5-4),0.290101459568362,Sony,
B01DPUCMDY,"SwissGear SA2310 Mini Sling Backpack, Black",,4.5,50,,Good (4-4.5),0.3500284086791414,SwissGear,
B01DPVFWL2,"ClipFix RJ45 Connector Repair Clips 6 Pack (Snaps in Place, No Tools Required!)",,3.8,112,,Average (3.5-4),0.2800643543547896,ClipFix,
B01DPYO508,Garmin Approach X40 GPS Golf Band - XL Black/Gray,,3.9,70,,Average (3.5-4),0.2900400040583827,Garmin,
B01DQ12J80,"Fiesta Red EVA On-The-Go Storage Zip Case for Fitness Tracker Wristband Like Fitbit Alta HR, Flex, Charge, Charge 2, Charge HR, Blaze, Surge",,3.8,20,,Average (3.5-4),0.2800110156102793,Fiesta,
B01DQ36I94,42” Wide Adjustable Height Standing Desk – Convert Your Desk to a Standing Desk,,4.0,51,,Average (3.5-4),0.3000289884481035,42”,
B01DQ6QL6Q,InstallerParts 1-Gang Recessed Cable Plate - Low Voltage Cable Wall Plate for Internal Cable Management (White),9.48,4.4,20,Budget (<$20),Good (4-4.5),0.3400110156102794,InstallerParts,2.1496598639455784
B01DQ6QM6K,"InstallerParts 2-Gang Recessed Low Voltable Cable Plate - in-Wall Installation for Wall Mounted Display, Amplifier, or Other Audio and Video Devices - White, Mounting Screws Included",9.43,4.6,58,Budget (<$20),Excellent (4.5-5),0.3600330468308379,InstallerParts,2.0455531453362257
B01DQ6RIN6,InstallerParts RJ11 Modular T Adapter 1M/2F Ivory Color,,4.1,10,,Good (4-4.5),0.3100052179206586,InstallerParts,
B01DQGJ9H4,GMYLE Wooden Pattern II Soft-Touch Frosted Hard Case Cover for Old MacBook Pro 13 inch with CD-ROM (Model: A1278) [2009-2014 Release],,3.6,20,,Average (3.5-4),0.26001101561027934,GMYLE,
B01DQJ2G0I,"JJC Rapid Flash Fire Recycling External Flash Battery Pack for Speedlite Canon 600EX II-RT,580EX II,550EX,540EZ,430EZ, Yongnuo YN600EX-RT,YN560IV II, Nissin MG8000 Di866 Mark II for Canon as CP-E4N",,4.3,83,,Good (4-4.5),0.33004754105488965,JJC,
B01DQKRZF8,"Dotz Cord ID Pro Cord and Cable Identification System, 100 Count Bag, Assorted Colors (DCI151M)",39.98,4.5,1292,Low ($20-50),Good (4-4.5),0.3507484817300306,Dotz,8.864745011086475
B01DQKS6G0,"Dotz Earbud Case, Protection and Storage for Earbuds, Including Wireless Earbuds, Blue (EBC38M-CBL)",,3.9,128,,Average (3.5-4),0.2900736306581827,Dotz,
B01DQO4VWY,Noa Store 50KW Power Energy Saver Saving Box Electricity Bill Killer Up to 35% EU &US Plug,,3.8,40,,Average (3.5-4),0.28002261098952064,Noa,
B01DRE2UAI,3-Pin Female to 2 x 3-Pin Male Computer Case Fan Y-Splitter Power Connector Adapter Cable (2-Pack),8.99,4.9,25,Budget (<$20),Excellent (4.5-5),0.3900139144550897,3-Pin,1.8309572301425663
B01DRM6MLI,Ubiquiti UAP-AC-LITE UniFi AP AC LITE 802.11ac Gigabit Dual-Radio PoE,147.99,4.6,2198,Mid-High ($100-200),Excellent (4.5-5),0.36127375240966475,Ubiquiti,32.101952277657276
B01DRQEAZO,Conwork 2-Pack 3.5mm Male to Female Audio Extension Cable Stereo Headphone Cord with Volume Control 3Feet(Black),,3.8,130,,Average (3.5-4),0.2800747901961068,Conwork,
B01DRQEC52,Conwork 2-Pack 3.5mm Male to Male Audio Extension Cable Stereo Headphone Cord with Volume Control 4Feet (Black),,3.5,47,,Below Avg (3-3.5),0.25002666937225515,Conwork,
B01DRQEJ5K,Conwork 5-Pack Male to Male RCA Connector A/V Joiner Video and Audio Coupler Adapter Component,,3.9,10,,Average (3.5-4),0.2900052179206586,Conwork,
B01DRQF5YE,Conwork 6-Pack Phono RCA Female Plug to AV Screw Terminal Audio/Video Connector Adapter,,3.8,54,,Average (3.5-4),0.2800307277549896,Conwork,
B01DRUV63E,Ulincos Car Rear View Backup Camera U5032 Reversing Camera Waterproof High Definition Color CMOS Drilling or Hanging 2-in-1 Installations (Built-in Distance Lines),,3.8,46,,Average (3.5-4),0.28002608960329306,Ulincos,
B01DRV10L6,Oem For Dell Hard Drive OptiPlex 3040 5040 7040 MT Inspiron Vostro 3600 3650 Bay Caddy HDD 2.5 SSD Bracket X9FV3,13.23,4.5,291,Budget (<$20),Good (4-4.5),0.35016813299899996,Oem,2.933481152993348
B01DRZ2G8S,"DIGIANT iPADS-1 Universal Portable iPad Tripod Adapter, Black",,4.3,23,,Good (4-4.5),0.33001275491716553,DIGIANT,
B01DS1ZOIK,Enly Border Tape for Projection TV Screen - Black Felt (2 inches x 50 feet) by TapeOwl,,4.4,77,,Good (4-4.5),0.3400440624411173,Enly,
B01DS23WOC,"PcProfessional Screen Protector (Set of 2) for 2014 2015 2016 2017 2018 2019 GMC Canyon/Canyon Denali 8"" Touch Screen Display Navigation System Anti Glare Anti Scratch Filters UV",11.99,4.0,13,Budget (<$20),Average (3.5-4),0.3000069572275449,PcProfessional,2.9900249376558605
B01DS23WZQ,"PcProfessional Screen Protector (Set of 2) for 2014 2015 2016 2017 2018 2019 GMC Sierra 1500 / Sierra 1500 Denali 8"" Touch Screen Display Navigation System High Clarity Anti Scratch Filters UV",11.99,3.9,80,Budget (<$20),Average (3.5-4),0.2900458017480034,PcProfessional,3.066496163682865
B01DS8L1G2,SanDisk Ultra 16GB SDHC Class 10 UHS-1 Memory Card - Speed up to 48 MB/s,11.91,4.7,371,Budget (<$20),Excellent (4.5-5),0.37021451451596543,SanDisk,2.5286624203821657
B01DSKJFHM,AllEasy USB-C to Ethernet Adapter Unibody Aluminum Portable 1-Gigabit Ethernet Port Network Adapter,,2.7,9,,Poor (<3),0.17000463815169659,AllEasy,
B01DSPHR1S,"Lepa LPF12FLB-BL 120mm Blue LED Silent Fan for Gaming PC, Desktop Mid Tower Computer Case, CPU Cooler, and Radiator Cooling",,4.5,13,,Good (4-4.5),0.3500069572275449,Lepa,
B01DSR65XC,Kupo Baby Ball Head Adapter (KG014212),28.0,4.9,46,Low ($20-50),Excellent (4.5-5),0.39002608960329316,Kupo,5.7026476578411405
B01DSRGGXQ,"GoControl Smart Break Detector Glass, White (GB00Z-2)",44.99,2.7,26,Low ($20-50),Poor (<3),0.17001449422405177,GoControl,16.60147601476015
B01DSRHFOK,Seagate Enterprise Capacity 3.5 HDD 10TB (Helium) 7200RPM SATA 6Gb/s 256 MB Cache Internal Bare Drive (ST10000NM0016),190.0,4.2,150,Mid-High ($100-200),Good (4-4.5),0.3200863855753483,Seagate,45.13064133016627
B01DSZNFA0,Samsung HW-K370 4.1 Channel 200 Watt Wireless Audio Soundbar (2016 Model),,3.8,85,,Average (3.5-4),0.2800487005928137,Samsung,
B01DT4OEZK,"BOSS Audio Systems ATVB69 Bluetooth, Amplified, ATV UTV Sound System, Weather-Proof Marine Grade, Bluetooth Remote, 12 Volt Application Friendly",,3.2,49,,Below Avg (3-3.5),0.22002782891017933,BOSS,
B01DT6K8G2,Gearmo USB to RS-232 Serial Adapter w/LED Indicators Windows 11 Support,20.99,4.6,106,Low ($20-50),Excellent (4.5-5),0.3600608757410172,Gearmo,4.5531453362255965
B01DT7BXZ6,FiiO X3-II High Resolution Music Player (Black),,4.1,155,,Good (4-4.5),0.31008928442015854,FiiO,
B01DTHC3PA,ICE 95mm ND1000 Filter Neutral Density ND 1000 95 10 Stop Optical Glass,49.95,4.3,11,Low ($20-50),Good (4-4.5),0.3300057976896207,ICE,11.589327146171696
B01DTI8HR2,UL Listed Pwr 12V Printer Charger AD-E001 AC Power Adapter for Brother P-Touch Edge Label Maker PT-D400 PT-E300 PT-E500 PT-E550W PT-H300 PT-P700 PT-P750W UU324-1220 Labeler Long Cord - 12V Voltage,11.99,4.7,386,Budget (<$20),Excellent (4.5-5),0.37022321105039646,UL,2.545647558386412
B01DTI9CJ4,PWR+ Power Adapter Compatible with Brother P-Touch Label Makers - UL Listed Power Supply Charger with 6.7 Ft Extra Long Power Cord AD24 AD24ESA AD24A PT-D200 PT-D210 PT-1280 PT-1290 PT-1880 PT-2730,16.99,4.8,183,Budget (<$20),Excellent (4.5-5),0.3801055179510965,PWR+,3.5322245322245323
B01DTJ38Y8,ICE 100mm CPL Square Filter Circular Polarizer Optical Glass fits Cokin Z 100,59.95,4.1,28,Mid ($50-100),Good (4-4.5),0.3100156537619759,ICE,14.58637469586375
B01DTKCPLO,"Tripp Lite 12U Wall Mount 2-Post Open Frame Rack, Heavy Duty Network Equipment Rack, Switch Depth, 18"" Deep (SRWO12UHD),Black",148.18,4.6,333,Mid-High ($100-200),Excellent (4.5-5),0.36019248329540676,Tripp,32.14316702819957
B01DTKE3AA,MSI Gaming 5K Video 60mm 2 Way SLI Bridge for GTX 1080 1070 Series Graphics Card (2WAY SLI HB Bridge M),,4.4,203,,Good (4-4.5),0.34011711333033795,MSI,
B01DTMA0FK,"Movo NS-3 Rapid Action Over-The-Shoulder Sling Camera Strap with Quick Release Clip for Canon EOS, Nikon, Sony, Olympus, Pentax & Panasonic DSLR & Mirrorless Cameras",6.72,4.3,204,Budget (<$20),Good (4-4.5),0.33011769309929995,Movo,1.5591647331786544
B01DTQ1Y06,Lowrance Suncover F/hds-9 Gen3,35.95,4.7,175,Low ($20-50),Excellent (4.5-5),0.3701008797994,Lowrance,7.632696390658174
B01DTQZWOA,"StarTech.com Active HDMI to DisplayPort Converter - 1920 x 1200 - EDID Support - HDMI or DVI to DP Converter (HDMI2DP),Black",99.08,4.1,482,Mid ($50-100),Good (4-4.5),0.310278868870755,StarTech.com,24.10705596107056
B01DTR046U,"StarTech.com HDMI over CAT5/CAT6 Ethernet Extender with HDBaseT - 4K@115ft, 1080p@230ft - HDMI Video Transmitter and Receiver Kit w/ POC (ST121HDBTE),Black",214.19,3.9,43,High ($200-500),Average (3.5-4),0.2900243502964069,StarTech.com,54.78005115089515
B01DTR05UK,"Phanteks Eclipse Series P400S Silent Edition, Steel ATX Mid Tower Case Glacier White PH-EC416PSC_WT",,4.4,276,,Good (4-4.5),0.340159436464569,Phanteks,
B01DTTK3YQ,"Micro USB Cable 10Ft, OKRAY 2 Pack Long Nylon Braided USB Android Charger Cable Micro USB Charging Cord Compatible for Samsung S7/S6 Edge, PS4, HTC, LG, Nokia, Sony (Purple Hot Pink)",,4.3,158,,Good (4-4.5),0.3300910237270448,Micro,
B01DTTK4QS,"Micro USB Cable 10 Ft, OKRAY 3 Pack Long Nylon Braided Micro USB Android Charger High Speed 2.0 Data Sync Cord Compatible with PS4, Samsung Galaxy S7/S6/J7/Note 5, K40/K20, HTC, Nokia(Black Gold Red)",,4.0,99,,Average (3.5-4),0.30005681735828277,Micro,
B01DTTK4RM,"Micro USB Cable 10 Ft, OKRAY 3 Pack Long Nylon Braided Micro USB Android Charger High Speed 2.0 Data Sync Cord Compatible with PS4, Samsung Galaxy S7/S6/J7/Note 5, K40/K20, Tablets(Black Blue Purple)",,4.3,263,,Good (4-4.5),0.330151899468062,Micro,
B01DTXB66G,Godox TT685S HSS 1/8000S GN60 TTL Flash Speedlite 0.1-2.s Recycle Time 230 Full Power Flashes Supports TTL/M/Multi/S1/S2 Modes 20-200mm Auto/Manual Zooming for Sony DSLR with MI Shoe,,4.4,285,,Good (4-4.5),0.3401646543852276,Godox,
B01DTXSF92,RadioShack 3.6V/700mAh Ni-Cd Cordless Phone Battery for AT&T & V-Tech,,3.6,43,,Average (3.5-4),0.2600243502964069,RadioShack,
B01DTZWE8I,Kingston Digital 128GB SDXC Class 10 UHS-I 90R/45W Flash Card (SDA10/128GB),,4.3,679,,Good (4-4.5),0.33039308335628254,Kingston,
B01DU0Q3EI,TMEZON 4 Pack OSD Security Bullet Camera HD 1080P 2.0MP 4-in-1 AHD/CVI/TVI/CVBS 3.6mm Lens Waterproof Outdoor Surveillance Camera,,3.4,13,,Below Avg (3-3.5),0.2400069572275448,TMEZON,
B01DU2L7RY,"USB C to Micro USB Adapter, USB-C to USB 3.0 Converter, iXCC USB Type C Adapter Works with Galaxy S8 S8+, MacBook, ChromeBook Pixel, LG G5 G6, HTC 10, Nexus 5X, Nexus 6P, OnePlus 2",,4.2,122,,Good (4-4.5),0.32007015204441036,USB,
B01DU3KYIG,"TecBillion 3 Feet Cat6 Ethernet Patch Cable - RJ45 Computer Networking Cord in Black, White, Red, Blue, and Green",,3.7,8,,Average (3.5-4),0.2700040583827345,TecBillion,
B01DU3L01Q,"TANGDIAABBCC K-Musculo TecBillion 5 Feet Cat6 Ethernet Patch Cable - RJ45 Computer Networking Cord in Black, White, Red, Blue, and Green,",,5.0,11,,Excellent (4.5-5),0.4000057976896207,TANGDIAABBCC,
B01DU3M6VY,"MAA-KU EC Axial Cooling Blower Exhaust Rotary Fan Size : 4.75"" inches (12x12x3.8cm)(120x120x38mm), Material : Thermoplastic, Supply Voltage : 115vac, Color : Black.",,3.4,23,,Below Avg (3-3.5),0.2400127549171655,MAA-KU,
B01DU3RH90,"Eyoyo 1D Wireless Barcode Scanner,Compatible with Bluetooth Function & 2.4GHz Wireless & Wired Connection, Portable Barcode Reader Work with Windows, Mac,Android, iOS Phones, Tablets or Computers",,4.0,129,,Average (3.5-4),0.3000742104271448,Eyoyo,
B01DU3TB5S,"REACHER Portable Bluetooth Speaker FM Radio MP3 Player Built-in Power Bank, Mic, Micro TF SD Card, USB Input, AUX Line-in, Powerful Dual 5W Audio Driver",,3.9,154,,Average (3.5-4),0.29008870465119646,REACHER,
B01DU41VVE,Philips LFH3500 SpeechMike Premium USB Dictation Microphone Precision Microphone Push Button Control,302.99,4.2,233,High ($200-500),Good (4-4.5),0.3201345063992,Philips,71.96912114014252
B01DU5L7VC,Godox X1T-C 2.4G E-TTL Wireless LCD Flash Transmitter for Canon Camera (X1T-C),,4.5,70,,Good (4-4.5),0.35004000405838276,Godox,
B01DU7CNQ8,"LG G5 Friends 360 CAM LG-R105 (International Version, No Warranty)",129.99,3.4,467,Mid-High ($100-200),Below Avg (3-3.5),0.24027017233632397,LG,38.120234604105576
B01DU87RU4,Schiit Vali 2+ Tube Hybrid Headphone Amp and Preamp (Silver),,4.6,70,,Excellent (4.5-5),0.3600400040583827,Schiit,
B01DU8CCZY,Replacement Control Pod Compatible for Logitech Z-5300 5.1-Channel Surround Computer Sound Speaker System,39.99,4.4,69,Low ($20-50),Good (4-4.5),0.34003942428942074,Replacement,9.068027210884354
B01DUC1M2O,20 Sets Mini Micro Sh 1.0 Jst 4-Pin Connector Plug Male with 150mm Cable & Female,8.39,4.3,142,Budget (<$20),Good (4-4.5),0.3300817474236517,20,1.946635730858469
B01DUC1O68,daier 20 Sets Mini Micro Jst 2.0 Ph 2-Pin Connector Plug Male with 150mm Cable & Female,8.99,4.4,251,Budget (<$20),Good (4-4.5),0.3401449422405172,daier,2.0385487528344672
B01DUC1S7S,20 Sets Mini Micro Jst 2.0 Ph 4 Pin Connector Plug Male With 150mm Cable & Female,7.56,4.4,217,Budget (<$20),Good (4-4.5),0.3401252300958069,20,1.7142857142857142
B01DUDPKVW,"EC Technology Power Bank Case, EVA Travel Bag Works with Anker PowerCore 20000mAh Powerbank Baseus Portable Charger 10000 30000, Zipper Hard Drive Case with Mesh Pocket & Hook & Elastic Bonds",,4.5,218,,Good (4-4.5),0.35012580986476893,EC,
B01DUL91TG,TRENDnet 2 SATA II Bays for up to 12TB StorageTV-NVR208,,3.2,25,,Below Avg (3-3.5),0.22001391445508967,TRENDnet,
B01DUL966O,Samsung TV Stand Legs for UN32J4000AFXZA BN96-36499F BN63-13872X BN63-13875X,25.0,4.0,336,Low ($20-50),Average (3.5-4),0.300194222602293,Samsung,6.234413965087282
B01DUMHE9O,HDE Controller Charger for Sony PlayStation 4 Charging Dock Dual USB Charge Station for PS4 Slim Pro Game Controllers,,4.0,61,,Average (3.5-4),0.30003478613772416,HDE,
B01DUMYDWA,"iPad case, iPad 2 / 3 / 4 case, Anken [Shockproof] Case Light Weight Kids Friendly Case Super Protection Cover Handle Stand Case For iPad 2 / 3 / 4 (iPad 2 / 3 / 4, blue )",,3.6,48,,Average (3.5-4),0.2600272491412172,iPad,
B01DUNT7FC,AmmoTenna Caliber Replica Antenna Gold (50GD),25.55,4.4,108,Low ($20-50),Good (4-4.5),0.3400620352789414,AmmoTenna,5.7936507936507935
B01DUOO9O0,"kandouren - case Cover for Kindle Paperwhite (for Kindle Paperwhite, Lighthouse)",,4.5,940,,Good (4-4.5),0.3505444030553825,kandouren,
B01DURB7KQ,"CyberPower MP1044NN Power Strip, 6-Outlets, 2-Foot Cord, Multi Pack, White",12.95,4.6,45,Budget (<$20),Excellent (4.5-5),0.360025509834331,CyberPower,2.8091106290672454
B01DUSBHDM,"Tram 1094-BNC Scanner 3 1/2"" Magnet Antenna with BNC-Male Connector, 20.25in. x 5.25in. x 2.00in.",,4.5,239,,Good (4-4.5),0.3501379850129724,Tram,
B01DV1Z0Z4,Cable Matters 2-Pack 2 Way 4 Pin PWM Fan Splitter Cable - 4 Inches,7.99,4.8,1404,Budget (<$20),Excellent (4.5-5),0.38081341585378226,Cable,1.6611226611226613
B01DV1Z36A,Cable Matters 2-Pack ATX Power Supply 4-Pin CPU Extension Cable - 8 Inches,7.49,4.7,459,Budget (<$20),Excellent (4.5-5),0.3702655341846275,Cable,1.5902335456475585
B01DV1Z57C,Cable Matters 2-Pack 6 Pin PCIe Splitter Cable (PCIe Power Splitter) - 6 Inches,9.49,4.5,191,Budget (<$20),Good (4-4.5),0.35011015610279306,Cable,2.1042128603104215
B01DV4L1K4,"Movo Photo NS-6 Neoprene Camera Wrist Strap with Quick-Action Release Clip (Attaches Securely via Tripod Mount) - for Canon EOS, Nikon, Sony, Olympus, Pentax and Panasonic DSLR and Mirrorless Cameras",12.95,4.4,54,Budget (<$20),Good (4-4.5),0.3400307277549897,Movo,2.9365079365079363
B01DVG2RKK,Razer Hammerhead Pro v2 Earbuds: Custom-Tuned Dual-Driver Technology - in-Line Mic & Volume Control - Aluminum Frame - 3.5mm Headphone Jack - Green,,4.1,700,,Good (4-4.5),0.31040525850448597,Razer,
B01DVG2YWQ,Razer Hammerhead v2 Earbuds: Custom-Tuned Dual-Driver Technology - Aluminum Frame - 3.5mm Headphone Jack - Green,,3.8,183,,Average (3.5-4),0.28010551795109645,Razer,
B01DVH7C0O,Happy Hacking Keyboard Professional PD-KB600B,339.21,4.0,83,High ($200-500),Average (3.5-4),0.3000475410548897,Happy,84.59102244389027
B01DVK8B3S,"Eoncore Portable Wrist 4.3"" 720P 1080P TVI CCTV Camera Cam Video Test Monitor Tester 12V-Out (TVI)",,4.0,14,,Average (3.5-4),0.30000753699650695,Eoncore,
B01DVK9BIC,LeeKooLuu Backup Camera and 4.3 Monitor Single Power Kit IP68 Waterproof 150°Viewing Angle Rear View Camera Super Night Vision Parking Lines for Car/RV/Truck/Pickup/Van,,4.1,123,,Good (4-4.5),0.31007073181337236,LeeKooLuu,
B01DVPD6LA,"Isopropyl Alcohol Cleaning Card,CR80 Cleaning Cards,10 Pcs per Bag,Aloha&Any POS Swipe Terminal Cleaning,Card Reader Cleaning",,4.2,113,,Good (4-4.5),0.32006493412375175,Isopropyl,
B01DVR0MN8,WAWPI Audio Cable 3.5mm Connector Male to Male 25ft MPS-MPS-25STB,,4.1,26,,Good (4-4.5),0.3100144942240517,WAWPI,
B01DVR53MS,Laptop Battery for HP pavilion G4 G6 G7 G7-1070us dm4-1100 dm4-1160us dm4-1253c dm4-1265dx dm4-2015dx dm4-2070us dm4-2165dx dm4-2180us dm4-3050us dm4-3055dx dv5-2074dx dv5-2134us dv5-2135dx dv6-3257cl,20.99,4.4,230,Low ($20-50),Good (4-4.5),0.34013276709231377,Laptop,4.759637188208616
B01DVU67WU,Aboom Phantom 4 Phantom 4 Pro Phantom 3 Remote Controller Monitor Hood Sunshade Sun Hood and Cleaning Cloth for Tablets (7.9 inch iPad Mini and majority of small-form factor tablet devices ),,3.6,53,,Average (3.5-4),0.2600301479860276,Aboom,
B01DVUBWUM,Smatree Tripod Stand + Ajustable Wrist Strap,,4.7,6,,Excellent (4.5-5),0.3700028988448104,Smatree,
B01DVXDXQU,"Emergency Crank Weather Radio, AM/FM/NOAA Hand Crank Portable Solar Radio with SOS Alarm, Battery Operated, LED Flashlight & Reading Lamping, 2000mAh Power Bank for Emergency Phone Charge Green",29.9,4.5,7212,Low ($20-50),Good (4-4.5),0.35418071398547685,Emergency,6.629711751662971
B01DW11C4G,"Foscam 8CH PoE 1080P Security CCTV Surveillance System, Pre-Installed 2TB HDD, Power Over Ethernet NVR KIT, 4 Full HD 2MP 1080P Indoor/Outdoor IP66 Waterproof Bullet IP Camera, 65FT Night Vision",,3.4,35,,Below Avg (3-3.5),0.24001971214471032,Foscam,
B01DW1X348,TerraMaster D5-300 USB3.0 (5Gbps) Type C 5-Bay External Hard Drive Enclosure Support RAID 5 Hard Disk RAID Storage (Diskless),280.97,3.3,127,High ($200-500),Below Avg (3-3.5),0.23007305088922061,TerraMaster,84.88519637462238
B01DW1YHLQ,"Mola-Tech 65w Power Adapter with USB Cable for Microsoft Surface Book, Surface Pro 3 and 4",,3.8,10,,Average (3.5-4),0.2800052179206586,Mola-Tech,
B01DW22G2W,"GH 4K@60Hz hdmi Cable 6ft 2 Pack - Flat High Speed Hdmi 2.0 Cable, 18Gbps, 2160P, Ethernet - Braided HDMI Cord 28AWG, YUV 4:4:4, Audio Return(ARC) for Xbox One, PS4, TV, PC, Projector",,4.3,104,,Good (4-4.5),0.3300597162030931,GH,
B01DW3BAGE,"SMALLRIG Professional Camera Cage for Canon, for Nikon, for Sony, for Panasonic GH3/GH4 with Battery Grip-1750",,4.4,48,,Good (4-4.5),0.3400272491412173,SMALLRIG,
B01DW4Z6XQ,"Snugg iPad Pro 12.9"" 1st & 2nd Gen (2017 & 2015) Leather Case, Flip Stand Cover - Blackest Black",24.99,4.1,420,Low ($20-50),Good (4-4.5),0.31024292319510677,Snugg,6.080291970802921
B01DW9CZ9O,"MicroScreen 15,6 LED Full HD Matte N156HGE-EAL Rev.C1, N156HGE-EAL REV.C1 (N156HGE-EAL Rev.C1)",51.01,4.2,25,Mid ($50-100),Good (4-4.5),0.3200139144550897,MicroScreen,12.116389548693586
B01DWEC80K,2 x 6dBi 2.4GHz 5GHz Dual Band WiFi 30cm IPEX U.FL Cable RP-SMA Female,,4.1,38,,Good (4-4.5),0.31002145145159654,2,
B01DWF0BKS,JENSEN JCR-210 AM/FM Digital Dual Alarm Clock Radio with Nature Sounds,20.99,3.6,584,Low ($20-50),Average (3.5-4),0.260338005304886,JENSEN,5.814404432132964
B01DWK2QD8,Microsoft Surface Pro 2 10.6in i5-4200U 256GB Win 10 Pro Wi-Fi Tablet (Renewed),,3.9,38,,Average (3.5-4),0.2900214514515965,Microsoft,
B01DWN40UM,Incipio Carrying Case for Apple iPhone 6 Plus/iPhone 6S Plus - Retail Packaging - Bearded Daisy/Silver,6.55,4.2,18,Budget (<$20),Good (4-4.5),0.3200098560723552,Incipio,1.5558194774346794
B01DWOAKRS,"Rii I8 Mini 2.4Ghz Wireless Touchpad Keyboard with Mouse for Pc, Pad, Xbox 360, Ps3, Google Android Tv Box, Htpc, Iptv (Black)",,3.6,66,,Average (3.5-4),0.2600376849825345,Rii,
B01DWS36M0,"55mm Tulip Flower Lens Hood for Nikon D3400, D5600 with 18-55MM AF-P DX, DL24-500 f/2.8-5.6 Digital Camera + Microfiber Cleaning Cloth",8.99,4.4,74,Budget (<$20),Good (4-4.5),0.3400423231342311,55mm,2.0385487528344672
B01DWS3V7U,"Replacement Remote Control for Insignia RMC-SB515, RMCSB515, NSSB515",34.95,4.5,61,Low ($20-50),Good (4-4.5),0.35003478613772415,Replacement,7.749445676274946
B01DWS8DWS,"55mm Soft Rubber Lens Hood for Nikon D3400 with 18-55MM AF-P DX, D5600 with 18-55MM, DL24-500 f/2.8-5.6 Digital Camera + Microfiber Cleaning Cloth",6.99,4.1,36,Budget (<$20),Good (4-4.5),0.3100202919136724,55mm,1.7007299270072995
B01DX071TQ,i-UniK LG G Pad X 8.0 Compatible AT&T V520 / T-Mobile V521 Custom Slim Folio Tablet Case [Bonus Stylus] (Black),,3.9,49,,Average (3.5-4),0.29002782891017925,i-UniK,
B01DX22KK4,Gigabyte GA-Z97-HD3 LGA 1150 Z97 HDMI 2-Way CrossFire ATX Motherboard,149.99,4.2,188,Mid-High ($100-200),Good (4-4.5),0.3201084167959069,Gigabyte,35.627078384798104
B01DX39M5E,Galaxy Tab E 9.6 Case - Poetic TurtleSkin Series [Corner/Bumper Protection][Grip][Sound-Amplification][Bottom Air Vents] Protective Silicone Case for Samsung Galaxy Tab E 9.6 (2015) Purple,,4.5,160,,Good (4-4.5),0.35009218326496894,Galaxy,
B01DX3U1I6,"NuVision TM800W560L 8"" Tablet Case, UniGrip Edition - by Cush Cases (Hot Pink)",12.95,5.0,1,Budget (<$20),Excellent (4.5-5),0.4,NuVision,2.5848303393213574
B01DX8HHQ0,"Netis WF2403 Wireless N300 Pocket Size Traveler AP Router / Repeater/ Client All in One, USB Powered, Adapter Included",,2.9,8,,Poor (<3),0.1900040583827345,Netis,
B01DX9OT1A,"Zetek 100pcs Foam Tip Cleaning Swabs Sponge Stick for Inkjet Printer, Printhead, Camera, Cleanroom, Optical Lens, Gun, Automotive Detailing, Optical Equipment",,4.6,257,,Excellent (4.5-5),0.36014842085428955,Zetek,
B01DXB7RGC,iExcell 100 Pcs Black RJ45 Ethernet Network Cable Strain Relief Boots,,4.6,164,,Excellent (4.5-5),0.3600945023408172,iExcell,
B01DXBLKG0,Gopro Hero Extension Arm - TOOGOO(R) Aluminium Extension Arm Metal Pole Mount Helmet for Gopro Hero 2 3 3+ 4 SJ4000,,4.0,15,,Average (3.5-4),0.300008116765469,Gopro,
B01DXBVKZG,"ZEALOT S2 Bluetooth Speaker with Enhanced Bass & 12H Playtime, Portable Wireless Speaker with Build in Microphone for iPhone, Samsung (Black)",,3.3,79,,Below Avg (3-3.5),0.23004522197904134,ZEALOT,
B01DXC2JFA,PolarPro DJI Phantom 4 CP Filter-Gunmetal Edition,,4.3,27,,Good (4-4.5),0.3300150739930138,PolarPro,
B01DXCKH9U,"Cehensy 5826375 in-Ear Noise Isolation Headphones with Mic On-Ear Earphones Wired Earbuds Dual Dynamic Drivers, Hi-Fi Stereo Bass Headphones for iPhone, iPod, iPad, Samsung and Other Android Phones",,3.3,61,,Below Avg (3-3.5),0.2300347861377241,Cehensy,
B01DXCWSVA,"Action Camera, Pictek Wifi Waterproof Sports Action Camera, 2.0inch 12MP 1080P HD Video Camera with 170 Wide Angle Lens, 2 Batteries and Accessories",,3.5,32,,Below Avg (3-3.5),0.2500179728378241,Action,
B01DXE29OY,ELECBRAiN 45WH Laptop Battery for A1278 A1280 (MacBook 13-Inch Late 2008 Aluminum Version) Aluminum Unibody MB467LL/A / MB466LL/A,35.99,4.2,429,Low ($20-50),Good (4-4.5),0.32024814111576544,ELECBRAiN,8.548693586698338
B01DXGO8EG,Booq DP-CLC Daypack Lightweight Everyday Laptop Backpack – Clay Canvas,,3.5,37,,Below Avg (3-3.5),0.2500208716826345,Booq,
B01DXHYXZO,"Fintie Keyboard Case for iPad Pro 9.7 - [Blade X1] Slim Shell Standing Cover with Magnetically Detachable Wireless Bluetooth Keyboard for iPad Pro 9.7 inch (2016 Version), Black",,3.7,52,,Average (3.5-4),0.27002956821706553,Fintie,
B01DXHZ22M,"Fintie Keyboard Case for iPad Pro 9.7 - [Blade X1] Slim Shell Standing Cover with Magnetically Detachable Wireless Bluetooth Keyboard for iPad Pro 9.7 inch (2016 Version), Navy",,3.4,31,,Below Avg (3-3.5),0.24001739306886205,Fintie,
B01DXICKVM,"Bluetooth Headset, Samnyte V4.1 Hands Free Bluetooth Earpiece with Microphone Wireless Earbud Car Headphones for Office Driving iPhone Samsung Android",,3.2,25,,Below Avg (3-3.5),0.22001391445508967,Bluetooth,
B01DXK4ZFO,DUNNO iPad 6th/5th Generation Case 9.7 Inch (2018/2017) - Stand Folio Soft Leather Wallet Smart Cover Case for 2018/2017 Apple iPad 9.7 inch (All Brown),,4.3,73,,Good (4-4.5),0.330041743365269,DUNNO,
B01DXKMSBM,EverAct Clip Holder Compatible with Fitbit Zip,,4.3,106,,Good (4-4.5),0.3300608757410172,EverAct,
B01DXKMULA,EverAct Clip Holder Compatible with Fitbit Zip,,4.3,93,,Good (4-4.5),0.3300533387445103,EverAct,
B01DXM746Y,"Camera Tripods,Phone Holder Adapter,Travel Tripod for Canon Sony Nikon Panasonic Olympus Fuji Camera with Carry Case",,3.7,13,,Average (3.5-4),0.27000695722754486,Camera,
B01DXN5NX4,"Atron Vision AVF240 24-Inch 144 Hz FHD Gaming Monitor. 1920x1080 LED Monitor, 1ms Response Time, Overclock Support, Built-In Speakers, Remote, Flicker Free",,3.4,49,,Below Avg (3-3.5),0.2400278289101793,Atron,
B01DXPST8I,"niceEshop(TM) Multi-in-one MS/SD/M2/TF Memory Card Reader Combo, High Speed 3 Ports USB 2.0 Hub for Windows/iMac Laptop Tablet",,4.0,62,,Average (3.5-4),0.3000353659066862,niceEshop(TM),
B01DXQG52Y,[2016 Updated] New Hisense Smart Internet TV Replacement Remote Substitute with EN-22652A EN-31201A EN-33922A EN-33925A EN-33926A,,4.3,86,,Good (4-4.5),0.33004928036177583,[2016,
B01DXRE5H0,EverAct Clip Holder Compatible with Fitbit One,,3.9,49,,Average (3.5-4),0.29002782891017925,EverAct,
B01DXRE5J8,EverAct Clip Holder Compatible with Fitbit One,,4.4,470,,Good (4-4.5),0.34027191164321025,EverAct,
B01DXRE6CE,EverAct Clip Holder Compatible with Fitbit One,,3.9,48,,Average (3.5-4),0.2900272491412172,EverAct,
B01DXRE7V4,EverAct Clip Holder Compatible with Fitbit One,,4.2,60,,Good (4-4.5),0.3200342063687621,EverAct,
B01DXSO5RY,"BXQINLENX Silver Chrome G1/4"" to ID 3/8"" OD 1/2"" Soft TUBING Compression Fitting for Computer Water Cooling System Through Joint Straight Joint(4 PCS)",11.99,4.5,227,Budget (<$20),Good (4-4.5),0.35013102778542754,BXQINLENX,2.658536585365854
B01DXTH020,"iBeani iPad Pillow & Tablet Cushion Stand - Securely Holds Any Size Tablet, eReader or Book Upto 12.9 inches, Hands Free Comfort at Any Angle on Any Surface - Blue Denim",,4.4,704,,Good (4-4.5),0.3404075775803343,iBeani,
B01DXVMKIC,"Seedforce Laptop Cooling Pad for 15.6""-17""-Inch Laptops, Ultra Slim Portable USB Powered and Blue LED Fans",,3.5,24,,Below Avg (3-3.5),0.2500133346861276,Seedforce,
B01DXVQ858,Smatree Battery (2 Pack) and 3-Channel Charger for Gopro Hero 4,,4.1,39,,Good (4-4.5),0.3100220312205586,Smatree,
B01DY0NRCA,Mudder Headphone/Headset Ear Pad Replacement for Bose Around Ear AE1/ Triport 1 TP-1 Headphones,9.99,4.5,490,Budget (<$20),Good (4-4.5),0.3502835070224516,Mudder,2.215077605321508
B01DY6FT3E,"VersionTECH. LED Bluetooth Speaker Colorful Wireless Loud Speaker with Remote Control, Enhanced Bass for iPhone iPad Samsung PC,Support Aux-in/tf Card",,4.3,1358,,Good (4-4.5),0.3307867464815271,VersionTECH.,
B01DY8FN06,"Tram 1081-SMA 144MHz/430MHz Dual-Band Magnet Antenna with SMA-Male Connector, 15.80in. x 3.15in. x 1.30in.",12.72,3.4,16,Budget (<$20),Below Avg (3-3.5),0.24000869653443102,Tram,3.730205278592376
B01DY8FNAQ,"Tram 1081-FSMA 144MHz/430MHz Dual-Band Magnet Antenna with SMA-Female Connector, 16.00in. x 3.10in. x 1.40in.",16.99,3.4,23,Budget (<$20),Below Avg (3-3.5),0.2400127549171655,Tram,4.9824046920821115
B01DY8FOK0,"Tram 1089-BNC Scanner Mini-Magnet Antenna VHF/UHF/800MHz-1, 300MHz with BNC-Male Connector, 16.15in. x 2.90in. x 1.30in.",16.9,4.4,937,Budget (<$20),Good (4-4.5),0.3405426637484963,Tram,3.8321995464852603
B01DYKND1A,"Custom SLR Slim Strap - Genuine Leather Camera Sling, Shoulder, Neck Strap for Mirrorless, Micro Four Thirds, Compact Cameras. Camera Strap only. C-Loop Mini Purchased Separately.",,4.1,11,,Good (4-4.5),0.31000579768962067,Custom,
B01DYQTU70,ZuZo VR 3D Glasses - Virtual Reality Headset for Smartphones 4-5.5 Inch With Warranty,,2.4,17,,Poor (<3),0.14000927630339308,ZuZo,
B01DYR9CKE,"EyePal Lens Cleaning Care Spray for Glasses, Camera & LCD Screens - (4oz).",,4.0,58,,Average (3.5-4),0.300033046830838,EyePal,
B01DYROQ7S,Lensbaby Twist 60 Optic with Straight Body for Canon EF.,279.95,3.7,27,High ($200-500),Average (3.5-4),0.2700150739930138,Lensbaby,75.45822102425876
B01DYVLGWM,Casio WSD-F10 Smart Outdoor Watch,,3.8,84,,Average (3.5-4),0.28004812082385167,Casio,
B01DZ0IBIY,"FamGo 15.6 Inch Laptop Case, Laptop Carrying Bag with Shoulder Strap, Water-resistant Neoprene Sleeve, Used for Acer/Asus/Dell/Lenovo/HP - Men, Women & Kids, Business Casual or School (Red)",,4.4,270,,Good (4-4.5),0.34015595785079655,FamGo,
B01DZ384A6,V LED Warehouse Mini Projector Wall Ceiling Mount Hanger 5KG Load Mounting Bracket for Mini Projector Camera,9.99,4.2,1302,Budget (<$20),Good (4-4.5),0.32075427941965134,V,2.3729216152019004
B01DZ4NOEQ,"D&O Lighting Dual D-Tap Battery Charger, Li-Ion Gold Mount and V Mount Battery Charger for Broadcast Video Camera and Professional Camcorder Batteries, Compatible with Sony, Comer and More",85.0,4.6,125,Mid ($50-100),Excellent (4.5-5),0.36007189135129647,D&O,18.438177874186554
B01DZ6BF1S,BAKTH 9V Advanced Li-ion Battery 9 Volt 650mAh High Capacity Low Self-Discharge Lithium-ion Rechargeable Batteries (8 Pack),,3.8,35,,Average (3.5-4),0.28001971214471033,BAKTH,
B01DZ72NQ8,KING OA8201 Jack HDTV Over-the-Air Antenna with Mount and Built-in Signal Meter - Black (Discontinued by Manufacturer),,4.2,360,,Good (4-4.5),0.3202081370573827,KING,
B01DZ9BM8Q,"Smatree Baseball Hat Mount Mesh Cap Compatible with Gopro Hero 11/10/9/8/7/6/5/5 Session/4/3+/3/2/1/DJI OSMO Action Cameras, Wool Material (L 58-60cm) Black",17.99,4.4,248,Budget (<$20),Good (4-4.5),0.34014320293363104,Smatree,4.079365079365079
B01DZ9DWFM,128GB Ultra High Speed 80-90MB/s 533X UHS-1 Microsd SDXC Pack. Class 10 UHS-I MicroSDXC Extreme Pro Memory. Esoultech Turbo Performance 128GB Micro SD Card Plus Adapter (128G Performance TF G5),,4.1,16,,Good (4-4.5),0.310008696534431,128GB,
B01DZ9UHNW,"BXQINLENX Silver Chrome Hard Tube Fitting G 1/4"" to ID 10 mm OD 14 mm PETG Triple Seal Fitting for Computer Water Cooling System Through Joint Straight Joint (4 PCS)",12.99,4.5,66,Budget (<$20),Good (4-4.5),0.3500376849825345,BXQINLENX,2.8802660753880267
B01DZA09YI,Tenba Tool Box 8 (636-243),,4.4,123,,Good (4-4.5),0.34007073181337244,Tenba,
B01DZAZKEW,"BXQINLENX Silver Chrome G 1/4"" Female to Female 90° Rotary Enhance Multi-Link Adapter Fitting for Computer Water Cooling System(4 PCS)",11.98,4.1,29,Budget (<$20),Good (4-4.5),0.31001623353093793,BXQINLENX,2.914841849148419
B01DZCF18A,"BUJIAN T90 Gaming Cooling Pad for 12""-17"" Laptop,Ajustable Storm Airflow up to 4000RPM, LED/Fans Switch,Dual USB Port, Turbine 2 Fan",,3.7,26,,Average (3.5-4),0.2700144942240517,BUJIAN,
B01DZI3K0A,"BXQINLENX Nickel-Plated Brass Silver Chrome G 1/4"" Male to Female 90° Rotary Enhance Multi-Link Adapter Fitting for Computer Water Cooling System(4 PCS)",17.99,4.6,164,Budget (<$20),Excellent (4.5-5),0.3600945023408172,BXQINLENX,3.9023861171366594
B01DZKAWOA,PwrON 65W AC Adapter for Dell Chromebook 13 7310; Inspiron 13 7000 Series i7347; Inspiron 14 3000 7000 Series 7437;Latitude 13 7000 Series,16.99,4.0,72,Budget (<$20),Average (3.5-4),0.3000411635963069,PwrON,4.236907730673317
B01DZKPOHA,"GGMM E3 WiFi Bluetooth Speaker Alexa Built-in Alexa Speaker, Multi Room Play Smart Speaker with LED Clock, Alarm Setting, USB Charging Port, Stereo Sound Airplay Speaker",,3.5,35,,Below Avg (3-3.5),0.25001971214471036,GGMM,
B01DZM62II,Wearson WS-03C Folding Metal LCD TV Holder Touch Screen Monitor Desk Bracket with VESA Hole 75x75&100x100mm,38.99,4.0,96,Low ($20-50),Average (3.5-4),0.3000550780513966,Wearson,9.723192019950126
B01DZOB5DS,"Huawei Active Noise Cancelling (ANC) Customizable Ergonomic in-Ear Headphones, Gold (US Warranty)",,3.3,85,,Below Avg (3-3.5),0.23004870059281374,Huawei,
B01DZOX446,"USB 2.0 A Male Plug to 2 Dual USB A Female Jack Y Splitter Hub Adapter Cable One Port for Charging & Data Sync Another Only for Charging(USB M-2F,0.5m)",,4.0,178,,Average (3.5-4),0.3001026191062862,USB,
B01DZP4UAM,"Nikon 55-200mm f/4-5.6G ED IF AF-S DX VR [Vibration Reduction] Nikkor Zoom Lens Bulk packaging (White box, New)",295.96,4.6,4267,High ($200-500),Excellent (4.5-5),0.3624732943921847,Nikon,64.1995661605206
B01DZPIKG2,"Fisheye Lens For iPhone 6,SDB[Upgraded] Heavy Duty Cases Built-in Screen Protector, Shockproof Metal Case with Fisheye Lens + Wide Angle Lens + Macro Lens",,3.4,22,,Below Avg (3-3.5),0.24001217514820344,Fisheye,
B01DZQJQQE,"Fintie iPad Pro 12.9 Keyboard Cover - Blade Z1 Slim [Multi-Angle] Wireless Bluetooth Keyboard with Auto Wake/Sleep for Apple iPad Pro 12.9 (1st Gen 2015)/ iPad Pro 12.9 (2nd Gen 2017), Gold",,3.5,109,,Below Avg (3-3.5),0.2500626150479034,Fintie,
B01DZQLZ72,DJW 19V 7.1A 135W Ac Adapter/Power Cord Supply for Acer Nitro 7 AN715-51 Nitro 5 AN515-41 AN515-51 AN515-42 AN515-52 AN515-31 AN515-54 AN517-51 AN515-43 AN515-53 N18C3 N18C4,,4.4,96,,Good (4-4.5),0.3400550780513966,DJW,
B01DZR8R04,TNP 3 RCA Cable (15 FT) - 3RCA AV RCA Composite Video + 2RCA Stereo Audio M/M Male to Male Dual Shielded RCA Connector Plug Jack Wire Cord,11.12,4.5,165,Budget (<$20),Good (4-4.5),0.3500950821097793,TNP,2.465631929046563
B01DZRUC5C,V LED Warehouse Adjustable Security Camera Aluminium Brackets Pan Tilt Wall Ceiling Mounts for CCTV DVR Camera Home Surveillance System,,3.6,22,,Average (3.5-4),0.26001217514820346,V,
B01DZRUSM4,"Leather Bags Twin Pocket Leather Messenger Bag Business Bag Briefcase Laptop Case 16"" 18"" (12 x 16 (40.6 cm))",,4.1,99,,Good (4-4.5),0.3100568173582827,Leather,
B01DZS6OF8,"Koss KEB25iW Ear Bud with Microphone, White",,3.7,69,,Average (3.5-4),0.2700394242894207,Koss,
B01DZS9UB8,"Patriot Memory 16GB Pulse Series USB 2.0 Flash Drive, 5 Pack, Red (PSF16GXPPR5PK)",,4.2,941,,Good (4-4.5),0.32054498282434457,Patriot,
B01DZSFDE6,"DROK® Numerical Control Voltage Regulator DC 6-40V to 0-32V 5A Buck Converter, 24V 12V to 5V Constant Voltage Current Step Down Adjustable Output Power Supply with LED Ammeter Voltmeter Display",,4.6,42,,Excellent (4.5-5),0.3600237705274448,DROK®,
B01DZVGNRY,TiVo Roamio Pro 3 TB,,3.8,21,,Average (3.5-4),0.28001159537924136,TiVo,
B01DZWL4MC,Case Star Feather Series Silicone Keyboard Cover Skin Only for MacBook 12 Inch Retina Display A1534 (Aqua Feather/White Color),,4.2,40,,Good (4-4.5),0.32002261098952073,Case,
B01DZYT6QG,"iPad Pro 9.7 Case, Anker [Ultra-Slim] Premium Folio Case for 9.7-inch iPad Pro — Smart Cover with Auto Sleep/Wake Function (Black)",,3.7,51,,Average (3.5-4),0.27002898844810347,iPad,
B01DZZN7JC,Synergy Digital USB Cable Compatible with Fujifilm FinePix XP90 Digital Camera USB Cable 3' MicroUSB To USB (2.0) Data Cable,6.55,4.6,34,Budget (<$20),Excellent (4.5-5),0.36001913237574823,Synergy,1.420824295010846
B01E01IUBK,Smart Fitness Tracker Watch,,3.2,109,,Below Avg (3-3.5),0.22006261504790345,Smart,
B01E06JSI4,"Planar Helium PCT2235 Touch Screen 22"" LED LCD Full HD Resolution Monitor with Helium Stand,black",,4.4,672,,Good (4-4.5),0.3403890249735481,Planar,
B01E06RIBI,"iPod Touch 6th Generation Case, SGM Premium Hybrid High Impact Shock Absorbent Defender Case With Anti-Slip Grip For Apple iPod Touch 5/6 (Silver / Mint)",,3.3,21,,Below Avg (3-3.5),0.23001159537924135,iPod,
B01E06YT06,"Dell 2.0 Speaker System with Waves Maxx Audio – AE215,Black",,4.5,121,,Good (4-4.5),0.35006957227544827,Dell,
B01E08I2TI,Ansmann Energy 8 Plus Battery Charger,,3.7,143,,Average (3.5-4),0.27008232719261377,Ansmann,
B01E0918J8,Lexar High-Performance microSDHC 633x 32GB UHS-I/U1 Bulk Packaging 2 Pack,,4.0,72,,Average (3.5-4),0.3000411635963069,Lexar,
B01E0B7Y2G,"2016 RCA Cambio 10.1"" 2-in-1 Tablet PC with Detachable Keyboard and Windows 10 (Black)",,3.5,244,,Below Avg (3-3.5),0.25014088385778266,2016,
B01E0BUPW2,Logitech Wireless Touch Keyboard K400 Plus with Built-In Touchpad for Internet-Connected TVs (Renewed),23.95,4.5,701,Low ($20-50),Good (4-4.5),0.35040583827344807,Logitech,5.310421286031042
B01E0CLC64,"Zoom ECM-6 Extension Cable for Zoom Interchangeable Input Capsules, 6 Meters, works with H5, H6, Q8, U-44, F1, F4, F8n, and F8",112.79,4.5,80,Mid-High ($100-200),Good (4-4.5),0.3500458017480034,Zoom,25.00886917960089
B01E0I1TGQ,"Fotodiox DLX Series Adapter, Nikon G Lens (AI, AI-s, AF-D, etc.) to Sony E-Mount Mirrorless Camera Mount Adapter - for Sony Alpha E-Mount Cameras (APS-C & Full Frame Such as NEX-7, a5100, a7R II)",79.95,3.2,29,Mid ($50-100),Below Avg (3-3.5),0.22001623353093794,Fotodiox,24.906542056074766
B01E0I1UKG,Fotodiox DLX Lens Adapter Compatible with Nikon F-mount G-type Lenses to Micro Four Thirds Mount Cameras,,3.4,22,,Below Avg (3-3.5),0.24001217514820344,Fotodiox,
B01E0J1KQ4,"Astro A40 TR Microphone (White, In Original OEM Packaging) (Original Version)",24.5,4.4,271,Low ($20-50),Good (4-4.5),0.3401565376197586,Astro,5.555555555555555
B01E0NEX14,PRECISION POWER - Black Ice Series ICE2200.5 2200W 5-Channel Class A/B Amplifier,,4.3,18,,Good (4-4.5),0.33000985607235517,PRECISION,
B01E0P3PC0,"iPad Air II TPU Bumper Case, Ultra-Thin Flexible Silicone Gel Protective Case Cover for 9.7 inch iPad Air 2 - Crystal Clear",8.85,4.4,540,Budget (<$20),Good (4-4.5),0.3403124954705551,iPad,2.006802721088435
B01E0QKM7U,"amFilm Glass Screen Protector for Galaxy Tab A 7.0, Tempered Glass, (for 2016 Tab A 7.0 only)",,4.3,105,,Good (4-4.5),0.33006029597205516,amFilm,
B01E0T97IC,Kangcheng HDMI to AV Converter 1080p HDMI to RCA CVBS AV Composite Adapter HDMI2AV Converter support PAL/NTSC TV format output,,3.2,97,,Below Avg (3-3.5),0.2200556578203586,Kangcheng,
B01E10NVGO,"TOPSKY iPad Pro 9.7 Case, iPad A1673 /A1674 /A1675 Case, Heavy Duty Rugged Kids Proof Shockproof Silicone + Plastic Full Body Hybrid Sturdy Protective Cover Case for iPad Pro 9.7 Grey Black",,3.8,46,,Average (3.5-4),0.28002608960329306,TOPSKY,
B01E15GIXC,iPad Pro 9.7 Case Zover Ultra Slim Lightweight Smart-Shell Stand Cover Case with Auto Wake/Sleep for Apple iPad Pro (2016 Edition) 9.7 inch iOS Tablet Navy Blue,,2.8,11,,Poor (<3),0.1800057976896207,iPad,
B01E15Y44C,"Godox V860II-C V860IIC Camera Flash Speedlite for Canon, 2.4G TTL Flash Speedlight GN60 1/8000s HSS, Rechargable Li-ion Battery, 650 Full Power Flashes, External Flash Compatible for Canon EOS Cameras",179.0,4.6,758,Mid-High ($100-200),Excellent (4.5-5),0.36043888510428596,Godox,38.82863340563992
B01E16K04E,Godox V860II-N 2.4G TTL Li-on Battery Camera Flash Compatible for Nikon D800 D700 D7100 D7000 D5200 D5100 D5000 D300 D300S D3200 D3100 D3000 D200 D70S D810 D610 D90 D750 (V860II-N),179.0,4.7,651,Mid-High ($100-200),Excellent (4.5-5),0.37037684982534463,Godox,38.004246284501065
B01E17L38A,WD Gold 8TB Datacenter Hard Disk Drive - 7200 RPM Class SATA 6 Gb/s 128MB Cache 3.5 Inch - WD8002FRYZ,276.45,3.7,28,High ($200-500),Average (3.5-4),0.2700156537619759,WD,74.51482479784366
B01E17L8EO,PNY 64GB Duo-Link USB 3.0 Flash Drive for Apple iPhone & iPad - P-FDI64GOTGAMG3-GE,,4.0,161,,Average (3.5-4),0.300092763033931,PNY,
B01E17YM56,"[Apple MFI Certified] Devia USB Flash Drive with Lightning Connector Data Traveler Disk External Storage Memory for iOS 7 & 8 &9 iPhone/iPad/iPod(32GB, USB 2.0, Black)",,3.2,29,,Below Avg (3-3.5),0.22001623353093794,[Apple,
B01E190GQS,"LYLLA 4pcs 72 LED Car LED Strip Lights, Multi-Color Car Interior Music Light LED Underdash Lighting Kit with Sound Active Function and IR Remote Control, Include Car Charger",,3.4,29,,Below Avg (3-3.5),0.2400162335309379,LYLLA,
B01E1PPH0W,"AIRFOX NP-C10 11""-15.6"" Laptop Cooler Cooling Pad - Ultra Slim Portable 4 USB Powered - Moveable High Speed Silent Fan",,3.8,28,,Average (3.5-4),0.28001565376197585,AIRFOX,
B01E1ZXGUK,Co2Crea for Samsung T1 Portable 250GB 500GB 1TB SSD USB 3.0 External Solid State Drives Shockproof Storage Travel Orgnizer Carry Hard Case Bag by,,3.8,21,,Average (3.5-4),0.28001159537924136,Co2Crea,
B01E20VQD8,MagicW Digital 38khz Ir Receiver 38khz Ir Transmitter Sensor Module Kit for Arduino Compatible,7.9,4.2,50,Budget (<$20),Good (4-4.5),0.32002840867914145,MagicW,1.8764845605700713
B01E2CI954,"BNISE Binoculars for Adults, 10x42 HD Asika Military Telescope for Hunting and Travel - Compact Folding Size - High Clear Large Vision - Black Color",,4.3,108,,Good (4-4.5),0.33006203527894135,BNISE,
B01E2CPIHG,Usmart® AC Adapter Laptop Charger for HP 15-af131dx Laptop Notebook Ultrabook Battery Power Supply Cord Plug,18.69,3.8,29,Budget (<$20),Average (3.5-4),0.2800162335309379,Usmart®,4.905511811023623
B01E2DERNQ,"Dell Inspiron 17 5000 5755 17.3-Inch LED Backlit Laptop (AMD Quad Core A8-7410 Processor 2.2GHz, 8GB RAM, 1TB HDD, Windows 8, White Cover) (Certified Refurbished)",,2.9,11,,Poor (<3),0.1900057976896207,Dell,
B01E36J4TO,EverAct Silicone Bands Compatible with Fitbit Flex 2 with Buckle Designed 10 Pack,,4.5,74,,Good (4-4.5),0.35004232313423106,EverAct,
B01E37G0FO,EverAct Silicone Bands Compatible with Fitbit Flex 2 with Buckle Designed 3 Pack,,4.3,127,,Good (4-4.5),0.3300730508892207,EverAct,
B01E3BQEAG,"TOPSKY Fire 7"" (2015 Release) Case,[Kickstand Feature],Shock-Absorption / High Impact Resistant Heavy Duty Armor Defender Case for Amazon Fire 7 Inch Tablet,with Stylus, Grey/Black",,4.5,702,,Good (4-4.5),0.35040641804241013,TOPSKY,
B01E3BQFHI,"All-New Amazon Kindle Fire 7 (2017 7th Generation),Topsky Three Layer Armor Defender Full Body Protective Case Cover for Amazon Kindle Fire 7"",Grey/Purple",,4.4,702,,Good (4-4.5),0.3404064180424102,All-New,
B01E3BQGOK,"TOPSKY Fire 7"" (2015 Release) Case,[Kickstand Feature],Shock-Absorption / High Impact Resistant Heavy Duty Armor Defender Case for Amazon Fire 7 Inch Tablet,with Stylus, Grey/Green",,4.4,703,,Good (4-4.5),0.34040699781137224,TOPSKY,
B01E3C8KUW,"HP Pavilion 15 2016 New Model 15.6-inch High Performance Laptop, AMD Quad-Core A6-5200 Processor, 4GB RAM, 500GB HDD, HDMI, DVD/CD Drive, Webcam, WiFi, Windows 10 64bit",,4.0,51,,Average (3.5-4),0.3000289884481035,HP,
B01E3EZZ58,ESoulTech ES-64G-Adapter SuperCache Turbo Performance 64G High Speed Micro SDXC by ESoulTech Class 10 UHS-I up to 80MB/Second Transfer Speeds Cell Phone Tablet TF/Flash Memory Card with SD Adapter,,3.5,29,,Below Avg (3-3.5),0.25001623353093794,ESoulTech,
B01E3G0HR2,iCasso MacBook Retina 15 Inch Case Rubber Coated Soft Touch Hard Shell Protective Cover for MacBook Pro 15 Inch Retina (No CD-ROM) Model A1398 with Keyboard Cover-Raining Scene,,3.9,41,,Average (3.5-4),0.2900231907584827,iCasso,
B01E3GGV04,K&F Concept Professional Camera Backpack for DSLR Digital Camera Black Laptop Case,,4.5,653,,Good (4-4.5),0.3503780093632688,K&F,
B01E3LLJRY,Drone Quadcopter FPV Mini Camera RunCam Swift 600TVL 2.8mm 5-17V 2S-4S,,4.7,14,,Excellent (4.5-5),0.37000753699650696,Drone,
B01E3OZBXY,"Mr.Shield for Samsung Galaxy Tab Pro 10.1"" 10 [Tempered Glass] Screen Protector [0.3mm Ultra Thin 9H Hardness 2.5D Round Edge] with Lifetime Replacement",,4.2,16,,Good (4-4.5),0.3200086965344311,Mr.Shield,
B01E3TLASE,"DBPOWER 2.7"" HD Dash Cam, Car DVR Camcorder Dashboard Camera Recorder Black Box with 120° Wide Angle 4X Zoom Lens G-Sensor Night Vision Motion Detection Support up to 32GB TF-Card (Not Included)",,3.1,229,,Below Avg (3-3.5),0.21013218732335168,DBPOWER,
B01E41KU6E,"DJI Original Remote Controller Monitor Hood for Mini Tablets Less than 7.9 ' (Inspire 1, Phantom 3 Pro/Adv, Phantom 4)(Sun hood, Sunshade, Sunhood, Monitor shade) bundle with free Luckybird USB Reader 1pc",,3.6,66,,Average (3.5-4),0.2600376849825345,DJI,
B01E4B6UQS,AXXESS Toyota 2013-2016 Back-Up Camera Retain/Add-On,,4.0,27,,Average (3.5-4),0.3000150739930138,AXXESS,
B01E4C2HL4,AXXESS Mazda Backup Camera Retain/Add-On 2007-Up,,3.8,35,,Average (3.5-4),0.28001971214471033,AXXESS,
B01E4ENEA0,"Livestream® Gear - 1/4""-20 Ball Head for use with DLSR Camera or Tripod. Easily Attach a Phone Mount, Flash, Trigger, or Diffuser with This Bracket Swivel. (Ball Head)",6.99,4.1,18,Budget (<$20),Good (4-4.5),0.31000985607235515,Livestream®,1.7007299270072995
B01E4HPDJ2,"15 Inch Shoulder Bag/Briefcase - Computer Sleeve with Handles Carry Case for 13-15.6 Inch Laptop/Notebook Computer/MacBook Air/MacBook Pro, Blue",,4.0,24,,Average (3.5-4),0.3000133346861276,15,
B01E4I5EX6,"Best-Elements Non-toxic and No Bitternt Compressed Air Duster Can Cleaner, 3.5-Ounce",,3.5,172,,Below Avg (3-3.5),0.25009914049251375,Best-Elements,
B01E4JWG6I,"Infinity REF3022CFX 3.5"" 75W Reference Series Coaxial Car Speakers With Edge-driven Textile Tweeter, Pair",46.95,4.7,727,Low ($20-50),Excellent (4.5-5),0.37042091226646184,Infinity,9.96815286624204
B01E4MPOZ0,"S&I Remotes New Keyless Entry Remote Car Key Fob Replacement Compatible with Select Altima, Maxima, Sentra, Armada and Select EX35, FX35, FX45, G35, QX45 Vehicles That Use FCC KBRASTU15",7.95,3.1,20,Budget (<$20),Below Avg (3-3.5),0.21001101561027932,S&I,2.5562700964630225
B01E4VHSYG,"Inateck SATA to USB Cable, USB 3.0 to 2.5 Inch SATA III Hard Drive Adapter/Reader, SATA to USB 3.0 Adapter, UA1002",,4.6,509,,Excellent (4.5-5),0.3602945226327308,Inateck,
B01E4YUT3K,Qunqi IIC/I2C/TWI 1602 Display Module 16x2 Serial Blue Backlight LCD Module for Arduino UNO R3 MEGA2560,6.99,4.1,95,Budget (<$20),Good (4-4.5),0.3100544982824344,Qunqi,1.7007299270072995
B01E4YXGMG,"Nixeus Moda v2 Compact Mechanical Switch, Clicky Tactile Bump Feedback Keyboard for Windows & Mac (MK-BL15)",,3.8,263,,Average (3.5-4),0.28015189946806196,Nixeus,
B01E505P9G,Crazepony 2pcs FPV Camera Lens Adjustable Holder Angle Adjust Mount Base CCD/CMOS for DL265 Multicopter,,3.7,25,,Average (3.5-4),0.27001391445508965,Crazepony,
B01E524URC,"FIIL Bluetooth Headphones, Wireless 4.1 Magnetic Earbuds In-Ear Stereo Earphones Running headsets,IPX4 Sweatproof Secure Fit for Sports with Built-in Noise Cancelling Mic (Red)",,3.9,36,,Average (3.5-4),0.2900202919136724,FIIL,
B01LZPA4NI,2 Year Asurion Camera Accident Protection Plan ($0-49.99),,4.4,199,,Good (4-4.5),0.34011479425448965,2,
B01E5350TI,"Neewer 2 Pack Black Heavy Duty Photographic Studio Video SandBag for Light Stands, Boom Stand and Tripod",15.97,4.2,247,Budget (<$20),Good (4-4.5),0.32014262316466896,Neewer,3.7933491686460807
B01E53HDL6,TPLTECH 2.5mm 5 Ft Long 2A AC/DC Wall Power Charger Adapter Cord Compatible RCA Cambio W101 V2 10.1 Inch Tablet PC,,4.3,49,,Good (4-4.5),0.3300278289101793,TPLTECH,
B01E53Z0HA,5 Ft Long 2A AC/DC Wall Power Charger Adapter Cord Compatible RCA Voyager Pro RCT6773W42B 7 Inch Tablet,,3.9,24,,Average (3.5-4),0.29001333468612756,5,
B01E567MDM,"Apple MFI Certified Lightning to USB Cable, iDaye 3m/10ft PVC 8 pin Super Long iPhone Charger Cord, Compatible with iPhone X/8/8plus/7/7plus/6plus/5/5C/SE iPad and iPod 7",,3.6,28,,Average (3.5-4),0.2600156537619759,Apple,
B01E56CV42,E-More 1080p HDMI to Composite / AV S-Video Converter RCA CVBS/L/R Video Converter Adapter PAL / NTSC CVBS / S-Video Switch High-definition multimedia interface 1080P for PS3/DVD/Camara,,3.8,52,,Average (3.5-4),0.2800295682170655,E-More,
B01E56RMGY,iPad Air Case Zover Ultra Slim Lightweight Smart-Shell Stand Cover Case with Auto Wake/Sleep for Apple iPad Air 9.7 inch iOS Tablet Navy Blue,,3.7,49,,Average (3.5-4),0.2700278289101793,iPad,
B01E57V3UO,"SwitchEasy CoverBuddy Pencil Holder Back Cover for iPad Pro 9.7-inch (Compatible with Smart Keyboard, Smart Cover and Apple Pencil) (Translucent Clear)",,3.8,70,,Average (3.5-4),0.2800400040583827,SwitchEasy,
B01E58ZCM8,Godox X1R-C 2.4G Wireless Flash Trigger Single Receiver for Canon (X1R-C Receiver),40.0,4.7,194,Low ($20-50),Excellent (4.5-5),0.3701118954096793,Godox,8.492569002123142
B01E58ZFCA,Godox X1R-N 2.4G Wireless Receiver Flash Trigger Single Receiver for Nikon DSLR Camera (X1R-N Receiver),40.0,4.7,256,Low ($20-50),Excellent (4.5-5),0.37014784108532756,Godox,8.492569002123142
B01E5AVS0Q,[Apple MFi Certified] OLALA 64GB iPhone Flash Drive External Storage Memory Stick with Lightning and USB 3.0 Connector for iPad iOS PC (Space Gray),,3.3,163,,Below Avg (3-3.5),0.2300939225718551,[Apple,
B01E5B04MI,"Sima STV-66K 66"" Pro Panorama Tripod includes Zippered Carry Bag with Carry Strap",,3.6,34,,Average (3.5-4),0.26001913237574825,Sima,
B01E5BAWOS,Hermitshell for Anker Bluetooth Ultra-Slim Wireless Tablet Keyboard Travel Hard EVA Protective Case Carrying Pouch Cover Bag Compact Size,15.99,4.7,15,Budget (<$20),Excellent (4.5-5),0.370008116765469,Hermitshell,3.394904458598726
B01E5BBGH0,"HP 17-x020nr 17.3-Inch Notebook (Core i3, 8 GB RAM, 1 TB HDD)",,3.8,67,,Average (3.5-4),0.2800382647514965,HP,
B01E5BBH9M,"HP 17-x010nr 17.3-Inch Notebook (Pentium, 4 GB RAM, 1 TB HDD)",,3.8,67,,Average (3.5-4),0.2800382647514965,HP,
B01E5BBHRE,"HP 15-ba020nr 15.6-Inch Notebook (AMD A6, 4 GB RAM, 1 TB HDD)",,3.3,21,,Below Avg (3-3.5),0.23001159537924135,HP,
B01E5CCVW8,AKB72915206 Replaced Remote fit for LG TV 55LD520UAAUSWLUR 32LD450 47LD450 26LE5300 55LD520 19LD350 19LD350UB 19LE5300 22LD350 32LD320H 32LD325H 32LD330H 32LD333H 32LD340H 32LD345H 32LD350,7.99,4.6,182,Budget (<$20),Excellent (4.5-5),0.3601049381821344,AKB72915206,1.733188720173536
B01E5EDLFW,ANTOBLE 5ft USB PC Data SYNC Cable Cord Lead for Nikon D7100 D5500 s D3300 s Df DSLR Camera,,4.6,93,,Excellent (4.5-5),0.3600533387445103,ANTOBLE,
B01E5EXZQC,"Apple MFI Certified Lightning to USB Cable, iDaye 3m/10ft Nylon Braided 8 pin Super Long iPhone Charger Cord, Compatible with iPhone X/8/8plus/7/7plus/6plus/5/5C/SE iPad and iPod 7",,4.1,76,,Good (4-4.5),0.31004348267215515,Apple,
B01E5FEAYW,TPLTECH 5 Ft Long 3A AC/DC Wall Power Charger Adapter Cord Compatible Nextbook Flexx 9 NXW9QC132 8.9 Inch Tablet PC,,3.6,30,,Average (3.5-4),0.2600168132999,TPLTECH,
B01E5ITE2W,REDGO Video Audio VHS VCR USB Video Capture Card to DVD Converter Capture Card Adapter,11.99,3.9,2130,Budget (<$20),Average (3.5-4),0.2912343281202441,REDGO,3.066496163682865
B01E5J22Z2,"Fitbit Blaze Bands, Camel, Leather Large, V-Moro Genuine Leather Bracelet Strap Replacement Band for Fitbit Blaze Smart Fitness Watch (Genuine Leather Camel)",,3.5,29,,Below Avg (3-3.5),0.25001623353093794,Fitbit,
B01E5JY7UU,"KEYESTUDIO W5100 Ethernet Shield Without POE for Arduino R3 Mega 2560, Wiznet W5100 Ethernet Network Micro SD Card Slot for Arduino to Internet",,4.3,109,,Good (4-4.5),0.3300626150479034,KEYESTUDIO,
B01E5KOM4U,"Official Cooper Dynamo Case for iPad Pro 9.7, iPad Air 2 | Child Proof Cover, Stand, Handle | A1673 A1674 A1566 A1567 (Blue)",,4.6,4191,,Excellent (4.5-5),0.36242923195106747,Official,
B01E62D7BQ,"Infinity REF6520CX 2-Way Component System ( With Edge-Driven Textile Tweeters - Pair,6.5"" 540W Reference Series ), 1 Pack",99.95,4.4,194,Mid ($50-100),Good (4-4.5),0.34011189540967934,Infinity,22.66439909297052
B01E639WSW,Tascam DP-008EX 8-Track Digital Pocket studio Along with Samson Studio Headphones And Deluxe Bundle,,4.5,34,,Good (4-4.5),0.3500191323757483,Tascam,
B01E64P1XQ,"TOP CASE - 2 in 1 Signature Bundle Rubberized Hard Case and Keyboard Cover Compatible Old Generation MacBook Pro 13"" with DVD Drive/CD-ROM A1278 - Wine Red",,4.4,2745,,Good (4-4.5),0.34159088603191634,TOP,
B01E64VHRA,Do it Wiser Compatible Printer Toner Cartridge Replacement for HP 201X 201A CF400X for use in HP MFP M277dw M252dw M277n M277c6 M277 M252n M252 (Black),,4.2,105,,Good (4-4.5),0.3200602959720552,Do,
B01E67YEJA,"Supershieldz Designed for Samsung Galaxy Tab E Lite 7.0 and Galaxy Tab 3 Lite 7.0 Tempered Glass Screen Protector, Anti Scratch, Bubble Free",8.99,4.5,602,Budget (<$20),Good (4-4.5),0.3503484411462033,Supershieldz,1.9933481152993349
B01E69G40U,gofanco® Flexible & Durable Silicone MFi Certified Charge & sync Cable Compatible with Apple Devices (White) for iDevices - 13.6 inches (35cm) (Lightning35cmW),7.88,4.3,109,Budget (<$20),Good (4-4.5),0.3300626150479034,gofanco®,1.8283062645011603
B01E6BJRXE,Samsung UN55KU6500 Curved 55-Inch 4K Ultra HD Smart LED TV (2016 Model),,4.3,437,,Good (4-4.5),0.33025277926746194,Samsung,
B01E6CEUDK,"CESS Dual Binding Post Terminal - Amplifier/Speaker/Power Cable Connector - Banana Jack Socket - Length 2.3"" (2 Pack)",7.99,4.6,189,Budget (<$20),Excellent (4.5-5),0.3601089965648689,CESS,1.733188720173536
B01E6CZQZQ,Artifex Design Stand Compatible with LG Urbane 2nd LTE,,3.7,60,,Average (3.5-4),0.2700342063687621,Artifex,
B01E6D2RPM,Original Pelican 1750 Solid Middle Piece of Foam. Grey 1750 Replacement Foam from Pelican.,58.0,4.6,182,Mid ($50-100),Excellent (4.5-5),0.3601049381821344,Original,12.58134490238612
B01E6GCFDS,"Sundown Audio E-8 V.5 D4 8"" 300W RMS Dual 4-Ohm E-V.5 Series Subwoofer",129.99,4.5,27,Mid-High ($100-200),Good (4-4.5),0.3500150739930138,Sundown,28.822616407982267
B01E6GPYS6,Crazepony RunCam Swift 600TVL FPV Camera 2.8mm Lens OSD DC 5-17V,,4.1,45,,Good (4-4.5),0.310025509834331,Crazepony,
B01E6GY4QE,PNY Elite X 64GB USB 3.0 Flash Drive - Read Speeds up to 185MB/sec - P-FD64EX-GE,29.95,4.2,171,Low ($20-50),Good (4-4.5),0.32009856072355175,PNY,7.114014251781472
B01E6IGLSG,"Tablet Holder, BONUSIS Cell Phone Holder Gooseneck Cellphone Stand Bolt Clamp with Bracket for Android Devices 4-10.6 Inches 360 Degree Rotating 27.5 Inches Flexible Arm [Black]",,3.9,252,,Average (3.5-4),0.2901455220094792,Tablet,
B01E6JJEP2,"Power Acoustik EF-60C Edge Series 6.5"" 500-Watt 2-Way Component Speaker System , BLACK",47.98,4.1,124,Low ($20-50),Good (4-4.5),0.3100713115823344,Power,11.67396593673966
B01E6MTP0S,"Fintie Rotating Case for iPad 6th / 5th Generation (2018 2017 Model, 9.7 inch), iPad Air 2 / iPad Air 1-360 Degree Rotating Protective Stand Cover Auto Sleep Wake, Composition Book",17.99,4.5,25873,Budget (<$20),Good (4-4.5),0.36499978258663923,Fintie,3.988913525498891
B01E6N183E,"Mobile Edge SlipSuit MacBook Sleeve 13.3"" Neoprene Navy",35.19,4.1,60,Low ($20-50),Good (4-4.5),0.31003420636876206,Mobile,8.562043795620438
B01E6N1M4E,LG 27MP58VQ-P 27-Inch IPS Monitor with Screen Split,,4.2,110,,Good (4-4.5),0.3200631948168655,LG,
B01E6N31NY,Bingle 2 Pin Covert Earpiece Headset for Kenwood with Air Acoustic Tube Push to Talk and Mic for HYT Puxing Wouxun Baofeng 2 Way Radio(MRT-KT2),,4.2,257,,Good (4-4.5),0.32014842085428963,Bingle,
B01E6NHIL0,"Infiland Samsung Galaxy Tab E 8.0 Case, 360 Degrees Rotating Stand Case Cover for Samsung Galaxy Tab E SM-T377 4G LTE 8-Inch Tablet Only, Navy",,4.4,325,,Good (4-4.5),0.3401878451437103,Infiland,
B01E6OUIZW,"Audio-Technica ATH-CKX5iSRD SonicFuel In-Ear Headphones with In-Line Mic & Control, Blue",,3.6,135,,Average (3.5-4),0.2600776890409172,Audio-Technica,
B01E6PGSBO,Hisense 48H4C 48-Inch 1080p Roku Smart LED TV (2016 Model),,3.6,105,,Average (3.5-4),0.26006029597205516,Hisense,
B01E6PGSGY,Hisense 50H8C 50-Inch 4K Ultra HD Smart LED TV (2016 Model),,4.1,164,,Good (4-4.5),0.3100945023408172,Hisense,
B01E6PGVW0,Sharp LC-60N7000U 60-Inch 4K Ultra HD Smart LED TV (2016 Model),,3.7,157,,Average (3.5-4),0.27009044395808274,Sharp,
B01E6PGWBU,Sharp LC-60N5100U 60-Inch 1080p Smart LED TV (2016 Model),,3.7,87,,Average (3.5-4),0.2700498601307379,Sharp,
B01E6PGWQA,Sharp LC-50N5000U 50-Inch 1080p Smart LED TV (2016 Model),,3.7,87,,Average (3.5-4),0.2700498601307379,Sharp,
B01E6PGX3W,Sharp LC-40N5000U 40-Inch 1080p Smart LED TV (2016 Model),,3.7,87,,Average (3.5-4),0.2700498601307379,Sharp,
B01E6PGZ0I,Sharp LC-43N4000U 43-Inch 1080p Roku Smart LED TV (2016 Model),,3.3,33,,Below Avg (3-3.5),0.23001855260678616,Sharp,
B01E6PHUY8,"Audio-Technica ATH-SR5BTWH Bluetooth Wireless On-Ear High-Resolution Audio Headphones, White",89.99,4.2,539,Mid ($50-100),Good (4-4.5),0.32031191570159295,Audio-Technica,21.375296912114013
B01E6POVR2,Canon G12 10 MP Digital Camera with 5x Optical Image Stabilized Zoom and 2.8 Inch Vari-Angle LCD,237.99,4.4,557,High ($200-500),Good (4-4.5),0.34032235154291024,Canon,53.965986394557824
B01E6Q8EV0,"Saicoo USB 3.0 4 Slots 11 in 1 Digital Memory Card Reader, a Protective Cap Design, SD/Micro SD",,3.9,14,,Average (3.5-4),0.2900075369965069,Saicoo,
B01E6RPMHI,"Neewer® Studio Digital Flash Mount Two Removable Black Cover Umbrella Kit 33""/84cm for Canon 430EX II,580EX II,Nikon SB600 SB800,Yongnuo YN 560,YN 565,Neewer TT560,TT680",,4.0,102,,Average (3.5-4),0.30005855666516895,Neewer®,
B01E6RPO9Y,"Neewer® Multi-Functional Black Clamp Clip Holder with U-Clamp for Photgraphy Studio Shooting Light Stand Tripod Boom Arm, Background Support, etc.",,4.0,29,,Average (3.5-4),0.300016233530938,Neewer®,
B01E6RY0YE,"[Genuine Leather] Microsoft Surface Pro 3/4 Sleeve Bag, iXCC Sleeve Case with Magnetic Folding Front Cover and Hidden Stylus Pen Holder - Brown",,3.7,20,,Average (3.5-4),0.27001101561027935,[Genuine,
B01E6U2PWA,New Remote XRT122 iHeartRadio Replacement fit for VIZIO TV E32H-C1 E32-C1 E40-C2 E43-C2 E50-C1 E55-C1 E24C1 E70C3 E60C3 E40X-C2 D43F-E2 D48-D0 D48F-E0 D48F-EL D50-D1 D50-E1 D50F-E1 D50U-D1 D55-D2,6.51,4.5,145,Budget (<$20),Good (4-4.5),0.3500834867305379,New,1.443458980044346
B01E6V38H0,"Thankscase Case Compatible for iPad Pro 9.7, Rotating Case Stand Cover for iPad Pro 9.7 with Wallet Pocket with Hand Strap with Auto Sleep/Wake for iPad Pro 9.7 (Diamond Black)",,4.6,2209,,Excellent (4.5-5),0.3612801298682475,Thankscase,
B01LZPA2MT,2 Year Asurion Musical Instrument Accident Protection Plan ($0-49.99),,4.2,492,,Good (4-4.5),0.32028466656037574,2,
B01E6V3BL8,"Thankscase Case Compatible for iPad Pro 9.7, Rotating Case Stand Cover for iPad Pro 9.7 with Wallet Pocket with Hand Strap with Auto Sleep/Wake for iPad Pro 9.7 (Rose Gold)",,4.6,2215,,Excellent (4.5-5),0.3612836084820199,Thankscase,
B01E6YMDQO,"Neewer Filter & Accessory Kit for DJI Phantom 3 4K, Advanced, Professional and Standard: UV Filter + CPL Filter + ND2-400 Filter + Rose Petal Lens Hood + Lens Cap Protector",,4.3,241,,Good (4-4.5),0.3301391445508965,Neewer,
B01E6YWSRS,New RM-YD025 Replacement Remote Control Compatible with Sony Bravia LCD TV KDL-19M4000 KDL-19M4000B KDL-22L4000 KDL-32L4000 KDL-37L4000 KDL-40S4100 KDL-46S4100 KDL-52S4100 KDL19M4000 KDL19M4000B,7.69,4.2,98,Budget (<$20),Good (4-4.5),0.3200562375893207,New,1.826603325415677
B01E70CTN4,"Cyan Replacement band for Garmin Vivoactive, Silicone Replacement Fitness Bands Wristbands with Metal Clasps for Garmin vivoactive GPS Smart Watch",,3.9,40,,Average (3.5-4),0.29002261098952065,Cyan,
B01E71DBR6,"Anker AK-848061067422 SoundCore Nano Bluetooth Speaker with Big Sound, Super-Portable Wireless Speaker with Built-in Mic, Pink",,4.3,364,,Good (4-4.5),0.3302104561332309,Anker,
B01E724CL4,"Burxoe Soundcore Nano Bluetooth Speaker with Big Sound, Super-Portable Wireless Speaker with Built-In Mic for iPhone 7, iPad, Samsung, Nexus, HTC, Laptops and More - Gray",,4.0,359,,Average (3.5-4),0.30020755728842063,Burxoe,
B01E742BM4,"LINK-MI TV04 2x2 Video Wall Controller USB+HDMI+VGA+AV Input, TV HDMI Out, Fully-Digital Processing Channel Inside 180 Degree, HD LCD Splicing Screen Seamless led TV Wall Display 1x3 1x4 2x1 1x2",,4.3,42,,Good (4-4.5),0.3300237705274448,LINK-MI,
B01E76S2TI,"Tripp Lite 7 Outlet Surge Protector Power Strip, 6ft Cord, Right-Angle Plug, Fax/Modem Protection, RJ11, $50,000 INSURANCE (SUPER6TEL),PUTTY",,4.8,1984,,Excellent (4.5-5),0.38114968185178205,Tripp,
B01E76S8SS,"Tripp Lite 7 Outlet Surge Protector Power Strip, Extra Long 12ft Cord, Black, & Dollar 25,000 Insurance (TLP712B)",28.51,4.8,1337,Low ($20-50),Excellent (4.5-5),0.38077457133332365,Tripp,5.927234927234928
B01E76YUX0,UL Listed AC Charger Fit for Asus X555L X555LA X555LB X555LF X555QA X555QG X555Q X555LJ X555Y X555YA X555U X555UB X555UJ X555C X555CA X555D X555DA X555DG X555 Laptop Power Supply Adapter Cord,16.99,4.6,99,Budget (<$20),Excellent (4.5-5),0.3600568173582827,UL,3.6854663774403473
B01E7C8TWW,"Wasserstein Silicone Skins for Arlo HD Smart Security - 100% Wire-Free Cameras (Black, 3-Pack)",,4.4,1647,,Good (4-4.5),0.34095429971156505,Wasserstein,
B01E7EPKUO,Vantec SATA/IDE TO USB 3.0 Adapter (CB-ISA225-U3),19.99,4.4,2775,Budget (<$20),Good (4-4.5),0.3416082791007784,Vantec,4.532879818594104
B01E7FN6R2,"LG 34UM68-P UltraWide Monitor 34” 21:9 IPS Display, sRGB Over 99%, On-Screen Control with Screen Split, FreeSync,Height & Tilt Adjustable Stand",,4.6,875,,Excellent (4.5-5),0.36050671807284795,LG,
B01E7FO810,Open-Mesh OM5P-AC Dual-Band 802.11ac Wireless Access Point,,3.1,34,,Below Avg (3-3.5),0.2100191323757483,Open-Mesh,
B01E7GXJT6,Ivosmart Compact Flexible Mini Tabletop Tripod Stand for Mini Projector Digital Camera,,4.0,202,,Average (3.5-4),0.30011653356137585,Ivosmart,
B01E7HVIES,"PS4 Controller Charger Station for Sony Dualshock 4 (Micro-USB Charging Cable, Red) by TekBotic",,4.1,44,,Good (4-4.5),0.31002493006536896,PS4,
B01E7J3W68,"eoso Keyboard Case for New 2018 iPad, 2017 iPad, iPad Pro 9.7, iPad Air 1 and 2 Folding PU Leather Folio Cover with Removable Bluetooth Keyboard(red)",,4.1,77,,Good (4-4.5),0.3100440624411172,eoso,
B01E7N7ZBC,"ASUS T100Chi-B1-BK(WX) Transformer Book 10.1"" Full HD 1080P 2 in 1 Touchscreen Laptop",,3.5,87,,Below Avg (3-3.5),0.2500498601307379,ASUS,
B01E7N8W32,"Acer 11.6"" Chromebook Intel Dual-Core 2.16 GHz,2 GB Ram,16GB Flash,Chrome OS (Renewed)",,4.0,36,,Average (3.5-4),0.30002029191367247,Acer,
B01E7PLCN2,Kingston (TM) 16GB Flash Drive DTIG4 (10 Pack) Flash Drive USB Sticks with (5) Everything But Stromboli (TM) Lanyard,,4.4,26,,Good (4-4.5),0.3400144942240518,Kingston,
B01E7PW26S,"Logitech Bluetooth Illuminated Keyboard K810 for PCs, Tablets, Smartphones - Black (Renewed)",,3.9,47,,Average (3.5-4),0.29002666937225513,Logitech,
B01E7Q08IQ,"Acer 15.6in Chromebook Intel Celeron Dual-Core 1.5GHz, 4GB RAM, 16GB , Chrome OS (Renewed)",,4.2,58,,Good (4-4.5),0.320033046830838,Acer,
B01E7QNLA8,"Dell I3452-1000BLK Inspiron 14"" Touch-Screen Laptop Intel Celeron 2GB Memory - 32GB eMMC Flash Memory Window 10- Black",299.99,3.3,40,High ($200-500),Below Avg (3-3.5),0.23002261098952065,Dell,90.63141993957706
B01E7QO3AA,"Amcrest ProHD Outdoor 3 Megapixel POE Vandal Dome IP Security Camera - IP67 Weatherproof, IK10 Vandal-Proof, 3MP (2048 TVL), IP3M-956E (Black)",,3.5,85,,Below Avg (3-3.5),0.25004870059281376,Amcrest,
B01E7RW57M,New 7.4V 25.9Wh 3500mAh Built-in Battery for CTL J2 J4+ J2+X J4+X NBBJ2J4,,4.2,14,,Good (4-4.5),0.32000753699650697,New,
B01E7S665I,"Acer LCD Widescreen 19.5' Display, HD+ Screen,Black, 60 Hz 1600 x 900|G206HQL BD (Renewed)",,4.1,122,,Good (4-4.5),0.3100701520444103,Acer,
B01E7V7WPS,Handlebar Seatpost Camera Mount for Bikes - Motorcycles - Mountain Biking - Ski Pole - with Red Aluminum Thumbscrew to attach Action Sports Cameras by Flight Speed Camera Mounts,,3.8,42,,Average (3.5-4),0.28002377052744476,Handlebar,
B01E7XU3UM,CESS 5-Colors 2mm Mini Banana Male Plug Jack Cable Connector (10 Pack),7.99,4.3,26,Budget (<$20),Good (4-4.5),0.3300144942240517,CESS,1.8538283062645013
B01E7XUKG4,CESS Dual 2-Way Speaker Banana Male Plug Cable Connectors - Banana Dual Plug (10 Pack),10.99,4.2,75,Budget (<$20),Good (4-4.5),0.32004290290319315,CESS,2.6104513064133017
B01E81OSY0,Kastar 2 Battery + Charger BG-CP200 for Canon NB-CP1L NB-CP2L SELPHY CP100 CP200 CP220 CP300 CP330 CP400 CP510 CP600 CP710 CP730 CP770 CP780 CP790 CP800 CP900 CP910 CP1200 CP1300 Compact Photo Printer,55.99,4.5,139,Mid ($50-100),Good (4-4.5),0.3500800081167655,Kastar,12.414634146341465
B01E8262VQ,"Apple MacBook Laptop - 4502058, Space Gray, 12""",,3.4,49,,Below Avg (3-3.5),0.2400278289101793,Apple,
B01E857SZW,Pioneer VSX-831 5.2-Channel AV Receiver with Built-In Bluetooth and Wi-Fi,,3.5,44,,Below Avg (3-3.5),0.25002493006536897,Pioneer,
B01E8A6SLC,Best Compute M.2 PCIe SSD to PCIe 3.0 x4 and M.2 SATA SSD to SATA III Adapter Card,,4.2,35,,Good (4-4.5),0.3200197121447104,Best,
B01E8BGFB4,"iPad Pro 9.7 Case, Cambond Slim Fit Auto Sleep/Wake Flip Case Cover with Card Slots and Stylus Holder, Hand Elastic Strap, Protective Premium PU Leather for Apple iPad Pro 9.7 inch (Black)",,3.9,19,,Average (3.5-4),0.2900104358413172,iPad,
B01E8CI2WI,Batterymarket 4850mah 54wh Laptop Battery Compatible with Acer Aspire Timeline M3 Series Ultra U M3-581tg M5-481tg M3-481tg Kt.00303.002 Bt.00304.011 Ap12a3i Ap12a4i 3icp7/67/90,35.98,4.2,45,Low ($20-50),Good (4-4.5),0.3200255098343311,Batterymarket,8.546318289786223
B01E8HXG2Y,Cuziss USB2.0 A Power Enhancer Y12 Male 40cm,6.99,4.2,69,Budget (<$20),Good (4-4.5),0.3200394242894207,Cuziss,1.660332541567696
B01E8ILR60,"Hermitshell Hard EVA Case Fits (Updated 2017,Backlit) Rii i8+ 2.4GHz Mini Wireless Keyboard",8.99,4.3,32,Budget (<$20),Good (4-4.5),0.33001797283782414,Hermitshell,2.0858468677494204
B01E8IMKT8,"Fintie Slim Shell Case for Samsung Galaxy Tab 4 7.0 - Ultra Lightweight Protective Stand Cover for Samsung Tab 4 7.0(7-Inch) Tablet, Black",11.99,4.5,1384,Budget (<$20),Good (4-4.5),0.35080182047454095,Fintie,2.658536585365854
B01E8J0AYY,"Full Motion TV Bracket Tilt Swivel for 50""-60"" LED LCD Plasma Articulating Gas Spring Constructed 20.6 inch Extension Load Capacity 30-50 lb VESA 100-400mm NB F500",,3.7,23,,Average (3.5-4),0.27001275491716553,Full,
B01E8LTLTC,"LQM AC Adapter for Dell Inspiron 11 3000 Series 2-in-1 i3147 i3158, 13 7000 Series i7347, Inspiron 14 3000 7000 Series 7437, Inspiron 15 5000, Latitude 13 7000 Series 7350 Power Cord (90W)",14.99,4.2,262,Budget (<$20),Good (4-4.5),0.3201513196991,LQM,3.5605700712589075
B01E8NW5S4,HWHMH Classic Pack/Deluxe Rainbow Pack/Olympic Rings Pack Accessory Replacement Clip for Fitbit Zip Only (No Tracker) (10pcs Classic Pack),,4.3,44,,Good (4-4.5),0.330024930065369,HWHMH,
B01E8OYS2E,"Infinity REF-5020cx 195W Reference Series 2-Way Component System with Edge-Driven Textile Tweeters, 5-14"", Black",,4.4,85,,Good (4-4.5),0.34004870059281384,Infinity,
B01E8OZ1KM,"Infinity REF-9623ix 300W Max 6"" x 9"" 3-Way Car Audio Speaker with Edge-Driven, Textile Tweeters",80.0,4.7,621,Mid ($50-100),Excellent (4.5-5),0.3703594567564826,Infinity,16.985138004246284
B01E8QEBDS,YINENN Ultra-Slim DVD+/-RW External Drive With USB 3.0 Cable For Mac & Window PC,,3.3,18,,Below Avg (3-3.5),0.23000985607235516,YINENN,
B01E8RSKJS,"SADES K8 Blademail Wired USB Gaming Keyboards for Pc/Mac gamers, 19 non-conflict keys, 7 colors Backlit, Metal Material (Black) by Smart@Purchase Shop",,4.1,46,,Good (4-4.5),0.3100260896032931,SADES,
B01E8SMGGA,Creative Iroar Rock Docking Subwoofer,,4.0,40,,Average (3.5-4),0.3000226109895207,Creative,
B01E8VJC3C,"iPod Touch 6 Case,Touch 5 Wallet Case, Mavis's Diary Fashion Embossed Floral Butterfly PU Leather Flip Stand Cover & Wrist Strap Card Holders for iPod Touch 5th/6th Generation & Dust Plug & Pen - Blue",,4.1,30,,Good (4-4.5),0.3100168132999,iPod,
B01E8WIMIC,"EZDIY 2-Port USB 3.0 USB 2.0 HUB Power ESATA HD Audio All in-1 5.25"" inch Optical Drive Bay Front Panel Card Reader",,3.5,32,,Below Avg (3-3.5),0.2500179728378241,EZDIY,
B01E91RAU8,"Sony Wireless RF Headphones, Zonoz 6FT Stereo Audio Y Cable Splitter & Worldwide Voltage 110V/220V AC Adapter, Zonoz International Two-Prong Round Pin Plug Adapter (Bundle)",,3.9,89,,Average (3.5-4),0.29005101966866204,Sony,
B01E926ZPI,Belkin USB-IF Certified MIXIT 6-Foot Metallic USB-C to USB-C (USB Type C) Charge Cable (Black),,4.4,177,,Good (4-4.5),0.34010203933732414,Belkin,
B01E97K130,"Stanley 33261 NCC33261 6-Outlet Surge-Suppression Desk Clamp with USB Ports, Black",,4.7,30,,Excellent (4.5-5),0.37001681329990005,Stanley,
B01E97ZTPA,ASRock Rack J3710-ITX Motherboard,,4.5,46,,Good (4-4.5),0.3500260896032931,ASRock,
B01E99V9NE,"iHome Captain America Bluetooth Speaker, Wireless Speaker with Rechargeable Battery and USB Charging Cable, Avengers Bluetooth Speaker for Kids and Adults",29.99,4.6,143,Low ($20-50),Excellent (4.5-5),0.36008232719261374,iHome,6.505422993492409
B01E9EZ0B6,Ultimate Ears UE Boom 2 Brainfreeze Wireless Bluetooth Speaker (Renewed) (Renewed),,4.5,496,,Good (4-4.5),0.350286985636224,Ultimate,
B01E9FXKKI,"ToteVision 27"" Monitor LED-2701HD2K with 2K Resolution (2560 x 1440)",,3.6,9,,Average (3.5-4),0.26000463815169655,ToteVision,
B01E9H3VK0,"Pyle Fitmotion Wearable Fitness Tracker Wristband Watch - Waterproof Activity & Sleep Monitor - Calories Burned & Step Counter Bracelet - Wireless, Bluetooth Compatible for iPhone Android Smartphones",,3.5,18,,Below Avg (3-3.5),0.25000985607235515,Pyle,
B01E9HM7NC,Finware XT60 XT-60 Male Female Bullet Connectors Power Plugs with Heat Shrink for RC Lipo Battery (5 Pair),,4.5,249,,Good (4-4.5),0.35014378270259305,Finware,
B01E9LYTNO,Logitech Create Backlit Keyboard Case with Smart Connector for iPad Pro(12.9-Inch) - Red,,4.2,1339,,Good (4-4.5),0.3207757308712479,Logitech,
B01E9M9FYQ,"Premium Mono Headset Flat Wired Single Earphone Earbud Mic for iPhone 6 6S Plus, 5S 5C SE - Samsung Galaxy S8, S8+, S7, S6, Edge, Edge+, S5, S4, S3, Active, Note 5 4 3 2 - LG G3 G4 G6 V20",19.99,3.3,40,Budget (<$20),Below Avg (3-3.5),0.23002261098952065,Premium,6.039274924471299
B01E9OPTUI,"T POWER Ac Adapter Charger for Samsung 8 x Channel SDC-7340BC SDC-7340BCN SDC-7340BCN,US 720TVL CCTV 720 TV 720 Wide Angle Night Vision Weatherproof Security Camera Supply x 8 Way Splitter",18.99,4.5,151,Budget (<$20),Good (4-4.5),0.35008696534431033,T,4.210643015521065
B01E9P11MW,Intel 40x40x20MM Blue LED Fan,13.99,4.4,22,Budget (<$20),Good (4-4.5),0.34001217514820353,Intel,3.1723356009070294
B01E9T8BR6,"Erchang Portable Fish Finder, Underwater Depth Locator with Fish Size,Temperature/Shallow Water Alarm Fishfinder Video Camera Combo with Wired Sonar Sensor Transducer and 3 Inch LCD Display",,3.7,24,,Average (3.5-4),0.2700133346861276,Erchang,
B01E9TXWYS,"RCA Viking Pro Purple Edition 10.1 Touchscreen 2 In 1 Tablet Laptop, Detachable Keyboard, Free Office Moblie APP, Quad-Core Processor,32G storage, IPS Display, Android 5.0 Lollipop",,3.9,277,,Average (3.5-4),0.29016001623353094,RCA,
B01E9VO9RA,Youzone Removable Propellers Prop Protectors Guard Bumpers For DJI Phantom 1 2 3 Black&Red,,4.3,19,,Good (4-4.5),0.33001043584131723,Youzone,
B01E9X0YU4,Dual DS465 4-Way 6 ½ inch Car Speakers with 160-Watt Power & 35mm Mylar Balanced Dome Midrange,,4.3,129,,Good (4-4.5),0.3300742104271448,Dual,
B01EA1LAL2,"Arlington CER2BL-1 Cable Wall Plate with Removable Lower Plate, 2-Gang, Black",7.77,4.8,63,Budget (<$20),Excellent (4.5-5),0.38003594567564825,Arlington,1.6153846153846154
B01EA53W4Q,"Mifine RCA to HDMI, Mini AV to HDMI 3RCA CVBs Composite Video Audio Converter with USB Charging Cable Support HDMI 1080P Output for TV/PC/ PS2/PS3/ Xbox VHS/VCR/Blue-Ray DVD",,3.7,75,,Average (3.5-4),0.2700429029031931,Mifine,
B01EA63JHK,(4) Kicker 43DSC6804 DSC680 6x8 200 Watt 2-Way Car Stereo Speakers 4-Ohm DS680,143.92,4.5,208,Mid-High ($100-200),Good (4-4.5),0.3501200121751482,(4),31.91130820399113
B01EA8VTHU,Casio GX-120B Electronic Desktop Calculator with 12-digit Extra Large Display,24.95,4.6,308,Low ($20-50),Excellent (4.5-5),0.36017798907135506,Casio,5.412147505422994
B01EAB981G,"iRULU Video Projector Portable Multimedia LED Video Projector with VGA USB TV AV HDMI for Home Cinema Theater, Child Games - White",,3.7,188,,Average (3.5-4),0.27010841679590686,iRULU,
B01EACL21Y,"Samsung Electronics UN55J6201AFXZA 54.6"" 1080p Smart LED TV",,3.8,44,,Average (3.5-4),0.28002493006536894,Samsung,
B01EADLCE0,"Mobile Edge Black SlipSuit, Cushioned EVA Laptop Sleeve w/Handle, 14 Inch Screens, Large Zippered Exterior Pocket, Water-Resistant, MESS1-14",18.65,4.3,32,Budget (<$20),Good (4-4.5),0.33001797283782414,Mobile,4.327146171693736
B01EAGKOWI,Soleus Unisex SF002 Go Fitness Band Digital Display Quartz Watch,83.95,3.3,248,Mid ($50-100),Below Avg (3-3.5),0.23014320293363094,Soleus,25.362537764350456
B01EAH1GF6,Handmade World Leather Messenger Bag Laptop Bags Computer Satchel Briefcase Unisex(15 Inch),76.0,4.0,66,Mid ($50-100),Average (3.5-4),0.3000376849825345,Handmade,18.952618453865338
B01EAIV5H4,"G-TING USB-C 3.0 Type C Adapter Multiport Converter for New MacBook, ChromeBook Pixel Devices Nokia N1, Nexus 6/6p and Other Type-C HUB Devices, USB C Charging Port and 3 USB A Ports",,3.8,160,,Average (3.5-4),0.2800921832649689,G-TING,
B01EAN1ZN8,Joby Action Jib Kit (Without Pole) model JB01352.,,4.2,80,,Good (4-4.5),0.32004580174800346,Joby,
B01EAN2T60,JOBY Bike Mount for GoPros and Action Sports Cameras,,4.1,108,,Good (4-4.5),0.31006203527894133,JOBY,
B01EAPUHQC,Samsung WMN550M Samsung Mini Wall Mount,,4.1,79,,Good (4-4.5),0.31004522197904133,Samsung,
B01EAT6NZC,"S8 Plus Stylus Pens,SKOLOO 14 Pack 2 in 1 Crystal Capacitive Metallic Stylus&Ballpoint Pen for Samsung S8 S7 Edge,iPhone 7 Plus 6S iPhone SE,iPad,Android,All Universal Touch Screens Devices,14 colors",,3.4,30,,Below Avg (3-3.5),0.2400168132999,S8,
B01EAXSB3K,SanDisk SD8SBBU-480G-1122 480G 2.5 SATA3 6Gb s 7mm Z410 15nm TLC Brown Box,170.9,3.7,7,Mid-High ($100-200),Average (3.5-4),0.27000347861377244,SanDisk,46.06469002695418
B01EB1UEBI,Canon VIXIA HF R72 Camcorder,279.0,3.8,77,High ($200-500),Average (3.5-4),0.2800440624411172,Canon,73.22834645669292
B01EBBWF3I,Canon Speedlite 430EX III-RT Flash + Canon Speedlite Case + 4 High Capacity AA Rechargeable Batteries and Charger + Flash L Bracket + TTL Cord,,4.4,35,,Good (4-4.5),0.34001971214471044,Canon,
B01EBC0JI0,"Acer Chromebook 15.6-inch Laptop (Intel Dual-Core 2.41GHz Processor, 2GB RAM, 16GB SSD, Google Chrome OS) Black (Renewed)",,3.9,91,,Average (3.5-4),0.29005217920658616,Acer,
B01EBC50HK,SK Hynix HMT41GU6BFR8A-PB 2x8GB (16GB Total) 2Rx8 PC3L-12800U Desktop Memory,34.98,4.6,81,Low ($20-50),Excellent (4.5-5),0.3600463815169655,SK,7.587852494577007
B01EBI4N7C,Impact Select Air Duster Compressed Canned Air Keybaord Computer Cleaner Dust Off 10oz Can with Straw (8 Pack),,4.7,16,,Excellent (4.5-5),0.3700086965344311,Impact,
B01EBOICNW,"ZN Genuine Leather Messenger Bag 15.6"" Laptop Briefcase Bag for Women or Men",,3.8,85,,Average (3.5-4),0.2800487005928137,ZN,
B01EBOL5B8,DJI Osmo Quick Release 360° Mic Mount,21.9,4.4,143,Low ($20-50),Good (4-4.5),0.34008232719261383,DJI,4.965986394557823
B01EBSHJKU,Hosyl Red Black DC Wire Power Pigtails Adapter Plug Lead Cord Coax Cables CCTV Camera CCTV DVR Camera 10 inch 2.1 x 5.5mm(5 Male + 5 Female),,4.0,17,,Average (3.5-4),0.30000927630339314,Hosyl,
B01EBYOPEC,AOSTO 5x7ft Backdrop Background Barn Door Photography Background Western Saloon Doors Backdrop Western Country Old Wild west Party Decorations Z-34,16.0,4.7,102,Budget (<$20),Excellent (4.5-5),0.37005855666516896,AOSTO,3.397027600849257
B01EC2YEX0,"StarTech.com 115 ft/35 m HDMI Signal Booster - 1080p Signal Repeater - HDMI Inline Amplifier & Extender - 7.1 Audio Support (HDBOOST), Black",27.76,3.8,298,Low ($20-50),Average (3.5-4),0.2801721913817343,StarTech.com,7.286089238845146
B01EC4V8P0,Tasco Essentials Roof Prism 178125B 12X25 Brown Camo Roof Mc Box 6L,22.5,4.4,136,Low ($20-50),Good (4-4.5),0.34007826880987935,Tasco,5.1020408163265305
B01EC7AGVE,"COMISO Portable Wireless Bluetooth Speaker with Built-in-Mic Handsfree Call AUX Line HD Sound and Bass, A - Space Gray / Black",,4.1,298,,Good (4-4.5),0.31017219138173435,COMISO,
B01EC9ES5M,"(2 Packs) 1/4"" Threaded Socket to Flash Hot Shoe Mount Adapter, Flash Hot Shoe Adapter, 1/4"" Thread to Flash Shoe Adapter for Flash Holder Bracket Light Stands Umbrella Holder Flash Bracket",,3.5,19,,Below Avg (3-3.5),0.2500104358413172,(2,
B01EC9IUP6,EforTek U.S. Edition AZ13-2 Battery (2-Pack) and Dual USB Charger kit for AZ13-2 and Xiaomi YI Action Camera(Only for Official U.S. Edition),,3.4,9,,Below Avg (3-3.5),0.24000463815169654,EforTek,
B01ECAIWCG,E EGOWAY 65W 15V 4A AC Power Adapter Charger for Microsoft Surface Book Surface Pro 3 Pro 4 with USB Charging Port 6Ft Power Cord fit Model 1706,,3.3,88,,Below Avg (3-3.5),0.23005043989969995,E,
B01ECDGTV4,"ANTOGOO Screen Protector, Sparin Tempered Glass Screen Protector for Kindle Oasis with [Retina Clarity] [Smooth Touch] [Scratch Resistant] [Lifetime Wrannty] 6.0""",,3.5,31,,Below Avg (3-3.5),0.25001739306886206,ANTOGOO,
B01ECDW5NK,PNY quadro m2000 4gb gddr5 vcqm2000-esppb,102.99,4.4,29,Mid-High ($100-200),Good (4-4.5),0.340016233530938,PNY,23.353741496598637
B01ECDW73I,"Loctek Standing Mount Sit Stand Workstation Gas Spring Laptop Mount Stand for 10""-17"" Notebook(S2L)",,4.4,23,,Good (4-4.5),0.3400127549171656,Loctek,
B01ECHDXYQ,4.0Ah 20v Max Battery for Porter Cable PCC685 PCC680L 20-Volt Lithium-Ion Battery PCCK602L2,,3.7,20,,Average (3.5-4),0.27001101561027935,4.0Ah,
B01ECPKYZE,Audiopipe APMI-1300 Mini Series 1000W Class D Car Audio Amplifier,,4.4,48,,Good (4-4.5),0.3400272491412173,Audiopipe,
B01ECUK4RC,RCA Amplified Indoor HDTV Antenna (Model 1275F),,4.0,239,,Average (3.5-4),0.3001379850129724,RCA,
B01EDFP91W,AudioControl ACR2 Wired Remote Level Control,31.0,4.3,62,Low ($20-50),Good (4-4.5),0.3300353659066862,AudioControl,7.192575406032483
B01EDIWDIG,AudioControl DM-608 6 by 8 Channel Matrix Digital Signal Processor,,4.1,33,,Good (4-4.5),0.3100185526067862,AudioControl,
B01EDOGO4E,"wawpi USB 3 Cable Extension Right Angle 90 Degree Male to Female 9""",,3.4,28,,Below Avg (3-3.5),0.24001565376197584,wawpi,
B01EDVKAV0,"Advanced-N 6205Anhmw USE FOR INTEL 6205 Half Mini Pci-e Wireless Dual Band Wifi Card USE For T420, T430 T520, X220, X230 , W530, W520 and 8460, 8560, 2570, 6460, 8470 ,6560 FRU: 60Y3253 SPS:631954-001",14.99,4.3,36,Budget (<$20),Good (4-4.5),0.33002029191367244,Advanced-N,3.477958236658933
B01EDXYMKI,"Dual Lens Car Camera, Car Video Dash Cam Rearview Mirror Recorder for Vehicles Front and Rear DVR, Full HD 1080P, G-Sensor and Parking Monitor (Dual Lens Car Camera)",,3.6,81,,Average (3.5-4),0.2600463815169655,Dual,
B01EE23NZS,Axxess Ram 1500/2500/3500 Data Interface 2013-2017,56.98,4.3,147,Mid ($50-100),Good (4-4.5),0.330084646268462,Axxess,13.220417633410673
B01EE3YB6C,AudioControl Matrix Plus Black Six Channel Line Driver with Remote Level Control Input,215.0,4.5,110,High ($200-500),Good (4-4.5),0.3500631948168655,AudioControl,47.671840354767184
B01EE4VQYG,DAOKI® 84 x 84 for Nokia 5110 LCD Module Blue Backlight for Arduino UNO Mega Prototype,6.89,3.5,21,Budget (<$20),Below Avg (3-3.5),0.2500115953792414,DAOKI®,1.962962962962963
B01EE9APYS,"TP-Link AV1000 2-Port Gigabit Powerline Adapter, Up to 1000Mbps (TL-PA7020 KIT),White",,4.2,319,,Good (4-4.5),0.32018436652993787,TP-Link,
B01EEA46WY,EverVanz Tote Handmade Vintage Leather Briefcase Without Flap for 15 Inch Laptop Bag Shoulder Messenger Bag,,4.3,39,,Good (4-4.5),0.3300220312205586,EverVanz,
B01EEHIB0K,Garmin Nuvi Car Suction Cup Dash / Windshield Mount fits most Nuvi's Original,11.95,4.4,193,Budget (<$20),Good (4-4.5),0.3401113156407172,Garmin,2.709750566893424
B01EEZF7AO,Dell 65W Replacement AC adapter,21.98,4.2,113,Low ($20-50),Good (4-4.5),0.32006493412375175,Dell,5.220902612826603
B01EF000NM,SIENOC 1ft 30cm 0.3m RJ45 Male to Female Screw Panel Mount Ethernet LAN Network Extension Cable,,4.6,103,,Excellent (4.5-5),0.360059136434131,SIENOC,
B01EF3Q8SU,"Sametop Suction Cup Mount Compatible with Gopro Hero 11, 10, 9, 8, 7, 6, 5, 4, Session, 3+, 3, 2, 1, Hero (2018), Max, Fusion, DJI Osmo Action Cameras; Perfect for Car Windshield and Window",9.99,4.3,3037,Budget (<$20),Good (4-4.5),0.3317601785688403,Sametop,2.317865429234339
B01EFBF6A8,Qable Powerz 6484273 USB 3.0 External Slot VCD CD RW Superdrive SATA CD DVD Drive / CD Burner for select Models,,2.5,41,,Poor (<3),0.15002319075848278,Qable,
B01EFBTGYA,"2016 Lenovo 15.6"" Full HD Flagship High Performance Laptop PC, Intel Core i7-5500U Processor, 8GB RAM, 1TB HDD, DVD+/-RW, Webcam,Bluetooth, WIFI, HDMI, Backlit Keyboard, Windows 10",,3.3,14,,Below Avg (3-3.5),0.23000753699650686,2016,
B01EFHZFT4,"SMONET Wireless Security Camera System,4CH HD Video Security System,4pcs HD Bullet IP Cameras,Support Motion Detection Alarm & Remote View by iOS or Android App,without Hard Drive",,3.9,584,,Average (3.5-4),0.29033800530488596,SMONET,
B01EFKPTKQ,THINKWARE TW-X330 Dash Cam with 1080P Sony Exmor Sensor,,3.0,26,,Poor (<3),0.20001449422405174,THINKWARE,
B01EFM3MG2,"Pixel TF-321 E-TTL Flash Hotshoe Adapter with PC Connection Port for Canon EOS Cameras and Canon 580EX, 580EX II, 550EX, 430EX",,4.0,7,,Average (3.5-4),0.30000347861377247,Pixel,
B01EFM7Q5U,Juiced Systems® USB-C Multifunction Display Adapter with Power Delivery - Space Grey,,3.0,31,,Poor (<3),0.20001739306886207,Juiced,
B01EFMJ1IU,"Amazon Basics 17.3-Inch Laptop Sleeve, Protective Case with Zipper - Blue",,4.4,326,,Good (4-4.5),0.34018842491267237,Amazon,
B01EFNWZZ0,"HAVIT Bluetooth 4.0 USB Dongle Adapter, Wireless Receiver, Low Energy, for PC,Stereo Headphones,Cell Phones,Speaker (HV-888)",,3.7,97,,Average (3.5-4),0.2700556578203586,HAVIT,
B0742RKNKP,"Toshiba TY-CWU700 Vintage Style Retro Look Micro Component Wireless Bluetooth Audio Streaming & CD Player Wood Speaker System + Remote, USB Port for MP3 Playback, FM Stereo Digital Tuner, AUX Input",139.99,4.2,1910,Mid-High ($100-200),Good (4-4.5),0.321106778948589,Toshiba,33.25178147268409
B01EFORUQI,KUYIOHIFI Digital Optical Audio Toslink Cable (3 Feet),,4.3,25,,Good (4-4.5),0.33001391445508965,KUYIOHIFI,
B01EFQAD24,Dentsing 55Wh C4K9V Laptop Battery Compatible with Dell XPS 12 9Q33 -L221X 13 9333 Ultrabook 13 XPS13 13-L321X 13-L322X XPS L321X L322X Series 3H76R 489XN PKH18 7.4V,45.74,4.0,49,Low ($20-50),Average (3.5-4),0.3000278289101793,Dentsing,11.406483790523692
B01EFRXWO4,"IPAD PRO 9.7 Case, E LV IPAD PRO Case Cover Full Body Protection PU LEATHER Smart Case Cover for APPLE IPAD PRO with 1 Stylus - [BLACK]",,3.8,36,,Average (3.5-4),0.2800202919136724,IPAD,
B01EFTQ49W,"HQRP 9V AC Adapter Compatible with Digitech PS0912 BP8 RP5 RP6 RP7 RP10 RP12 RP14D RP2000 RP20 RP21D, Studio Quad, Studio Quad V2 PS0920 4 PIN DIN Power Supply Cord, ETL Listed",24.95,4.6,223,Low ($20-50),Excellent (4.5-5),0.3601287087095792,HQRP,5.412147505422994
B01EFVAT32,"Trust GXT 38 120-Watt 2.1 Gaming Speakers with Subwoofer for PC, Xbox 360, and PS3, Black",,4.0,62,,Average (3.5-4),0.3000353659066862,Trust,
B01EFVAT5A,"Trust Gaming GXT 628 120 Watts 2.1 Gaming Speakers for PC, Wii, Xbox 360 & Playstation 3, Illuminated with LED Lights and Subwoofer",,4.1,35,,Good (4-4.5),0.31001971214471036,Trust,
B01EFVAXZG,"Trust 21440 Spill Resitant Wired Keyboard, Plug and Play 5-Foot USB Cable, Power, Sleep and Wake-up Button, Black",,3.6,51,,Average (3.5-4),0.26002898844810346,Trust,
B01EFVBBF2,"Trust Tytan 120 Watts 2.1 Speakers with Bluetooth and Subwoofer, Black",,3.6,25,,Average (3.5-4),0.26001391445508965,Trust,
B01EG134DS,"Inovat USB2-A-MB-25ST, Premium 25ft USB 2.0 A to Mini B 5 Pin USB Cable",12.59,4.6,546,Budget (<$20),Excellent (4.5-5),0.36031597408432736,Inovat,2.731019522776573
B01EG68PE6,Onkyo TX-RZ710 7.2-Channel Network A/V Receiver,,3.7,76,,Average (3.5-4),0.27004348267215517,Onkyo,
B01EG7J39Q,PC05 FTDI USB Programming Cable for BTECH UV-50X3,33.98,4.6,57,Low ($20-50),Excellent (4.5-5),0.3600324670618758,PC05,7.370932754880695
B01EG8K6GE,Antique Maple 16GB USB Flash Drive - Stained in Nightshade Black - Inserted into a Printed Matching Maple Stained Box with Raffia Grass Inside. MR & MRS Design!,,4.4,22,,Good (4-4.5),0.34001217514820353,Antique,
B01EG8RLIA,"Acer KA240H bd 24-inch Full HD (1920 x 1080) Display (VGA, DVI Ports)",,3.9,165,,Average (3.5-4),0.29009508210977925,Acer,
B01EGA3BO6,Raptor 70-7903 MZ7903 OEM to Aftermarket Stereo Harness for Select 2001-15 Mazda,7.6,4.2,20,Budget (<$20),Good (4-4.5),0.3200110156102794,Raptor,1.8052256532066508
B01EGA8BU0,"DJI PHANTOM 4 BUNDLE INCLUDES, 2 EXTRA BATTERIES, CAMRISE LANYARD, 32GB MICRO SD CARD AND CAMRISE USB READER",,3.3,13,,Below Avg (3-3.5),0.2300069572275448,DJI,
B01EGAKEQ4,Wireless in-Ear Headphones Sweatproof Earbuds with Microphone for Phone Calls - Best Headset Earphones for Running Exercise Sport Gym on iPhone 6 6s Plus 5C 5S Android Samsung Galaxy S6 S5,,3.7,204,,Average (3.5-4),0.27011769309929995,Wireless,
B01EGAKUQS,bestenme 9.7 inch Tablet Octa Core 25601600 IPS Bluetooth 4G RAM 64G ROM 8.0MP 3G Dual sim card Phone Call Tablets pc Android 5.1 GPS electronics 7 8 9 10 10.1,119.0,2.8,31,Mid-High ($100-200),Poor (<3),0.18001739306886205,bestenme,42.34875444839858
B01EGD0Q32,Manfrotto MHXPRO-2W XPRO Fluid Head with Fluidity Selector and Two Replacement ZAYKIR Quick Release Plates,169.99,4.5,41,Mid-High ($100-200),Good (4-4.5),0.35002319075848276,Manfrotto,37.69179600886918
B01EGDIN5U,Jumbl 5 Pack Cat6 Cables Multi Color -5 Feet- Network Cable RJ45 Ethernet Patch Cord Snagless Black Blue White Green Yellow,,3.7,38,,Average (3.5-4),0.27002145145159656,Jumbl,
B01EGK7M2I,Memento 35 In. 4K Smart Digital Photo Frame,,3.3,14,,Below Avg (3-3.5),0.23000753699650686,Memento,
B01EGQNTAG,Promaster Velocity 128GB SD/XC Memory Card,139.0,4.3,9,Mid-High ($100-200),Good (4-4.5),0.33000463815169656,Promaster,32.25058004640371
B01EGR8YSM,Honeywell 2GIG Vivint Compatible Recessed Door or Window Sensor,,4.1,96,,Good (4-4.5),0.31005507805139654,Honeywell,
B01EGRM6HM,"UFO 360° Omni-Directional Reception Outdoor TV Antenna 65 Miles Range with Smartpass Amplified & Built-in 4G LTE Filter for Indoor,Outdoor,RV,Attic Use Support VHF &UHF Digital Signal Grey",,3.6,62,,Average (3.5-4),0.2600353659066862,UFO,
B01EGRM6UO,"Ace of Slates 360 Degree Rotating Stand Case for iPad 4 Retina Display, iPad 3 and iPad 2 - Black",,3.7,42,,Average (3.5-4),0.2700237705274448,Ace,
B01EGZS4GQ,"Inateck SSD Mounting Bracket, 2.5 to 3.5 Hard Drive Adapter, ST1002",,4.4,857,,Good (4-4.5),0.34049628223153083,Inateck,
B01EH3P3TS,"Yomikoo AUX Adapter, Car Stereo USB & AUX Cable MP3 CD Changer Compatible for VWAudi 12pin A3 2008-2010, A4/S4 2007-2009, Beetle 2009-2011, Jetta 2003-2011, Passat2004-2011, Polo 2005-2011",27.99,4.3,44,Low ($20-50),Good (4-4.5),0.330024930065369,Yomikoo,6.494199535962878
B01EH3YSOY,"Parking Sensors for Car, Reverse Backup Radar System Vehicle/Auto, Buzzing Alert, LED Display",15.99,4.0,74,Budget (<$20),Average (3.5-4),0.30004232313423107,Parking,3.9875311720698257
B01EH99B7W,"Pergear DC 12V 1A Switching Power Supply Adapter for PERGEAR A6 Plus,DESTVIEW R7,LILLIPUT A7S,ANDYCINE A6/A6 Plus,FEELWORLD F5/F6/F6S/A5/FW279/FW279S/F570,DC Connector Jack 5.5mmx2.1mm",,4.4,148,,Good (4-4.5),0.3400852260374242,Pergear,
B01EH9YYPG,Bluedio Wireless Bluetooth V5.0 Stereo Headphones with Mic (HT Turbine White ),30.99,4.2,147,Low ($20-50),Good (4-4.5),0.32008464626846206,Bluedio,7.36104513064133
B01EHCE4VM,"Timibis Headphone Replacement Headband Cover for Bose, AKG, Sennheiser, Sony, Beats, Audio-Technica Comfort Cushion/Top Pad Protector (Black)",,4.3,78,,Good (4-4.5),0.3300446422100793,Timibis,
B005SUOI1O,"Samsung 1650 mAh Original Spare Battery for Samsung Galaxy S2 Mobile Phone (Retail Packaging) - i777, AT&T model only",,3.6,88,,Average (3.5-4),0.2600504398997,Samsung,
B01EHF7JAM,4 in 1 Network Cable Tester Multi-functional,,3.3,31,,Below Avg (3-3.5),0.23001739306886204,4,
B01EHFXBNQ,"Mini Bamboo Stand, iCozzier Multi-Device Charging Station and Cord Organizer Stand Dock for iPhone, iPad, Samsung, Smartphones, Tablets",,4.0,374,,Average (3.5-4),0.30021625382285166,Mini,
B01EHGPKI4,"JBtek Sleeved PWM 4 Pin CPU, Case Fan Extension Cable, Red, 2 Pack",,4.4,47,,Good (4-4.5),0.34002666937225523,JBtek,
B01EHGWU64,"JBtek Sleeved 3 Pin CPU, Case Fan Extension Cable, Red, 2 Pack",5.95,4.7,144,Budget (<$20),Excellent (4.5-5),0.37008290696157586,JBtek,1.2632696390658174
B01EHIQASQ,Jaybird - Freedom F5 In-Ear Wireless Headphones - Carbon,39.99,3.5,964,Low ($20-50),Below Avg (3-3.5),0.2505583175104721,Jaybird,11.393162393162394
B01EHM1BH2,"Shure Sound Isolating Earphones and FiiO Amp Bundles (Clear 215-CL, FiiO A1 Silver + 32gb Memory Card)",,3.2,18,,Below Avg (3-3.5),0.2200098560723552,Shure,
B01EHO4J60,"LG G PAD X 8.0 Screen protector, KuGi LG G PAD X 8.0 – 9H Hardness HD clear Tempered Glass Screen Protector for LG G PAD X 8.0 tablet. (1pcs)",,4.5,309,,Good (4-4.5),0.3501785688403172,LG,
B01EHOGL1G,"Iswee Leather Briefcase Fit under 16.5"" Laptop Tote Shoulder Bag for Men Messenger Satchel Work Case Handbags Crossbody (Dark Brown, Medium)",,3.9,42,,Average (3.5-4),0.29002377052744477,Iswee,
B01EHOP252,i-graphy Waterproof Backpack with Cover for DSLR Camera - Kahki,,4.3,148,,Good (4-4.5),0.33008522603742413,i-graphy,
B01EHPCRA4,"Heart Horse CCFL Inverter For Spyder Lights for B-M-W Ma-zda Le-xus Infi-niti Angel Eye Ring, 4-Outputs 12V High Power Female Ballast Replacement 1 For 2 Lamps,Up to 300mm",14.99,4.1,243,Budget (<$20),Good (4-4.5),0.3101403040888206,Heart,3.6472019464720202
B01EHPZBNO,Godox S-Type Bracket Bowens S Mount Holder for Speedlite Flash Snoot Softbox Honeycomb with USB Light,21.99,4.7,301,Low ($20-50),Excellent (4.5-5),0.37017393068862064,Godox,4.6687898089171975
B01EHQL3LW,NB North Bayou Dual Monitor Desk Mount Stand Full Motion Swivel Computer Monitor Arm for Two Screens 17-27 Inch with 4.4~19.8lbs Load Capacity for Each Display F160,55.9,4.6,3594,Mid ($50-100),Excellent (4.5-5),0.3620831098807125,NB,12.125813449023862
B01EHRQ4NI,Aputure Updated DEC LensRegain for MFT Camera 0.75x Focus Reducing Adapter Telecompressor Optic Reducer Adapter wireless focus controller w/ EACHSHOT Cleaning Cloth,,3.7,18,,Average (3.5-4),0.27000985607235517,Aputure,
B01EHSIGM4,"Gloway FER 120GB Solid State Drive,3D NANAD SATA 2.5 Inch Internal SSD Work with Notebook and Desktop(120GB)",,3.9,44,,Average (3.5-4),0.29002493006536895,Gloway,
B01EHSL4X2,"MoKo iPad Mini 4 Case - Slim Lightweight Shell Stand Cover with Translucent Frosted Back Protector for Apple iPad Mini 4 7.9 inch 2015 Release Tablet, Mint GREEN (with Auto Wake/Sleep)",,4.3,110,,Good (4-4.5),0.33006319481686547,MoKo,
B01EHUJ0YA,"SMALLRIG 1.97"" Tilt Bar Extension Rods Bar for DJI Ronin and for DJI Ronin-M - 1766",,4.3,33,,Good (4-4.5),0.3300185526067862,SMALLRIG,
B01EHUWXYE,Douk Audio 6J1 Tube Phono Preamp MM RIAA Turntable Vinyl LP Record Player HiFi Class A Preamplifier,,3.3,16,,Below Avg (3-3.5),0.230008696534431,Douk,
B01EHUZQCA,"HiLDA Screen Protector for iPad (9.7-Inch, 2018/2017 Model, 6th/5th Generation), iPad Air 1, iPad Air 2, iPad Pro 9.7-Inch,2.5D Edge,Anti-Scratch,Case Friendly",,4.3,137,,Good (4-4.5),0.33007884857884134,HiLDA,
B01EHW2QOY,LG Electronics 43UH6100 43-Inch 4K Ultra HD Smart LED TV (2016 Model),,4.0,307,,Average (3.5-4),0.30017740930239306,LG,
B01EHWLIU2,"Wackolee EARPAD2I Replacement EarPad Cushions Compatible for Bose Quiet Comfort 2 Qc2, 15 Qc15, 25 Qc25, Ae2, Ae2I, Ae2W Headphone, Black",,4.1,23,,Good (4-4.5),0.3100127549171655,Wackolee,
B01EHWLIV6,"Wackolee Replacement Earpad/Pad Cushions Compatible for Bose Headphone, Brown",,3.9,26,,Average (3.5-4),0.2900144942240517,Wackolee,
B01EHYUDIS,iPad Pro 9.7 Case by Cuvr | Leather Folio Cover Stand with Apple Pencil Holder (Brown),,3.6,66,,Average (3.5-4),0.2600376849825345,iPad,
B01EHZIYYW,"NEOUZA 5PK Compatible for Brother P-Touch Laminated TZe TZ 334 335 931 233 232 Label Tape Cartridge 12mm x 8m(Blue on White,Red on White,White on Black,Black on Silver,Gold on Black)",,4.2,23,,Good (4-4.5),0.3200127549171656,NEOUZA,
B01EI4IS3E,"Koolehaoda Mini Tripod,Universal 3 Legs Monopod Base Stand Unipod Support with 3/8"" Screw for Monopods Ballhead - A2",22.99,4.3,43,Low ($20-50),Good (4-4.5),0.3300243502964069,Koolehaoda,5.334106728538283
B01EI5YROC,G.Skill TridentZ Series F4-3600C15D-16GTZ 16 GB (8 GB x 2) DDR4 3600 MHz CL15 1.35V Memory Kit - Grey/Black,,4.3,93,,Good (4-4.5),0.3300533387445103,G.Skill,
B01EI5YUB2,"Gskill F4-3000C15D-16GVKB, Memory D4 3000 RipjawsV 16 GB (C15.2 x 8 GB, 1.4V), Black",,4.6,180,,Excellent (4.5-5),0.3601037786442103,Gskill,
B01EIB2P22,Musical Paradise MP-301 MK3 Mini Tube Amplifier with Headphone Output (Deluxe Version),,4.0,14,,Average (3.5-4),0.30000753699650695,Musical,
B01EIBYRUA,YAMAHA WXA-50 MusicCast Wireless Streaming Amplifier,599.95,4.2,136,Premium (>$500),Good (4-4.5),0.32007826880987933,YAMAHA,142.5059382422803
B01EIJCTBG,"HDTV Antenna Outdoor,FM Amplifier Antenna,HD Antenna with Dual Outputs Smart Boost System,Amplifier Signal Booster Support a Second TV or Any OTA-Ready Streaming Device or Projector",,3.6,95,,Average (3.5-4),0.26005449828243443,HDTV,
B01EILW1QC,"TOP CASE - 2 in 1 Signature Bundle Rubberized Hard Case and Keyboard Cover ONLY Compatible MacBook Air 13"" A1369 & A1466 (Older Version, Release 2010-2017) - Aqua Blue",,4.2,61,,Good (4-4.5),0.3200347861377242,TOP,
B01EILW6CQ,"TOP CASE - 2 in 1 Signature Bundle Rubberized Hard Case and Keyboard Cover ONLY Compatible MacBook Air 13"" A1369 & A1466 (Older Version, Release 2010-2017) - Hot Pink",,4.3,136,,Good (4-4.5),0.3300782688098793,TOP,
B01EILWBO4,"TOP CASE - 2 in 1 Signature Bundle Rubberized Hard Case and Keyboard Cover ONLY Compatible MacBook Air 13"" A1369 & A1466 (Older Version, Release 2010-2017) - Royal Blue",,4.2,94,,Good (4-4.5),0.3200539185134724,TOP,
B01EINKKBI,Solidlink Bare Copper 1000ft CAT6 in-Wall (cm Rated) UL Listed 4/UTP Solid Conductor Cable 23AWG LAN Network Ethernet 550Mhz Wire (Blue) SL606,,4.4,33,,Good (4-4.5),0.34001855260678626,Solidlink,
B01EIO5H7Y,JVC GY-HM170U Ultra 4K HD 4KCAM Professional Camcorder & Top Handle Audio Unit with XLR Microphone + 64GB Card + Battery + Hard Case + LED Light Kit,,4.2,47,,Good (4-4.5),0.3200266693722552,JVC,
B01EIP37IY,"LaCie Porsche Design 1TB USB-C Mobile Hard Drive, Silver + 2mo Adobe CC Photography (STFD1000400)",,4.4,297,,Good (4-4.5),0.3401716116127724,LaCie,
B01EIS7D8G,"Bitspower T-Block Fitting with Triple G1/4"" Female, Matte Black",18.99,4.8,76,Budget (<$20),Excellent (4.5-5),0.38004348267215515,Bitspower,3.948024948024948
B01EIS85Z6,"Bitspower None Chamfer Crystal Link Tube, 16mm OD, 1000mm, Clear, 4-Pack",42.99,4.1,42,Low ($20-50),Good (4-4.5),0.3100237705274448,Bitspower,10.459854014598543
B01EISGWOC,Pack of 100 5x7 WHITE Picture Mats Mattes with White Core Bevel Cut for 4x6 Photo + Back + Bags,38.99,4.7,520,Low ($20-50),Excellent (4.5-5),0.37030090009131367,Pack,8.278131634819534
B01EIUOSRS,"Apple MacBook Air (13-Inch, 1.6GHz Dual-Core Intel Core i5, 8GB RAM, 128GB SSD) - Silver",,4.5,371,,Good (4-4.5),0.3502145145159654,Apple,
B01EIW6DME,Hard EVA Travel Carry Pouch Sleeve Portable Protective Box Cover Bag Cover Case for Sony SRSXB3 Portable Wireless Speaker System Storage Box with Carabiner Clip (for Sony SRS-XB3),,4.1,21,,Good (4-4.5),0.3100115953792414,Hard,
B01EIXARQ6,"i-croo USB Type C Cable(2packs), Nylon Braided USB Type A to USB3.1 Type C Reversible Data & Charging Cord with 56k ohm Resistor 1m/3.3ft for LG G5 and More(Gold)",,3.1,19,,Below Avg (3-3.5),0.21001043584131726,i-croo,
B01EIXFGUI,"TNP Digital Voice Recorder w/Playback, Rechargeable Voice Activated Dictaphone w/Noise-Reduction Stereo Mic 8GB, Includes Call Recording Adapter, Headphone - MP3 / WAV/FM Radio Player for Lectures",,3.8,34,,Average (3.5-4),0.2800191323757482,TNP,
B01EIY6LKG,SODIAL 128MB USB 2.0 Flash Drive Memory Stick Storage Thumb Pen U Disk For Data Storage,,3.7,342,,Average (3.5-4),0.2701977012160654,SODIAL,
B01EIYLKRK,YI 4K Action Camera Waterproof Case for YI Lite / 4K / 4K+,47.53,4.4,331,Low ($20-50),Good (4-4.5),0.34019132375748273,YI,10.777777777777779
B01EIYOC9I,"F-color USB C Hub, USB C to 2 Ports USB 3.0 Hub with 1 Gigabit Ethernet Port and 1 Full Speed Type-C Charging Port 12 inch,",,3.1,10,,Below Avg (3-3.5),0.21000521792065863,F-color,
B01EIYQRUK,"Kuprine Water Resistant Business Laptop Backpack for Men Women Black Laptop Travel Bag College Computer Backpack Up To 17 Inch Laptops, Black",,3.8,40,,Average (3.5-4),0.28002261098952064,Kuprine,
B01EIZJHQK,"Kattee Camera Backpack Laptop Camera Bag Photography Bag Waterproof, Camera Case Compatible for Nikon Sony Camera",,4.4,161,,Good (4-4.5),0.34009276303393104,Kattee,
B01EJ09X8G,"PECHAM HD 1200TVL Bullet Surveillance CCTV Camera 3.6mm Lens High Resolution 36 Infrared LEDs IR Cut-120ft IR Night Vision Distance Weatherproof Outdoor Security Camera, Aluminum Alloy Housing",,3.9,106,,Average (3.5-4),0.2900608757410172,PECHAM,
B01EJ17U3K,"Pecham HD 1200TVL Security Camera, Surveillance CCTV Infrared Dome Camera with Night Vision and 3.6 mm Lens Wide Angle-White",,3.9,63,,Average (3.5-4),0.2900359456756482,Pecham,
B01EJ1AFW8,Wangdd22 MAX7219 Dot Matrix Module For Arduino Microcontroller 4 In 1 Display with 5pin Line,,3.9,83,,Average (3.5-4),0.2900475410548896,Wangdd22,
B01EJ1XVV0,Set 6pcs SML Earbuds 4pcs Good Earhooks for Plantronics Voyager Edge Mobile Headphones Wireless Headset Earloops Earclips Small Medium Large Eargels Eartips Ear Hook Loop Clip Bud Gel (Clear 2sets),,4.1,136,,Good (4-4.5),0.31007826880987926,Set,
B01EJ292U8,MCOCEAN StrapMount BackPack / LifeVest / SCUBA Mount for GoPro Cameras,,3.5,35,,Below Avg (3-3.5),0.25001971214471036,MCOCEAN,
B01EJ4XL08,Kanex Thunderbolt 3 to Thunderbolt Adapter,,3.3,14,,Below Avg (3-3.5),0.23000753699650686,Kanex,
B01EJ5B8NO,Hermitshell Travel Hard EVA Protective Case Fits DYMO LabelManager 160 Hand-Held Label Maker 1790415,13.99,4.6,143,Budget (<$20),Excellent (4.5-5),0.36008232719261374,Hermitshell,3.0347071583514102
B01EJ5J552,GrinagainGoods Headphone Headset,,3.4,53,,Below Avg (3-3.5),0.24003014798602756,GrinagainGoods,
B01EJ6O5BK,"3PCS HP Keyboard Cover for HP Pavilion 17, ENVY m7-n 17t-n series, m7-n101dx m7-n011dx m7-n109dx 17t-n100 17-n179nr 17z US Version(See IDENTIFY image)",,4.4,8,,Good (4-4.5),0.34000405838273456,3PCS,
B01EJBAU6Y,"Godox V860II-S V860IIS Camera Flash Speedlite for Sony, 2.4G TTL Flash Speedlight GN60 1/8000s HSS, Rechargable Li-ion Battery, 650 Full Power Flashes, External Flash Compatible for Sony DSLR Cameras",179.0,4.5,743,Mid-High ($100-200),Good (4-4.5),0.350430188569855,Godox,39.68957871396896
B01EJCCQ9M,Yueton 14pcs Colorful Soft Rubber Replacement Charging Cable Saver Protector for iPod / iPhone / iPad / Apple Watch and Most Android Data Cable,,3.2,29,,Below Avg (3-3.5),0.22001623353093794,Yueton,
B01EJEJYR2,Godox Ving V860IIC 2.4G GN60 TTL HSS 1/8000s Li-on Battery Camera Flash Speedlite - 1.5S Recycle Time 650 Full Power Pops Supports TTL/M/Multi/S1/S2,161.0,4.2,32,Mid-High ($100-200),Good (4-4.5),0.3200179728378242,Godox,38.242280285035626
B01EJI8TQK,Gikfun JST SM 2-Pins 2P Female & Male Plug Connector Wire Cables for Arduino (Pack of 10 Pairs) AE1045,8.98,4.6,196,Budget (<$20),Excellent (4.5-5),0.3601130549476034,Gikfun,1.9479392624728853
B01EJKQNA2,"OceanHeart LKV372A HD 1080P 3D HDMI Extender Over Network Single Cable Cat6/6a/7 Ethernet Cable 60m/190ft with IR Remote Control, 20~60KHz wide Frequency - NOT Support Powerline",,3.4,16,,Below Avg (3-3.5),0.24000869653443102,OceanHeart,
B01EJOZS2W,Enegitech Max 2.0Ah Replacement for Black & Decker 40V Lithium Battery LBXR36 Power Tools,,3.5,44,,Below Avg (3-3.5),0.25002493006536897,Enegitech,
B01EJPYQ7O,"FOSOTO Waterproof Anti-shock Camera Case Bag Compatible for Canon Powershot SX540 SX530 SX60 SX420 HS M5,Nikon Coolpix L340 B500 B700 L330 L840 P610,Panasonic LUMIX FZ80 GX85,Sony a6000 Digital Camera",18.49,4.7,4145,Budget (<$20),Excellent (4.5-5),0.3724025625788124,FOSOTO,3.9256900212314223
B01EJUM83S,MAGIC MOTO ADS-B High Gain Antenna Full Kit for Stratux - Updated - Genuine DMURRAY14 Kit,,4.5,42,,Good (4-4.5),0.3500237705274448,MAGIC,
B01EJXHE7A,Canon PowerShot ELPH 360 HS Digital Camera (Black) + Transcend 32GB Memory Card + Camera Case + USB Card Reader + LCD Screen Protectors + Memory Card Wallet + Complete Accessory Bundle,,4.4,45,,Good (4-4.5),0.3400255098343311,Canon,
B01EK05WTY,CompuLab fit-Headless (GS),10.5,4.6,172,Budget (<$20),Excellent (4.5-5),0.36009914049251374,CompuLab,2.2776572668112802
B01EK2PLWA,LG Rolly Keyboard 2,,3.6,34,,Average (3.5-4),0.26001913237574825,LG,
B01EK87A82,Amazon Basics USB 2.0 A-Male to Micro B Cable - 3 Feet,,4.2,360,,Good (4-4.5),0.3202081370573827,Amazon,
B01EK87KW8,Amazon Basics USB 2.0 A-Male to Micro B Cable - 3 Feet - 2 Pack,,3.9,670,,Average (3.5-4),0.2903878654356239,Amazon,
B01EK87P6E,AmazonBasics USB 2.0 A-Male to Micro B Cable - 3 Feet - 3 Pack,,3.8,277,,Average (3.5-4),0.28016001623353093,AmazonBasics,
B01EK87WXK,AmazonBasics USB 2.0 A-Male to Micro B Cable - 6 Feet - 2 Pack,,3.9,541,,Average (3.5-4),0.29031307523951705,AmazonBasics,
B01EK9B8KM,"Reusable Rubber Twist Ties, Cord & Cable Management, 18-Pack (3 and 6 Inch) DIY Home Improvement",,4.1,129,,Good (4-4.5),0.3100742104271448,Reusable,
B01EKCJZ3Q,JBL Flip Portable Stereo Speaker with Wireless Bluetooth Connection (Certified Refurbished),84.99,3.9,93,Mid ($50-100),Average (3.5-4),0.2900533387445103,JBL,21.736572890025577
B01EKCVOOY,"Oshiro 8mm f/3.5 LD UNC AL Wide Angle Fisheye Lens for Nikon D5, D4s, D4, D3x, Df, D850, D810, D750, D610, D500, D7500, D7200, D7100, D5600, D5500, D5300, D5200, D3400, D3300 Digital DSLR Cameras",,3.7,66,,Average (3.5-4),0.2700376849825345,Oshiro,
B01EKD33C4,"Goal Zero Fan Tool, USB Powered",,4.1,63,,Good (4-4.5),0.31003594567564824,Goal,
B01EKE92XW,LG Electronics HBS-770.ACUSPKI LG Tone Pro Wireless Stero Headset - Pink,,4.0,192,,Average (3.5-4),0.30011073587175513,LG,
B01EKEEVNS,LG Tone Pro HBS-770 Wireless Stereo Headset - White,,4.1,204,,Good (4-4.5),0.31011769309929993,LG,
B01EKJ944Y,"Blackmagic Design Video Assist 4K, 7"" High Resolution Monitor with Ultra HD Recorder",995.0,3.9,37,Premium (>$500),Average (3.5-4),0.29002087168263446,Blackmagic,254.4757033248082
B01EKKQ02C,"Amazon Fire HD 8 Case (Previous Generation - 6th), Blue",,4.4,3108,,Good (4-4.5),0.3418013421651473,Amazon,
B01EKNQITO,MOPAR 5091100AB - Antenna Antenna,27.07,4.6,124,Low ($20-50),Excellent (4.5-5),0.3600713115823344,MOPAR,5.872017353579176
B01EKU80KC,Newmowa Dual USB Charger for Canon LP-E17 and Canon EOS M3 M6 M6 Mark II 250D 750D 760D Rebel SL3 T6i T6s 8000D Kiss X8i Digital Cameras,,4.3,68,,Good (4-4.5),0.3300388445204586,Newmowa,
B01EKUMQUC,TNP USB 3.0 Extension Cable (3 Feet) - Superspeed USB 3.0 Type A Male to Female Extender M/F Bi-Directional Connector Adapter Wire Cord Plug Jack for Data Transfer Sync & Charge - Blue,,3.7,20,,Average (3.5-4),0.27001101561027935,TNP,
B01EKVQU6C,"Tranesca Premium Leather Case for Apple iPad Pro 9.7 with Apple Pencil Holder 2016 Version (Not for iPad Air or iPad Mini),Topaz Brown",,4.4,320,,Good (4-4.5),0.34018494629889995,Tranesca,
B01EKWYCDO,"BlueDot 100 Pcs 8"" Black Self Adhesive Reusable Cable Ties 8-Inch with Wire Cord Straps and Reusable Hook Loop for Organizing Wires, Cords, Cables, Black",16.49,4.4,209,Budget (<$20),Good (4-4.5),0.3401205919441104,BlueDot,3.73922902494331
B01EKYLBFE,The North Face MENS Recon laptop backpack book bag 19X15X4 TNF BLACK,,4.7,52,,Excellent (4.5-5),0.37002956821706556,The,
B01EL00GA8,"ROCK [Mucu] Earbuds Runner Sport In-Ear Headset Earphones with Mic Microphone and Volume Control, Sweatproof Lightweight Running Gym Headphones 3.5mm Gold-Plated Plug Jack - Red",,2.9,24,,Poor (<3),0.19001333468612758,ROCK,
B01EL1E1ZS,WORLDS BEST CABLES 1 Foot – Audiophile High-Definition Audio Interconnect Cable Pair Custom Made Using Mogami 2497 Wire and Eminence Gold Locking RCA Connectors,64.95,4.4,18,Mid ($50-100),Good (4-4.5),0.34000985607235523,WORLDS,14.727891156462585
B01EL2K5ES,Vivitar VIV-CB-11LH Li-On Battery for Canon NB-11LH 1200Mah (Black),10.87,4.0,43,Budget (<$20),Average (3.5-4),0.30002435029640695,Vivitar,2.71072319201995
B01EL2KIG8,Vivitar VIV-PG-D7200 Battery Grip for Nikon (Black),49.99,4.3,10,Low ($20-50),Good (4-4.5),0.3300052179206586,Vivitar,11.598607888631092
B01EL3JBV0,Godox Ving V860IIN 2.4G GN60 I-TTL HSS 1/8000s Li-ion Battery Camera Flash Speedlite 1.5S Recycle Time 650 Ful Power Pops Supports TTL/M/Multi/S1/S2 for Ni-kon DSLR Cameras,,4.4,70,,Good (4-4.5),0.3400400040583828,Godox,
B01EL7TJ9A,"Sades G5 Gaming Headset Stereo PC Computer Headphones with Microphone,Over Ear Noise Canceling 3.5mm Jack for PS4 New Xbox One Mac Gamer,Black/Blue",,3.8,102,,Average (3.5-4),0.2800585566651689,Sades,
B01EL8137A,"Incipio Octane Pure Folio for iPad Pro 9.7"", Pink (IPD-304-PNK)",,3.5,21,,Below Avg (3-3.5),0.2500115953792414,Incipio,
B01EL81C30,Incipio Faraday Case for iPad Pro 9.7 Inch (2016) - Black,14.99,3.5,47,Budget (<$20),Below Avg (3-3.5),0.25002666937225515,Incipio,4.270655270655271
B01EL84674,"PocketPro Padfolio Case for iPad Pro 13.3"" (08598)",12.99,3.8,18,Budget (<$20),Average (3.5-4),0.2800098560723551,PocketPro,3.4094488188976384
B01EL9G626,"Astromania 1.25"" IR/UV Blocking Filter - Keeps Your Planetary Images Sharp",25.99,4.7,52,Low ($20-50),Excellent (4.5-5),0.37002956821706556,Astromania,5.518046709129512
B01EL9YCD6,"SHEROX C500 5.5 inches HUD Head Up Colorful Multifunction Display with OBD2, KM/h MPH RPM Speeding Warning",,3.2,33,,Below Avg (3-3.5),0.2200185526067862,SHEROX,
B01ELAE9L0,"ULAK iPad Pro 9.7 Case, Slim Lightweight Bumper Smart Case Stand for Apple iPad Pro 9.7 Inch 2016 PU Leather Colorful Clear Back Cover,Not Fit iPad 9.7 2017 (Rose Gold)",,4.0,262,,Average (3.5-4),0.30015131969909997,ULAK,
B01ELBW3CQ,"KFD 6V Univesal Ac Adapter for Logitech F540 Wireless Base,Vtech AT&T Cordless Phone,Battery Charger for 6V Ride On Car Toys,Blackstar Fly 3 Bass Amplifier,Maxim MA410611 MA350602,Nordictrack Bike",,4.3,83,,Good (4-4.5),0.33004754105488965,KFD,
B01ELC6E66,BXQINLENX Professional Universal CPU Water Cooling Block for Intel/AMD Water Cool System Computer Clear (Transparent),14.99,3.9,41,Budget (<$20),Average (3.5-4),0.2900231907584827,BXQINLENX,3.8337595907928392
B01ELCBKAQ,Egoway Replacement Battery for Dell Latitude E6420 E6520 E6530 E5420 E5520 E5430 E5530,,4.1,29,,Good (4-4.5),0.31001623353093793,Egoway,
B01ELDO2K0,LG Electronics OLED55E6P Flat 55-Inch 4K Ultra HD Smart OLED TV (2016 Model),,3.8,71,,Average (3.5-4),0.28004058382734476,LG,
B01ELDPP1K,LTGEM Hard Case for Bose SoundLink Mini II Limited Edition or Bose SoundLink Mini Bluetooth Portable Wireless Speaker,16.99,4.8,994,Budget (<$20),Excellent (4.5-5),0.38057571057933415,LTGEM,3.5322245322245323
B01ELDUPEC,[UL Listed] KFD Charger Adapter Power Supply Cord for Sony SRSX5 SRSX5/WHT SRSX5/RED SRSX5/BLK SRS-D5 SRS-Z100 Portable NFC Bluetooth Wireless Speaker System DVDirect AC-NB12A VRD-MC6 AC-S125V25A,15.49,4.4,110,Budget (<$20),Good (4-4.5),0.34006319481686553,[UL,3.512471655328798
B01ELGL6LK,"Suriora Mouse Pad, Comfort Silica Gel Wrist Rest Support Mouse Pad for Computer Pc/Laptop （Black）",,3.8,87,,Average (3.5-4),0.28004986013073785,Suriora,
B01ELH4VWK,"Turbot USB 3.0 to 2.5"" SATA Hard Drive Disk Adapter Cable Converter for SSD/HDD With USB Power cable",,4.1,10,,Good (4-4.5),0.3100052179206586,Turbot,
B01ELHY1SY,FreeBiz Laptop Bag Convertible Backpack Business Briefcase Messenger Bag Water Resistant Travel Rucksack for 17.3 Inch Laptop for Men Women (Gray),49.99,4.6,1002,Low ($20-50),Excellent (4.5-5),0.3605803487310307,FreeBiz,10.843817787418656
B01ELJIBOM,WAWPI Hdmi Cable Adapters 6pack MiniHdmi or Micor Hdmi or Male fmale,,3.6,30,,Average (3.5-4),0.2600168132999,WAWPI,
B01ELNEC7I,Nikon AF-S FX NIKKOR 200-500mm f/5.6E ED Vibration Reduction Zoom Lens with Auto Focus for Nikon DSLR Cameras (Renewed),,4.5,72,,Good (4-4.5),0.3500411635963069,Nikon,
B01ELP7EHQ,Pandawell 8-pin Lighting Mobile Phone Fan Portable Dock Cool Cooler Rotating Fan for Apple iPhone 6S / 6S Plus / iPhone 6 / 6 Plus / iPhone SE / 5S (Blue),,3.1,126,,Below Avg (3-3.5),0.2100724711202586,Pandawell,
B01ELP7LBA,"3.5mm Plug Male to 3 RCA Female Adapter Audio Video Cable for AV,Audio, Video, LCD TV,HDTV",,3.8,24,,Average (3.5-4),0.28001333468612755,3.5mm,
B01ELP7M6Y,LIQUN 6-Inch 3.5mm Stereo Female to 2 x RCA Male Cable Adapter Gold Plated Connector Y-Cable,,4.2,83,,Good (4-4.5),0.3200475410548897,LIQUN,
B01ELPOWLC,Full Protection Bottom Opening Version Protective PU Leather Camera Case Bag with Tripod Design Compatible for Sony ILCE6300 a6300 with Shoulder Neck Strap Belt Brown,30.99,3.5,12,Low ($20-50),Below Avg (3-3.5),0.25000637745858273,Full,8.82905982905983
B01EM3AW9E,"Sony FE 50mm F1.8 Full-Frame Prime E-Mount Lens SEL50F18F Bundle with 49mm Multicoated UV Protective Filter, Lens Cleaning Pen and Accessories (5 Items)",248.0,4.9,43,High ($200-500),Excellent (4.5-5),0.390024350296407,Sony,50.5091649694501
B01EM42RK0,"SoundBot SB273 Premium HD Stereo Bluetooth Wireless Headset Headphone for Music Streaming & Hands-Free Call Talking w/ 40mm Driver, 6Hrs Music Time, 8Hrs Talk Time, 125Hrs Standby Time, Built-in Mic",,2.9,53,,Poor (<3),0.19003014798602758,SoundBot,
B01EM6OSOG,DJI OSMO Base for Handheld 4K Camera and 3-Axis Gimbal,,4.4,246,,Good (4-4.5),0.3401420433957069,DJI,
B01EM94IY8,Toshiba Canvio Connect II Portable 2TB Hard Drive + 32GB microSDHC Card & Adapter,109.99,4.0,13,Mid-High ($100-200),Average (3.5-4),0.3000069572275449,Toshiba,27.428927680798004
B01EM9ST5M,Bose L1 Compact w/ carry Case & Bluetooth Adapter - Bundle,,4.4,74,,Good (4-4.5),0.3400423231342311,Bose,
B01EMD83UY,"Wasabi Power Battery for Panasonic VW-VBT380 and Panasonic HC-V250, HC-V380, HC-V510, HC-V520, HC-V710, HC-V720, HC-V750, HC-V770, HC-VX870, HC-VX981K, HC-WXF991K",25.99,3.3,12,Low ($20-50),Below Avg (3-3.5),0.23000637745858274,Wasabi,7.851963746223565
B01EMDPTCE,"LimoStudio, AGG1893, Black and White Chromakey Photo Video Photography Studio Fabric 6 Foot X 9 Foot Backdrop Background Screen",,4.2,43,,Good (4-4.5),0.32002435029640697,"LimoStudio,",
B01EMDPUD2,"LimoStudio 10 x 12 ft. Black & White Backdrop Background Screen, Dark Black and Pure White, Premium A+ Grade 150GSM Synthetic Fabric, Stitched Rod Pocket, Stitched Edge for Curl Prevention, AGG1894",50.9,4.6,281,Mid ($50-100),Excellent (4.5-5),0.3601623353093792,LimoStudio,11.0412147505423
B01EMF3GRC,"iPad Pro 9.7 Case, Poetic Stylish Thin TPU Case - [Keyboard Compatible][Pencil Holder] for iPad Pro 9.7 with Pencil Holder and Apple Smart Keyboard Compatibility Crystal Clear",,4.3,353,,Good (4-4.5),0.3302040786746482,iPad,
B01EMGD05Y,ienza® Long (6ft / 1.8M) PC Splitter: Smartphone Headset Phone Headset to PC Adapter - 3.5mm to Dual 3.5mm,10.9,4.3,129,Budget (<$20),Good (4-4.5),0.3300742104271448,ienza®,2.529002320185615
B01EMH2MQG,Flashpoint XPLOR 600 HSS Battery-Powered Monolight with Built-in R2 2.4GHz Radio Remote System and R2 Transmitter for Nikon (Bowens Mount),,4.4,23,,Good (4-4.5),0.3400127549171656,Flashpoint,
B01EMINIWW,"Anker Powerline USB-C to USB-C 2.0 Cable(6 ft), Power Delivery PD Charging for Apple MacBook, Huawei Matebook, iPad Pro 2018, Chromebook, Pixel, Switch, and More Type-C Devices/Laptops",,4.7,1403,,Excellent (4.5-5),0.37081283608482024,Anker,
B01EMLBF4C,GinTai AC DC in Power Jack Connector with Wire Cable Harness Charging Port Replacement for Lenovo Ideapad G50-70 G50-80 G50-85 G50-90 Laptop P/N DC30100LE00/DC30100LF00 (G),6.42,4.1,66,Budget (<$20),Good (4-4.5),0.3100376849825345,GinTai,1.562043795620438
B01EMM2ASG,"Keyboard Case for New iPad 2018/2017 9.7"" / iPad Air/iPad Air 2 - GOOJODOQ [Upgrade] Soft TPU Back Stand Cover[Viewing Angle Adjustable]+Magnetically Detachable Wireless Bluetooth V3.0 Keyboard",,4.1,41,,Good (4-4.5),0.3100231907584827,Keyboard,
B01EMNB8P6,"Gonine ACK-E8 Power Supply LP-E8 Camera Dummy Battery DR-E8 DC Coupler AC Adapter kit for Canon EOS Rebel T5i T4i T3i T2i, Kiss X6i X7i X5 X4, 700D 650D 600D 550D.",18.66,4.5,747,Budget (<$20),Good (4-4.5),0.3504325076457032,Gonine,4.137472283813747
B01EMNIFQQ,"Cellet Car Cup Holder Phone Mount Compatible for Apple iPhone 14 13 Pro Max Mini 12 SE Galaxy S22 S21 S20 Note 20 0 LG Motorola Moto, Google Pixel (Fit for Tesla Model 3 and Y)- Extra Long Neck",24.98,4.3,21607,Low ($20-50),Good (4-4.5),0.3425264881944545,Cellet,5.7958236658932725
B01EMQ00UM,AMD FD8370FRHKBOX FX-8370 Black Edition 8 Core CPU Processor AM3+ 4300Mhz 125W 16MB,234.98,4.5,882,High ($200-500),Good (4-4.5),0.3505107764555825,AMD,52.1019955654102
B01EMQKNTU,BXQINLENX Professional Special CPU Water Cooling Block for Intel Water Cool System Computer Clear (Transparent),14.98,4.0,71,Budget (<$20),Average (3.5-4),0.30004058382734483,BXQINLENX,3.7356608478802995
B01EMS03J8,LUVVITT [Rescue] Case Full Body Front and Back Cover for Apple iPad Air 3 / iPad Pro 9.7 inch - Rose Gold,,4.1,34,,Good (4-4.5),0.31001913237574824,LUVVITT,
B01EMSWMTM,"Fintie UE Boom 2 / UE Boom Case - PU Leather Carrying Sleeve Cover with Removable Holding Strap + Carabiner Keychain for Logitech Ultimate Ears UE Boom 1/2 Wireless Bluetooth Speaker, Black",,4.4,55,,Good (4-4.5),0.3400313075239518,Fintie,
B01EMTRF4I,"CAILLU Cord Organizer Headset Headphone Earphone Wrap Winder,Power Cord Manager,Cable Ties,Cable Winder with Genuine Leather Handmade Cord Taco 5-Pack",,4.0,44,,Average (3.5-4),0.300024930065369,CAILLU,
B01EMXM9H2,Yongnuo YN Power Supply for YN600L YN168 YN216 YN1410 YN300Air 100-240 50 / 60HZ to 12V 5A DC Adapter US Plug Switching Adapter,19.99,4.2,19,Budget (<$20),Good (4-4.5),0.3200104358413173,Yongnuo,4.748218527315914
B01EMZS0LY,EWOS Projector Lamp Replacement Bare Bulb for Optoma Projectors Bulb HD141X HD26 GT1080 W316 DH1009 H182X S316 X316,,3.1,29,,Below Avg (3-3.5),0.21001623353093793,EWOS,
B01EN08QLM,"GMYLE iPad Pro Case, Back Case Cover with Soft TPU Bumper [100% Fit with Apple Smart Keyboard] Protective Case for Apple iPad Pro 12.9 inch - [Black]",,3.4,13,,Below Avg (3-3.5),0.2400069572275448,GMYLE,
B01EN1EQWO,"ULAK Fire 7 2015 Case, Slim 360 Degrees Rotating Shell Cover Swivel Stand for Amazon Fire Tablet (7 inch Display - 5th Generation, 2015 Release Only) with SD Memory Card Slot- Navy Blue",,3.7,24,,Average (3.5-4),0.2700133346861276,ULAK,
B01EN2GAQI,Enegg Portable Tape to PC USB Super Cassette-to-MP3 Converter Capture Audio Music Player,,3.1,37,,Below Avg (3-3.5),0.2100208716826345,Enegg,
B01EN3Z1RQ,FiiO X5 (2nd Generation) High Resolution Music Player (Black),,3.9,62,,Average (3.5-4),0.29003536590668616,FiiO,
B01EN4J6LW,"Unpadded Tripod Bag 80cm, Zippered Pocket, Durable",77.88,4.4,1272,Mid ($50-100),Good (4-4.5),0.3407368863507893,Unpadded,17.65986394557823
B01EN4MSP8,Manfrotto MB MBAG80PN Padded 80cm Tripod Bag,124.88,4.6,878,Mid-High ($100-200),Excellent (4.5-5),0.36050845737973414,Manfrotto,27.08893709327549
B01EN7KHDA,JJC 83x48mm Foldable Camera LCD Screen Hood Shade Cover for Sony A6000 A6100 A6300 A6400 A6500 A6600 Block Sunlight Anti-Glare Pop-up Screen Protector Display Guard Monitor Shield Adhesive-On,9.99,4.2,47,Budget (<$20),Good (4-4.5),0.3200266693722552,JJC,2.3729216152019004
B01ENBNAWG,"Neewer 6x9 feet/1.8x2.8 meters Photo Studio 100 Percent Pure Polyester Collapsible Backdrop Background for Photography, Video and Television (Background Only) - White",19.99,4.4,12637,Budget (<$20),Good (4-4.5),0.3473259606046991,Neewer,4.532879818594104
B01ENRXI4A,Replacement EB-BN920ABE Battery for Samsung Galaxy Note 5 N920V N920A 3000mAh,,3.8,56,,Average (3.5-4),0.28003188729291373,Replacement,
B01ENTH3L2,"OmniRepairs Glass Touch Screen Digitizer Assembly Replacement with Home Button, Rubber Gasket and Camera Bracket Compatible for iPad Air 1st Generation with Pre-Installed Adhesive Tape (White)",,4.0,212,,Average (3.5-4),0.3001223312509965,OmniRepairs,
B01ENTZHUQ,"ienza® Gen 2 PlayStation 4 PS4 Chat Talkback Cable for Turtle Beach Headsets and Astro MixAmp - Not Compatible with Astro A50 (Braided, Angled)",9.9,4.2,230,Budget (<$20),Good (4-4.5),0.32013276709231375,ienza®,2.3515439429928744
B01ENU8RDO,Wasabi Power Battery (2-Pack) and Charger for Panasonic VW-VBT190,47.99,4.6,31,Low ($20-50),Excellent (4.5-5),0.36001739306886205,Wasabi,10.409978308026032
B01ENX11B6,"Titan Tools 30936 Low Profile Adapter Set,One Size",16.5,4.7,301,Budget (<$20),Excellent (4.5-5),0.37017393068862064,Titan,3.5031847133757963
B01EO1OLOQ,"BoxWave Screen Protector Compatible With Garmin Approach S20 - ClearTouch Crystal (2-Pack), HD Film Skin - Shields From Scratches for Garmin Approach S20",12.95,3.8,25,Budget (<$20),Average (3.5-4),0.2800139144550896,BoxWave,3.398950131233596
B01EO65QCM,Tascam DR-10SG Camera-Mountable Audio Recorder with Shotgun Microphone,115.99,4.0,72,Mid-High ($100-200),Average (3.5-4),0.3000411635963069,Tascam,28.925187032418954
B01EOC6RRY,"LGEGE 5pcs Assorted Colors Graphic Chart Tape, Artist Tape, 3mm Width, 164ft per roll (1 x Black, 1 x White, 1 x Blue, 1 x red, 1 x Yellow)",,4.0,41,,Average (3.5-4),0.30002319075848277,LGEGE,
B01EOF9A5M,"BASN In-ear Earphones with Remote and Microphone Noise Isolating Stereo Headphones DEEP BASS for iPhone, iPad, iPod, Samsung, Noika, HTC",,3.0,13,,Poor (<3),0.20000695722754483,BASN,
B01EOHUNHO,Vantec Cartridge for 2.5-Inch SATA III SSD/HDD Mobile Rack (MRK-253ST-BKC),,4.1,18,,Good (4-4.5),0.31000985607235515,Vantec,
B01EOHWXH2,Vantec Thermoflow TF8025 80x80x25mm Double Ball Bearing Temperature Controlled Case Fan (Black),8.95,3.2,34,Budget (<$20),Below Avg (3-3.5),0.2200191323757483,Vantec,2.7881619937694704
B01EOHXDY4,Vantec 3-Port USB 3.0 Type A/C PCIe Host Card (UGT-PC331AC),27.62,4.3,606,Low ($20-50),Good (4-4.5),0.3303507602220515,Vantec,6.408352668213458
B01EOKNFEE,"Mudder HD Underwater Diving Waterproof Housing Protective Case Cover for GoPro Hero 4 Session, Black",,4.1,20,,Good (4-4.5),0.31001101561027933,Mudder,
B01EONHJJ8,TARION L- Shape Camera DSLR Plate Bracket Holder Mount Handgrip Quick Release with Gift Box for Nikon DF Camera,,4.3,13,,Good (4-4.5),0.33000695722754486,TARION,
B01EONO586,"WamGra Night Light Bluetooth Speakers, Portable Wireless Bluetooth Speaker with Lights, Smart Touch Sensor Bedside Lamp Alarm Clock for Kids, Supporting Micro SD Card Playing, Warm Light Control",,4.1,307,,Good (4-4.5),0.310177409302393,WamGra,
B01EONYIPQ,"Camera Strap Eorefo Denim Shoulder Neck Strap for Mirrorless and DSLR Camera,Black.",,4.0,48,,Average (3.5-4),0.30002724914121726,Camera,
B01EOO1YD4,StarTech.com Cat5e RJ45 Modular Inline Coupler - 10 Pack - Cat5e Coupler - RJ45 to RJ45 Coupler - 10 pack RJ45 Couplers - Ethernet Coupler (RJ45COUP10PK),32.93,4.5,538,Low ($20-50),Good (4-4.5),0.35031133593263086,StarTech.com,7.301552106430155
B01EOPIFOE,"Thermaltake CORE P5 AIO Bracket System with SSD/HDD Mounting, 3 pcs",,4.0,50,,Average (3.5-4),0.30002840867914143,Thermaltake,
B01EOSSFXM,SaiTech IT Bi-Directional IDE/SATA Converter - Connect IDE Drive to SATA Motherboard or SATA Drive to IDE Motherboard,,3.7,27,,Average (3.5-4),0.2700150739930138,SaiTech,
B01EOZ3JIQ,Asus F555LA FHD Display Pro Laptop Flagship Edition Intel I7-5500U 8G 1T HDD DVD 802.11ac Windows 10 Black,,3.2,22,,Below Avg (3-3.5),0.22001217514820348,Asus,
B01EP0NVMO,"New iPad 9.7 Inch 2017 / iPad Pro 9.7 / iPad Air / iPad Air 2 Screen Protector, CINORS [9H] [Scratch Resistant] [Apple Pencil Compatible] Screen Protector Tempered Glass, Warranty",,4.0,58,,Average (3.5-4),0.300033046830838,New,
B01EPGTP3W,Easy Style 695192-001 VK04 Notebook Battery for HP Pavilion Touchsmart Sleekbook 14-b109wm 14-b124us 14-b120dx 14-b137ca 14-b150us 14-b173cl Laptop,,4.2,133,,Good (4-4.5),0.32007652950299315,Easy,
B01EPJL5OG,256GB USB 2.0 Thumb Memory Flash Stick Drive Leather Pen,,3.3,68,,Below Avg (3-3.5),0.23003884452045859,256GB,
B01EQ7H85W,"wawpi USB Cable Male to Male 10 feet,USB to USB 3.0 Cable A Male to A Male for Data Transfer Hard Drive Enclosures, Printers, Modems, Cameras, Laptop Cooler…",10.99,4.6,696,Budget (<$20),Excellent (4.5-5),0.36040293942863766,wawpi,2.383947939262473
B01EQ7T7RO,WAWPI USB 3.0 Male to Female Black Extension Cable 10FT（3M）,,4.0,23,,Average (3.5-4),0.30001275491716556,WAWPI,
B01EQ872MU,"Inspection Camera, Snake Camera, Sokos Micro USB Borescope Waterproof Endoscope for Laptops and USB OTG Compatible Android Smartphones (5M)",,3.7,248,,Average (3.5-4),0.270143202933631,Inspection,
B01EQFCTC6,"Able Signal Telescope Telescoping Antenna Mast Mount 59"" Length 1.1"" Diameter fits wa2608, Model: , Electronic Store",34.99,4.2,203,Low ($20-50),Good (4-4.5),0.32011711333033793,Able,8.311163895486937
B01EQQLZMK,Koroao Protective Cover Camera Lens Cap for GoPro Hero 4 Session Hero 5 Session Camera,,3.6,24,,Average (3.5-4),0.2600133346861276,Koroao,
B01EQT63SS,HiLetgo 3pcs XL4015 5A DC to DC CC CV Lithium Battery Step Down Charging Board Led Power Converter Charger Step Down Module,10.49,4.1,53,Budget (<$20),Good (4-4.5),0.31003014798602757,HiLetgo,2.552311435523115
B01EQVFMEC,"Smatree Ajustable Jaws Flex Clamp Mount 13.4"" Gooseneck Extension for GoPro Hero 5/4/3+/3/2/1/Session/for Logitech C920 Webcam/for Compact Cameras(1/4"" Thread)",,4.0,14,,Average (3.5-4),0.30000753699650695,Smatree,
B01EQVI7G2,Wearlizer Compatible with Fitbit Blaze Band Men Lux Band Accessories Metal Link Bracelet Replacement Strap Metal Frame Replacement Blaze Silver,,4.4,1809,,Good (4-4.5),0.34104822228342013,Wearlizer,
B01EQVJL3A,Wearlizer Compatible for with Fitbit Blaze Band Men Lux Band Accessories Metal Link Bracelet Replacement Strap Metal Frame Replacement Fitbit Blaze Rose Gold,,4.0,236,,Average (3.5-4),0.30013624570608616,Wearlizer,
B01EQWD2LQ,Wearlizer Compatible Fitbit Charge 2 Bands Metal Replacement Fitbit Charge hr 2 Bands/Assesories/Strap Adjustable for Fit bit Bands Charge 3 No Tool is Needed,,3.9,47,,Average (3.5-4),0.29002666937225513,Wearlizer,
B01ER2FGDC,JVC KD-X330BTS Single-Din Digital Media Receiver w/Bluetooth+USB+Pandora Control,,4.0,19,,Average (3.5-4),0.30001043584131726,JVC,
B01ER2SMHY,Raspberry Pi NoIR Camera Module V2 - 8MP 1080P30,19.99,4.4,438,Budget (<$20),Good (4-4.5),0.34025335903642406,Raspberry,4.532879818594104
B01ER35GPO,"J&D Case Compatible for ZTE Axon Pro Case, Heavy Duty Protection Dual Layer Hybrid Shock Proof Fully Protective Rugged Case for ZTE Axon Pro, Blue",,3.8,32,,Average (3.5-4),0.2800179728378241,J&D,
B01ER48934,Seagate Innov8 8TB Desktop USB-C Hard Drive STFG8000400,,3.1,34,,Below Avg (3-3.5),0.2100191323757483,Seagate,
B01ER4898Y,Cooler Master MCZ-005M-KWN00 MasterCase Maker 5 Mid-Tower Computer Case,,4.6,64,,Excellent (4.5-5),0.3600365254446103,Cooler,
B01ER4ARCU,"Acer Aspire R 14 Convertible, 14"" Full HD Touch, Intel Core i5, 8GB Memory, 256GB SSD, Windows 10 Home, R5-471T-50UD",,3.5,39,,Below Avg (3-3.5),0.2500220312205586,Acer,
B01ER59VJE,"Outdoor TV Antenna -Antop Omni-Directional 360 Degree Reception Antenna Outdoor, Attic,RV Used, 65 Miles Range Amplifier Booster 4G LTE Filter, Waterproof, Anti-UV Easy Install (PL-4348226423)",84.0,4.1,99,Mid ($50-100),Good (4-4.5),0.3100568173582827,Outdoor,20.437956204379564
B01ER6QWAY,10 Male and 10 Female 12v DC Power Jack Adapter Connector for Led Strip CCTV Camera,5.9,4.7,1271,Budget (<$20),Excellent (4.5-5),0.3707363065818272,10,1.2526539278131636
B01ER726W6,Gikfun 3mm LED Bulb Light Assorted Kit DIY LEDs for Arduino (Pack of 100pcs) EK8435,,4.5,50,,Good (4-4.5),0.3500284086791414,Gikfun,
B01ERCWV62,Kenox Vintage Canvas Laptop Briefcase School College Messenger Bag Traveling Shoulder Bag (Gray),,3.7,20,,Average (3.5-4),0.27001101561027935,Kenox,
B01ERGYGM0,Blue Sea Systems PowerPost and PowerPost Plus Cable Connectors,23.81,4.2,25,Low ($20-50),Good (4-4.5),0.3200139144550897,Blue,5.6555819477434675
B01ERHAAWY,Sena Tufftalk-01 Black Earmuff Bluetooth Communication and Intercom Headset,399.0,3.9,45,High ($200-500),Average (3.5-4),0.290025509834331,Sena,102.0460358056266
B01ERKL1D8,SAMSUNG IT LS32F351FUNXZA SF351 Series 32-Inch FHD Slim Design Monitor (S32F351),,4.2,171,,Good (4-4.5),0.32009856072355175,SAMSUNG,
B01ERLMC2Q,"Samsung SNH-V6414BMR SmartCam HD Plus 1080p Wi-Fi IP Camera, Black (Certified Refurbished)",,3.8,159,,Average (3.5-4),0.2800916034960068,Samsung,
B01EROIUEW,"VK-162 USB GPS Dongle - Remote Mount USB - External GPS Navigation Dongle - Supports Stratux, Raspberry Pi, Google Earth, Windows, Linux",18.99,4.5,345,Budget (<$20),Good (4-4.5),0.35019944052295165,VK-162,4.210643015521065
B01ERQPPWU,"Stratux Case with Fan, Clear Acrylic",,3.9,92,,Average (3.5-4),0.2900527589755482,Stratux,
B01ERV8XNS,"HP 2016 15.6"" High Performance Premium Business Probook - Quad Core AMD A10 Processor up to 3.2GHz, 16GB RAM, 1TB HDD, AMD Radeon R6, DVD Burner, WLAN, HDMI, BT 4.0, USB 3.0, Webcam, Windows 10",,3.1,36,,Below Avg (3-3.5),0.2100202919136724,HP,
B01ERXUEOM,PCI-E 1X 1 to 3 Port 1X Switch Multiplier Expander HUB Riser Expansion Card + USB Cable,,3.8,16,,Average (3.5-4),0.280008696534431,PCI-E,
B01ERY9BIQ,"AudioQuest Dragonfly Red Mobile Bundle With DragonFly Red (Portable USB Preamp, Headphone Amp/DAC) And Lightning To USB Camera Adapter for Connection With Select iPhones, iPads, iPods",,4.3,17,,Good (4-4.5),0.3300092763033931,AudioQuest,
B01ERYQVBG,"Award winning cable management organizer - 2 sided 60"" cord cover method to hide wires and cables - keep your computer, Mac, TV, wireless neat and tidy - reclaim your personal living space now",,4.3,22,,Good (4-4.5),0.33001217514820347,Award,
B01ES2YTLG,Harmony Audio HA-PION16B Pioneer Replacement 16 Pin Radio Wire Harness,5.99,4.0,107,Budget (<$20),Average (3.5-4),0.3000614555099793,Harmony,1.4937655860349128
B01ES30TAA,Harmony Audio Compatible with 1993-07 Subaru Impreza HA-707552 Factory Speaker Replacement Connector Harness Kit,17.95,4.1,16,Budget (<$20),Good (4-4.5),0.310008696534431,Harmony,4.367396593673966
B01ESAVDU8,Lomography Lomo'Instant Wide Combo Central Park and Lenses - Instant Film Camera,,4.3,24,,Good (4-4.5),0.3300133346861276,Lomography,
B01ESFY7IS,"Micro USB Cable 10ft, iSeekerKit High Speed USB Charging Cord Nylon Braided Micro USB to USB 2.0 Cable with Aluminum Connectors For Samsung, LG, Android and More[3 pack]",,3.9,53,,Average (3.5-4),0.29003014798602755,Micro,
B01ESHGHKW,"FLII Selfie Ring Light - Fits All Phones and Sizes, Great for Applying Make Up - Small and Compact, Phone, Samsung Galaxy S6 Edge/S6/S5/S4/S3, Galaxy Note",,3.5,48,,Below Avg (3-3.5),0.2500272491412172,FLII,
B01ESIHZJS,"CableCreation Audio Extension Cable, 3 Feet 3.5mm Male to Female Stereo Aux Cord Gold Plated Compatible Headphones, Home Car Stereos, Smartphones, MP3 Player, Speakers, Rose Gold",,4.1,171,,Good (4-4.5),0.3100985607235517,CableCreation,
B01ESII3PS,KingSpec mSATA SSD Enclosure USB 3.0 5Gbps UASP mSATA USB External Solid State Drive Case for 850 MX200 1tb 2tb Max,,3.4,20,,Below Avg (3-3.5),0.2400110156102793,KingSpec,
B01ESIKCAM,"CableCreation 6-Feet 3.5mm Audio Extension Cable, Male to Female with Premium Metal, Compatible Smartphones, Tablets and MP3 Player, Black Color",,4.1,172,,Good (4-4.5),0.31009914049251375,CableCreation,
B01ESIYJJC,"Selens 3.3x6.5ft/1X2m White PVC Backdrop for Photography, PVC Matte Vinyl Seamless Background Non-Reflection for Photo Studio Background Screen Television Video Recording",29.99,4.1,424,Low ($20-50),Good (4-4.5),0.310245242270955,Selens,7.296836982968371
B01ESJG51G,"CableCreation Micro SATA 16Pin Female to SATA 22Pin Male Adapter, SATA Adapter 22 pin SATA (Male) to 16 pin Micro SATA (Female),2.5” Sata 22Pin to 1.8” Micro Sata Female",,4.3,169,,Good (4-4.5),0.3300974011856275,CableCreation,
B01ESJILSG,"CableCreation SATA 22Pin Female to Slim SATA 13Pin Male Adapter, Slim SATA Adapter, 2.5” Sata 22Pin to Slim 13pin Male Converter",,3.9,38,,Average (3.5-4),0.2900214514515965,CableCreation,
B01ESJPESG,"CableCreation USB 3.0 to Sata 22 Pin Power Cord with USB 2.0 External Power, Compatible 2.5"" HDD Hard Disk Drive,Laptop Hard Drive, 0.5FT/0.15M Black",,4.0,27,,Average (3.5-4),0.3000150739930138,CableCreation,
B01ESK08AO,AMD FX 6-Core Black Edition FX-6350 with Wraith Cooler (FD6350FRHKHBX),168.86,4.2,21,Mid-High ($100-200),Good (4-4.5),0.32001159537924145,AMD,40.10926365795725
B01ESKPDOK,"FYY Case for Samsung Galaxy Tab A 9.7 - Premium PU Leather Case Stand Cover with Card Slots, Pocket, Elastic Hand Strap and Stylus Holder for Samsung Galaxy Tab A 9.7"" (P550) Pink",,3.4,23,,Below Avg (3-3.5),0.2400127549171655,FYY,
B01ESL1ZO6,GVESS 1000X 8 LED 2MP USB Digital Microscope Endoscope Magnifier Camera+Lift Stand,,3.8,11,,Average (3.5-4),0.28000579768962064,GVESS,
B01ESLGAUK,"Geekria Shield Headphones Case Compatible with AKG Q701, K812, K872, K845BT, K712 Pro, K701, K702 Case, Replacement Hard Shell Travel Carrying Bag with Cable Storage (Black)",26.99,4.4,71,Low ($20-50),Good (4-4.5),0.34004058382734487,Geekria,6.120181405895691
B01ESLMDR4,"Wackolee 015IP Headphones, Headphones with Microphone for Smartphones MP3/4 Laptop Computers Tab Let MacBook Folding Gaming Earphones (Black)",,3.8,202,,Average (3.5-4),0.2801165335613758,Wackolee,
B01ESNLZ5I,"Car Mount, Lantoo Universal Long Arm Windshield Dashboard Car Mount Holder Cradle Include 2 Sizes Holders with Ultra Dashboard Base for Diagonal 3.5-5.5 Inch Smartphone and 7-8 Inch Tablet.",,3.8,38,,Average (3.5-4),0.2800214514515965,Car,
B01ESRYA2Y,Arducam ESP8266 Board for Arduino UNO Mini Module Camera Shield Compatible with Arduino UNO R3,,4.0,30,,Average (3.5-4),0.30001681329990004,Arducam,
B01ESSWH50,Sony 7.2 Channel Hi-Res Wi-Fi Network 4K AV Receiver (STRDN1070),,3.7,163,,Average (3.5-4),0.27009392257185516,Sony,
B01ESW73WS,Ready to Install Package : Directv HD Satellite Dish w/ SWM3 LNB + RG6 COAXIAL Cables Included Ka/ku Slim Line Dish Antenna SL3 Single Output W/ 4 Port Splitter,123.9,4.0,98,Mid-High ($100-200),Average (3.5-4),0.3000562375893207,Ready,30.89775561097257
B01ET087ZG,KING MB8100 Mounting Plate for Jack OA82 Series Antennas,25.25,4.3,179,Low ($20-50),Good (4-4.5),0.33010319887524825,KING,5.8584686774942
B01ET1411O,(2-Pack) BT183342 BT162342 BT166342 BT262342 BT283342 BT266342 Battery for Vtech Cordless Phone CS6114 CS6719 CS6124 CS6649 DS6151 AT&T CL4940 EL52300 Handset,,4.5,340,,Good (4-4.5),0.3501965416781413,(2-Pack),
B01ET1MQCK,"Omars 64G iPhone Flash Drive USB 3.0 with Lightning Connector External Storage Memory Expansion for iPhones, iPads iPod and Mac, MacBook, Computers Silver New Version [Apple MFI Certified]",,3.9,620,,Average (3.5-4),0.29035887698752044,Omars,
B01ET3ASIC,"Omars 32G/64G/128G iPhone iPad iPod Flash Drive USB 3.0 to MFi Lightning Connector for MacBook Windows PC, iOS External Storage Memory Stick Expansion[Apple MFI Certified] (32G, Silver 2)",,4.1,107,,Good (4-4.5),0.31006145550997927,Omars,
B01ET3Y2SO,AHIER 3.5mm Gold 1/8 Stereo Mini Jack Male to 2 Female RCA Adapter Audio,7.99,4.6,1220,Budget (<$20),Excellent (4.5-5),0.36070673836476164,AHIER,1.733188720173536
B01ET3YQYE,COHK WiFi Antenna Flex Cable Replacement Part for iPad 3/4,,4.2,46,,Good (4-4.5),0.32002608960329315,COHK,
B01ET4FX2C,S-ZONE Canvas DSLR SLR Camera Backpack Mens Rucksack Bag Knapsack Compatible with Sony Canon,,4.3,154,,Good (4-4.5),0.3300887046511965,S-ZONE,
B01ET7Y16S,Leaper Casual Canvas Backpack Shoulder Bag Pencil Bag Purse 3PCS Black,,4.5,989,,Good (4-4.5),0.3505728117345238,Leaper,
B01ETBFNRU,"iPhone Flash Drive 32GB, Omars OTG USB 3.0 External Storage Memory Stick Adapter Expansion Compatible with iPhone, iPad, iPod, Mac and PC [Apple MFI Certified] (32G, Gold)",,4.0,257,,Average (3.5-4),0.3001484208542896,iPhone,
B01ETDZ3F0,"Adjustable Satellite Dish Antenna Mount for Roof or Wall Installation, TV Antenna Mast, J Pole Mounting Bracket Weatherproof, Hardware Included",44.95,4.3,195,Low ($20-50),Good (4-4.5),0.33011247517864134,Adjustable,10.4292343387471
B01ETNBZ84,"Go On HDTV TV Antenna GOXF-100 Military Techonology Ultra Thin Digital Indoor HDTV Antenna - 30 Miles Range with 6ft Coax Cable, paperthin and Lightweight",,3.8,83,,Average (3.5-4),0.2800475410548896,Go,
B01ETOPG10,AudioQuest SureGrip 300 Multi-Size Spade - (Set of 4) Gold,59.95,3.7,33,Mid ($50-100),Average (3.5-4),0.2700185526067862,AudioQuest,16.159029649595688
B01ETQ62XY,"3.5mm Stereo Male to Dual RCA Male (Right and Left) RCA Audio Cable, 50 Feet CNE456015",12.65,4.5,77,Budget (<$20),Good (4-4.5),0.35004406244111724,3.5mm,2.804878048780488
B01ETRGE68,Fire TV Stick | Basic Edition (Available for Non-US Customers Only),,4.1,208,,Good (4-4.5),0.3101200121751482,Fire,
B01ETROGP4,Finware XT60 XT-60 Male Female Bullet Connectors Power Plugs with Heat Shrink for RC Lipo Battery (10 Pair),,4.7,2030,,Excellent (4.5-5),0.37117635122403725,Finware,
B01ETRYDMK,"Sony SRSZR5 Wireless Speaker with Bluetooth/Wi-Fi,Black",,3.6,97,,Average (3.5-4),0.2600556578203586,Sony,
B01ETUUJ8E,"Urbanista Melbourne Portable Bluetooth Speaker [ POCKETSIZE MUSIC EXPERIENCE ], Up to 6 Hours Play Time, Active Equaliser Functionality - Dark Clown",,3.9,27,,Average (3.5-4),0.29001507399301374,Urbanista,
B01EU2KRJM,"Satechi Aluminum Type-C USB 3.0 and Micro/SD Card Reader - Compatible with 2018 MacBook Air, 2018 iPad Pro, 2019/2018 MacBook Pro, iMac Pro/iMac, Microsoft Surface Go (Space Gray)",,4.2,162,,Good (4-4.5),0.3200933428028931,Satechi,
B01EUBHRBO,"Foscam 8CH xPoE 720P Security CCTV Surveillance System, Simplified Power Over Ethernet NVR KIT, Pre-Installed 1TB HDD, 4 720P HD Outdoor IP66 Waterproof IP Camera, 65FT Night Vision, FN3108XE-B4-1T",,3.4,37,,Below Avg (3-3.5),0.24002087168263447,Foscam,
B01EUC42G6,"UGREEN USB Power Cable Right Angled Micro USB Charging for TV Stick, Chromecast, Roku Streaming Stick, USB TV PC Devices, 90 Degree Charge Cord for Power Bank, Smartphone 6 Inches",,3.3,27,,Below Avg (3-3.5),0.23001507399301377,UGREEN,
B01EUC7LWI,"CyberpowerPC Gamer Ultra GUA4000A w/AMD Vishera FX-8320 3.5GHz CPU, 16GB DDR3, AMD R7 250 2GB, 2TB HDD, 24X DVD+-RW & Win 10 Home 64-Bit",,3.7,106,,Average (3.5-4),0.2700608757410172,CyberpowerPC,
B01EUD9OJA,TNP USB 3.0 Extension Cable (15 Feet) - Superspeed USB 3.0 Type A Male to Female Extender M/F Bi-Directional Connector Adapter Wire Cord Plug Jack for Data Transfer Sync & Charge - Black,,4.3,90,,Good (4-4.5),0.33005159943762413,TNP,
B01EUEJREG,"Sylvania SDVD7049 7-Inch Portable DVD Player with Handle, Fully Compatible with DVD, CD, MP3 -Blue",,4.3,608,,Good (4-4.5),0.3303519197599757,Sylvania,
B01EUFLTQY,"OEM Yamaha Remote Control: RXV473, RX-V473, RXV573, RX-V573, RXV573BL, RX-V573BL",,4.5,25,,Good (4-4.5),0.35001391445508967,OEM,
B01EUHDIRK,"Lumsing Type C USB 3.1 Hub USB-C to USB 3.0/ HDMI/Type C Female Charger Adapter with 38402160P@30HZ UHD for New MacBook,Google Chromebook Pixel, 2015 MacBook 12 Inch Laptop(Silver)",,2.5,28,,Poor (<3),0.15001565376197587,Lumsing,
B01EUIG3AI,SNANSHI PCI-Express 16x Riser Card 90 Degree Right Angle Riser Adapter Card 1U 2U,,4.0,39,,Average (3.5-4),0.30002203122055865,SNANSHI,
B01EUIRP3M,"Neewer Aluminium Alloy Foldable Rig Movie Kit Film Making System Shoulder Mount Support Rig Stabilizer for DSLR Camera and Camcorder Such as Canon,Nikon D7100/D7200,Sony A7/A7R/A7S/A7II(Orange)",,4.3,1009,,Good (4-4.5),0.3305844071137652,Neewer,
B01EURZ1WK,"7-Inch Digital Photo Frame TFT LCD Screen with Auto- Play/Calendar/Clock Function, 800x480 High Resolution- Support 32GB SD Card (White)",,3.4,9,,Below Avg (3-3.5),0.24000463815169654,7-Inch,
B01EUSAAK2,Ausdom HD Webcam with Microphone 1080P Auto Focusing AF225,,3.5,39,,Below Avg (3-3.5),0.2500220312205586,Ausdom,
B01EUSZ0BQ,UGREEN Sata Power Cable Sata15 Pin to 6 Pin PCI Express Graphics Video Card Power Cable Adapter 8 Inch,,4.6,1273,,Excellent (4.5-5),0.36073746611975127,UGREEN,
B01EUUYF38,Godox TT600S Thinklite Flash 2.4G Wireless Speedlight Master/Slave for Sony A7 A7R A7S Mark II III A6500 A6300 A6000 RX100 DSLR Camera,72.0,4.3,41,Mid ($50-100),Good (4-4.5),0.33002319075848274,Godox,16.705336426914155
B01EV02HP0,"Perixx 11556 PERIMICE-517 Wired Ergonomic Trackball Mouse, 34mm, Matte and Glossy Trackballs Included, Major Update 2017 Sep",,4.0,237,,Average (3.5-4),0.3001368254750482,Perixx,
B01EV0GX14,Yamaha RX-A3060BL 11.2 Channel Network AV Receiver,,3.9,49,,Average (3.5-4),0.29002782891017925,Yamaha,
B01EV2IIBK,Uiisii US80 in Ear Headphones Sport Earbuds with Mic Stereo Bass 3.5mm Jack for Apple iOS and Android Smartphones PC Tablet,,3.9,157,,Average (3.5-4),0.2900904439580827,Uiisii,
B01EV4Q7EI,"Jeecoo DZAT-DF10 Wood Stereo Earbuds In Ear Headphones with Microphone and Remote, Full-range Balance Earphones (Red ebony)",,3.3,31,,Below Avg (3-3.5),0.23001739306886204,Jeecoo,
B01EV6TFL8,"Patriot Memory 8GB Micro SDHC, 5 Pack with Card Reader (PSF8GMCSD5PKCM)",,3.5,10,,Below Avg (3-3.5),0.2500052179206586,Patriot,
B01EVFFIFQ,"Acer Chromebook, 11.6in, Intel, 16 GB, Dual-core, 2 GB RAM | CB3-131-C3SZ (Renewed)",,4.0,48,,Average (3.5-4),0.30002724914121726,Acer,
B01EVFGK4O,Wired USB Controller for PC & Xbox 360 (Black),,3.5,122,,Below Avg (3-3.5),0.2500701520444103,Wired,
B01EVILQWW,"imoli Portable Hard Drive Case for External Hard Drive, USB Cable, USB Flash Drive and SD Cards (Black)",,4.6,128,,Excellent (4.5-5),0.3600736306581827,imoli,
B01EVJ8B92,"imoli Portable Hard Drive Case for External Hard Drive, USB Cable, USB Flash Drive and SD Cards (M, Black)",,3.7,14,,Average (3.5-4),0.2700075369965069,imoli,
B01EVNQ8B6,Memorex Bluetooth Clock Radio Auxiliary USB Charging Port MC5550 InteliSet NFC + Hands Free Microphone Bluetooth (Renewed),,3.5,66,,Below Avg (3-3.5),0.2500376849825345,Memorex,
B01EVONKGQ,"President Johnny III USA 40 Channel CB Radio 12 or 24V, Black",116.52,4.5,226,Mid-High ($100-200),Good (4-4.5),0.3501304480164655,President,25.835920177383592
B01EVSDQCA,DJI Phantom 4 Quadcopter w/ 4K HD Camera & Gimbal + 2 Extra Batteries (Total: 3 Batteries),,3.7,83,,Average (3.5-4),0.27004754105488965,DJI,
B01EVXJHHI,"Haida 150 Insert Pouch for Six 150 x 150mm, 150 x 170mm Filters and One Holder",39.95,4.4,68,Low ($20-50),Good (4-4.5),0.3400388445204587,Haida,9.058956916099774
B01EW1EBK2,Accessory Basics Low Profile Drinks Cup Holder Mount for Garmin Nuvi Drive DriveSmart 42 52 52LM 54 54LM 55 55LM 55LMT 56 57 57LM 58 58LM 60 61 2577LT 2597LM 2597LMT 2558LMTHD 2598LMTHD GPS,17.95,4.3,203,Budget (<$20),Good (4-4.5),0.3301171133303379,Accessory,4.164733178654292
B01EW36GRG,"128GB USB 3.0 Flash Drive, Eaget F90 High Speed Thumb Drive For PC Pen Drive For Computer Memory Stick Shock Resistant Pendrive Jump drive",,4.2,284,,Good (4-4.5),0.3201640746162655,128GB,
B01EW96GXE,"VILTROX VX-11 DSLR Rod Rig Camera Video Cage Kit & Handle Grip for Sony A7 A7II A7r A7s II A6500 A6300, Panasonic GH4 GH3 to Mount Microphone,Monitor,Video LED Light,Follow Focus",,3.6,22,,Average (3.5-4),0.26001217514820346,VILTROX,
B01EW98GB4,Qian Photo Studio Baby Background Props 7x5ft Children Photography Rainbow Backdrops,,4.4,121,,Good (4-4.5),0.3400695722754483,Qian,
B01EWAMOQ6,BAIGIO Cable Organizer Case Electronics Accessories Travel Bag USB Drive Healthcare & Grooming Kit Storage Bags (Dark Blue),,4.3,358,,Good (4-4.5),0.3302069775194585,BAIGIO,
B01EWB5C8W,"Silicone Case for iPad 2/3/4, Jusney® 3 in 1 Shockproof Heavy Duty Prevent Fall Off Tablet Protect Cover for Apple iPad 2 /iPad 3 /iPad 4 Retina Protector Case (Silicone case Grayish Blue)",,4.1,99,,Good (4-4.5),0.3100568173582827,Silicone,
B01EWB91ZC,"LINGBAO JIGUANSHI Mechanical Keyboard 87 Keys Computer Wired USB Backlit Metal Panels Gaming Keyboard (Blue Light, Silver Bezel, White Cap, Blue Switches)",,3.4,43,,Below Avg (3-3.5),0.24002435029640687,LINGBAO,
B01EWBFZSE,GeIL EVO POTENZA 16GB (2 x 8GB) 288-Pin DDR4 SDRAM DDR4 2400 (PC4 19200) Desktop Memory Model GPR416GB2400C16DC,,4.4,87,,Good (4-4.5),0.34004986013073796,GeIL,
B01EWC5J70,"STM Atlas Slim Folio Case for Apple iPad Pro 12.9 , 2015 1st Generation Case - Denim (stm-222-109L-57)",,4.3,120,,Good (4-4.5),0.3300689925064862,STM,
B01EWEV6GQ,"ANTOP FBA_CB100M 50 Miles Digital Amplified Am/FM Radio Antenna Indoor for All Brand Stereo Radio Audio Signals Rf Broadcast Receiver, Black/Medium",,4.6,26,,Excellent (4.5-5),0.3600144942240517,ANTOP,
B01EWFO4WS,"HDTV Flat Panel Amplified Outdoor Antenna and Indoor,70 Miles Long Range with Built-in 4G LTE Filter for UHF VHF Enhanced, Multi-Directional Reception,68ft Detachable Coaxial Cable",,3.9,48,,Average (3.5-4),0.2900272491412172,HDTV,
B01EWJ1WS8,"HUO JI Double Shot Keycap Set -104 Translucent Backlit Key Cap, Golden Metal Color for All Mechanical Keyboards with Key Puller",19.99,4.1,117,Budget (<$20),Good (4-4.5),0.31006725319959993,HUO,4.86374695863747
B01EWJDY2K,"Car Mount,Scotabc 360 Degree Magnetic Holder with Strong-Stick Technology for Smartphones and Mini Tablets ,Rainbow",,3.7,23,,Average (3.5-4),0.27001275491716553,Car,
B01EWK42SO,"Neewer® 12.5X Magnification Macro Close up Lens with Adapter Ring for Gopro Hero 3 3+ 4, Fit Gopro Hero Body Without Any Diving House",,3.1,46,,Below Avg (3-3.5),0.2100260896032931,Neewer®,
B01EWKHW9U,Crazepony FPV Camera 700TVL NTSC 2.8mm Color Wide Angle Lens Camera for QAV250 Quadcopter,,3.5,8,,Below Avg (3-3.5),0.2500040583827345,Crazepony,
B01EWKIRGC,Changdong Magnetic US Plug Power Supply AC Adapter Cord for Microsoft Surface Pro 3 Intel Tablet (Pro 3 Adapter Without Usb)(Taboe Charger),,3.1,47,,Below Avg (3-3.5),0.21002666937225517,Changdong,
B01EWLPH28,iPad Mini Case Zover Ultra Slim Lightweight Smart-Shell Stand Cover Case with Auto Wake/Sleep for Apple iPad Mini 2 Mini 3 7.9 inch iOS Tablet Black,,3.6,39,,Average (3.5-4),0.2600220312205586,iPad,
B01EWMCCSE,YUEYOU 4-Digit ISA PCI Powerful Diagnostic Tool PC Computer Motherboard Analyzer Tester Diagnostic Debug POST Card,,3.7,10,,Average (3.5-4),0.2700052179206586,YUEYOU,
B01EWSVS7O,"Image Dynamics ID65 200W RMS 6.5"" ID Series Full Range Coaxial System for OEM Replacement or Aftermarket Systems",105.99,4.2,22,Mid-High ($100-200),Good (4-4.5),0.3200121751482035,Image,25.175771971496435
B01EWUSSUW,"Neewer® Photography Photo Studio Video Wall Ceiling Mount 5/8"" Stud with 1/4"" Thread",13.04,4.6,477,Budget (<$20),Excellent (4.5-5),0.36027597002594464,Neewer®,2.8286334056399136
B01EWUUZ94,VisionTek Products Four Port USB 3.0 x1 PCIe Internal Card for PCs and Servers - 900870,25.12,3.9,16,Low ($20-50),Average (3.5-4),0.290008696534431,VisionTek,6.42455242966752
B01EX2LAH2,TeckNet 3 Port HDMI Auto Switch Box Plus Remote - 3x1 HUB (3 Way Input 1 Output) 1080p Full HD HDMI Switcher,,3.5,22,,Below Avg (3-3.5),0.25001217514820345,TeckNet,
B01EX5LBVY,"KICKER 43EB93B Microfit Premium Earbuds | in-Ear Noise-Isolating Wired Earphones | Silicon Ear Tips 4 Sizes | in-Line Mic and Multi-Function Button | Legendary Audio Quality, Black",9.95,3.8,43,Budget (<$20),Average (3.5-4),0.2800243502964069,KICKER,2.611548556430446
B01EX6YHLO,Ubiquiti NanoStationM2 Bundle of 2 NanoStationM Indoor/Outdoor airMAX CPE Router - NSM2,199.9,4.4,53,Mid-High ($100-200),Good (4-4.5),0.34003014798602765,Ubiquiti,45.32879818594104
B01EX782JG,"Fenlink 2.5"" to 3.5"" Internal SSD Hard Drive SATA Drive Converter (Silver)",,4.6,157,,Excellent (4.5-5),0.3600904439580827,Fenlink,
B01EXANX7Y,"Wasabi Power Battery (2-Pack) and Dual Charger for Garmin 010-12256-01 and Garmin VIRB X, VIRB XE",,4.1,45,,Good (4-4.5),0.310025509834331,Wasabi,
B01EXCPF1Y,Pawtec Flat Screen Monitor Cover Scratch Resistance Neoprene Full Body Sleeve for LED LCD HD Panel (23 to 25 inches),,4.8,107,,Excellent (4.5-5),0.3800614555099793,Pawtec,
B01EXCTQBO,Grace Digital CastDock X2 - Chromecast Audio Speaker Dock,,3.7,64,,Average (3.5-4),0.2700365254446103,Grace,
B01EXGLXTS,Sentey Sport Earbuds Headphones with in-line Control and Mic in Ear Earphones Headset for Running Workout Sport Running Removable Cable Deep Bass (Black/red) Tyon LS-4205 HD for Kids Men Girls,,3.9,284,,Average (3.5-4),0.2901640746162654,Sentey,
B01EXIFYCI,Tram Stainless Steel So-239 to So-239 Antenna Mirror Mount (3270),23.74,4.6,466,Low ($20-50),Excellent (4.5-5),0.3602695925673619,Tram,5.1496746203904555
B01EXOJOCI,SK Hynix 4GB HMT451S6AFR8A-PB DDR3 1Rx8 PC3L-12800S Laptop Memory,9.0,4.7,90,Budget (<$20),Excellent (4.5-5),0.37005159943762417,SK,1.910828025477707
B01EXOTD56,"Polk DB652 UltraMarine Dynamic Balance Coaxial Speakers, 6.5"" - Pair",99.0,4.6,1292,Mid ($50-100),Excellent (4.5-5),0.36074848173003055,Polk,21.475054229934926
B01EXP86CQ,T POWER 28v Charger for Shark ION Series Adaptor YLS0243A-T288080 102FYI200 IF200 IF205 IF250 IF281C IF282 UF280 IF200W IF203Q IF251 IF252 Ac Dc Adapter Power Supply,14.99,4.3,232,Budget (<$20),Good (4-4.5),0.3301339266302379,T,3.477958236658933
B01EXQ2RB6,"2016 Dell Inspiron 5000 Touchscreen 15.6"" FHD Laptop, 6th Intel Core i5-6200U up to 2.8GHz, 8 GB RAM, 1 TB HDD, DVD, Backlit keyboard, HDMI, Bluetooth, 802.11ac, RealSense 3D Webcam, Windows 10",,3.9,208,,Average (3.5-4),0.29012001217514816,2016,
B01EXTGDFE,"Mimosa Networks B5-Lite Backhaul 5 Ghz 750+ Mbps 20 Dbi Integrated Antenna, 2 PACK",,4.4,14,,Good (4-4.5),0.340007536996507,Mimosa,
B01EXU251E,"Scrub Daddy Screen Cleaning Microfiber Cloth Pads - Screen Daddy- Screen Cleaning Pads for Phone, Computer Screen, Eye Glasses, Lenses, Scratch-Free, Streak-Free, Reusable, Washable, 2ct",13.95,4.3,367,Budget (<$20),Good (4-4.5),0.33021219544011715,Scrub,3.2366589327146174
B01EXVBNPM,"OKRAY 6 Pack 1.83M/6FT Premium Flat Nylon Braided Micro USB 2.0 A Male to Micro B Sync Charge Cables Charging Cord for Samsung Galaxy, Nexus,Motorola, HTC, Android Smartphones (6 Pack)",,3.8,88,,Average (3.5-4),0.28005043989969997,OKRAY,
B01EXVH4PU,IOGEAR USB-C Common Access CAC Smart Card Reader - DOD - Government - Healthcare - TAA Compliant - Support for V7.x n V8. USAccess Personal Identity Verification (PIV) - Mac OS - Win - Linux- GSR205,29.99,4.5,902,Low ($20-50),Good (4-4.5),0.3505223718348239,IOGEAR,6.6496674057649665
B01EXVNZXU,Shoulder Trigger Button Left Right Flex Cable for Nintendo NEW 3DS New 3DS XL LL (2015 Version) Repair Part L/R Ribbon,5.88,4.3,68,Budget (<$20),Good (4-4.5),0.3300388445204586,Shoulder,1.3642691415313226
B01EXZ88MO,Car Sunglasses Clip - Sunglass Holder Attaches to You Visor to Keep Your Eyewear Within Easy Reach - Easy to Install - Works With Any Visor,,3.6,19,,Average (3.5-4),0.2600104358413172,Car,
B01EXZDP7C,Security Camera System 8 Channel DVR H.264 4PCS 2.0 Megapixel 1080P HD IP66 Weatherproof Indoor/Outdoor Surveillance Security Cameras Remote Access Motion Detect HD Night Vision(No Hard Drive),103.99,4.4,71,Mid-High ($100-200),Good (4-4.5),0.34004058382734487,Security,23.58049886621315
B01EY0GN6Q,"SoundPEATS Bluetooth Headphones in Ear Wireless Earbuds 4.1 Magnetic Sweatproof Stereo Bluetooth Earphones for Sports with Mic (8 Hours Play Time, Secure Fit, Noise Cancelling) (Green)",,4.4,248,,Good (4-4.5),0.34014320293363104,SoundPEATS,
B01EY0K0TM,"[Apple MFi Certified] Inateck 6.6 Feet/200CM Lightning Cable, Lightning to USB Charging Cable for iPhone 7 Plus/ 6/ 6s, iPad - White",,4.3,12,,Good (4-4.5),0.33000637745858274,[Apple,
B01EY7WAH0,Hermitshell Hard Travel Case for Anker Ultra Compact Slim Profile Wireless Bluetooth Keyboard,14.99,4.6,324,Budget (<$20),Excellent (4.5-5),0.36018726537474816,Hermitshell,3.2516268980477228
B01EY9LK6K,"Sharper Image SBT3002WH Bluetooth Wireless Retro Speaker, Tabletop Portable Sound System (White)",,3.0,53,,Poor (<3),0.20003014798602758,Sharper,
B01EYBDG5Q,"Infiland Case for LG G PAD X8.3, 360°Rotating PU Leather Stand Case Smart Cover for LG G PAD X 8.3 VK815 Tablet (4G LTE Verizon Wireless 8.3-Inch), Black",,4.2,48,,Good (4-4.5),0.3200272491412173,Infiland,
B01EYC1HII,YUEYOU Super Speed PCI-E USB 3.0 Adapter 2 Port Express Card with 2 Internal USB 3.0 Ports 4-Pin Power Connector and 19-Pin Connector,,3.3,14,,Below Avg (3-3.5),0.23000753699650686,YUEYOU,
B01EYCTX7A,"Polk Audio DB462 DB+ Series 4"" x 6"" Coaxial Speaker for Car & Marine, 2-Way Boat & Car Audio Speaker, 50-22kHz Frequency Response, Polypropylene Woofer Cone & 3/4"" Silk Dome Tweeter, Easy Installation",79.0,4.6,260,Mid ($50-100),Excellent (4.5-5),0.36015016016117574,Polk,17.136659436008678
B01EYE6RYU,"Telico C35 2.7 Inch 170 Degree LCD FHD 1080p Pro Car Dashboard Camera with G-Sensor, WDR, Night Vision and 8GB MicroSD Card",,2.9,20,,Poor (<3),0.1900110156102793,Telico,
B01EYFNQKC,"HD 1080P 12MP Game and Trail camera for Deer Hunting , No Glow Infrared Scouting Camera Night Vision max to 82ft with 46pcs LEDs , 2.4"" LCD Screen and Waterproof IP66",,3.4,35,,Below Avg (3-3.5),0.24001971214471032,HD,
B01EYGAI2K,B+W 62mm 106 ND 1.8-64X (106M) 66-1066165 Neutral Density Filter with Multi-Resistant Coating (MRC),77.95,4.3,30,Mid ($50-100),Good (4-4.5),0.3300168132999,B+W,18.08584686774942
B01EYI8P2I,"PLAY X STORE USB 2.0 Audio Video Capture Adapter, Edit Video, Support Windows 2000 XP Win7/8/Vista",,2.9,18,,Poor (<3),0.19000985607235518,PLAY,
B01EYIGZDO,20v 3.25a 65W USB Type-C AC Adapter Battery Charger for ThinkPad chromebook ADLX65YDC2A 4X20M26268 Power Supply Adapter Cord,19.99,4.0,162,Budget (<$20),Average (3.5-4),0.30009334280289307,20v,4.985037406483791
B01EYJ66BO,"Greleaves 42 in 1 Common Outdoor Sports Accessories Bundles Kit for Gopro Hero Session,Hero 4 Black,Hero 4 Silver,Gopro Hero 1 2 3 3+ 4 Camera Accessory Kit for SJCAM SJ4000 SJ5000 SJ6000",,4.6,27,,Excellent (4.5-5),0.36001507399301375,Greleaves,
B01EYJCA5A,Bengoo In-Ear Wired 3.5mm HIFI Headphones Earphones Earbuds Headset with Microphone for iPhone iPad Android Phones Windows Phones MP3 MP4 and Tablets and for Running Sports - Carrier Packaging - Black,,3.0,49,,Poor (<3),0.2000278289101793,Bengoo,
B01EYJJH5G,"VELLEMAN MK171 Voice Changer Kit, 1.5""",16.97,3.4,44,Budget (<$20),Below Avg (3-3.5),0.24002493006536893,VELLEMAN,4.976539589442815
B01EYJZVV0,SAITECH IT USB 2.0 A to Mini 5 pin B Cable for External HDDS/Camera/Card Readers/MP3 Player-Black -35cm(1 feet),8.99,4.5,247,Budget (<$20),Good (4-4.5),0.35014262316466893,SAITECH,1.9933481152993349
B01EYQ142S,"BIGTEDDY Sun Shade Visor for Garmin nuvi 5"" inch Vehicle GPS 50 50LM 1450T/1450LMT/1490T/1490LMT",,4.3,33,,Good (4-4.5),0.3300185526067862,BIGTEDDY,
B01EYSEVJE,AC Power Adapter Charger 45W 19.5V for DELL Inspiron 13 7353 Series new genuine [],27.99,4.5,133,Low ($20-50),Good (4-4.5),0.3500765295029931,AC,6.206208425720621
B01EYZW07W,AC Power Adapter Charger 45W 19.5V for DELL Inspiron 17 5755 5758 new genuine [],,4.3,73,,Good (4-4.5),0.330041743365269,AC,
B01EZ6RQN8,20FT 2A USB Extension Cable for Amazon Echo Dot,,4.1,117,,Good (4-4.5),0.31006725319959993,20FT,
B01EZ91VV8,"LimoStudio Action Camera Mount, TILT Mount Clamp Clip Bracket for Stand Cross Bar, Photo Video Studio, AGG1874",,3.6,25,,Average (3.5-4),0.26001391445508965,LimoStudio,
B01EZG65Y4,808 Audio SP360BKP CANZ XL Portable Bluetooth Speaker Black,,4.4,148,,Good (4-4.5),0.3400852260374242,808,
B01EZSENUK,"Sceptre 40"" LED Class Full 1080P HDTV X405BV-F",,4.5,93,,Good (4-4.5),0.35005333874451033,Sceptre,
B01EZYTYLC,Ubiquiti Unifi UVC-G3 - Network Surveillance Camera - Outdoor - Weatherproof - Color (Day&Night) - 3.6mm Lens - 4 MP - 1920 X 1080 - White,,4.4,261,,Good (4-4.5),0.34015073993013795,Ubiquiti,
B01F04NOB2,"Cool-See Backlight Backlit Keyboard for MacBook Pro Unibody 13.3"" A1278 2009-2015 Year W/Screws US Layout",,3.6,23,,Average (3.5-4),0.2600127549171655,Cool-See,
B01F0DP376,DJI Phantom 4 - Part 9 100W Battery Charger + Part 12 Power Adaptor Cable(USA & CA),64.52,4.6,141,Mid ($50-100),Excellent (4.5-5),0.3600811676546896,DJI,13.995661605206074
B01F0Z7AYS,Calas Waterproof Housing Case for GoPro Hero 4/3/2/1 Black Camera Replacement Wate Resistant Protective Dive Housing Case - Underwater 45 Meters,,4.2,162,,Good (4-4.5),0.3200933428028931,Calas,
B01F12Q0SC,RBEIK Samsung Galaxy Tab E 8.0 Screen Protector - Premium Tempered Glass Screen Protector for Verizon Galaxy Tab E 8.0 T377 with 9H Hardness Anti-Scratch Feature,,3.5,44,,Below Avg (3-3.5),0.25002493006536897,RBEIK,
B01F13OTD4,"Compete Audio QCR2 Replacement Ear Pad Kit for Bose QuietComfort2, QC2, QC15, AE2 & AE21 Headphones",,4.3,28,,Good (4-4.5),0.3300156537619759,Compete,
B01F1A7S6W,"ASUS 15.6"" Full HD High Performance Laptop 2016 Flagship Edition, Intel Core i7-5500U 3GHz, 8GB Ram, 1TB HDD, DVD Burner, HDMI, VGA, Webcam, Windows 10",1617.0,3.9,62,Premium (>$500),Average (3.5-4),0.29003536590668616,ASUS,413.5549872122763
B01F1OXBYQ,"C4Labs Zebra Virtue Case for Raspberry Pi 4, 3, 2, B and B+ with Fan (Wood Clear)",,4.0,16,,Average (3.5-4),0.3000086965344311,C4Labs,
B01F1SGQYO,"Pressure Gate Wall Saver, 2 Pack",,3.8,30,,Average (3.5-4),0.28001681329989997,Pressure,
B01F1SJOV6,MXXGMYJ MagicW Grounded Plug Adapter America US to China Australia Power Adapter China New Zealand Power Adapter to China Travel Adapter,,4.1,40,,Good (4-4.5),0.31002261098952066,MXXGMYJ,
B01F1SZB2W,MOKiN 6470177 HDMI Male to VGA Female Video Converter Adapter Cable,,4.0,127,,Average (3.5-4),0.3000730508892207,MOKiN,
B01F1TYLCC,"Eathtek Replacement Keyboard for Dell Inspiron 15 3521 3537 15R 5521 5537 Latitude 3540 Vostro 2521 Series Black US Layout, Compatible with Part Number NSK-DY0SW 0WVTGR",,4.0,35,,Average (3.5-4),0.3000197121447104,Eathtek,
B01F1UF11G,Flexible Whip Extension Tube Antenna HYS SMA Male Dual Band 2M 70CM Antenna for ft-60r VX-800 FT- 270R FT-250R VX-230 Handheld Ham Radio,10.9,4.1,12,Budget (<$20),Good (4-4.5),0.3100063774585827,Flexible,2.652068126520682
B01F1WJBS8,"USB-C to VGA Adapter 1080P @60Hz for 2017 MacBook Pro, Lenovo 900, Dell XPS 13, HP Spectre x2 and More- Newest Updated Version … (C-VGA)",,4.1,99,,Good (4-4.5),0.3100568173582827,USB-C,
B01F20RKJG,"OTTERBOX DEFENDER SERIES Case for iPad Pro (*9.7"" VERSION*) - Retail Packaging - BLACK",49.9,4.6,2209,Low ($20-50),Excellent (4.5-5),0.3612801298682475,OTTERBOX,10.824295010845988
B01F218API,"MOKiN USB 3.1 USB-C(Type-C) To HDMI Adapter Cable, HDMI Output Max 4K UHD And Compatible With Thunderbolt Port 3 For Type-C Output Device – Black",,3.3,38,,Below Avg (3-3.5),0.23002145145159653,MOKiN,
B01F21CM20,Flashpoint XPLOR 600 HSS TTL Battery-Powered Monolight with Built-in R2 2.4GHz Radio Remote System and R2 Transmitter For Canon(Bowens Mount) - Black,,4.3,48,,Good (4-4.5),0.3300272491412172,Flashpoint,
B01F24E4GE,UL Listed AC Charger Fit for Asus AD890526 AS19175-808 ADP-33AW BE ADP-33AW B REV:00 0A001-00342500 Transformer Flip Laptop Power Supply Adapter Cord,,4.2,29,,Good (4-4.5),0.320016233530938,UL,
B01F24E4GY,AC Charger Fit for Asus X540S X540L X540SA X540LA X540NA X540N 15.6 Inches Vivobook 15 X540 Laptop Power Supply Adapter Cord,,3.5,49,,Below Avg (3-3.5),0.2500278289101793,AC,
B01F24E4ZU,"AC Charger Fit for Asus Transformer Book T100H T100HA T100HA-C4-LB, T100HA-C4-PK, T100HA-C4-GR, T100HA-C2-GR Tablet Power Supply Adapter Cord",,4.4,181,,Good (4-4.5),0.34010435841317244,AC,
B01F24RF8I,JBL Clip 2 Waterproof Portable Bluetooth Speaker (Blue),,4.5,842,,Good (4-4.5),0.35048758569709976,JBL,
B01F24RFX8,JBL Clip 2 Waterproof Portable Bluetooth Speaker - Grey,,4.6,467,,Excellent (4.5-5),0.36027017233632397,JBL,
B01F24RGHI,JBL Clip 2 Waterproof Portable Bluetooth Speaker (Red),,4.7,954,,Excellent (4.5-5),0.37055251982085147,JBL,
B01F26T1JW,(4 Pack) COMPUMATIC Compatible/Replacement Ink Cartridge for Casio HR-300RC HR-200RC HR-170RC HR-150RC HR-100RC HR-100TM HR-150TM Printing Calculator and More,9.99,4.5,96,Budget (<$20),Good (4-4.5),0.3500550780513966,(4,2.215077605321508
B01F28LIDC,"ASUS ZenWatch 2 , WI501Q-SR-BW-Q , 1.63"" Smartwatch Silver Case, Brown Rubber Band with HyperCharge, AMOLED Gorilla Glass 3 Touchscreen, 4GB Storage, IP67 Water Resistant",,4.3,591,,Good (4-4.5),0.3303420636876205,ASUS,
B01F2KZ03O,"Sabrent 2-Slot Micro USB OTG and USB 3.0 Flash Memory Card Reader for Windows, Mac, Linux, and Certain Android Systems - Supports SD, SDHC, SDXC, MMC/MicroSD, T-Flash [Black] (CR-UMMB)",,4.0,286,,Average (3.5-4),0.3001652341541896,Sabrent,
B01F2LDGEI,"Sabrent 2-Slot Micro USB OTG and USB 3.0 Flash Memory Card Reader for Windows, Mac, Linux, and Certain Android Systems - Supports SD , SDHC , SDXC , MMC / MicroSD , T-Flash [White] (CR-UMMW)",,3.5,43,,Below Avg (3-3.5),0.2500243502964069,Sabrent,
B01F2M0L6S,"Microsoft Surface Pro 1 Tablet 128 GB Dual-Core i5 Touch Cover Bundle, Black (Renewed)",,4.1,18,,Good (4-4.5),0.31000985607235515,Microsoft,
B01F2NKQTO,"Falcon Zero Touch HD Dash cam 1080p 24-ON Technology, 32 GB SD Card Included",,3.0,14,,Poor (<3),0.2000075369965069,Falcon,
B01F2O1CFK,Amazon Basics In-Ear Headphones - Blue,,3.8,5129,,Average (3.5-4),0.28297305523748784,Amazon,
B01F2O1H32,Amazon Basics In-Ear Headphones with Universal Mic - Blue,,3.9,5143,,Average (3.5-4),0.2929811720029568,Amazon,
B01F2O1H96,Amazon Basics In-Ear Headphones with Universal Mic - White,,3.9,5136,,Average (3.5-4),0.29297711362022233,Amazon,
B01F2O1ICM,Amazon Basics In-Ear Headphones with Flat Cable and Universal Mic - Black,,3.9,1120,,Average (3.5-4),0.2906487614685548,Amazon,
B01F2O1J6C,Amazon Basics In-Ear Headphones with Flat Cable and Universal Mic - Silver,,3.9,1122,,Average (3.5-4),0.2906499210064789,Amazon,
B01F2O1LLA,Amazon Basics In-Ear Headphones with Flat Cable and Universal Mic - Gold,,3.9,1120,,Average (3.5-4),0.2906487614685548,Amazon,
B01F2OGQ3S,Garmin vívomove Sport - White with Sport Band,74.99,3.7,398,Mid ($50-100),Average (3.5-4),0.2702301682779413,Garmin,20.212938005390836
B01F31VEG4,Anlapus 4 Pack HD 1080P 4-in-1 Analog/TVI/CVI/AHD Outdoor Indoor CCTV Security Cameras with 65ft Night Vision for 960H/720P/1080P DVR System,,3.7,19,,Average (3.5-4),0.27001043584131723,Anlapus,
B01F334BH6,"PoE Texas GPOE-8A-48v60w | 8 Port Gigabit Passive PoE Injector for PoE Cameras, IP Phones and WiFi Access Points | Includes 48 Volt 60 Watt Power Supply",71.99,4.3,47,Mid ($50-100),Good (4-4.5),0.33002666937225517,PoE,16.703016241299306
B01F35AMS6,Sony UHPH1 Premium Audio and Video Player (2016),,3.5,61,,Below Avg (3-3.5),0.2500347861377241,Sony,
B01F361IIS,eleduino Raspberry Pi 3 Model B and Raspberry Pi 2 Model B/B+ (B Plus) Metal Case with Cooling Fan Silver,,3.6,40,,Average (3.5-4),0.2600226109895207,eleduino,
B01F38SUQE,"Gaming Keyboard, SOKATON M-200 Mechanical Feel Gaming Keyboard, LED Three Color Backlit USB Wired Game Keyboard (Black)",,3.8,178,,Average (3.5-4),0.28010261910628614,Gaming,
B01F391RSG,Rii RKM200 Ergonomic 2.4G Wireless Keyboard and Mouse Combo for Desktop with Water-Resistant Design,,3.1,46,,Below Avg (3-3.5),0.2100260896032931,Rii,
B01F3AJZD4,"Thermaltake RIING Silent 150W Intel/AMD 120mm High Airflow LED Fan CPU Cooler, Red",59.99,4.4,79,Mid ($50-100),Good (4-4.5),0.3400452219790414,Thermaltake,13.603174603174603
B01F3CSWC2,Cat 6 Ethernet Cable 3ft (6 Pack) (at a Cat5e Price but Higher Bandwidth) Flat Internet Network Cable - Cat6 Ethernet Patch Cable Short - Black Computer Cable with Snagless RJ45 Connectors,12.99,4.7,842,Budget (<$20),Excellent (4.5-5),0.3704875856970998,Cat,2.7579617834394905
B01F3DEW8E,"Buck Converter, Icstation DC 5-23V to 0-16.5V Adjustable Voltage Regulator Buck Boost Converter Setp Down Power Supply Module",11.99,4.1,85,Budget (<$20),Good (4-4.5),0.31004870059281375,Buck,2.9172749391727497
B01F3R96A4,"Dell i3552-3240BLK 15.6"" HD Laptop (Intel Pentium N3700 1.6GHz Processor, 4 GB DDR3L SDRAM, 500 GB HDD, Windows 10) Black",440.0,3.8,321,High ($200-500),Average (3.5-4),0.2801855260678619,Dell,115.48556430446196
B01F3R9DP2,"Alienware Alpha ASM100-9000BLK Mini Desktop (Intel Core i7-4785T 2.2GHz Processor, 8 GB DDR3L SDRAM, 1 TB HDD, Windows 10) Black",,3.4,41,,Below Avg (3-3.5),0.24002319075848275,Alienware,
B01F3R9GWC,"Alienware Alpha ASM100-3000BLK Mini Desktop (Intel Core i3-4170T 3.2GHz Processor, 4 GB DDR3L SDRAM, 500 GB HDD, Windows 10) Black",,3.4,41,,Below Avg (3-3.5),0.24002319075848275,Alienware,
B01F3R9H7Q,Dell Inspiron i3650-2820SLV Tower Desktop Intel Core i5-6400 2.7GHz Processor 8GB DDR3L 1TB HDD Windows 7 Professional Silver,399.0,2.7,12,High ($200-500),Poor (<3),0.1700063774585828,Dell,147.23247232472326
B01F3U994Y,"Mounting Dream MD5109 Table Top TV Stand/TV Mount with Anti-Tip Strap and 3 Sets Height Adjustment, for Most 42-60 Inches LED, LCD and Plasma TVs up to 99 LBS, VESA up to 600x400mm, Tempered Glass",,4.5,172,,Good (4-4.5),0.3500991404925138,Mounting,
B01F42PLCK,"Odyson - VHB LCD Display Adhesive Strips Replacement for iMac 27"" A1419 (Late 2012-Mid 2017)",9.95,4.2,81,Budget (<$20),Good (4-4.5),0.3200463815169656,Odyson,2.363420427553444
B01F477FGU,NavePoint M6 Cage Nuts and Screws for Rack Mount Server Shelves Cabinets Set of 100,32.9,4.8,51,Low ($20-50),Excellent (4.5-5),0.38002898844810346,NavePoint,6.83991683991684
B01F48DZW2,Garmin Nuvi 2639LMT North America (Renewed),,4.2,82,,Good (4-4.5),0.32004696128592763,Garmin,
B01F48SG44,Fujifilm INSTAX Mini 90 Neo Classic Instant Camera (Black) with 2X Fujifilm Instax Mini 20 Pack Instant Film (40 Shots) + Compact Camera Case + Cleaning Cloth - International Version (No Warranty),199.95,4.6,91,Mid-High ($100-200),Excellent (4.5-5),0.36005217920658616,Fujifilm,43.37310195227766
B01F4D4W8I,"i2 Gear USB Portable Reading Lamp with 28 Bright LED Lights and Flexible Gooseneck for Notebook Laptop, Desktop, PC and MAC Computer Keyboard + On / Off Switch Setting (Polar White)",,4.4,23,,Good (4-4.5),0.3400127549171656,i2,
B01F4H1DM2,Canon PIXMA MG2920 Wireless Inkjet All-in-One Printer/Copier/Scanner,279.99,3.9,1193,High ($200-500),Average (3.5-4),0.29069108460278575,Canon,71.60869565217392
B01F4HWLA0,"Wheel Stand Pro SuperG with RGS shifter mount Compatible With Logitech G29 G923 G920 G27 G25 Wheels, Deluxe, Wheel and Pedals Not included.",199.99,4.6,92,Mid-High ($100-200),Excellent (4.5-5),0.3600527589755482,Wheel,43.38177874186552
B01F4JAUTW,IQ Shield Tempered Ballistic Glass Screen Protector for Garmin Vivoactive HR 99.9% Transparent HD and Anti-Bubble Shield,,3.6,51,,Average (3.5-4),0.26002898844810346,IQ,
B01F4KWMJM,Canvaslove Blue Dot Canvas 13 inch Laptop Shoulder Messenger Bag Case for 11 Inch 12 Inch 13.3 Inch Laptop,,4.0,45,,Average (3.5-4),0.30002550983433107,Canvaslove,
B07QZQDKDM,"ASUS Vivobook Flip 14 Thin and Light 2-in-1 Touchscreen Laptop, 14” Full HD, Intel Pentium Gold 4415U Processor, 4GB DDR4 RAM, 128GB SSD, Fingerprint Reader, Windows 10 in S Mode, TP412UA-DB21T",,3.9,78,,Average (3.5-4),0.29004464221007925,ASUS,
B01F4L6UN0,zh-er-0424-dv85,,4.2,29,,Good (4-4.5),0.320016233530938,zh-er-0424-dv85,
B01F4O0NKI,EverAct Compatible Bands for Sumsung/Garmin 18mm / 20mm / 22mm,,3.9,49,,Average (3.5-4),0.29002782891017925,EverAct,
B01F4OJE6C,"TNP Toslink SPDIF Digital Optical Audio Splitter (3 Port) - 1x3 One Input to Three Outputs 3 Way Adapter Sound Distribution Repeater Amplifier Split Box Hub Supports 5.1CH, LPCM2.0, DTS, Dolby-AC3",,3.8,67,,Average (3.5-4),0.2800382647514965,TNP,
B01F4OM73E,"Patchworks ITG Privacy for Apple iPhone SE 5s 5c 5 - Raw Glass from Japan, Finished in Korea, Anti-Spy Privacy Filter from 3M, Impossible Tempered Glass Screen Protector",,4.0,30,,Average (3.5-4),0.30001681329990004,Patchworks,
B01F4ORMWA,"[Apple MFi Certified] USB 3.0 Flash Drive for iPhone iPad, GMYLE Mini External Storage Memory Expansion USB Stick with Lightning Connector (32GB) (Gold)",,4.0,279,,Average (3.5-4),0.3001611757714551,[Apple,
B01F4P6I38,ELECBRAiN 14.8V 41WH OA04 OA03 Replacement Battery for 740715-001 746458-421 746641-001 751906-541 HSTNN-LB5S HSTNN-LB5Y,,4.4,142,,Good (4-4.5),0.34008174742365177,ELECBRAiN,
B01F4QCHF0,"Cordless Phone Battery, WDLAND 800 mah, 2.4V Rechargeable Replacement Battery for BT-1008 (2 Packs)",,4.6,10,,Excellent (4.5-5),0.3600052179206586,Cordless,
B01F4WR6W8,PJCARD Dual Band Wireless-AC 3160 AC3160 3160 AC WiFi + Bluetooth 4.0 Mini PCIe Card 3160HMW USE for Intel 3160AC Supports 2.4 and 5.8Ghz A/B/G/N & AC,29.68,4.2,62,Low ($20-50),Good (4-4.5),0.32003536590668624,PJCARD,7.049881235154395
B01F4X1A06,UiiSii C100 Earphones In-ear Earbuds Headphones with Microphone (Black),,3.7,54,,Average (3.5-4),0.27003072775498965,UiiSii,
B01F4YZ1LE,"Thule 3203398 Atmos Case for 12.9"" iPad Pro",,2.8,40,,Poor (<3),0.18002261098952066,Thule,
B01F4YZ1V4,"Thule 3203399 Atmos Case for 9.7"" iPad Pro/iPad Air 2",,2.8,59,,Poor (<3),0.18003362659979996,Thule,
B01F4ZVFV8,"SWEES iPad Pro 9.7 inch Case Cover Heavy Duty Shockproof Rugged Smart Case Full Body Shock Resistant Protective Cover with Auto Wake & Sleep Function for Apple iPad Pro 9.7 Tablet 2016, Rose Gold",,4.3,132,,Good (4-4.5),0.330075949734031,SWEES,
B01F5088BW,"ESR Yippee Premium Trifold Case for iPad Pro 9.7, Slim Fit Smart Case with Rubberized Back Cover Auto Wake Sleep Function for Apple iPad Pro 9.7 inch 2016 Release (Rose Gold)",,4.2,900,,Good (4-4.5),0.3205212122968997,ESR,
B01F5283K6,"Fomito Aluminum Video Stabilizing Hand-held Shooting Handle Cold Shoe Extender for DSLR Camera, Connecting Microphone, Led Video Light, Monitor, etc",,3.1,14,,Below Avg (3-3.5),0.2100075369965069,Fomito,
B01F5421HK,"Smart Card Reader Saicoo 2-in-1 DOD/CAC Card Reader and TF/Micro SD, Compatible with Mac OS, Win, Linux - Portable Version",,3.7,192,,Average (3.5-4),0.2701107358717551,Smart,
B01F54L6EY,Kenwood CMOS-130 Rearview Camera with Universal Mounting Hardware,59.0,4.2,276,Mid ($50-100),Good (4-4.5),0.32015943646456896,Kenwood,14.014251781472684
B01F54X9AS,HomeSpot 8pin Cable Set Black (4 Pack),30.99,4.0,66,Low ($20-50),Average (3.5-4),0.3000376849825345,HomeSpot,7.728179551122195
B01F57Q088,TeraFlex 4838220 JK CB Antenna Mount Kit (Aluminum Tire Carrier),36.59,4.4,88,Low ($20-50),Good (4-4.5),0.3400504398997001,TeraFlex,8.297052154195011
B01F57XUI6,Neewer Professional Vertical Battery Grip Work with EN-EL14A Rechargeable Battery compatible with Nikon D5600 D5500 DSLR Camera (Battery Not Included),32.09,4.4,767,Low ($20-50),Good (4-4.5),0.34044410302494466,Neewer,7.276643990929705
B01F5A8CAO,"COMISO Portable Bluetooth 4.0 Wireless Speaker with Dual 5W Drivers Bass, Flashlight and Microphone - (Turquoise/ Silver)",,4.1,141,,Good (4-4.5),0.3100811676546896,COMISO,
B01F5AGONG,"NO1seller Top Fitbit Ionic Bands Small&Large, Soft Silicone Sport Band Replacement Accessories with Ventilation Holes for Fitbit Ionic and Fitbit Ionic Adidas Smartwatch, Women and Men",,4.0,25,,Average (3.5-4),0.3000139144550897,NO1seller,
B07QZQJ1WD,Creative Sound Blaster X-Fi Surround 5.1 Pro USB Sound Card for Computers and laptops,,4.3,1000,,Good (4-4.5),0.3305791891931066,Creative,
B01F5JTNAI,VCE 2-Pack Gold Plated Right Angle F-Type Coaxial RG6 Adapter,,4.4,122,,Good (4-4.5),0.3400701520444104,VCE,
B01F5K39XY,VCE 2-Pack Right Angle F-Type Coaxial RG6 Adapter,5.79,4.7,1193,Budget (<$20),Excellent (4.5-5),0.3706910846027858,VCE,1.2292993630573248
B01F5LVO08,TCL 43FP110 43-Inch 1080p Roku Smart LED TV (2016 Model),,3.9,71,,Average (3.5-4),0.29004058382734477,TCL,
B01F5LVO58,Thermaltake Lite Power 550W ATX PS-LTP-0550NNCNUS-F,,4.4,37,,Good (4-4.5),0.34002087168263456,Thermaltake,
B01F5LVTO4,"WD 2TB My Passport Wireless Pro Portable External Hard Drive, Wifi USB 3.0 - WDBP2P0020BBK-NESN",,4.2,481,,Good (4-4.5),0.320278289101793,WD,
B01F5PSQF0,Acer V6 V246HQL 23.6in Widescreen LCD Monitor (Renewed),,4.5,27,,Good (4-4.5),0.3500150739930138,Acer,
B01F5WXC6G,UL Listed 7.5Ft Extra Long AC Charger Fit for Asus X205T X205 X205TA E200 Eeebook E202SA E202S E202 Vivobook E200H E200HA Laptop Power Supply Adapter Cord,,4.3,92,,Good (4-4.5),0.33005275897554825,UL,
B01F63D8D6,Canon PGI-270 Standard Yield Pigment Black with 0390C005 (CLI-271) 4-Color (BK/C/M/Y) Ink Cartridge Set,75.98,4.5,165,Mid ($50-100),Good (4-4.5),0.3500950821097793,Canon,16.8470066518847
B01F66SFWM,Ion Job Rocker Portable Sound System Black (Certified Refurbished),,4.2,30,,Good (4-4.5),0.32001681329990006,Ion,
B01F67WG3K,TechMatte Pencil Cap Holder and Adapter Tether Compatible with The Apple Pencil Cap and Charging Adapter (White 4 Pieces),,4.5,421,,Good (4-4.5),0.35024350296406886,TechMatte,
B01F68XW6Y,"TSTAND2 Tablet Stand - Holder for Bed - Multi-Use, Universal - Compatible with All iPad Models 7""-10.5"" and Nintendo Switch - Black.",,4.1,294,,Good (4-4.5),0.3101698723058861,TSTAND2,
B01F69FVMQ,BM 2 Pack DMW-BLG10 Batteries and Dual Battery Charger for Panasonic Lumix DC-G100 DC-ZS80 DC-GX9 DC-LX100 II DC-ZS200 DC-ZS70 DMC-GX80 DMC-GX85 DMC-ZS60 DMC-ZS100 DMC-GF6 DMC-GX7K DMC-LX100K Cameras,24.99,4.5,160,Low ($20-50),Good (4-4.5),0.35009218326496894,BM,5.541019955654102
B01F69Z32O,Antlion Audio ModMic Accessories Combo - Base Clasps PLUS Cable Clips,,4.1,57,,Good (4-4.5),0.3100324670618758,Antlion,
B01F6B1E6Q,KHOI1971 Wall Charger AC Adapter Compatible with Kid TRAX Pacific Cycle Disney Quad ATV Ride ON 6V-Volt Battery Walmart Target Toy R US Charger AC Adapter NOT Created or Sold by TRAX Pacific Cycle,16.98,4.3,79,Budget (<$20),Good (4-4.5),0.33004522197904135,KHOI1971,3.9396751740139218
B01F6KUKNU,"Case for iPod Touch 2019, iPod Touch 2020, New iPod Touch 7th 6th 5th Generation - CheerShare Protective iPod Touch Case Silicone Shockproof High Impact Layered Cover for iPod (Black+Black)",,4.5,607,,Good (4-4.5),0.3503513399910136,Case,
B01F6LCCOE,Marchpower iPhone Charger Lightning Cable to USB Cord Certified 3 Pack 3ft Charging Cord iPhone 12 se 11 pro X 8 XR XS MAX 7 Plus 6 6S 6 Plus 5S SE iPod iPad Mini Air Pro and More (Gray),,4.1,848,,Good (4-4.5),0.3104910643108721,Marchpower,
B01F6MGNIE,"ChargeTech - 27,000mAh Black [LIMITED EDITION] Portable Battery Pack w/ AC Outlet & USB Ports - Universal Power Bank for MacBooks, Laptops, iPhone, iPad, Samsung Galaxy, Note Tab, Nexus, HTC, Motorola",,3.5,25,,Below Avg (3-3.5),0.25001391445508964,ChargeTech,
B01F6RWV94,SanDisk 128GB iXpand Flash Drive USB 3.0 Lightning (SDIX30N-128G),,4.3,582,,Good (4-4.5),0.3303368457669619,SanDisk,
B01F6U88O8,"HP Wireless Mouse Z3700, Red (V0L82AA#ABL)",,4.6,279,,Excellent (4.5-5),0.36016117577145507,HP,
B01F6U8A3C,"HP Pavilion 15-au030nr 15.6-Inch Laptop (Core i7, 12 GB RAM, 1 TB HDD)",,3.3,27,,Below Avg (3-3.5),0.23001507399301377,HP,
B01F6UH66Y,Cable Simplify Nylon Braided Quick Charge Micro Lightning Type C Universal Cable - 4 Feet,,2.9,29,,Poor (<3),0.1900162335309379,Cable,
B01F6UL2Z0,PwrON 6.6 FT 5V AC to DC Power Adapter for RCA 10 Viking PRO Tablet RCT6303W87 DK,11.29,4.7,14,Budget (<$20),Excellent (4.5-5),0.37000753699650696,PwrON,2.3970276008492566
B01F6URXYY,"Hdiwousp HDMI to 1080P Component Video (YPbPr) Scaler Converter Adapter with Coaxial Audio Output + R/L Audio Support Windows 10,Black",27.99,4.0,951,Low ($20-50),Average (3.5-4),0.3005507805139652,Hdiwousp,6.980049875311721
B01F6V6SSK,"HP Full HD 1080p IPS LED Monitor with Frameless Bezel and VGA & HDMI -21.5-Inch, Silver",,4.6,1255,,Excellent (4.5-5),0.36072703027843406,HP,
B01F6X4Q3C,"CLOVER Extended Mount for DJI Phantom 3 4 / Inspire 1 Mobile Device Holder to Clip Ipad, Galaxy Tab 4 10.1 or Other 10 Inch Tablets",,4.6,29,,Excellent (4.5-5),0.3600162335309379,CLOVER,
B01F6XGTO6,"E-SDS 1080P HDMI Extender Over Coaxial Cable(RG6/7/11),HDMI Signal to HD Digital TV Signal Based on DVB-T CATV Up to 328-1640Ft(100-500m)(Receiver Only Not Including Transmitter)",,3.4,15,,Below Avg (3-3.5),0.24000811676546896,E-SDS,
B01F6YGIGO,65W 45W Laptop Charger for HP Pavilion x360 14 15 17 HP Envy 13 15 X360 HP Spectre HP Elitebook 840 HP ProBook Series 710412-001 709985-001 714657-001 Zbook 14u G4 G5 15u 15 G3 HP Adapter,11.97,4.5,518,Budget (<$20),Good (4-4.5),0.3502997405533895,65W,2.6541019955654104
B01F70L92U,Over Ear Sweatproof Sport Headphonesï¼ŒLangsdom in Ear Exercise Earbuds Earphones with Remote and Mic for Running Gym Jogging for iPod iPhone Samsung (SP80A Blue),,3.8,123,,Average (3.5-4),0.28007073181337233,Over,
B01F71M7F2,TPLTECH Extra Long 5 Ft AC Adapter 2A Rapid Charger Compatible HP 10 G2 2301 10.1 Inch Tablet PC,7.98,4.0,46,Budget (<$20),Average (3.5-4),0.30002608960329313,TPLTECH,1.9900249376558605
B01F73WYNU,"A1382 Replacement Battery for MacBook Por A1286, Made for Early and Late 2011 Mid 2012 MacBook Pro 15 inch Core i7",46.99,4.0,416,Low ($20-50),Average (3.5-4),0.3002406041192585,A1382,11.718204488778056
B01F75VES4,"HDMI to VGA Cable, eBerry HDMI Male to VGA Male D-SUB 15 Pin M/M Connector Adapter Cable Cord Transmitter (NO SIGNAL CONVERSION FUNCTION), One-way Transmission from HDMI to VGA - 6ft/1.8m Black",,3.7,342,,Average (3.5-4),0.2701977012160654,HDMI,
B01F75X68U,"Homasy Amplified HDTV Antenna Indoor with Amplifier - 50 Mile Range, Built in Amplifier Signal Booster",,3.4,70,,Below Avg (3-3.5),0.24004000405838272,Homasy,
B01F76TPM0,"AGPtEK Bluetooth Mp3 Watch Player with Touch Screen, 8 GB Storage Supports Up to 32GB SD Card, Black",,2.6,29,,Poor (<3),0.16001623353093794,AGPtEK,
B01F7AIFAO,Definitive Technology SR9040 High-Performance Bipolar Surround Speaker - (single speaker),299.0,4.7,176,High ($200-500),Excellent (4.5-5),0.37010145956836205,Definitive,63.481953290870486
B01F7ENJ6U,"Cinolink HA009 [UL/FCC Certified Power Supplier] Cinolink USB 3.0 to SATA Converter Adapter Cable for Hard Drive Disk HDD and SSD with On/Off Switch, Power Adapter Included",,3.3,21,,Below Avg (3-3.5),0.23001159537924135,Cinolink,
B01F7L3H06,"AudioQuest Dragonfly Black Mobile Bundle With DragonFly Black (Portable USB Preamp, Headphone Amp/DAC) And Lightning To USB Camera Adapter for Compatible Connection With Select iPhones, iPads, iPods",,4.5,42,,Good (4-4.5),0.3500237705274448,AudioQuest,
B01F7NWGIS,"ERCRYSTO USB LED Light for Computer/Keyboard/Notebook/Laptop/PC, 3 Levels of Brightness Suitable for Reading/Relaxation/Bedtime, 360 Degrees Rotation,Color White",,3.6,14,,Average (3.5-4),0.2600075369965069,ERCRYSTO,
B01F7Q7OWS,"Echobox Finder X1 High Fidelity Earbuds – in-Ear Technology, Titanium Construction, Tangle-Free Cable, Compatible with iPhone and Android",,3.9,34,,Average (3.5-4),0.2900191323757482,Echobox,
B01F7T1E12,Yamaha RX-V781 7.2-Channel Network A/V Receiver with Bluetooth and Wi-Fi,,4.2,26,,Good (4-4.5),0.32001449422405176,Yamaha,
B01F7TNQLI,"QNAP High-Performance 8-Bay NAS with 2x10GbE (SFP+) Network, Hardware Encryption TS-831X-8G-US",,3.2,15,,Below Avg (3-3.5),0.220008116765469,QNAP,
B01F7TVIWW,"McKlein Coughlin, Leather 4.5"" Expandable Laptop/Computer & Tablet Business Briefcase Attaché Bag, Men Women Laptop Briefcase, Laptop Compartment Bag, Tablet Pocket Bag, Business Bags, Travel Cases",135.85,4.4,106,Mid-High ($100-200),Good (4-4.5),0.3400608757410173,McKlein,30.804988662131517
B01F7TWSKI,"McKlein USA Pastenello 15.6"" Leather Vertical Patented Detachable Wheeled Laptop Briefcase",,4.2,54,,Good (4-4.5),0.3200307277549897,McKlein,
B01F7WP7YE,Logitech Wireless Marathon Mouse M705 With 3-year Battery Life (Renewed),,4.1,108,,Good (4-4.5),0.31006203527894133,Logitech,
B01F7WPK8W,Sceptre 32-Inch LED HDTV X322WV White Color,,4.4,36,,Good (4-4.5),0.3400202919136725,Sceptre,
B01F81UU8M,Movo Cinema Bundle with Shotgun Condensor Video Microphone and 2-Channel Audio Mixer for DSLR Cameras & Camcorders,,4.2,14,,Good (4-4.5),0.32000753699650697,Movo,
B01F854U8E,ASUS LGA2011 5-way Optimization SafeSlot ATX Motherboard ROG STRIX X99 GAMING,698.86,4.0,94,Premium (>$500),Average (3.5-4),0.3000539185134724,ASUS,174.27930174563593
B01LZ1UG41,3 Year Asurion Camera Accident Protection Plan ($75-99.99),,4.2,61,,Good (4-4.5),0.3200347861377242,3,
B01F854XAY,ASUS LGA2011-v3 5-Way Optimization SafeSlot X99 ATX Motherboard X99-A II,298.02,3.3,87,High ($200-500),Below Avg (3-3.5),0.2300498601307379,ASUS,90.03625377643505
B01F854ZPC,SLE-TECH 14.8V 40WH Dell M5Y1k Battery for Dell Inspiron 3451 3551 5558 5758 M5Y1K Vostro 3458 3558 Inspiron 14 15 3000 Series,23.99,4.2,1814,Low ($20-50),Good (4-4.5),0.3210511211282305,SLE-TECH,5.69833729216152
B01F8D3ZA0,ZOMEI F678 Aluminum Portable Tripod with Ball Head Heavy Duty Lightweight Professional Compact Travel for Nikon Canon Sony All DSLR and Digital Camera,,4.1,82,,Good (4-4.5),0.31004696128592757,ZOMEI,
B01F8DJWHK,"WAWPI USB 3.0 Right Angle 270 Degree Extension Cable Male to Female Adapter Cord, Length: 24cm",,4.6,58,,Excellent (4.5-5),0.3600330468308379,WAWPI,
B01F8GPVD6,Sailor Moon Crystal Star Locket Pocket Watch Sweater Chain,,4.3,39,,Good (4-4.5),0.3300220312205586,Sailor,
B01F8GS7E6,"Samsung Level U Pro Wireless In-ear Headphones with Noise Cancelling, Microphone, and UHQ Audio, White",,3.8,154,,Average (3.5-4),0.28008870465119645,Samsung,
B01F8GS8M2,"Samsung Level U Pro Active Noise Cancelling and UHQ Audio, Black",,3.5,297,,Below Avg (3-3.5),0.2501716116127723,Samsung,
B01F8IGTIU,33W AC Charger Fit for Asus Vivobook E410MA E410M E410 E210MA E210M E210 E510 E510M E510MA Laptop Model 7.5Ft Power Supply Adapter Cord,19.89,4.7,40,Budget (<$20),Excellent (4.5-5),0.3700226109895207,33W,4.222929936305732
B01F8K8MWY,"MIROO Compatible Ink Cartridge Replacement for Canon PGI-1200XL PGI-1200 XL, High Yield (2 Black 2 Cyan 2 Magenta 2 Yellow), Compatible with Canon Maxify MB2320 MB2120 MB2720 MB2020 Printer",,3.8,67,,Average (3.5-4),0.2800382647514965,MIROO,
B01F8KFEFM,Whizzotech® 6 Feet 6ft Shielded External eSATA Cable 7-pin HDD Hard Drive M/M Data Cable 6FT,,4.2,65,,Good (4-4.5),0.3200371052135724,Whizzotech®,
B01F8LNY7G,DJW® 11.1V 48WH Laptop JKVC5 Battery for dell ins piron 1564;dell ins piron 1764;dell ins piron 1464;dell ins piron 15 (1564);dell ins piron 14 (1464);dell ins piron 17 (1764) JKVC5 FH4HR P08F P07E,,4.3,99,,Good (4-4.5),0.33005681735828274,DJW®,
B01F8LUHAS,SOLICE 65W Ac Adapter Laptop Charger for HP Pavilion TouchSmart 14-b000 14-B109 14-b109wm 14-B120DX 14-b124us 14-b150us Sleekbook 15-B143 15-b129wm 15-b150us 15-b153cl 15-b152nr Supply Power Cord,,4.0,160,,Average (3.5-4),0.30009218326496895,SOLICE,
B01F8NNY0G,"Acer Chromebook for Work, 14"" Full HD, Intel Core i3, 8GB Memory, 32GB Storage, Google Chrome, CP5-471-312N,Black",,3.8,34,,Average (3.5-4),0.2800191323757482,Acer,
B01F8NXODS,FITUEYES Mounts Universal Sound Bar Bracket Mount Above Below Tv SB46001MB Black,,3.8,41,,Average (3.5-4),0.2800231907584827,FITUEYES,
B01F8SSOPG,CHUWI Hi10 Air Tablet Keyboard,,3.6,123,,Average (3.5-4),0.26007073181337237,CHUWI,
B01F91HVDI,"JustJamz Basic Black Micro USB Cables (10 Pack) Charger Cord Sync for Android, Samsung, Camera, and Other Devices Wholesale Bulk",,3.3,42,,Below Avg (3-3.5),0.2300237705274448,JustJamz,
B01F92M6NC,Chrysler Jeep Dodge 6.5inch Kicker Speaker Upgrade Set of 4 Mopar OEM,157.99,4.7,573,Mid-High ($100-200),Excellent (4.5-5),0.3703316278463033,Chrysler,33.54352441613588
B01F97NZEG,SanDisk Sansa Clip+ 8 GB MP3 Player (Black) (Certified Refurbished),,3.7,26,,Average (3.5-4),0.2700144942240517,SanDisk,
B01F9AVPD6,"Plantronics Explorer 500, Black, Bluetooth, 203621-05 (Renewed)",79.99,4.1,1676,Mid ($50-100),Good (4-4.5),0.3109711130114649,Plantronics,19.462287104622874
B01F9DATX0,Hitachi Ultrastar A7K3000 2TB HUA723020ALA641 (0F12470) 2TB 64MB Cache 7200RPM SATA III (6.0Gb/s) Enterprise 3.5in Hard Drive (Renewed),61.5,4.3,511,Mid ($50-100),Good (4-4.5),0.330295682170655,Hitachi,14.269141531322507
B01F9EJWLO,"EverywhereFocus Cell Phone Holder, Universal Gooseneck Smartphone Stand, Lazy Bracket 2' Long Arm Mount, Clip up to 4” Wide mobiles & Clamp Grips to 3” Thick. Perfect for Bed, Desk, Kitchen! BL/BK",,3.4,109,,Below Avg (3-3.5),0.2400626150479034,EverywhereFocus,
B01F9EK0XI,Sigma 30mm F1.4 DC DN Lens for Sony E Mount Bundle with Sandisk 64GB Extreme SDXC Memory UHS-I Card,,3.8,36,,Average (3.5-4),0.2800202919136724,Sigma,
B01F9H1QRY,"FIRSTEC Sports Earphone in-Ear Green/Grey Sweat and Water Resistant,Stereo Sound for Most Audio Device with in-line Microphone Running and 3.5mm Gold Plated Jack",,3.2,30,,Below Avg (3-3.5),0.22001681329990003,FIRSTEC,
B01F9NXBR6,"Powerbeats2 Wireless In-Ear Headphone, Active Collection - Flash Blue (Renewed)",109.99,3.7,75,Mid-High ($100-200),Average (3.5-4),0.2700429029031931,Powerbeats2,29.646900269541778
B01F9Q6WKQ,"CNPGD Bluetooth Smart Watch(Partial Compatible for IPHONE)+(Full Compatible for Android phone) +Unlocked Watch Cell Phone+Fitness Tracker Camera Pedometer for Kids, Men and Women(Silver)",,3.3,198,,Below Avg (3-3.5),0.2301142144855275,CNPGD,
B01F9RGF0M,"Amazon Basics Nylon Braided Lightning to USB A Cable, MFi Certified Apple iPhone Charger, Silver, 3-Foot",,4.6,194216,,Excellent (4.5-5),0.47259982896815617,Amazon,
B01F9RGSFE,"Amazon Basics Nylon Braided Lightning to USB A Cable, MFi Certified Apple iPhone Charger, Gold, 6-Foot",,4.6,194173,,Excellent (4.5-5),0.47257489890278725,Amazon,
B01F9RGWF0,"Amazon Basics Nylon Braided Lightning to USB A Cable, MFi Certified Apple iPhone Charger, Silver, 6-Foot",,4.6,201587,,Excellent (4.5-5),0.47687330598756394,Amazon,
B01F9RKFP8,C4Labs Nucleus Zero for Raspberry Pi Zero - Black Ice,,3.6,18,,Average (3.5-4),0.26000985607235516,C4Labs,
B01F9RR2HM,C4Labs Nucleus for Raspberry Pi Zero & Zero Wireless- Sub Zero White,,3.9,14,,Average (3.5-4),0.2900075369965069,C4Labs,
B01F9SMAH8,Zebra Zero for Raspberry Pi Zero & Zero Wireless - Wood GPIO,9.99,4.2,24,Budget (<$20),Good (4-4.5),0.32001333468612764,Zebra,2.3729216152019004
B01F9ST058,Zebra Zero Plus for Raspberry Pi Zero & Zero Wireless- Black Ice Plus Breadboard,14.99,3.9,63,Budget (<$20),Average (3.5-4),0.2900359456756482,Zebra,3.8337595907928392
B01F9T0FTW,Zebra Zero Plus for Raspberry Pi Zero & Zero Wireless - Wood Includes Breadboard,14.99,3.9,20,Budget (<$20),Average (3.5-4),0.2900110156102793,Zebra,3.8337595907928392
B01F9TR3KG,3Dconnexion Space Mouse Enterprise (3DX-700056),399.0,4.5,122,High ($200-500),Good (4-4.5),0.35007015204441033,3Dconnexion,88.470066518847
B01F9UC1E8,"Outdoor HDTV Antenna -Antop Omni-Directional 36 Degree Reception Antenna for Outdoor, Attic, RV Used, 75 Miles Range",,4.6,59,,Excellent (4.5-5),0.3600336265998,Outdoor,
B01FA092N0,Thermaltake Smart DPS G 500W Digital 80+ Bronze Semi-Modular ATX 12V 2.31/EPS 12V 2.92 Power Supply 7 YR Warranty PS-SPG-0500DPCBUS-B,,4.2,136,,Good (4-4.5),0.32007826880987933,Thermaltake,
B01FA1ZD3W,"Samsung Tab 2 Case,Flying Horse Lichee Pattern 360 Degrees Rotating Stand PU Leather Case for Samsung Galaxy Tab 2 10.1 P5100 Auto Sleep/Wake Tablet （Navy Blue）",,4.1,68,,Good (4-4.5),0.3100388445204586,Samsung,
B01FA208KO,Suptig High Power Dimmable Waterproof LED Video Light Fill Night Light Diving Underwater Light for Gopro Hero 11/Hero 10/Hero 9/Hero8/Hero7/Hero6/Hero5/5S/4/4S/3+/3/2 DJI Akaso cam,18.99,4.4,1004,Budget (<$20),Good (4-4.5),0.3405815082689549,Suptig,4.3061224489795915
B01FA3CBLW,"Jricoo 3pcs 3FT 6FT 10FT Lightning Cable Popular Nylon Braided Charing Cable Extra Long USB Cord for iphone7,7plus, 6s, SE, 6s plus, 6plus, 6,5s 5c 5,iPad Mini, Air,iPad5,iPod on iOS9.(gold).",,2.7,80,,Poor (<3),0.17004580174800346,Jricoo,
B01FABWH40,"Computer Mini USB Wired Optical Travel Mouse Portable for Laptop, Notebook, Macbook with Retractable Cable by SOONGO - Black",,3.5,50,,Below Avg (3-3.5),0.2500284086791414,Computer,
B01FAEJYR0,"7"" GPS Carrying Case Hard Shell Travel Case EVA Bag Lightweight Portable External Hard Drive Case Zipper Cover GPS Pouch for 6""-7"" Garmin Navigation Nuvi Tomtom Magellan Mio",,4.6,113,,Excellent (4.5-5),0.3600649341237517,"7""",
B01FAKBUWQ,Dell Keyboard Smartcard USB,21.49,4.7,344,Low ($20-50),Excellent (4.5-5),0.3701988607539896,Dell,4.562632696390658
B01FAKC0X4,Dell Docking Station Mounting Kit 180W AC,29.98,4.4,113,Low ($20-50),Good (4-4.5),0.34006493412375177,Dell,6.798185941043084
B01FANO03O,"ASUS ZenPad 8.0 Z380M [Tempered Glass] Screen Protector, RBEIK Premium Tempered Glass [9H Hardness] [Anti-Scratch] Screen Protector for ASUS ZenPad 8.0 Z380M, Z380C, Z380CX, Z380KL 8 Inch Tablet",,4.3,212,,Good (4-4.5),0.3301223312509965,ASUS,
B01FAR9OQI,"TeckNet 2.4G Wireless Mouse, 3-Button Portable Mini Optical Mouse with USB Nano Receiver for Notebook, PC, Laptop, Chromebook, MacBook, Computer, 1200 DPI, 18-Month Battery Life, Fit Left/Right Hand",,4.1,393,,Good (4-4.5),0.3102272694331309,TeckNet,
B01FB1Y3KA,Godox Ving V860II-N I-TTL Li-ion Flash Speedlite for Nikon Cameras D800 D700 D7100 D7000 D5200 D5100 D5000 D300 D300S D3200 D3100 D3000 D200 D70S D810 D610 D90 D750,161.0,4.4,73,Mid-High ($100-200),Good (4-4.5),0.34004174336526904,Godox,36.507936507936506
B01FB654PI,NETGEAR AC1600 WiFi VDSL/ADSL Modem Router – 802.11ac Dual Band Gigabit (D6400-100NAS),130.0,3.8,927,Mid-High ($100-200),Average (3.5-4),0.2805368660588755,NETGEAR,34.120734908136484
B01FB6Y98Q,"Fonus Braided Durable USB Cable Charging Power Data Wire for Samsung Galaxy Tab E Nook 9.6 - Galaxy Tab S2 Nook 8.0 - Galaxy Tab 4 Nook 7.0 - Galaxy Tab 4 Nook 10.1, 10' Long, White",,4.1,119,,Good (4-4.5),0.3100684127375241,Fonus,
B01FBG1Q7I,"ZGEM 3Pack 3FT Nylon Braided Data Sync Charging Cable Cord For iPhone 7, 7 plus, 6, 5, iPad Air Mini Pro on iOS10 (Mix Color)",,2.9,235,,Poor (<3),0.19013566593712405,ZGEM,
B01FBRKFSI,"[3 Pack] 1ft / 8 Pin Zakix(TM) USB Charge & Sync Cable for for iPhone 8/8 Plus, 7/7 Plus, iPhone, iPod and iPad (White)",,4.1,328,,Good (4-4.5),0.3101895844505964,[3,
B01FBRZK9M,"Extra Large Headphone Case by dBs. Protective Hard Carry case for Travelling. Universal Headset case, Water Resistant and Suitable for Most Headphones and headsets (Black)",,3.6,27,,Average (3.5-4),0.26001507399301377,Extra,
B01FC3SBSC,"BOSS Audio Systems BV435WTR Rear View Car Mirror with 4.3 Inch Built in Monitor, Rear View License Plate Mount Camera, Wireless Video Transmitter and Receiver",,2.9,14,,Poor (<3),0.19000753699650688,BOSS,
B01FC3SJ5M,"BOSS Audio Systems BASS12APK BOSS Audio Systems Enclosed 12 Inch Subwoofer, Amplifier, Installation Kit",,4.1,73,,Good (4-4.5),0.31004174336526896,BOSS,
B01FC3SW8G,"BOSS Audio BVNV9378RC Double Din, Touchscreen, Bluetooth, Navigation/GPS, Rear License Plate Mount Camera Included, DVD/CD/MP3/USB/SD AM/FM Car Stereo, 6.5 Inch Digital LCD Monitor, Wireless Remote",,3.8,78,,Average (3.5-4),0.28004464221007924,BOSS,
B01FCAALW4,"Speck Products StyleFolio Case and Stand for 9.7-inch iPad Pro (Fits iPad Air 2, 1), 77233-5412,Tweet Dawn/Ballet Pink/Deep Sea Blue",,4.4,1023,,Good (4-4.5),0.3405925238792342,Speck,
B01FCBF2WW,"Ganewry Universal DC 5V Power Adapter Extension Cord for IP Camera, Compatible for 5-Volt IP Camera Power Adapter, 1.35mm x 3.5mm Plug, 10 Feet Length(White)",,4.0,48,,Average (3.5-4),0.30002724914121726,Ganewry,
B01FCBF44I,"Ganewry 10 Feet 2.1mm x 5.5mm DC 12 Volt Power Supply Extension Cable for IP Camera or CCTV Camera, 24AWG, Male to Female(Black)",,4.0,16,,Average (3.5-4),0.3000086965344311,Ganewry,
B01FCOF3LO,"Expert Shield Anti-Glare Screen Protector for Panasonic Lumix GX85/GX80 Camera, Standard",14.95,3.1,14,Budget (<$20),Below Avg (3-3.5),0.2100075369965069,Expert,4.807073954983923
B01FCTH204,Magellan Roadmate 9612T-LM 7-Inch Touchscreen GPS Navigation System,,3.5,53,,Below Avg (3-3.5),0.2500301479860276,Magellan,
B01FCTMW22,"TreasureMax for Fitbit Alta HR and Alta Bands, Replacement Band with Watch Buckle for Fitbit Alta/Fitbit Alta HR Accessory/Fitbit Alta HR Band (No Tracker)",,4.2,67,,Good (4-4.5),0.3200382647514966,TreasureMax,
B01FCTN6MW,"TreasureMax for Fitbit Alta HR Bands and Fitbit Alta Bands, Adjustable Soft Silicone Sports Replacement Accessories Bands for Fitbit Alta HR/Fitbit Alta (#A,04, Standard(5.5""-8.1""))",,4.7,47,,Excellent (4.5-5),0.3700266693722552,TreasureMax,
B01FCTNB1S,"TreasureMax for Fitbit Alta HR and Alta Bands, Replacement Band with Watch Buckle for Fitbit Alta/Fitbit Alta HR Accessory/Fitbit Alta HR Band (No Tracker)",,4.2,63,,Good (4-4.5),0.3200359456756483,TreasureMax,
B01FCTU094,"CableCreation iPhone Charger 90 Degree 4FT, [MFi Certified] Right Angle Lightning to USB Charging & Data Cord, Compatible iPhone 12 11 Pro Max XR X XS Max 8 7 Plus 6S 6 5 iPad iPod, Gold",,4.4,815,,Good (4-4.5),0.34047193193512393,CableCreation,
B01FCU1UC4,"Gorsun Foldable Headphones with Mic and Volume Control for Travel, Sports, Lightweight Stereo On-Ear Headsets Strong Bass Earphones (Black)",,3.2,58,,Below Avg (3-3.5),0.22003304683083794,Gorsun,
B01FCUIVWG,"CableCreation Angled Lightning to USB Cable, 4 Feet 90 Degree iPhone Charger and Data Cable [MFi Certified], Compatible iPhone 11 Pro Max XR X Xs Max 8 7 Plus 6S 6 5 iPad iPod, Rose Gold",,4.4,815,,Good (4-4.5),0.34047193193512393,CableCreation,
B01FCUIY6O,"CableCreation Angled Lightning to USB Cable, 4 Feet [MFi Certified] L Shape iPhone Charger and Data Cord, Compatible iPhone 11 Pro Max XR X Xs 8 7 Plus 6S 6 5 iPad, Black & White, 1.2 M",,4.2,52,,Good (4-4.5),0.3200295682170656,CableCreation,
B01FCUIZ4K,"CableCreation 90 Degree iPhone Charger Cable 4FT, [MFi Certified] Right Angle Lightning to USB Charge Data Sync Cable, Compatible iPhone 11 Pro Max X XR XS 8 7 Plus 6S 6 5 iPad, Silver",,4.4,817,,Good (4-4.5),0.34047309147304805,CableCreation,
B01FCUJAHG,"CableCreation Angle Lightning to USB Cable, 4 Feet MFi Certified Data Sync Charge Cable Compatible with iPhone X, 8, 8 Plus, 7, 7 Plus, 6S, 6S Plus, iPad, Black + White, 1.2 M",,4.4,817,,Good (4-4.5),0.34047309147304805,CableCreation,
B01FCUJFLW,"CableCreation 0.5 Feet 3-Pack Short Lightning to USB Data Sync Charge Cable, [MFi Certified] Compatible with iPhone X, 8, 8 Plus, 7, 7 Plus, 6S, 6S Plus, 6, 6 Plus, iPad, Red/Black/Blue 15 CM",,3.9,102,,Average (3.5-4),0.2900585566651689,CableCreation,
B01FCUJFYE,"CableCreation 6FT Lightning to USB Data Sync Cable, [Apple MFi Certified] Long Braided iPhone Charger for iPhone 11 / X/XS/XR/8/8 Plus/ 7/7 Plus / 6 / 6S Plus/iPad Air/Air 2, Rose Gold",,3.8,88,,Average (3.5-4),0.28005043989969997,CableCreation,
B01FCWKVYU,DROK® DC-DC Adjustable Buck Voltage Converter Stabilizer Step Down Voltage Reducer Regulator Power Module 3A 5-23V to 0-16.5V,,3.9,24,,Average (3.5-4),0.29001333468612756,DROK®,
B01FCWLHVG,"Wireless Headphones, Parihy Bluetooth Earbuds W Beats Noise Cancelling Stereo Bass Sweatproof Headset for Gym, Running, Sports & Exercise",,3.0,77,,Poor (<3),0.20004406244111722,Wireless,
B01FCXM4VC,LQM® 10.8V 56Wh New A32N1405 Laptop Battery for ASUS G551 G551JK G551JM G58JK G58JM ROG G771 G771JK G771JM 0B110-00300000,,4.0,45,,Average (3.5-4),0.30002550983433107,LQM®,
B01FCXYCH6,PASOW 3 RCA Cable Audio Video Composite Male to Male DVD Cable (30 Feet),14.99,4.6,4754,Budget (<$20),Excellent (4.5-5),0.3627556418767121,PASOW,3.2516268980477228
B01FD1RO4U,"Keyboard Cover for ASUS 15.6 Inch F555LA F555UA F556UA GL552VW K501UX K501UW Laptop and Many More, Vine Voice Reviewed, Silicon Skin 15.6 Must Have Covers Laptop by Casiii | Black",,4.3,125,,Good (4-4.5),0.3300718913512965,Keyboard,
B01FD4DNME,Godox V860II-S High-Speed Sync GN60 1/8000 2.4G TTL Li-ion Battery Camera Flash Speedlite Light Compatible for Sony Camera & USB LED,179.0,4.4,404,Mid-High ($100-200),Good (4-4.5),0.34023364689171376,Godox,40.58956916099773
B01FD6D59I,"Electronics Organizer, JOTO Travel Gear Management Organize Case for Electronics Accessories Tools Hard Drive Memory Card Flash Drive Cables Charger Cosmetics Brush Personal Care Kit - Large (Black)",19.99,4.5,642,Budget (<$20),Good (4-4.5),0.350371631904686,Electronics,4.4323725055432375
B01FD6D8YK,"Electronics Organizer Case Bag, JOTO Travel Gear Management Organizer for Electronics Accessories Tools Cables Cosmetics Personal Care Kit with Sleeve Bag for Tablets iPad Laptops 10.1-Inch (Black)",,4.3,139,,Good (4-4.5),0.33008000811676547,Electronics,
B01FD6SKJS,G Shape Soft Ear Hook Earpiece Headset 3.5mm Plug Ear Hook Listen Only Ham Radio Earpiece/Headset HYS TC-617 Receiver/Listen Only Earpiece for 2-Way Motorola Icom Radio Transceivers,10.5,4.1,1173,Budget (<$20),Good (4-4.5),0.31067948922354444,G,2.5547445255474455
B01FD727LO,"PT Ultra Slim Lightweight Smart-Shell Rotating Leather Stand Protective Cover Case for Samsung Galaxy Tab Pro 8.4"" inch Android Tablet SM-T320/T325/T321(Will NOT Fit Tab Pro S 8.4) (Black)",13.9,4.3,306,Budget (<$20),Good (4-4.5),0.3301768295334309,PT,3.2250580046403714
B01FD789H0,Hard Travel Carry Pouch Sleeve Portable Protective Box Bag Cover Case For Anker SoundCore mini / Etekcity RoverBeats T3/SoundBot SB510/TaoTronics Wireless Super-Portable Bluetooth Speaker,,4.4,188,,Good (4-4.5),0.3401084167959069,Hard,
B01FD7KKOA,"USB to Micro USB+USB C Cable 4ft/1.2m, IKITS USB Type C & Micro-USB 2-in-1 Connector Cable Durable 3A High-Speed Charge Data Transfer Cable for iMac,MacBook,Switch, Samsung S10+/S9/S7, 4K TV Sticks",,4.1,49,,Good (4-4.5),0.31002782891017927,USB,
B01FD7NOMK,Yosoo Aluminum Alloy Folding Z Flex Tilt Head Camera Bracket Quick Release Plate Tripod Ball Head with Spirit Level For Canon Nikon Sony Camera Camcorder Tripod,,4.1,151,,Good (4-4.5),0.3100869653443103,Yosoo,
B01FD7R0ZM,"Inateck SATA Data Cable and SATA Power Splitter Cable,ST1003",,4.7,2577,,Excellent (4.5-5),0.3714934848462888,Inateck,
B01FD9HV0E,Cosmos Black Neoprene Zipper Carrying Protection Sleeve Case Pouch Cover for Microsoft Arc Touch Mouse (Black),7.99,4.5,77,Budget (<$20),Good (4-4.5),0.35004406244111724,Cosmos,1.771618625277162
B01FDA3J36,"Neewer® 2 PCS 11""/28cm Adjustable Friction Power Articulating Magic Arm and Large Super Clamp Crab Pliers Clip for DSLR Camera Rig,LCD Monitor,DV Monitor,LED Lights and Flash Light",,4.2,104,,Good (4-4.5),0.32005971620309315,Neewer®,
B01FDBJDDA,3.5mm Extension Cable 10ft Audio Male to Female Cable.Sinseader (10ft Gold Plated),,4.3,16,,Good (4-4.5),0.33000869653443105,3.5mm,
B01FDCE00U,"Markurlife Compatible Label Tape Replacement for Brother TZe-335 TZ-335 White on Black 12mm 0.47 Laminated TZe TZ Tape for Brother P Touch Maker PTD210 PTH110 PTD400 PTD600 PT-P710BT PT1880, 2 Pack",,4.5,91,,Good (4-4.5),0.3500521792065862,Markurlife,
B01FDCE51O,"Markurlife Compatible Label Tape Replacement for Brother Ptouch TZe-335 TZe 335 White on Black 12mm 0.47'' Laminated Tape, Compatible with PT-D200 PTD400 PTH110, 1/2 Inch Laminated Tape, 5-Pack",,4.4,41,,Good (4-4.5),0.3400231907584828,Markurlife,
B01FDD3AYQ,5PCS PFM Control DC-DC Converter Step Up Boost Module 600MA USB Charger 0.9V-5V to 5V Power Supply Modul TE110,,4.3,109,,Good (4-4.5),0.3300626150479034,5PCS,
B01FDD3X98,5 Pcs 1602LCD Display IIC/I2C/TWI/SP I Serial Interface Board Module Port for Arduino,,4.1,21,,Good (4-4.5),0.3100115953792414,5,
B01FDD4EP0,A Set AVR ISP USBtinyISP Programmer for Arduino Bootloader USB Download Interface,,4.3,85,,Good (4-4.5),0.33004870059281377,A,
B01FDD52Y2,Senmod 5PCS RS-485 MAX485 Chip Module TTL to RS-485 Module SCM Development Accessories Board,,4.2,24,,Good (4-4.5),0.32001333468612764,Senmod,
B01FDDBODK,"CreateGreat Bands Compatible for Fitbit Alta,Alta HR,Ace,Adjustable Replacement Sport Accessory Bands Wristbands Strap for Fitbit Alta/Alta HR/Ace Women Men",,4.5,1592,,Good (4-4.5),0.3509224124186512,CreateGreat,
B01FDDBTUS,"for Fitbit Alta HR and Alta Accessory Band,CreateGreat Replacement Elastomer Bands for Fitbit Alta HR/Fitbit Alta/Alta Fitbit Bands",,3.8,79,,Average (3.5-4),0.2800452219790413,for,
B01FDIFTPE,"Smays Micro USB Cord for Amazon Kindle Fire, HD, HDX, Kindle Paperwhite, Voyage, Oasis, Amazon Tap, Nextbook M902R M907 (works with most Micro-USB Tablets, Pack of 2, 3.2 Feet)",,3.9,24,,Average (3.5-4),0.29001333468612756,Smays,
B01FDKGH26,Kymate CT-17 CI-V CAT USB Programming Cable for ICOM Two Way Radio IC-1275 IC-7000 IC-703 IC-471 IC-275 IC-7800 OPC-I17 Moible Radios Control Program,19.89,4.5,19,Budget (<$20),Good (4-4.5),0.35001043584131725,Kymate,4.41019955654102
B01FDKYNUO,"Brinch 15-15.6 Inch Multi-Functional Suit Fabric Portable Laptop Sleeve Case Bag for Laptop, Tablet, MacBook, Notebook - Black",,4.2,50,,Good (4-4.5),0.32002840867914145,Brinch,
B01FDLYEKW,Omars USB C Hub with HDMI Cable,,4.3,199,,Good (4-4.5),0.3301147942544896,Omars,
B01FE1HKR0,VIVO Wall Mount Bracket Tray Holder for Apple 4K TV Fourth Generation (Mount-MACTV),9.95,4.7,31,Budget (<$20),Excellent (4.5-5),0.3700173930688621,VIVO,2.1125265392781314
B01FE5LDPQ,"Theater Solutions by Goldwood Bluetooth 2.1 Speaker System 2.1-Channel Home Theater Speaker System, Black (TS212)",55.47,4.2,581,Mid ($50-100),Good (4-4.5),0.32033626599799986,Theater,13.175771971496436
B01FE9EQ88,"Alchemy Power Inc. Pi-EzConnect. Raspberry Pi 4, Pi 3 etc GPIO Connector. A HAT to Connect GPIOs and sensors to Raspberry a Pi",,4.3,115,,Good (4-4.5),0.33006609366167583,Alchemy,
B01FEA3SN6,"Super 500mm/1000mm f/8 Mirror Telephoto Lens for Nikon F-Mount D6, D5, D4, D850, D810, D800, D780, D750, D610, D600, D500, D7500, D7200, D7100, D5600, D5500, D5300, D5200, D3500, D3400",,3.5,52,,Below Avg (3-3.5),0.2500295682170655,Super,
B01FEB7XRM,Lknewtrend 25 Ft Video Power Pre-Made All-in-One Surveillance Cable CCTV DVR Long Cord with Extension Female Connectors,,4.4,93,,Good (4-4.5),0.3400533387445104,Lknewtrend,
B01FED1BEG,"Galaxy S7 Active Case, Cimo [Armor Guard] Heavy Duty Shock Absorbing Dual Layer Protection Cover with Kickstand and Locking Belt Swivel Clip for Samsung Galaxy S7 Active (2016) - Black",,4.2,340,,Good (4-4.5),0.3201965416781413,Galaxy,
B01FEDUB3I,"Laptop Stand for Bed and Sofa – Internal Cooling Fan - Portable, Foldable Legs & Adjustable Heights - Multi-Functional Table with 3 USB Ports and Desk LED Light",,4.4,151,,Good (4-4.5),0.3400869653443104,Laptop,
B01FEI1L4G,GoPro Remote 1.0 and Wrist Housing Bundle,44.99,3.9,16,Low ($20-50),Average (3.5-4),0.290008696534431,GoPro,11.506393861892585
B01FENJWZG,"GT OMEGA Classic Wheel Stand Steering Wheel Stand for Logitech Steering Wheel G923, Logitech G29, Logitech G920 with Chair Link - Thrustmaster T300, T500 TX & TH8A - PS4 Xbox",,4.6,1180,,Excellent (4.5-5),0.3606835476062789,GT,
B01FESWJ8I,Armor Suit Garmin Vivoactive HR Screen Protector (2 Pack) Full Coverage MilitaryShield Screen Protector compatible with Garmin Vivoactive HR -HD Clear Anti-Bubble,8.95,4.0,52,Budget (<$20),Average (3.5-4),0.30002956821706556,Armor,2.2319201995012468
B01FESWMRG,"Garmin vivosmart HR Screen Protector [2 Pack], ArmorSuit MilitaryShield Anti-Bubble Screen Protector compatible with Garmin vivosmart HR -HD Clear Anti-Bubble",7.85,3.7,47,Budget (<$20),Average (3.5-4),0.27002666937225517,Garmin,2.115902964959569
B01FESX73E,"Dell SE2417HGR 24"" 1080p LED Gaming Monitor",,4.5,22,,Good (4-4.5),0.3500121751482035,Dell,
B01FEW0RYM,Koroao 2pcs 2X UV Protective Glass Protect FPV Lens for GoPro HD Hero 3/3+/4 Camera,,3.9,22,,Average (3.5-4),0.29001217514820343,Koroao,
B01FEXD3X8,Electop 3.5mm 1/8 inch Male AUX Audio Plug Jack to USB 2.0 Female Converter Cable Cord,,3.2,199,,Below Avg (3-3.5),0.22011479425448963,Electop,
B01FEZBHTI,JC Mini Hidden Infrared Camera 800TVL HQIS Spy Video Camera for Indoor CCTV Surveillance Camera 8 IR LED Night Vision,,3.2,27,,Below Avg (3-3.5),0.22001507399301382,JC,
B01FF0DNSA,ELECTOP 2 Pack HD15 VGA Male to Male Mini Gender Changer for PC,7.59,4.4,364,Budget (<$20),Good (4-4.5),0.340210456133231,ELECTOP,1.7210884353741496
B01FF0HU5M,OKRAY 4 Pack Nylon Braided USB 3.0 Extension Cable Extender Cord - A Male to A Female with Gold-Plated Connector - 6 Feet (1.83M) (Black),,5.0,16,,Excellent (4.5-5),0.40000869653443105,OKRAY,
B01FF2X1BW,"5"" Car Monitor, EKYLIN 12-24V Wide Input Truck/in-Car TFT LCD Screen Suction Cup & Dash Stand Dual Mounting Bracket 2 RCA Channel for Backup Camera/Rear View/DVD/Media Player",27.99,3.8,108,Low ($20-50),Average (3.5-4),0.2800620352789413,"5""",7.346456692913386
B01FF4LGWQ,Donner Turntable,,4.6,103,,Excellent (4.5-5),0.360059136434131,Donner,
B01FF6XNTI,"Laptop Tote Bag, DTBG 15.6 Inch Nylon Classic Diamond Pattern Travel Business Computer Shoulder Bag Carrying Briefcase Handbag for 15-15.6 Inch Laptop/Notebook/MacBook/Ultrabook/Tablet,Black",,4.4,268,,Good (4-4.5),0.3401547983128724,Laptop,
B01FF6XP28,"Laptop Tote Bag, DTBG 15.6 Inch Nylon Classic Diamond Pattern Travel Business Computer Shoulder Bag Carrying Briefcase Handbag for 15-15.6 Inch Laptop/Notebook/MacBook/Ultrabook/Tablet,Blue",,4.4,268,,Good (4-4.5),0.3401547983128724,Laptop,
B01FF81QFO,TECBOX Security Camera System Home Video Camera 4 Channel 720P AHD Dvr Recorder No Hard Drive with 4 HD 2.0MP Waterproof Night Vision Outside Security Outdoor CCTV Surveillance Camera System,,3.3,32,,Below Avg (3-3.5),0.2300179728378241,TECBOX,
B01FFACPD4,"Canon Cameras US Canon improved performance Speedlite 600EX II-RT, Black (1177C002)",779.0,4.8,306,Premium (>$500),Excellent (4.5-5),0.3801768295334309,Canon,161.95426195426197
B01FFADYVG,"Whizzotech Lexus Scion TRD Carbon Radio Stubby Fiber Black Aluminum Alloy Screw Antenna Mast 4.7"" (Black)",,3.9,437,,Average (3.5-4),0.2902527792674619,Whizzotech,
B01FFB0MP6,"Fomito Godox TT685C E-TTLII 2.4GHz Wireless Master/External AutoFlash Speedlite &X1T-C Transmitter Trigger HSS for Canon EOS T6i T6S T5 6D 70D 7D 5DIII 5DS 1DX Cameras, 580EXII 600EX-RT Flashes",,4.6,21,,Excellent (4.5-5),0.3600115953792414,Fomito,
B00HG7FMYO,3.5mm Mic Earphone Socket 7.1 Channel USB 3D Sound Card Adapter Cable,,3.2,15,,Below Avg (3-3.5),0.220008116765469,3.5mm,
B01FFBMKZ6,TOPESEL 20 Pack 32GB USB 2.0 Flash Drives USB Memory Stick Thumb Drives JumpDrive,,4.0,36,,Average (3.5-4),0.30002029191367247,TOPESEL,
B01FFCXOHS,Hermitshell Hard EVA Travel Case Fits Brother P-Touch PTD210 Label Maker,14.99,4.5,83,Budget (<$20),Good (4-4.5),0.35004754105488967,Hermitshell,3.3237250554323725
B01FFDA5AQ,Hermitshell Fits Canon Selphy CP1200 / CP1300 Wireless Color Photo Printer Travel EVA Protective Case Carrying Pouch Cover Bag Compact Size,19.99,4.7,318,Budget (<$20),Excellent (4.5-5),0.3701837867609758,Hermitshell,4.24416135881104
B01FFDXD3M,FOU Earbuds Headphones with Mic Earphones Super Bass in-Ear Wired Headsets with Mult-Function for Phones MP3 Players and PC,,3.2,20,,Below Avg (3-3.5),0.22001101561027933,FOU,
B01FFE1KL8,"Vehemo Dual Lens Car Camera, 1080P HD, Rear View Mirror, Car Video Recorder DVR Dash Camcorder With 4.3 Inches TFT Display",,3.1,16,,Below Avg (3-3.5),0.21000869653443105,Vehemo,
B01FFE26IO,Velo Endeavors Garmin Edge Bike Mount Bicycle Computer Mount Out-Front Safety Tether Handlebar Protection Accessory Bundle for The Garmin Edge 820/810/500/520/510/200 GPS,,3.8,117,,Average (3.5-4),0.2800672531995999,Velo,
B01FFE6B8K,"iPad Case, iPad Mini 1 2 3 Case, SEYMAC Three Layer Drop Protection Rugged Protective Heavy Duty iPad Case with Magnetic Smart Auto Wake / Sleep Cover for Apple iPad Mini 1/2/3 (Rose)",,3.9,75,,Average (3.5-4),0.29004290290319307,iPad,
B01FFEIVWO,"KuWFi Outdoor WiFi Access Point, High Performance 2.4G 300Mbps Waterproof Outdoor Base Station with 2 Antennas Support Wireless AP/Gateway/WiFi Repeater/Bridge/WISP",145.99,2.9,37,Mid-High ($100-200),Poor (<3),0.19002087168263448,KuWFi,50.168384879725096
B01FFFHDKO,Bastex 4 Pin PWM Connector Case Fan Extension Power Cable for Computer 5-Pack. 10.5 Inches Braided Extention Cables for PC Cooling Systems,10.66,4.7,676,Budget (<$20),Excellent (4.5-5),0.3703913440493964,Bastex,2.2632696390658174
B01FFGJY28,"Fomito Godox X1-N TTL 2.4GHz Wireless Radio Flash Trigger X System for Nikon D810 D800E D7200 D5500 D5100 Cameras, SB910 SB900 SB700 Flashes",,4.2,29,,Good (4-4.5),0.320016233530938,Fomito,
B01FFHG53I,"SoundPie AI Smart Premium Metal in-Ear Noise-isolating Stereo Earbuds with Microphone and Control for Apple,iPhone,iPad, iPod and Samsung and Google (Leather Carry Case, Extra Ear Tips, Black)",,3.5,25,,Below Avg (3-3.5),0.25001391445508964,SoundPie,
B01FFKTU50,"HRH Silicone Keyboard Cover Skin for MacBook Air 13,for MacBook Pro 13/15/17 (with or w/Out Retina Display, 2015 or Older Version)&for iMac Older,USA Layout,Artistic Rose Flowers in Green",8.99,4.1,72,Budget (<$20),Good (4-4.5),0.31004116359630685,HRH,2.1873479318734796
B007V4ULMK,Allstate 3-Year Fitness Equipment Protection Plan ($250-299.99),,4.2,131,,Good (4-4.5),0.32007536996506897,Allstate,
B01FFQEMVQ,Samsung UN40K5100 40-Inch 1080p LED TV (2016 Model),,3.8,95,,Average (3.5-4),0.2800544982824344,Samsung,
B01FFQQPUC,"NVMe M.2 Adapter PCIe SSD to PCI-e X4 / X8 / X16 Controller Expansion Card, M.2 (NGFF) SSD Pcie Adapter Converter Card with with Aluminum Heat Sink for M.2 (M Key) NVMe SSD 2280/2260/2242/2230",14.98,3.9,27,Budget (<$20),Average (3.5-4),0.29001507399301374,NVMe,3.831202046035806
B01FFVE6J4,"AXESS SPBT1041 Portable Thunder Sonic Bluetooth Cylinder Loud Speaker with Built-In FM Radio, SD Card, USB, AUX Inputs in Silver",,4.3,103,,Good (4-4.5),0.33005913643413104,AXESS,
B01FFYF71W,Wanty Black Color Neoprene New Portable Zipper Carry Case Cover Sleeve Skins Pouch Bags for Logitech Easy-Switch K810 / K811 and Apple MC184LL/B MC184CH and MLA22LL/A Wireless Bluetooth Keyboard,10.99,4.4,81,Budget (<$20),Good (4-4.5),0.3400463815169656,Wanty,2.492063492063492
B01FG4UX6A,SanDisk Sansa Clip+ 4 GB MP3 Player - (Black) (Certified Refurbished),,3.6,44,,Average (3.5-4),0.260024930065369,SanDisk,
B01FG5TRQ6,Sony Cyber-Shot HX80 Compact Camera with Batteries and 32GB Accessory Bundle (4 Items),,4.6,29,,Excellent (4.5-5),0.3600162335309379,Sony,
B01FG75NMG,"Jumbl Cat5e Ethernet Cable 3 Pack - 100 Feet Multi Color - RJ45 Computer to Printer, Router, Network LAN Networking Cord, No Signal Loss",,4.1,21,,Good (4-4.5),0.3100115953792414,Jumbl,
B01FG79WU0,"Jumbl Cat5e Ethernet Cable 3 Pack - 15 Feet Multi Color - RJ45 Computer to Printer, Router, Network LAN Networking Cord, No Signal Loss",,4.7,7,,Excellent (4.5-5),0.3700034786137725,Jumbl,
B01FG7ORSW,"AVF MRL12-A Monitor Wall Mount, Tilt and Turn for 13-inch to 27-Inch Screens",18.99,4.2,78,Budget (<$20),Good (4-4.5),0.32004464221007933,AVF,4.510688836104513
B01FG7P2MC,"AVF EL200B-A Flat to Wall Low Profile TV Mount Black, for Most 25”, 28”, 30”, 32”, 37”, 39”, 40” TV or Monitor, Universal Wall Mounting Bracket, VESA 50x50 to 200x200, Easy to Install",14.65,4.5,289,Budget (<$20),Good (4-4.5),0.3501669734610758,AVF,3.248337028824834
B01FG7UB0U,Tether Tools TetherPro USB 2.0 to Mini-B 8-Pin Cable | for Fast Transfer Between Camera and Computer | High Visibility Orange | 15 Feet (4.6 m),39.99,4.4,507,Low ($20-50),Good (4-4.5),0.3402933630948068,Tether,9.068027210884354
B01FG7X8TQ,"Sirui T-005X Aluminum Tripod with C-10S Ball Head, 8.8 lbs Capacity, 58"" Height, 5 Leg Sections, Red",,4.4,22,,Good (4-4.5),0.34001217514820353,Sirui,
B01FG7XDDC,"Sirui T-024X Traveler Light Carbon Fiber Tripod with C-10S Ball Head, 13.2 lbs Capacity, 58"" Height, 4 Leg Sections",,4.0,21,,Average (3.5-4),0.30001159537924144,Sirui,
B01FG81GF8,"Tronixpro Tablet Tripod Mount Adapter. Universal Tablet Clamp Holder Fits iPad, iPad Air, iPad Mini, and Most Tablets, Use on Tripod, Monopod, Selfie Stick + a Tronixpro Microfiber Cloth",6.49,3.6,37,Budget (<$20),Average (3.5-4),0.2600208716826345,Tronixpro,1.7977839335180057
B01FG9XS4E,MSI GE62 Apache Pro-254 GAMING LAPTOP NOTEBOOK GTX970M Core i5-6300HQ 256GB M.2 SATA WINDOWS 10,,3.6,14,,Average (3.5-4),0.2600075369965069,MSI,
B01FGCJBGK,"HP Pavilion 32-inch QHD Wide-Viewing Angle Display (V1M69AA#ABA),Black/Silver",,4.4,224,,Good (4-4.5),0.3401292884785414,HP,
B01FGCXUDU,"ASUS Z380M-A2-GR ZenPad 8 Dark Gray 8-inch Android Tablet [Z380M] 2MP Front / 5MP Rear PixelMaster Camera, WXGA TouchScreen, 16GB Onboard Storage, Quad-Core 1.3GHz Processor, 802.11a/b/g/n WiFi",,4.0,935,,Average (3.5-4),0.30054150421057213,ASUS,
B01FGGPSQS,Vizomax 23-24 inch Blue Light Filter for Computer Monitor,,4.4,59,,Good (4-4.5),0.3400336265998001,Vizomax,
B01FGJ5RUM,Logitech G700s 910-003584 Rechargeable Gaming Mouse (Renewed),,3.8,12,,Average (3.5-4),0.2800063774585827,Logitech,
B01FGNHRLU,Hp Elite 8000 Ultra Small Desktop Computer - 250GB HD - Core 2 Duo 3.0GHz- 4GB RAM- Windows 10 Pro - (Renewedd),118.13,4.2,121,Mid-High ($100-200),Good (4-4.5),0.3200695722754483,Hp,28.059382422802848
B01FGNV86U,"NeeGo Outdoor Portable Bluetooth Speaker Waterproof with SD Memory Card Slot, FM Radio and 12 Hour Playtime 5W Audio Driver, Pairs with All Bluetooth Devices",,3.6,131,,Average (3.5-4),0.2600753699650689,NeeGo,
B01FGSV2HK,Canon Digital Camera Optical Zoom - Wi-Fi & NFC Enabled (Red) With 64GB Memory Card,,4.4,1452,,Good (4-4.5),0.34084124476396166,Canon,
B01FGYVWB0,ZOTAC GeForce GT 710 2GB DDR5 Zone Edition Graphic Cards (ZT-71307-20L),,4.4,3814,,Good (4-4.5),0.3422106590523677,ZOTAC,
B01FGZDJPQ,[Independent Control Switch] SISUN Aluminum USB 3.0 5 Bay 3.5 inch SATA Hard Drive Enclosure Support 5 x 12TB Drive + 2X USB3.0 HUB (USB 3.0/5 Bay Hard Drive Enclosure-Black),,3.1,51,,Below Avg (3-3.5),0.21002898844810344,[Independent,
B01FH0050M,"233621 E610 Active Noise Cancelling Earbuds, Stereo In-ear Headphones with In-line Microphone",,3.7,25,,Average (3.5-4),0.27001391445508965,233621,
B01FH11884,"Jolly Roger M6 Vintage Lightweight Headphones with Microphone for iPhone iPad iPod Android Smart Phones PC Laptop Mac Tablet, Headset for Music Gaming",,3.1,20,,Below Avg (3-3.5),0.21001101561027932,Jolly,
B01FH2KJIS,"ArmorSuit MilitaryShield Screen Protector for Lenovo Yoga Tab 3 Pro 10"" - [Max Coverage] Anti-Bubble HD Clear Film",9.95,4.1,210,Budget (<$20),Good (4-4.5),0.31012117171307235,ArmorSuit,2.420924574209246
B01FH2KN4S,ArmorSuit MilitaryShield Anti-Glare Screen Protector for Kindle Oasis - [Max Coverage] Anti-Bubble Matte Film,9.95,3.5,64,Budget (<$20),Below Avg (3-3.5),0.2500365254446103,ArmorSuit,2.8347578347578346
B01FH3OUSC,"Screen Protector for Dell XPS 15 9550 TouchScreen (also it fits XPS 15 9560 Touchscreen Perfectly), Anti-Glare Matte Screen Protector LCD Shield Guard Healing Shield Film",23.9,3.8,24,Low ($20-50),Average (3.5-4),0.28001333468612755,Screen,6.272965879265092
B01FH8V422,New BN59-01223A Replaced Remote Control fit for Samsung LED TV UN32J5500 UN32J6300 UN40J5500 UN40J5500AF UN55JU6500 UN60JU650 UN48JU6500 UN50J6300 UN60JS700DF,7.82,4.4,174,Budget (<$20),Good (4-4.5),0.34010030003043795,New,1.7732426303854876
B01FHAAU3O,"TELESIN 2pcs Camera Float, Floating Hand Wrist Strap Pack of 2 for GoPro Hero 5 4 Session, Hero 3 2 1, Xiaomi yi, Polaroid, SJCAM Action Cameras for Swimming, Diving, Water Sports (Green & Orange)",,4.2,21,,Good (4-4.5),0.32001159537924145,TELESIN,
B01FHBZF0G,"CableCreation (Crossover Adapter, Cat6/Cat5e Ethernet RJ45 Male/Female Adapter to Connect 2 Computers with a Standard LAN Cable, Red Color",,4.2,118,,Good (4-4.5),0.3200678329685621,CableCreation,
B01FHBZJ8E,"CableCreation (Crossover) Adapter,2-Pack Cat6/Cat5e Ethernet RJ45 Male/Female Adapter to Connect 2 Computers with a Standard LAN Cable, Red Color",,4.2,10,,Good (4-4.5),0.32000521792065867,CableCreation,
B01FHC1964,"RJ45 Coupler Female to Female, Ethernet Coupler, CableCreation 5-Pack Shielded Inline Modular Coupler for Cat6 8P/8C Ethernet Cable Extender Adapter",,4.7,351,,Excellent (4.5-5),0.37020291913672404,RJ45,
B01FHCQIU6,"OBD Real-Time GPS Tracker for Vehicles, Auto Health Diagnostics, Parking Locator & Car Tracker Device, Teen & Senior Driver Monitoring, Mini GPS Tracker with 24/7 Emergency Assistance",,3.8,780,,Average (3.5-4),0.2804516400214514,OBD,
B01FHDB2NI,Tendak Digital to Analog Converter Portable DAC Headphone Amplifier AMP Support Coaxial/Toslink/SPDIF/Optical to 3.5mm & Analog L/R Audio,,3.4,9,,Below Avg (3-3.5),0.24000463815169654,Tendak,
B01FHDM8BS,"Fire HD 8 Keyboard Case, Pasonomi Slim Leather Wireless Bluetooth Keyboard Case Cover for Amazon Kindle Fire HD 8 inch Tablet 2016 & 2015 and Kindle Fire 7 Tablet",,3.3,20,,Below Avg (3-3.5),0.23001101561027928,Fire,
B01FHDMH6Y,"Besdata Auto Wake/Sleep Function & Translucent Magnetic Case for iPad 2 / iPad 3 / ipad 4 Bundle with Screen Protector, Cleaning Cloth & Stylus(Blue)",,4.2,75,,Good (4-4.5),0.32004290290319315,Besdata,
B01FHHW1WA,"Xscorpion AP4.10 AeroPort 4"" Molded Sub Box Enclosure Port",22.95,4.4,87,Low ($20-50),Good (4-4.5),0.34004986013073796,Xscorpion,5.204081632653061
B01FHIHNXG,"Samsung Galaxy Tab E 8.0 Screen Protector, Pasonomi® [9H Hardness] [Crystal Clear] [Scratch-Resistant] Premium Tempered Glass Screen Protector Film for Samsung Galaxy Tab E 8.0 Inch Tablet",,4.4,575,,Good (4-4.5),0.34033278738422745,Samsung,
B01FHK05ZW,Darkhorse Extended Landing Gear Lengthened Heightened Landing Skid Gimbal Protector for DJI Phantom 4 Quadcopter - Black,,3.8,12,,Average (3.5-4),0.2800063774585827,Darkhorse,
B01FHNBUOY,"Official Cooper Dynamo Case for iPad Pro 9.7, iPad Air 2 | Child Proof Cover, Stand, Handle | A1673 A1674 A1566 A1567 (Black)",,4.6,4215,,Excellent (4.5-5),0.36244314640615716,Official,
B01FHO77UE,Btopllc DVR Car Video On-Dash Cam (A848-2),,3.1,18,,Below Avg (3-3.5),0.2100098560723552,Btopllc,
B01FHTK274,Fujifilm/Domke F-803 Camera Bag - Sand,,4.0,11,,Average (3.5-4),0.3000057976896207,Fujifilm/Domke,
B01FIAXHCO,Pebble Time Steel Smartwatch for Apple/Android Devices - Gold (Renewed),,4.1,1309,,Good (4-4.5),0.31075833780238576,Pebble,
B01FID7HY0,Logitech Discontinued - Zero Touch,14.99,3.1,284,Budget (<$20),Below Avg (3-3.5),0.21016407461626543,Logitech,4.819935691318328
B01FIFWC34,Pebble Time Round 14mm Smartwatch for Apple/Android Devices - Silver/Red (Renewed),,3.8,35,,Average (3.5-4),0.28001971214471033,Pebble,
B01FIGJZHO,"58MM German Optics Multi-Coated Ultra-Slim UV (Ultra Violet) Filter for EOS Rebel T6, T6s, T6i, SL1, T5, T5i, T4i, T3, T3i, 80D, 70D, 60D, 60Da, 50D, 7D, 6D, 5D, 5DS, 1D Digital SLR Camera",,3.6,21,,Average (3.5-4),0.2600115953792414,58MM,
B01FIIU7JW,Avegant Glyph - Video Headset (Founders Edition),,3.3,139,,Below Avg (3-3.5),0.23008000811676546,Avegant,
B01FITOYR2,Cimo Moto G4 / G4 Plus Case [Matte] Premium Slim Protective Cover for Motorola Moto G 4th Generation/Moto G Plus (2016) - Smoke,,4.1,148,,Good (4-4.5),0.3100852260374241,Cimo,
B01FIUQLOU,"C4Labs Zebra Virtue Case for Raspberry Pi 4B, 3, 2 and B+ with Fan (Black Ice)",,4.0,78,,Average (3.5-4),0.3000446422100793,C4Labs,
B01FJ1YGJK,"Seagate ST32000644NS 2TB 7200RPM SATA II 3 GB/s 64 MB Cache 3.5in Enterprise Hard Drive (PC, RAID, NAS, CCTV DVR) [Renewed] -w/1 Year Warrany",58.0,4.4,192,Mid ($50-100),Good (4-4.5),0.34011073587175517,Seagate,13.151927437641723
B01FJ6ARLG,VVHOOY 360 Degree Rotation Hand Strap Mount Wrist Strap Belt Compatible with GoPro HERO11 10 9 8 7/AKASO EK7000/Brave 4 8 7 LE/V50X/V50/Dragon Touch/VEMONT/WOLFANG/HLS/Exprotrek/Surfola/Jadfezy,7.99,4.0,390,Budget (<$20),Average (3.5-4),0.30022553012624476,VVHOOY,1.9925187032418954
B01FJ8UXSQ,K-Edge Replacement co Polymer Insert for Wahoo Computer Interface,6.99,4.6,179,Budget (<$20),Excellent (4.5-5),0.3601031988752482,K-Edge,1.5162689804772236
B01FJ9HEGO,"Neewer® 23.6""/60cm Carbon Fiber Camera Track Dolly Slider Rail System with 17.5lbs/8kg Load Capacity for Stabilizing Movie Film Video Making Photography DSLR Camera Nikon Canon Pentax Sony",,3.9,33,,Average (3.5-4),0.29001855260678616,Neewer®,
B01FJA2DTQ,"Samsung Galaxy Tab A 10.1 Case, IVSO Samsung Galaxy Tab A 10.1 Case - Ultra Lightweight Slim Smart Cover Case-for Samsung Galaxy Tab A SM-T580N/SM-T585N 10.1-inch 2016 Tablet(White)",,3.7,7,,Average (3.5-4),0.27000347861377244,Samsung,
B01FJAPXJI,"Amazon Basics 4 Pack AA High-Capacity 2,400 mAh Rechageable Batteries with 4-Hour Rapid Battery Charger Set, Overcharge Protection, Pre-Charged",,4.6,159,,Excellent (4.5-5),0.36009160349600683,Amazon,
B01FJBA5YU,Honbay 20PCS Solder RCA Plug Male Audio Video Adapter Connector Professional,6.49,4.0,258,Budget (<$20),Average (3.5-4),0.30014900062325167,Honbay,1.6184538653366585
B01FJBDCFO,"Bull Replacement New Laptop Battery for Apple A1321 A1286 (Only for Mid 2009 2010 Version), fits MB985 MB986J/A MC118 Unibody MacBook Pro 15'' [Li-Polymer 10.95V / 73Wh] with Four Free Screwdrivers",,4.0,212,,Average (3.5-4),0.3001223312509965,Bull,
B01FJC6692,"Amazon Basics 12 Pack AAA 800 mAh Rechageable Batteries with 4-Hour Rapid Battery Charger Set, Overcharge Protection, Pre-Charged",28.33,4.5,969,Low ($20-50),Good (4-4.5),0.3505612163552825,Amazon,6.281596452328159
B01FJC7UYC,"Surface Pro 4 Case, Icarercase Vintage Genuine Leather Back Cover with Pen Holder and Stand Function for Microsoft Surface Pro 4 12.3 Inch, Compatible with Surface Pro 4 Original Keyboard (Brown)",,4.8,14,,Excellent (4.5-5),0.3800075369965069,Surface,
B01FJFN3CC,"Lenovo Ideapad 510 - 15.6"" FHD Laptop (Intel Core i7, 12 GB RAM, 1TB HDD, NVIDIA GeForce 940MX, Windows 10) 80SR004QUS",,3.8,76,,Average (3.5-4),0.2800434826721551,Lenovo,
B01FJHTYAK,Phottix Stratos II Multi 5-in-1 Canon Receiver,69.95,4.4,97,Mid ($50-100),Good (4-4.5),0.3400556578203587,Phottix,15.861678004535147
B01FJI878O,"Genuine Metal Battery Cover,Rear Panel Replacement with Camera Cover+Bottom Cover Compatible with Huawei Google Nexus 6P -Black",,4.1,18,,Good (4-4.5),0.31000985607235515,Genuine,
B01FJIQXQW,"ODWARF Q08U Exquisite CNC Shaped Camera Tripod Ball Head with 1/4 Arca Swiss Quick Fast Plate Includes Bubble Level, Max Loading 26.45lbs Ballhead for Tripod,Monopod,Slider,DSLR Camera,Camcorder",,4.5,161,,Good (4-4.5),0.350092763033931,ODWARF,
B01FJN5IPY,"Amphony 1700 Wireless Speaker Kit with one Wireless Amplifier, 2x40 Watts, 300ft range",,3.6,358,,Average (3.5-4),0.2602069775194585,Amphony,
B01FJNSS74,"Infiland Case for Samsung Galaxy Tab A 10.1 Case, Smart 360 Degrees Rotating Stand Case Cover for 2016 Release Samsung Galaxy Tab A 10.1-Inch Tablet (SM-T580 / SM-T585, No S Pen Version)- Navy",,3.8,292,,Average (3.5-4),0.28016871276796196,Infiland,
B01FJPACGC,Powerextra 2500mAh 20 Volt Lithium Ion Replacement Battery Compatible with Black & Decker LBXR20 LB20 LBX20 LBXR2020-OPE Black and Decker 20v,,4.1,99,,Good (4-4.5),0.3100568173582827,Powerextra,
B01FJPH184,"AM FM Antenna, Ancable Stereo Indoor 75 Ohm FM Antenna and AM Loop Antenna Kit for Yamaha Onkyo etc Table Top Home Hi Fi Sound Stereo Receiver Radio Receiver Antenna",9.99,4.2,777,Budget (<$20),Good (4-4.5),0.3204499007145653,AM,2.3729216152019004
B01FJQGF44,"CableCreation USB 3.0 Network Adapter, Aluminum USB to RJ45 Ethernet Supporting 10/100/1000 Mbps Gigabit, Rose Gold",,4.3,59,,Good (4-4.5),0.3300336265998,CableCreation,
B01FJRFNHS,"Safstar Tilt Swivel TV Wall Mount 32""- 65"" LCD LED HD Plasma TV Flat Screen with VESA up to 600x400 mm, 110 Lbs Capacity, Full Motion Articulating Dual Arm Mount Brackets",,4.2,36,,Good (4-4.5),0.3200202919136725,Safstar,
B01FJSX6CG,"Sennheiser Enterprise Solution 615104236097 Presence Headband VOIP Telephone Headset, Black",40.15,4.2,56,Low ($20-50),Good (4-4.5),0.3200318872929138,Sennheiser,9.536817102137768
B01FJVY596,VTech Kidizoom Smartwatch DX - Black - Online Exclusive,,4.1,75,,Good (4-4.5),0.3100429029031931,VTech,
B01FK376FI,"Lowepro LP36915 ViewPoint CS 40 - A Soft-Sided Protective Case for a Smartphone, GoPro or 360 Camera and Accessories,Black",,4.7,917,,Excellent (4.5-5),0.3705310683692549,Lowepro,
B01FKA5RQG,"Dxg Zip Ties, 100 Pack 4 Inch Self-Locking Nylon Cable Ties (White)",,4.2,113,,Good (4-4.5),0.32006493412375175,Dxg,
B01FKA5RS4,"Dxg Zip Ties, 100 Pack 4 Inch Self-Locking Nylon Cable Ties (Black)",,4.2,113,,Good (4-4.5),0.32006493412375175,Dxg,
B01FKEBH8E,"POLAR Adjustable Front Bike Mount, Black",29.95,4.6,1192,Low ($20-50),Excellent (4.5-5),0.3606905048338237,POLAR,6.496746203904556
B01FKH027S,Anbee Multi Battery Charger Parallel Charging Station Charger Hub for DJI Phantom 4 / Pro / Advanced Batteries & Remote Controller,,3.3,14,,Below Avg (3-3.5),0.23000753699650686,Anbee,
B01FKL0AFS,Ivosmart B120 Universal Projector Ceiling Mount Bracket 26.4IN-47.2IN Adjustable Extension Up to 44 lbs(Silver),,4.4,206,,Good (4-4.5),0.34011885263722413,Ivosmart,
B01FKLDCTY,"Rockford Fosgate P1462 Punch 4""x 6"" 2-way Coaxial Full Range Speakers - Black (Pair)",99.99,4.6,6963,Mid ($50-100),Excellent (4.5-5),0.36403635151392166,Rockford,21.689804772234275
B01FKOW8VO,"NavePoint 6U Wall Mount Network Server Cabinet for 19” IT Equipment, A/V, Lockable Glass Door & Removable Side Panels, 2 Fans, 450mm Depth",185.29,4.4,107,Mid-High ($100-200),Good (4-4.5),0.34006145550997935,NavePoint,42.01587301587301
B01FKSEL9M,Rockford Fosgate R1675X2 Prime 6.75-Inch Full Range 2-Way Coaxial Speaker - Set of 2,49.99,4.5,11950,Low ($20-50),Good (4-4.5),0.35692765932775794,Rockford,11.084257206208427
B01FKUGY9A,"VILLATONE Wire Organizer. Set of 5 x 20 inches (100 inches) Cable Sleeves with Zipper. Black Neoprene Wire Management Sleeve. TV, Computer, Electronic Cord Wrapper",,4.2,95,,Good (4-4.5),0.3200544982824345,VILLATONE,
B01FKV4C2K,"2-Pack Amcrest ProHD 1080P WiFi Wireless IP Security Camera - 1080P (1920TVL), IP2M-841 (Silver)",,3.9,50,,Average (3.5-4),0.29002840867914137,2-Pack,
B01FKW4J0E,PRC EC5 Assembly Punch,8.99,4.5,66,Budget (<$20),Good (4-4.5),0.3500376849825345,PRC,1.9933481152993349
B01FKW67WW,Pioneer DEH-X7800BHS CD Receiver with Enhanced Audio Functions,179.0,4.6,236,Mid-High ($100-200),Excellent (4.5-5),0.3601362457060861,Pioneer,38.82863340563992
B01FKW6IRG,"Nakamichi NBF618S 1000W Max 6"" X 8"" Sealed Under Seat Car Audio Powered Subwoofer Enclosure W/ Built-In Amplifier Full Aluminum Casting Body and Wired Remote Control Included",,4.1,130,,Good (4-4.5),0.31007479019610684,Nakamichi,
B01FKXRO1Y,3-Pack Amcrest HDSeries 720P WiFi Wireless IP Security Surveillance Camera System IPM-721 (Black),,3.4,13,,Below Avg (3-3.5),0.2400069572275448,3-Pack,
B01FKXSLFM,"Ful Hexar Padded Laptop Backpack, fits up to 17-Inch Laptop, with Tablet/eReader Sleeve, Blue",,3.6,29,,Average (3.5-4),0.26001623353093795,Ful,
B01FKY978Q,Replacement Compatible Sony Walkman MP3 / MP4 Player WMC-NW20MU USB Connection USB Cable/Battery Charger for All Walkman Manufactured After 2006 (Models Listed Below) by MasterCables®,10.99,4.5,251,Budget (<$20),Good (4-4.5),0.3501449422405172,Replacement,2.436807095343681
B01FKZ9M3U,"Symphonized Kids Volume Limited Premium Wood in-Ear Noise-isolating Headphones, Earbuds, Earphones with Mic (Seafoam Green)",,4.1,78,,Good (4-4.5),0.31004464221007927,Symphonized,
B01FL0WAV0,"Symphonized XTC 2.0 Earbuds with Mic, Premium Genuine Wood Stereo Earphones, Hand-Made in-Ear Noise-isolating Headphones with Tangle-Free Innovative Shield Technology Cable (Lava Red)",20.0,4.2,108,Budget (<$20),Good (4-4.5),0.3200620352789414,Symphonized,4.750593824228028
B01FL1JJYA,2X Ipax Battery and Charger Compatible with Nikon Coolpix 3700 4200 5200 5900 7900 P100 P3 P4 P500 P5000 P510 P5100 P520 P530 P6000 P80 P90 S10 EN-EL5,,3.9,31,,Average (3.5-4),0.29001739306886204,2X,
B01FL92A9S,"K-T Industries 2745285 5-9416 4-Inch Cable Ties, Ultra Light Duty, Red, 100-Pack",3.99,4.6,67,Budget (<$20),Excellent (4.5-5),0.36003826475149653,K-T,0.8655097613882865
B01FL94Z96,"K-T Industries 5-9484, UV Black, 25-Pack 8"" Fir Tree Push Mount Cable Ties, 8""",,4.1,27,,Good (4-4.5),0.31001507399301376,K-T,
B01FLDT0WE,Uxcell a16012800ux0575 Aluminium Heatsink Heat Sink Radiator Fin 25x25x10 mm 10pcs Silver Tone (Pack of 10),7.0,4.8,35,Budget (<$20),Excellent (4.5-5),0.38001971214471036,Uxcell,1.4553014553014554
B01FLJAOQY,"Unistar Compatible TZe-241 18mm Label Maker Tape Replacement for Brother PTouch TZ Tape TZe-241 TZe241 18mm 0.7 Inch Laminated White Tape, for Label Maker PTD400 PTD600 PT1880, Black on White, 3 Pack",,4.4,74,,Good (4-4.5),0.3400423231342311,Unistar,
B01FLJWA5W,1PLUS Indoor HDTV 35 Miles Range TV Antenna with 10-Feet Coaxial Cable,,3.3,244,,Below Avg (3-3.5),0.23014088385778267,1PLUS,
B01FLKSARS,"Unistar Compatible Label Tape Replacement for 12mm 0.47 Inch White Label Tape, TZ231 TZe231 TZ-231 for Label Maker PT-D210 PT-D400 PT-D600 PT-1280, 26.2 Feet, 8 Pack",,4.8,25,,Excellent (4.5-5),0.38001391445508964,Unistar,
B01FLLNB94,Kasstino Flexible Mini USB LED Reading Light Computer Lamp for Notebook Laptop Portable,,3.9,59,,Average (3.5-4),0.2900336265998,Kasstino,
B01FLO5YSM,"LampVPath 8PCS 1AA to 1D Size Battery Adapter Case, AA to D Size Spacers, AA to Size D Battery Adapter Converter Case(8 Packs Black)",8.99,4.3,124,Budget (<$20),Good (4-4.5),0.33007131158233444,LampVPath,2.0858468677494204
B01FLQAZDO,"Pioneer AVIC-U280 Add-On Navigation System, Black",,3.8,43,,Average (3.5-4),0.2800243502964069,Pioneer,
B01FLTNVBY,"Apple iPad Pro 9.7 Case 2016, Leafbook iPad Pro 9.7 Leather Case with Auto Sleep/Wake Feature [Slim Fit] Standing Protective Smart Cover Case for Apple iPad Pro 9.7inch Tablet,Composition Book",,3.5,86,,Below Avg (3-3.5),0.2500492803617758,Apple,
B01FLUV5DE,10 pcs SC -UPC Optic Fiber Quick Connector Fast Connector Single Mode FTTH Fiber Cold Connection Telecom Level Fast Connector,9.98,3.7,75,Budget (<$20),Average (3.5-4),0.2700429029031931,10,2.6900269541778976
B01FLWTHWS,Hwota Handmate Premium PU Full Body Leather Camera Case Bag For Sony Alpha A6000 A6300 Fit 16-50mm Lens Neck Strap -Coffee,,4.1,30,,Good (4-4.5),0.3100168132999,Hwota,
B01FLXZICA,Hermitshell Travel EVA Hard Protective Case Fits LG Electronics 8X USB 2.0 Ultra Slim Portable DVD Rewriter External Drive GP60NB50,16.99,3.7,26,Budget (<$20),Average (3.5-4),0.2700144942240517,Hermitshell,4.579514824797843
B01FM0NSRO,Fancy Buying New Replacement Battery for HP 6-Cell Primary (EV06) KS524AA 511872-001 484170-002 484170001 485041-001 462889-141 462890-542 LaptopG70 G71 CQ50 CQ60 CQ61 CQ71 Series (Better Battery),21.99,4.0,143,Low ($20-50),Average (3.5-4),0.3000823271926138,Fancy,5.483790523690773
B01FM0UYO4,ANRANK UN6688AK 2 Packs Universal EU/USA/AU to UK GB England AC Power Plug Adapter Travel Converter,,4.1,41,,Good (4-4.5),0.3100231907584827,ANRANK,
B01FM3GFSA,"Logitech Party Collection M325c Wireless Optical Mouse, Memphis Black",,4.8,190,,Excellent (4.5-5),0.38010957633383097,Logitech,
B01FM3IC1I,Dell Monitors P1917S 19In Monitor P1917S,114.95,4.4,125,Mid-High ($100-200),Good (4-4.5),0.34007189135129656,Dell,26.065759637188208
B01FM497QG,Camera UV Lens Protector Cap Kit for HD GoPro Hero 3 Hero 3+ Hero 4 Action Camera 4 Pack by HOLACA,,4.4,95,,Good (4-4.5),0.3400544982824345,Camera,
B01FM525KK,"CableCreation USB 3.1 Type C Gen 2 Cable 1.6ft, 10Gbps SuperSpeed USB C to USB C Cable Built in E-Marker Chip, Compatible MacBook Pro 2017,Note 8 etc, 0.5M/Black",,4.1,98,,Good (4-4.5),0.31005623758932066,CableCreation,
B01FM52DES,"CableCreation USB C to HDMI 4K Adapter, USB Type C to HDMI Cable Adapter",,3.9,175,,Average (3.5-4),0.2901008797993999,CableCreation,
B01FM52F00,"CableCreation USB C to DVI Adapter 1080P, USB Type C to DVI Converter Aluminum, Compatible with MacBook Pro 2020, iPad Pro 2020，Surface Book 2, XPS 15 13, Galaxy S20 S10",,3.8,61,,Average (3.5-4),0.2800347861377241,CableCreation,
B01FM52I34,"CableCreation VGA to USB C Adapter, USB Type C to VGA Adapter, Compatible with MacBook Pro 2019/2018, Mac Mini, iPad Pro 2019/2018, Surface Book, Pixel, XPS 13/15, Yoga 920, Aluminium",,4.4,85,,Good (4-4.5),0.34004870059281384,CableCreation,
B01FM5N52M,"Neewer 50mm f/2.0 Manual Focus Prime Fixed Lens for Sony E-Mount Digital Cameras, Such as NEX3, 3N, 5, 5T, 5R, 6, 7, A5000, A5100, A6000, A6100 and A6300 (NW-E-50-2.0)",,3.4,38,,Below Avg (3-3.5),0.24002145145159653,Neewer,
B01FM62DTC,Bluesky Desktop Computer Case Power Supply Reset HDD Button Switch (red),,4.2,59,,Good (4-4.5),0.32003362659980006,Bluesky,
B01FM6S5QW,"SKYLMW Fire 7"" (2015 release) Case,[Kickstand Feature],Shock-Absorption/High Impact Resistant Heavy Duty Armor Defender Case For Amazon Fire 7 Inch Tablet, Purple Black",,4.2,148,,Good (4-4.5),0.3200852260374242,SKYLMW,
B01FM6S8FU,"SKYLMW Fire 7"" (2015 Release) Case,[Kickstand Feature],Shock-Absorption/High Impact Resistant Heavy Duty Armor Defender Case for Amazon Fire 7 Inch Tablet, Orange Black",,4.2,148,,Good (4-4.5),0.3200852260374242,SKYLMW,
B01FM719B4,"HDMI Splitter,Mifine 1X2 HDMI Splitter 1 in 2 Out Support 4K 1080P 3D Including USB Cable",,3.5,18,,Below Avg (3-3.5),0.25000985607235515,HDMI,
B01FM9MQZ0,2200mAh Replacement Li-ion FNB101li Battery Packs for Yaesu VX-8 VX-8R VX-8DR VX-8GR VX-8D FT-1DR FT1D FT1XD FT1XDR FT-2DR FT2D FT-3DR FT3D Two-Way Radios,,4.4,48,,Good (4-4.5),0.3400272491412173,2200mAh,
B01FMHYOJI,"DXG Petrel S39 Self Locking Nylon Cable Zip Ties, 2.5150mm, 6'' L, White, Pack of 100",,4.5,217,,Good (4-4.5),0.35012523009580687,DXG,
B01FMJE16W,"E EGOWAY Replacement Battery for VK04, H4Q45AA, HSTNN-YB4D, 695192-001, 694864-851, fits HP Pavilion Sleekbook/Ultrabook 14-b000, 15-b000 Series",,3.6,22,,Average (3.5-4),0.26001217514820346,E,
B01FMKIQOY,"PMLN5709A PMLN5709 - Motorola APX 6000 APX 8000 Universal Carry Holder Models 1.5, 2.5 and 3.5",39.5,4.4,448,Low ($20-50),Good (4-4.5),0.34025915672604473,PMLN5709A,8.956916099773242
B01FML1QZE,"Set of 4 Heavy-Duty Cord Carry Strap Handle & Hanger - Organize Cords, Hoses, Ropes (Set of 4)",,4.2,149,,Good (4-4.5),0.32008580580638624,Set,
B01FMLQA7S,Fonus 10ft Long White USB Cable Fast Charge Power Sync Wire Compatible With Samsung Galaxy Tab E NOOK 9.6 - Galaxy Tab S2 NOOK 8.0 - Galaxy Tab 4 NOOK 7.0 - Galaxy Tab 4 NOOK 10.1,7.09,4.0,61,Budget (<$20),Average (3.5-4),0.30003478613772416,Fonus,1.7680798004987532
B01FMNNDB2,"Egoway Battery for HP VI04, HSTNN-DB6K/I/J/K, TPN-Q139/Q140/Q141/Q142/Q143/Q144, fits Envy 14-v/u000 - v/u099; 15-k/x000 - k/x100; 17-x000 - x099, Pavilion 15-p/x000 - p/x099; 17-f/x000 - f/x099",,3.6,46,,Average (3.5-4),0.2600260896032931,Egoway,
B01FMOGIEK,Behringer Microphono PP400,29.0,4.4,5073,Low ($20-50),Good (4-4.5),0.34294058817561207,Behringer,6.575963718820861
B01FMWDA66,Ultimate Ears ROLL 2 Reef Wireless Portable Bluetooth Speaker (Waterproof) (2016),279.99,4.6,2080,High ($200-500),Excellent (4.5-5),0.36120533967214064,Ultimate,60.73535791757051
B01FMXMYHQ,I-1 Analog Instant Camera,,3.9,283,,Average (3.5-4),0.2901634948473033,I-1,
B01FMZA5E8,"Charging Cable,Multi Safety Defense,Nylon Braided,Ultra Durable,Compatible with iPhone X 8 8 Plus",,4.9,41,,Excellent (4.5-5),0.3900231907584828,Charging,
B01FN09I7W,"Goliath Industry USB-C to Micro USB Adapter Converter for Samsung Note 7, HTC 10, LG G5, Nexus 5X, Nexus 6P, MacBook, 56k Resistor USB Connector/Durable Construction, Fast Charging, (2-Pack) White",,3.0,50,,Poor (<3),0.20002840867914137,Goliath,
B01FN28H2W,Klipsch R-15PM + Pro-Ject Primary Turntable Bundle,,4.1,77,,Good (4-4.5),0.3100440624411172,Klipsch,
B01FN8TXTW,"MadFortune 4GB kit (2x2GB) DDR2 PC2-5300 Desktop Memory Modules (240-pin DIMM, 667MHz)",,4.7,114,,Excellent (4.5-5),0.3700655138927138,MadFortune,
B01FNJE7CY,Western Digital Caviar SE (WD2500AAJS) 250GB 8MB Cache 7200RPM SATA 3.0Gb/s 3.5in Internal Desktop Hard Drive [Renewed]- w/ 1 Year Warranty,,3.9,22,,Average (3.5-4),0.29001217514820343,Western,
B01FNJFCXW,ienza® Audio Jack Extender / Adapter Cable for iPhone 5/5s/6/6s and Android Smartphone Battery and Thick Protective Cases (3.5mm 4-Pole Male to 3.5mm 4-Pole Female) ModelMOP,6.95,4.1,22,Budget (<$20),Good (4-4.5),0.31001217514820345,ienza®,1.690997566909976
B01FNJKD2C,Fancy Buying New Spare 484170-001 Laptop Battery for HP Compaq Presario CQ40 CQ45 CQ50 CQ60 EV06 KS524AA KS526AA 462889-141 462890-542 484171-001 485041-001 497694-001 484172-001,21.88,4.2,153,Low ($20-50),Good (4-4.5),0.3200881248822345,Fancy,5.197149643705463
B01FNJQGQO,AKWOX Keycap Puller Tool + 135pcs Rubber O-Ring Sound Dampeners for Mechnial Keyboard Cherry MX Key Switch,5.99,4.4,802,Budget (<$20),Good (4-4.5),0.340464394938617,AKWOX,1.3582766439909297
B01FNJRVCW,Western Digital Caviar SE (WD1600AAJS) 160GB 8MB Cache 7200RPM SATA 3.0Gb/s 3.5in Internal Desktop Hard Drive [Renewed]- w/ 1 Year Warranty,,4.0,21,,Average (3.5-4),0.30001159537924144,Western,
B01FNL3VA6,PC Headset with Separate Mic Microphone and Headphone Plugs to 3.5mm 4-Pole Male Plug Adapter (3.5mm Male 4 Pole to 2 3.5mm Female Mic/Headphone Jacks) by ienza®,6.95,4.1,135,Budget (<$20),Good (4-4.5),0.3100776890409172,PC,1.690997566909976
B01FNOS41Y,"Samsung Galaxy Tab 4 8.0"" Tablet Case,Flying Horse 360-degree Rotating Stand PU Leather Case Cover For Tab 4 8 inch SM-T330 SM-T331, SM-T337 （Green）",13.99,4.3,71,Budget (<$20),Good (4-4.5),0.3300405838273448,Samsung,3.2459396751740144
B01FNUB56O,4 Pack 32GB Micro SD SDHC Memory Card Plus Adapter (Class 10 UHS-I U1 MicroSD HC Extreme Pro) 32 GB Ultra High Speed 100MB/s 667X Read UHS-1 MicroSDHC Flash. Amplim Cell Phone Tablet Camera 4X 32G TF,,3.8,67,,Average (3.5-4),0.2800382647514965,4,
B01FNYOUKS,Sharkoon 5.25-Inch BAYEXTENSION Mounting Frame for HDDs and SSDs (000SKB525B),16.63,4.6,645,Budget (<$20),Excellent (4.5-5),0.3603733712115722,Sharkoon,3.607375271149675
B01FO66T22,DTBG Nylon Versatile Convertile Spacious Business,,4.1,81,,Good (4-4.5),0.3100463815169655,DTBG,
B01FOLTULY,TEXAS INSTRUMENTS Rechargeable Battery for TI-84 C Silver Edition Graphing Calculator + USB Cable (Calculator not Included),19.98,4.6,184,Budget (<$20),Excellent (4.5-5),0.3601060977200585,TEXAS,4.334056399132321
B01FP19BNK,"New iPad 9.7 (2017) / iPad Air / Air 2 / Pro 9.7 Screen Protector, H&T 0.3mm 9H Shatterproof Bubble-free Tempered Glass Screen Protector for New iPad 9.7 (2017) / iPad Air /Air 2/ Pro 9.7 inch, 2 Pack",,4.3,79,,Good (4-4.5),0.33004522197904135,New,
B01FP633KM,"Astromania M43x0.75 Female to M42X0.75 T / T2 Male Thread Telescope Adapter - The Camera Adapter for Astromania 1.25""/2""-70 Degree Super Wide Angle (SWA) Eyepiece",12.99,4.5,44,Budget (<$20),Good (4-4.5),0.350024930065369,Astromania,2.8802660753880267
B01FPDRRIY,"BMOUO iPad 2 3 4 Shockproof Case Light Weight Kids Case Super Protection Cover Convertible Handle Stand Case for Kids Children for iPad 4, iPad 3 iPad 2 2nd 3rd 4th Generation, Orange",,4.2,90,,Good (4-4.5),0.3200515994376242,BMOUO,
B01FPFBLAM,DoHonest SATA/PATA/IDE Drive to USB 2.0 Adapter Converter Cable,,3.9,37,,Average (3.5-4),0.29002087168263446,DoHonest,
B01FPRADYK,CESS 3.5mm Stereo Jack to 2.5mm Stereo Plug Earphone Adapter - 2.5mm Stereo Male to 3.5mm Stereo Female (jcx) (2 Pack),6.29,4.0,258,Budget (<$20),Average (3.5-4),0.30014900062325167,CESS,1.5685785536159602
B01FPRBDIA,CESS 6.35mm 1/4 Inch Mono Male to 2 Female Splitter Adapter - 1/4 TS Male to Dual TS Female (2 Pack),6.49,4.1,773,Budget (<$20),Good (4-4.5),0.310447581638717,CESS,1.5790754257907544
B01FPUVP08,Amped Wireless High Power Touch Screen AC750 Wi-Fi Router tap200,199.99,3.4,12,Mid-High ($100-200),Below Avg (3-3.5),0.24000637745858275,Amped,58.648093841642236
B01FPUWLTM,JJC LCH-A6 LCD Hood For Sony A6300 and A6000 cameras Screen protector shield,,3.5,15,,Below Avg (3-3.5),0.25000811676546897,JJC,
B01FPZUXEC,"A Pair of 1/2 Wave Receiver Antennas for Shure UHF-R,ULX,SLX,QLX-D,ULX-D,BLX4R Receivers",18.99,4.6,97,Budget (<$20),Excellent (4.5-5),0.3600556578203586,A,4.119305856832972
B01FQ6ND3S,CESS DIN Male 13-Pin Plug Cable Connector (2 Pack),6.99,4.1,64,Budget (<$20),Good (4-4.5),0.3100365254446103,CESS,1.7007299270072995
B01FQ6NWMA,CESS F-Type Balun 300-75 ohm TV Connector Antenna Matching Transformer - F 300/75 ohm Plug (2 Pack),6.49,4.1,504,Budget (<$20),Good (4-4.5),0.3102916237879205,CESS,1.5790754257907544
B01FQ6P5SO,CESS F Type Male to Dual 2-Way F Type Female Splitter Adapter - F Male to Dual F Female (jcx) (2 Pack),,4.2,28,,Good (4-4.5),0.32001565376197594,CESS,
B01FQ837PK,TAIFU 30V 333mA AC Adapter for HP 0957-2286 0957-2290 0957-2398 Deskjet 3050 3050A J610 1050 1000 2050 1051 1055 2512 3015A 3052A 2514 3051A 3510 3511 3512 3055 3515 All-In-One Inkjet Printer Power Su,15.49,4.5,259,Budget (<$20),Good (4-4.5),0.3501495803922137,TAIFU,3.4345898004434594
B01FQ8GNY2,"NDAD Famous Buildings in the United States Removable Vinyl Decal Sticker Skin for Macbook Pro Air Mac 13"" Laptop",7.99,4.4,155,Budget (<$20),Good (4-4.5),0.3400892844201586,NDAD,1.8117913832199546
B01FQ8RKC6,Zomei 77mm HD Ultra Slim 18 Layer Super Multi-Coated ND2-ND400 Fader Variable Neutral Density Lens Filter Adjustable ND Filter German Schott Optical Glass,65.0,4.2,19,Mid ($50-100),Good (4-4.5),0.3200104358413173,Zomei,15.439429928741093
B01FQE4BN6,CESS SMA to F-Type Adapter Connector - SMA Male to F Female (LW) (2 Pack),,4.4,18,,Good (4-4.5),0.34000985607235523,CESS,
B01FQGTBRK,Powerful Anti-Slide 360° Rotary Action Cam Sports Camera Quick Clip Backpack Strap Mount Clamp Holder Kit w/ Hi-Torque Thumb Bolt for GoPro DJI OSMO Insta360 Akaso Travel Outdoor Vlogging Accessories,9.99,4.5,1229,Budget (<$20),Good (4-4.5),0.3507119562854203,Powerful,2.215077605321508
B01FQH5HZY,"VVHOOY Action Camera Accessories Kit Compatible with AKASO EK7000 GoPro Hero 11 10 9 8 7 APEMAN SJCAM DBPOWER Osmo Dragon Touch, Brave 4 Brave 7 LE Chest Mount Suction Cup Selfie Stick Head Strap",21.99,4.3,161,Low ($20-50),Good (4-4.5),0.330092763033931,VVHOOY,5.102088167053364
B01FQJCV92,Eathtek Replacement Keyboard with Backlit for Dell Inspiron N4110 N411Z M4040 M4110 N4050 N4110 14R 3420 15 3520 5420 7420 XPS L502X X501L X502L Vostro V131 1540 2520 0X38K3 series Black US Layout,,4.1,26,,Good (4-4.5),0.3100144942240517,Eathtek,
B01FQLGUR4,"D&F 2.0'' HD BacPac External LCD Monitor Display Viewer Screen with Waterproof Housing Backdoor for GoPro Hero 4/3+, Hero 3 Silver Version",,4.4,70,,Good (4-4.5),0.3400400040583828,D&F,
B01FQMRHA2,FLEXIMOUNTS A22 Full Motion Articulating TV Wall Mount Tilt Swivel Bracket Fit for 32-60 Inch 4k HD LED LCD Screens Black,,4.7,1848,,Excellent (4.5-5),0.37107083327294077,FLEXIMOUNTS,
B01FQMRXTM,"iPad Pro 9.7"" Leather Case, Jisoncase iPad Pro 9.7"" Genuine Leather Magnetic Stand Cover Flip Folio Protective Case with Auto Wake/Sleep Function for Apple iPad Pro 9.7"" BrownJS-PRO-11A20",,3.6,33,,Average (3.5-4),0.2600185526067862,iPad,
B01FQMXBS4,iCarez Anti Glare (Matte) Screen Protector for Kindle Oasis 2016 7” [ Unique Hinge Install Method With Kits ] 2-Pack,,3.5,19,,Below Avg (3-3.5),0.2500104358413172,iCarez,
B01FQNBHHU,"ICZI VGA Splitter Cable, 1080P Male to Female 1 Input to 2 Output Adapter Cable with Nickel-Plated Connectors, Copy The Signal to 2 Monitors Screens + Velcro Cover - 1Ft",,3.8,91,,Average (3.5-4),0.28005217920658615,ICZI,
B01FQO4TK6,KUUQA,,3.7,76,,Average (3.5-4),0.27004348267215517,KUUQA,
B01FQPT2R0,"DisplayPort to HDMI, ICZI 4K DP to HDMI Adapter for GTX 750 Ti/970/1060/1070, Lenovo W510/T520/X201T, Thinkpad Pro Dock and More - Black",9.99,4.2,24,Budget (<$20),Good (4-4.5),0.32001333468612764,DisplayPort,2.3729216152019004
B01FQSC2I8,"Aocome 4 Port Mini USB 3.0 Hub with Individual Power Switches and LEDs,High-Speed Data Transfer,31 inches Long USB 3.0 Cable,for Windows PC MacBook iMac Mac Mini Laptop Notebook Surface",,3.7,35,,Average (3.5-4),0.2700197121447104,Aocome,
B01FQVQBIW,HQRP 19V AC Adapter Compatible with Samsung HW-K360 HW-KM36 HW-KM36C PS-WK360 Soundbar Speaker System Power Supply Cord Adaptor + Euro Plug Adapter,17.95,4.4,118,Budget (<$20),Good (4-4.5),0.34006783296856213,HQRP,4.070294784580499
B01FQZWPAQ,"AZ16-1 EforTek Replacement Battery(2 Packs) and Dual USB Charger for Xiaomi YI 4K,Yi 4K+,Yi Lite,YI 360 VR Action Camera，100% Compatible with Original",,3.9,26,,Average (3.5-4),0.2900144942240517,AZ16-1,
B01FR1VEDS,"CaseSack Label Maker Case Customized for Brother P-Touch, PTD210, Easy-to-Use Label Maker",16.99,4.6,252,Budget (<$20),Excellent (4.5-5),0.3601455220094792,CaseSack,3.6854663774403473
B01FR30R70,"Headphone Case for HIFI ELITE Super66; Parrot Zik 1.0, 2.0, 3; BeoPlay H2, H4, H6, H7, H8, H9; Grado SR60e, SR80e, SR125e, SR325e; Master & Dynamic MH40, MH30; BOHM; COWIN E7 (Black)",16.68,4.4,166,Budget (<$20),Good (4-4.5),0.3400956618787414,Headphone,3.782312925170068
B01FR8ENVG,"VIVO TV Cart for LCD LED Plasma Flat Panel Stand Mount w/Mobile Wheels fits 30"" to 70"" Screens (STAND-TV06G)",,3.8,92,,Average (3.5-4),0.2800527589755482,VIVO,
B01FRBCPUO,"Amplified HDTV Antenna - 50 Miles Range, Liger SRIA-50 Ultra-Thin HDTV Antenna with Built In Amplifier Signal Booster with Built-In Stand for the Highest Performance and the Longest Reception Range",,3.7,40,,Average (3.5-4),0.2700226109895207,Amplified,
B01FRDW7XW,"Tanaka Heavy Duty Tow Strap, 10,000 Lb Capacity (2"" x 20' recovery)",,4.7,371,,Excellent (4.5-5),0.37021451451596543,Tanaka,
B01FREKIKU,Nikon COOLPIX B500 Digital Camera with 32GB USB Accessory Bundle (6 Items),,4.0,27,,Average (3.5-4),0.3000150739930138,Nikon,
B01FRFUQYM,iHome Color Changing Rechargeable Bluetooth Wireless Speaker with Speakerphone OPEN BOX,,4.3,556,,Good (4-4.5),0.3303217717739481,iHome,
B01FRGNYUE,"CNPGD® [U.S. Warranty Multi-Function Smartwatch + Watch Cell Phone Black for iPhone, Android, Samsung, Galaxy Note, Nexus, HTC, Sony",,3.1,72,,Below Avg (3-3.5),0.2100411635963069,CNPGD®,
B01FRL7ITM,"JustJamz USB 30 Pin Sync and Charging Cable for iPhone 4/4S, iPhone 3G/3GS, iPad 1/2/3, iPod - 3.2 Feet 1 Meter (5 Pack)",,4.2,78,,Good (4-4.5),0.32004464221007933,JustJamz,
B01FRLCVKI,"ONANOFF BuddyPhones Connect, Volume-Limiting Kids Headphones, Foldable, Durable, Built-in Audio Sharing Cable with in-Line Mic, Best for Kindle, iPad, iPhone and Android Devices, Green",,4.2,228,,Good (4-4.5),0.32013160755438963,ONANOFF,
B01FRLCY3C,"BuddyPhones Discover - Volume-Limiting Kids Headphones - Comfortable and Durable - Built-In Audio Sharing Cable - Compatible with Fire, iPad, iPhone, and Android Devices - Aqua",,3.9,121,,Average (3.5-4),0.2900695722754482,BuddyPhones,
B01FRLCYWI,"ONANOFF BuddyPhones Explore Foldable, Volume-Limiting Kids Headphones with Travel Bag, Built-In Audio Sharing Cable with Mic, Compatible with Fire, iPad, iPhone, and Android Devices, Pink",24.99,4.3,1342,Low ($20-50),Good (4-4.5),0.330777470178134,ONANOFF,5.7981438515081205
B01FRLCZVI,"BuddyPhones Explore Foldable, Volume-Limiting Kids Headphones, Built-in Microphone, BuddyCable for Sharing, Perfect for iPad, iPhone, Fire, and Android, Orange",,4.4,405,,Good (4-4.5),0.3402342266606758,BuddyPhones,
B01FRP1ZD8,"LaCie Porsche Design 8TB USB-C Desktop Hard Drive, Silver (STFE8000100)",,3.8,25,,Average (3.5-4),0.2800139144550896,LaCie,
B01FRP1ZHE,"LaCie Porsche Design 4TB USB-C Desktop Hard Drive, Silver (STFE4000100)",,3.7,37,,Average (3.5-4),0.2700208716826345,LaCie,
B01FRP217C,HYNIX 8GB DDR4 2133MHZ PC4-17000 260-PIN1.2V SODIMM NOTEBOOK MEMORY HMA41GS6AFR8N-TF,17.22,4.8,195,Budget (<$20),Excellent (4.5-5),0.38011247517864133,HYNIX,3.58004158004158
B01FRPSPB8,"AFUNTA Screen Protector Compatible Sony DSLR Alpha Nex-7 NEX-6 NEX-5 A6000 A6300 A5000 Camera, Anti-scrach Tempered Glass 9H Cover(2 Pack)",,4.4,966,,Good (4-4.5),0.3405594770483963,AFUNTA,
B01FRQGILG,"Avera 55AER10 55"" 1080p LED TV, Black",,4.3,1220,,Good (4-4.5),0.33070673836476167,Avera,
B01FRR86QU,MemoryMarket Dual Slot USB 2.0 Memory Card Reader for MicroSD/MicroSDHC/MicroSDXC/TF/SD/SDHC/and SDXC Memory Cards Compatible with 1GB 2GB 4GB 8GB 16GB 32GB 64GB 128GB 200GB 256GB,,4.2,82,,Good (4-4.5),0.32004696128592763,MemoryMarket,
B01FRSGDZK,"Zoweetek 2-in-1 Bluetooth 4.1 Transmitter and Receiver, Aptx Low Latency 3.5mm and RCA Wireless Audio Adapter",,3.2,34,,Below Avg (3-3.5),0.2200191323757483,Zoweetek,
B01FRSHXUO,"Fitbit Blaze Band, Leather Small, V-Moro Leather Bracelet Strap Replacement Band with Metal Frame Black for Fitbit Blaze Smart Fitness Watch (Leather Black&Metal Frame Black - Small)",,3.5,48,,Below Avg (3-3.5),0.2500272491412172,Fitbit,
B01FRSHXWC,"V-Moro for Fitbit Blaze Bands, Large Leather Bracelet Strap Replacement Band with Metal Frame for Fitbit Blaze Smart Fitness Watch (Leather Camel&Metal Frame Rose Gold - Large)",,4.3,100,,Good (4-4.5),0.3300573971272448,V-Moro,
B01FRSHYZ8,"Fitbit Blaze Band, Leather Large, V-Moro Leather Bracelet Strap Replacement Band with Metal Frame Black for Fitbit Blaze Smart Fitness Watch (Leather Black&Metal Frame Black - Large)",,4.1,61,,Good (4-4.5),0.3100347861377241,Fitbit,
B01FRV2V76,"Topoint 3 Pack Gold Plated 3.5mm Headset Audio Jack Extender; Headphone Adapter for Battery Charger Case, Power Case, Juice Pack for Smartphones, Tablets",,4.0,67,,Average (3.5-4),0.3000382647514966,Topoint,
B01FS3NGJ0,"Neewer® Portable 62inch/158cm Alluminum Alloy Camera Tripod with 360 Degree Ball Head, 1/4"" Quick Release Plate, and Bubble Level, Load Capacity 17.6lbs/8kg(Golden)",,4.4,65,,Good (4-4.5),0.34003710521357244,Neewer®,
B01FS4MCL2,"2.5 inch USB 3.0 Hard Drive Disk HDD External Enclosure/Case for 9.5mm 7mm 2.5"" SATA HDD and SSD, Tool-Free HDD Installation ¡­",,4.1,55,,Good (4-4.5),0.3100313075239517,2.5,
B01FS5COT6,"OMCreate XCMRD Battery Compatible with MR90Y for Dell 3521 3421 3537 3721 5521 5537 5737, Latitude 3440 3540 E3540; fits P/N YGMTN 9K1VP 0MF69 N121Y 6-cell 5200mAH/58Wh 11.1V",,4.1,105,,Good (4-4.5),0.31006029597205514,OMCreate,
B01FS65MCG,"ICONNTECHS IT Wireless Bluetooth Speaker, Bluetooth 4.0 Portable Waterproof Outdoor Sports Speaker with Micro SD Card Slot Built-in Speakerphone",,3.7,34,,Average (3.5-4),0.27001913237574826,ICONNTECHS,
B01FS6JDRQ,"Filter Ring Adapter, Andoer 18pcs Camera Lens Filter Metal Adapter Ring Kit (9pcs Step Up Set & 9pcs Step Down Ring Set)",23.99,4.6,223,Low ($20-50),Excellent (4.5-5),0.3601287087095792,Filter,5.2039045553145336
B01FS7UP3G,SLE-TECH J1KND Replacement Battery for Dell Inspiron 13R 14R 15R 17R N3010 N4010 N4110 N5010 N7010 N5050 N5040 1540 4T7JN P20G 3750 3550 3420 M5040 312-0233 312-1205 383cw 451-11510 [6 Cells/4400mAh],24.99,4.4,703,Low ($20-50),Good (4-4.5),0.34040699781137224,SLE-TECH,5.666666666666666
B01FS7XJF2,"Kafa Touch Screen Stylus Pen with Acrylic Package for Surface 3 and Surface Pro 3 Tablet, Silver",59.99,4.2,37,Mid ($50-100),Good (4-4.5),0.32002087168263454,Kafa,14.249406175771972
B01FS84A0E,"10 Pack USB 2.0 A Male to A Female Extension 28/24 AWG Cable, Gold Plated, 3 Feet, CNE611853",28.69,4.6,123,Low ($20-50),Excellent (4.5-5),0.36007073181337235,10,6.223427331887203
B01FSBYA2E,"Tkasing Replacement Fitness Wristband Band for Garmin Vivofit Replacement Strap Bands S L Small Lager Size to Black (Black, L)",,4.1,270,,Good (4-4.5),0.31015595785079647,Tkasing,
B01FSCQLSY,Kastar CA-590 CA590 AC Adapter Charger Replacement for Canon FS10 FS11 FS100 VIXIA HF R10 HF R11 HF R100 ZR800 ZR830 ZR850 ZR900 ZR930 ZR950 ZR960,14.99,4.4,112,Budget (<$20),Good (4-4.5),0.3400643543547897,Kastar,3.399092970521542
B01FSDVZ98,KEYESTUDIO Nano Board +USB Cable for Arduino Nano V3.0 CH340 ATmega 328P Micro Controller Expansion Board 5V 16MHz,,4.3,120,,Good (4-4.5),0.3300689925064862,KEYESTUDIO,
B01FSG779C,Tab A 7 inch 2016 Case DWaybox 2in1 Combo Hybrid Armor Rugged Heavy Duty Hard Back Cover Case with Kickstand for Samsung Galaxy Tab A 7.0 2016 T280 T285 (White),,4.3,53,,Good (4-4.5),0.3300301479860276,Tab,
B01FSHUYTG,Delippo® 120W 19.5V 6.15A Laptop AC Adapter Charger Compatiable for MSI GP60 GE60 GE62 GE70 GT640 GT725 CX62 GL62 GE70K Z370 for Lenovo Y730 B470 B475 B570 K47 G470 V570 Z570 Y460 Y570 V475,36.99,3.9,92,Low ($20-50),Average (3.5-4),0.2900527589755482,Delippo®,9.460358056265985
B01FSK9QWY,"Shaxon PYF-69, 6 Outlet Power Strip, 3 Feet Cord - Ivory",,4.2,16,,Good (4-4.5),0.3200086965344311,Shaxon,
B01FSQBVJE,HDMI to SDI Converter Adapter HDMI SDI Adapter SDI/HD-SDI/3G-SDI Adapter Support 1080P for Camera Home Theater,31.99,3.9,227,Low ($20-50),Average (3.5-4),0.2901310277854275,HDMI,8.18158567774936
B01FSV4FQA,sunpangpang,,3.3,23,,Below Avg (3-3.5),0.2300127549171655,sunpangpang,
B01FT07Q1G,JVC CSJ6820 6x8 J Series 2-Way Bundle,69.99,4.4,130,Mid ($50-100),Good (4-4.5),0.3400747901961069,JVC,15.870748299319727
B01FT28LC2,"Galaxy Tab E Lite 7.0 Case, EpicGadget(TM) Galaxy E Lite Premium PU Leather Folding Folio Cover Case with Built in Stand for Tab E Lite 7 inch T113 + Screen Protector + 1 Stylus (Green Leather Cover)",,4.3,60,,Good (4-4.5),0.3300342063687621,Galaxy,
B01FT2DDTI,Master Cables Compatible with VMC-MD2 USB Cable for Cyber Shot Cameras (Full List of Compatible Cameras in Description),,4.1,221,,Good (4-4.5),0.3101275491716551,Master,
B01FT2N3NE,"GENUINE TomTom VIA 1605TM 6"" LCD GPS Universal Carry Case GO 60 60S 600 6000",11.95,3.5,9,Budget (<$20),Below Avg (3-3.5),0.25000463815169655,GENUINE,3.4045584045584047
B01FT2NB8Q,Nikon COOLPIX B500 Digital Camera along with 32GB SDHC Memory Card and Deluxe Accessory Bundle with Cleaning Kit,,4.2,117,,Good (4-4.5),0.3200672531996,Nikon,
B01FT2QSXQ,ZiBay 7-Inch USB 2.0 Type C to Type A Cable (Pack of 3),,3.0,12,,Poor (<3),0.20000637745858277,ZiBay,
B01FT34QMA,Master Cables Panasonic Lumix DMC-TS2 DMC-TZ6 DMC-TZ7 DMC-TZ9 DMC-TZ10 Camera USB Cable Replacement Compatible USB Cable,10.99,4.2,43,Budget (<$20),Good (4-4.5),0.32002435029640697,Master,2.6104513064133017
B01FT3SWUM,Photive S1 Premium Bluetooth Speaker (20 W) - Immersive Sound & Enhanced Bass for Rich Sound Clarity & Quality,,3.7,23,,Average (3.5-4),0.27001275491716553,Photive,
B01FT8YJGS,Tenergy Premium 9V Battery Rechargeable 250mAh 8PCS NiMH Square Battery with TN136 4 Bay 9V Battery Charger for Smoke Alarm/Detector,39.99,4.6,53,Low ($20-50),Excellent (4.5-5),0.36003014798602756,Tenergy,8.674620390455534
B01FT9FNJY,Stabl'R Speaker Stand for Amazon Echo - Protect Alexa and UE Boom - Walnut,,4.0,54,,Average (3.5-4),0.3000307277549897,Stabl'R,
B01FTE9HS2,"HUION Inspiroy H1060P Graphics Drawing Tablet with 8192 Pressure Sensitivity Battery-Free Stylus and 12 Customized Hot Keys, 10 x 6.25 inches Digital Art Tablet for Mac, Windows PC and Android",59.99,4.4,4245,Mid ($50-100),Good (4-4.5),0.3424605394750193,HUION,13.603174603174603
B01FTNNBMG,"【Full HD】 Wireless Security Camera System,SMONET 4CH 1080P Wireless Video Security System,4pcs 1080P Wireless Indoor/Outdoor Wireless IP Cameras,P2P,65ft Night Vision,Easy Remote View,Without HDD",,3.7,113,,Average (3.5-4),0.2700649341237517,【Full,
B01FTV5RYS,Arlo - Wireless Home Security Camera System | Indoor/Outdoor | 4 camera kit with 2 Arlo Q (VMK3500),,3.6,119,,Average (3.5-4),0.2600684127375241,Arlo,
B01FTX7M26,Channel Master CM-7777HD Amplify Adjustable Gain TV Antenna Preamplifier with LTE Filter | Indoor/Outdoor,99.0,4.2,1637,Mid ($50-100),Good (4-4.5),0.3209485020219443,Channel,23.51543942992874
B01FTXD8XI,"Mosiso Case for iPad Air 2, Carmen Retro Book Style Smart Slim-Fit Multi-Angle Stand Cover with Auto Sleep/Wake Feature Only for 2nd Generation (2014 Release), Brwon",,4.3,41,,Good (4-4.5),0.33002319075848274,Mosiso,
B01FTYFQZK,"Vodeson Wireless Key Finder RF Item Locator with Base Support and LED Flashlight, Keys, Wallet, Pet Locator with Sound Alarm, 1 Transmitter + 4 Receivers - Black",16.99,4.1,89,Budget (<$20),Good (4-4.5),0.31005101966866205,Vodeson,4.1338199513382
B01FTYHA0E,CoolBELL 13.3 Inch Laptop Sleeve Case Cover with Colorful Leaves Pattern Ultrabook Sleeve Bag for Ultrabook Like Acer/MacBook Pro/MacBook Air/Asus/Dell/Lenovo/Women/Men,,4.7,387,,Excellent (4.5-5),0.3702237908193585,CoolBELL,
B01FTYHBAS,CoolBELL 15.6 Inch Laptop Sleeve Case Cover with Colorful Leaves Pattern Ultrabook Sleeve Bag for Ultrabook Like/Acer/MacBook Pro/MacBook Air/Asus/Dell/Lenovo/Women/Men,,4.7,387,,Excellent (4.5-5),0.3702237908193585,CoolBELL,
B01FTYK11E,LANMU Replacement Cable Compatible with Sol Republic Master Tracks HD/Tracks HD2/Sol Republic V8/Sol Republic V10/Sol Republic 12/Sol Republic X3 (Remote Volume & Microphone Cable)(Red),,4.3,226,,Good (4-4.5),0.33013044801646546,LANMU,
B01FTYK13M,LANMU Replacement Cable Compatible with Sol Republic Master Tracks HD/Tracks HD2/Sol Republic V8/Sol Republic V10/Sol Republic V12/Sol Republic X3 (Remote Volume & Microphone Cable)(Black),,4.4,532,,Good (4-4.5),0.34030785731885854,LANMU,
B01FU01Y6S,"Atill 3Pack 6FT iPhone Nylon braided 8 Pin Lightning to USB Charging Cable Cord for Apple iPhone 6s/ 6s plus/ 6plus/6/5s/5c/5/iPhone SE, iPad Mini/Air/5,iPod,Compatible with iOS9(Space Gray)",,2.3,112,,Poor (<3),0.13006435435478958,Atill,
B01FU60QHU,"Key Finder,vodeson Wallet Finder Smart Tracker,Pet Cat Dog Tracking, Phone and Remote Finder,1 RF Transmitter and 4 Receivers - Wireless Key RF Item Locator, car Keychain Gift Finder",20.99,4.2,557,Low ($20-50),Good (4-4.5),0.3203223515429102,Key,4.985748218527315
B01FU8J0L6,JJC 43mm Screw-in Silver Metal Lens Hood Shade for Fujifilm Fujinon XF 35mm f/2 R WR & 23mm F2 R WR Lens Replaces Fuji LH-XF35-2 on X-H1 X-Pro2 X-Pro1 X-T2 X-T1 X-T20 X-T10 X-E3 X-E2S X-A3 X-A5 X-A10,,3.2,8,,Below Avg (3-3.5),0.2200040583827345,JJC,
B01FUB2DQC,YI 4K Action Camera (US Edition) Rose Gold,,4.2,26,,Good (4-4.5),0.32001449422405176,YI,
B01FUB7I9E,"Micro USB Cable, Atill 3Pack 3FT 6FT 10FT Premium Nylon Braided Micro USB Charger Cord High Speed USB 2.0 A Male to Micro Sync and Charging Cables for Samsung, HTC, Motorola, Nokia, Android, and More",,3.9,97,,Average (3.5-4),0.2900556578203586,Micro,
B01FUCV7JU,"Bluetooth 4.1 Transmitter Receiver (aptx), Simpeak Wireless 3.5mm Audio Adapter, Pair 2 at Once, For Car Stereo System and Home Stereo (Black)",,4.2,543,,Good (4-4.5),0.32031423477744125,Bluetooth,
B01FUDE6WE,AAA Batteries 10 Pack R03P UM-4 AAA battery 1.5V Single Use Battery Triple A Batteries Carbon Zinc AAA Batteries Long Lasting Batteries for Camera Clock Remote Flashlight LED Candle Smart Bicycle Lock,3.99,4.6,890,Budget (<$20),Excellent (4.5-5),0.360515414607279,AAA,0.8655097613882865
B01FUE7IS2,DEGOL PCI-E Express Card USB 3.0 4 Ports and 5V 4-Pin Power Connector for Desktops,,4.2,9,,Good (4-4.5),0.3200046381516966,DEGOL,
B01FUEPE5Q,Replacement Earpads Ear Pads Ear Cushions for Sennheiser HD465 HD485 HD435 HD415 ATH-PR05 ATH-T22 ATH-T44 ATH-T3 Headphones,10.98,3.9,42,Budget (<$20),Average (3.5-4),0.29002377052744477,Replacement,2.8081841432225065
B01FUEXLGU,"Universal Ergonomic DSLR Mirrorless Camera Camcorder Monocular Hand Grip Stabilizer, Portable Handheld Selfie Stick, Long Focus Lens Video Light Holder Mount for YouTube Tiktok Vlogging Starter Kit",11.91,4.6,1077,Budget (<$20),Excellent (4.5-5),0.3606238314031858,Universal,2.5835140997830806
B01FUHN0RM,"SONOS PLAYBAR TV Sound Bar/Wireless Streaming Music Speaker (Certified Refurbished), Works with Alexa",,3.8,20,,Average (3.5-4),0.2800110156102793,SONOS,
B01FURE2GA,"Samsung HW-J7500R Sound bar and Sub, Black (Certified Refurbished)",,3.9,87,,Average (3.5-4),0.29004986013073786,Samsung,
B01FUVIFUA,"iPad pro case,Sketchbook wire-bound iPad pro case full protection with 2 stand model and Apple pencil holder in premium quality PU leather, for Apple iPad pro 12-inch",,3.9,39,,Average (3.5-4),0.2900220312205586,iPad,
B01FUWH8EI,"12V 2A Power Supply Wall Plug Adapter DC for Anything 12V, CCTV Security Cameras",5.49,3.7,21,Budget (<$20),Average (3.5-4),0.2700115953792414,12V,1.4797843665768196
B01FUXRB3K,"Replacement Headset Ear Pads for BlueParrott B250-XT, XTS, Plantronics CS540, Supra - HW251, HW261, SAVI- W440, W445, W740, W745, Jabra GN2000, PRO900, 9400 by Global Teck",12.1,4.3,266,Budget (<$20),Good (4-4.5),0.3301536387749482,Replacement,2.8074245939675175
B01FUXTINQ,LG Electronics Tone Ultra HBS-810 Bluetooth Wireless Stereo Headset Black (Certified Refurbished),,4.1,490,,Good (4-4.5),0.31028350702245155,LG,
B01FUYTGBO,"Xtreme Bluetooth Wireless Audio Adapter, Works with Compatible Devices for Music Playback and Hands-Free Phone Calls, Fits Into Any Car’s 3.5mm Aux Port, Use Micro-USB Cable to Fully Charge",9.99,3.3,24,Budget (<$20),Below Avg (3-3.5),0.23001333468612756,Xtreme,3.018126888217523
B01FV1OEQ8,AMAZSHOP247 A-TV10 Large Button Universal Waterproof Remote Control Vizio LG Sharp,14.99,3.7,148,Budget (<$20),Average (3.5-4),0.27008522603742413,AMAZSHOP247,4.040431266846361
B01FV2B0IW,"HP W0S99UT 13 -Inch G1 Chromebook (Intel Pentium processor, 4 GB SDRAM, 32 GB eMMC, Chrome OS 64), Silver",,3.2,26,,Below Avg (3-3.5),0.22001449422405175,HP,
B01FV3QIY2,Pro-Ject Vinyl Cleaner - VC-S,,4.1,53,,Good (4-4.5),0.31003014798602757,Pro-Ject,
B01FV5OP7C,"iPad Pro 12.9"" Tempered Glass Screen Protector - Aduro Shatterguardz Anti-Scratch, Anti-Fingerprint Coating, Ultra-Sensitive Touch Tech for Apple iPad Pro 12.9",,3.1,18,,Below Avg (3-3.5),0.2100098560723552,iPad,
B01FV7Z1R8,"Hisense 32"" 720p LCD TV (32H3B1)",,4.4,486,,Good (4-4.5),0.34028118794660334,Hisense,
B01FVAON4W,"Galaxy Tab S2 8.0 Case, KIQ Heavy Duty Hybrid Silicone Skin Case Drop Protection Cover with Stand, Screen Protector for Samsung Galaxy Tab S2 8.0 SM-T715 (Black)",,3.9,32,,Average (3.5-4),0.2900179728378241,Galaxy,
B01FVC8GJS,"New Trent 30W DSP Bluetooth Speakers, Wireless Speaker Bluetooth 4.2 with Dual Deep Bass Radiators, Three Preset Bass Mode, Outdoor Speakers Bluetooth 30W Output, Built-in Microphone Hands Free Call",,4.3,92,,Good (4-4.5),0.33005275897554825,New,
B01FVCZYCU,"Lenovo Ideacentre Stick 300 PC Mini Desktop (Intel Atom Z3735F, 2 GB RAM, 32 GB HDD + 32 GB SSD, Windows 10) 90F2000CUS",495.0,3.7,261,High ($200-500),Average (3.5-4),0.2701507399301379,Lenovo,133.4231805929919
B01FVE75CK,UTT AC60 Dual Band WiFi Router AC 1200 High Power | USB | Parental Access Control | Easy Setup | VPN – AP/WDS/Extender – for Gaming Wireless,45.99,3.1,84,Low ($20-50),Below Avg (3-3.5),0.21004812082385171,UTT,14.787781350482316
B01FVPITN8,Mini PCI-E to PCI-E Express 1X Extension Cord Adapter Card with USB Riser Card,29.99,4.2,51,Low ($20-50),Good (4-4.5),0.3200289884481035,Mini,7.123515439429928
B01FVPT42S,"GOSO Dash Cam Car Dashboard HD Camera, Vehicle Black Box DVR LCD 170 Angle Lens Night Vision Motion and Shock Sensors, 1080P, 2.7""",,3.3,16,,Below Avg (3-3.5),0.230008696534431,GOSO,
B01FVRH2PM,"Fintie Apple Pencil Holder with USB Adapter Pocket - Premium Vegan Leather Case Sleeve Pouch Compatible with iPad 2018 (6th Gen), iPad Pro 9.7, iPad Pro 10.5, iPad Pro 12.9 Cases, Red",,4.4,45,,Good (4-4.5),0.3400255098343311,Fintie,
B01FVSAZD2,"Neewer® Portable 5-in-1 60x80inch/150x200cm Multi-Disc Oval Light Reflector with 3 Handle for Photography Photo Studio Lighting & Outdoor Lighting -Translucent, Silver, Gold, White and Black",,4.3,15,,Good (4-4.5),0.330008116765469,Neewer®,
B01FVT0L8A,"Headphone Stand Hanger, JOTO Silicone Under Desk Dual Headset Holder Mount Hook Hanger for Gaming Headphone Earphone -Black",14.99,4.1,2190,Budget (<$20),Good (4-4.5),0.3112691142579682,Headphone,3.6472019464720202
B01FVU7XF8,KingSpec mSATA SSD Internal Solid State Drive Data Storage SATA Hard Drives 3D NAND Flash PC Desktop Laptop Notebook Computer Upgrade 256GB,32.0,3.9,36,Low ($20-50),Average (3.5-4),0.2900202919136724,KingSpec,8.184143222506394
B01FVUGPE8,Fm4 2.4G Universal Remote Control USB Wireless Remote Control for Android TV Box IPTV HTPC Mini PC Windows Mac OS Lilux,12.99,3.8,111,Budget (<$20),Average (3.5-4),0.28006377458582754,Fm4,3.4094488188976384
B01FVVMTWE,"EXMRAT for Garmin Vivosmart HR Charger, Replacement Charging Cable for Garmin Vivosmart HR/ Vivosmart HR Plus Activity Tracker Regular Fit (Black, Pack of 2)",7.69,4.1,59,Budget (<$20),Good (4-4.5),0.3100336265998,EXMRAT,1.8710462287104626
B01FVW2Q30,Bay Valley Parts®Replacement Laptop Battery PA5024U-1BRS PA5023U-1BRS for Toshiba Satellite PRO C850 C855 C855D C55 C55T M800 L855 L875D P855 S855 L850 P800,,4.0,96,,Average (3.5-4),0.3000550780513966,Bay,
B01FVZMDJ4,Replacement Ear Pads Ear Cushions for LOGITECH H800 H 800 Headset Black,7.99,4.6,616,Budget (<$20),Excellent (4.5-5),0.3603565579116722,Replacement,1.733188720173536
B01FW0FBFQ,"iEGrow ZH220E 2-Bay Smart Battery Charger with LED Indicator for 26650, 18650, 18500, 18350, 17670, 17500, 16340, 14500, 10440 3.7V Lithium Batteries and 1.2V Ni-MH & Ni-Cd: A/AA/AAA Batteries",,4.2,68,,Good (4-4.5),0.32003884452045867,iEGrow,
B01FW1KLKK,"Canvas Laptop Carrying Case/Shoulder Messenger Bag for School Compatible MacBook(15-15.6, Bule Peony)",,4.6,487,,Excellent (4.5-5),0.36028176771556536,Canvas,
B01FW2ZF8M,GEEKPRO 300W Car Power Inverter with Carrying Bag,,4.1,26,,Good (4-4.5),0.3100144942240517,GEEKPRO,
B01FW3JVZ4,"Gepe 3861-02 CardSafe Extreme for Compact Flash, SD, Smart Media, Multimedia Card, & Memory Stick (Ice Blue)",,4.8,13,,Excellent (4.5-5),0.38000695722754485,Gepe,
B01FW51C90,"Silicon Power 16 GB Elite Class 10 Micro SD, Pack of 2 (SP016GBSTHBU1V20TO)",,4.1,12,,Good (4-4.5),0.3100063774585827,Silicon,
B01FW6S84G,"Bondream 120pcs Sticker Borders Set(100 Colorful Design Photo Films Sticker Borders and 20 Pin Clips with String)for Scrapbooking,Notes and Messages Decoration Frames for Fujifilm and Polaroid Camera",,4.3,40,,Good (4-4.5),0.3300226109895207,Bondream,
B01FWAWUUK,D-Link DIR-817LW/D Wireless AC750 Dual Band Wi-Fi Router (Black),76.37,3.5,126,Mid ($50-100),Below Avg (3-3.5),0.2500724711202586,D-Link,21.75783475783476
B01FWB1QO0,"Optoma NuForce BE6i Wireless Bluetooth Headphones with aptX, AAC and Long Battery Life, Gold",,3.3,120,,Below Avg (3-3.5),0.23006899250648616,Optoma,
B01FWE50IK,"SYCH HDMI to RCA Cable for HDTV Plasma TV/Converter Adapter Cable, Black",,3.4,84,,Below Avg (3-3.5),0.24004812082385169,SYCH,
B01FWENUQE,"Lenovo Yoga Tab 3 8 Screen Protector, RBEIK Premium 9H Tempered Glass Screen Protector for Lenovo Yoga Tab 3 8 - ZA090008US with 9H Hardness, Anti-Scratch, Anti-Fingerprint, Bubble Free Feature",,4.3,175,,Good (4-4.5),0.33010087979939995,Lenovo,
B01FWEQ8ZY,Sigma 150-600mm F5-6.3 DG OS HSM Zoom Lens (Contemporary) for Nikon DSLR Cameras (Renewed),819.99,4.4,61,Premium (>$500),Good (4-4.5),0.3400347861377242,Sigma,185.93877551020407
B01FWHELZA,"Snugg iPad Pro 12.9 2017/2015 Keyboard, Wireless Bluetooth Keyboard Case Cover 360° Degree Rotatable Keyboard for Apple iPad Pro 12.9 2017/2015 - Blue",,3.8,291,,Average (3.5-4),0.2801681329989999,Snugg,
B01FWI6F08,"EVGA GeForce GTX 1080 Founders Edition, 8GB GDDR5X, LED, DX12 OSD Support (PXOC) Graphics Card 08G-P4-6180-KR",498.68,4.4,167,High ($200-500),Good (4-4.5),0.34009624164770347,EVGA,113.07936507936508
B01FWIDRUY,BM BP809 BP819 BP820 BP827 BP828 Dual Bay Battery Charger for Canon Vixia HF G70 HF G50 HF G60 XA40 XA45 XA50 XA55 HF G21 HFG30 HFG40 HG21 XA10 XA11 XA15 XA20 XA25 XA60 XA65 XA70 XA75 XF400 XF405,16.99,4.5,178,Budget (<$20),Good (4-4.5),0.3501026191062862,BM,3.7671840354767183
B01FWIEMSU,SONY XBR-55X700D BRAVIA XBR X700D Series - 55 inch Class,,3.9,172,,Average (3.5-4),0.29009914049251373,SONY,
B01FWIEO6A,Sony XBR49X800D 49-Inch 4K Ultra HD TV (2016 Model),,3.8,150,,Average (3.5-4),0.2800863855753482,Sony,
B01FWIJ10O,"BM 2 BP-820 Batteries and Dual Battery Charger for Canon VIXIA HF G50, HF G60, HF G70, XA40, XA45, XA50, XA55, HFG30, HFG40, HFM301, HFM41, HFM400, XA10, XA11, XA15, XA20, XA25, XA60, XA65, XA70, XA75",65.95,4.5,446,Mid ($50-100),Good (4-4.5),0.35025799718812056,BM,14.623059866962308
B01FWIOA6Y,"Supershieldz for Nvidia Shield Tablet and Nvidia Shield Tablet K1 Tempered Glass Screen Protector, Anti Scratch, Bubble Free",,3.7,16,,Average (3.5-4),0.27000869653443105,Supershieldz,
B01FWIZD2Y,"Supershieldz Designed for Samsung Galaxy Tab 4 8.0 8 inch Tempered Glass Screen Protector Anti Scratch, Bubble Free",7.99,4.6,332,Budget (<$20),Excellent (4.5-5),0.3601919035264447,Supershieldz,1.733188720173536
B01FWKIEE6,"2 Pack 2 x RCA Male, 1 X 3.5mm Stereo Female, Y-Cable 6 Inch, CNE63102",5.19,4.5,172,Budget (<$20),Good (4-4.5),0.3500991404925138,2,1.1507760532150777
B01FWL1GMW,Canon EOS Rebel T6 Digital SLR Camera (Body Only) Wi-Fi Enabled - International Version,,4.6,76,,Excellent (4.5-5),0.36004348267215514,Canon,
B01FWNSXJO,"Sony ICDUX560BLK Digital Voice Recorder 1"" Black",189.99,4.6,1952,Mid-High ($100-200),Excellent (4.5-5),0.36113112924499585,Sony,41.2125813449024
B01FWO2CXG,"JAM Xterior Plus Rugged Wireless Bluetooth Speaker, Floats on Water, Dust Proof, Drop Proof, Waterproof, IP67 Rating, Integrated Screw Mount for Bike, HXP570",,3.9,33,,Average (3.5-4),0.29001855260678616,JAM,
B01FWO2E8E,"JAM Xterior Max Rugged Wireless Bluetooth Speaker, Dust Proof, Drop Proof, Waterproof, IP67 Rating, Integrated USB Port, Backup Charger For iPhone, Android, Screw Mount For Bike, HX-P950",,3.6,32,,Average (3.5-4),0.26001797283782413,JAM,
B01FWO34JM,"Acer Aspire XC Compact Desktop (Intel Dual-Core Processor up to 2.16GHz, 4GB RAM, 500GB Hard Drive, DVDRW, HDMI, USB 3.0, Windows 10 Home) (Renewed)",,3.3,77,,Below Avg (3-3.5),0.2300440624411172,Acer,
B01FWOR650,LG Electronics Magic Remote Control Audio/Video Remote Control (AN-MR650),,4.4,536,,Good (4-4.5),0.3403101763947068,LG,
B01FWORL1Y,Web Power Switch 7 with HD Power Supply & Cord,,4.1,33,,Good (4-4.5),0.3100185526067862,Web,
B01FWOURM4,"JAM HX-P480BK Xterior Rugged Wireless Bluetooth Speaker, Black",,3.5,31,,Below Avg (3-3.5),0.25001739306886206,JAM,
B01FWRFOLA,"ELAC Uni-fi UB5 Bookshelf Speaker with Blemished Concentric Driver (Black, Pair)",,4.2,24,,Good (4-4.5),0.32001333468612764,ELAC,
B01FWRFQRM,"Satechi Apple MFi Certified 8-Pin USB Charging Cable - Compatible with iPhone X, 8 Plus, 8 and more",,3.5,16,,Below Avg (3-3.5),0.25000869653443103,Satechi,
B01FWTFTSQ,"Husky Mounts Full Motion Wall Mount Bracket & Arm, Fits Most 32"" - 42"" Flat Screens, Swivels Right Left 180 Degrees, Adjustable Tilt, One Person Installation, Hardware Included",,4.6,548,,Excellent (4.5-5),0.36031713362225154,Husky,
B01FWUFBX8,"Dell Latitude E6430 14.1-Inch Business Laptop (Intel Core i5 up to 3.3GHz, 8GB RAM, 256GB SSD, DVD RW, HDMI, Windows 10 Professional) (Renewed)",239.99,3.2,24,High ($200-500),Below Avg (3-3.5),0.2200133346861276,Dell,74.76323987538942
B01FWXZE1E,10 PCS Hot Shoe Cover Protector Cap for Canon Nikon Olympus Pentax DSLR SLR,,4.4,193,,Good (4-4.5),0.3401113156407172,10,
B01FWY7Q96,"Fomito Godox 2.4G Wireless XTR-16 Remote Control Flash Receiver for X1C X1N XT-16 Transmitter Trigger AD360 AD180,DE,DP,QT,QS,Gemini GS,GT,Quicker, Quicker D Series Studio Flashes",,2.6,7,,Poor (<3),0.16000347861377245,Fomito,
B01FX0ZQDW,UOKOO Bullet camera-720P HD IP Camera Weatherproof Surveillance Network Camera with Night Vision-Motion Detection Outdoor Security Camera with Built-in 8G SD Card H03,,2.5,22,,Poor (<3),0.15001217514820347,UOKOO,
B01FX13UUW,StarTech.com Gigabit Single-Mode Fiber Ethernet Media Converter - SC - 15km - 1000Mbps Copper-to-Fiber Media Converter (MCMGBSC15),358.0,4.5,12,High ($200-500),Good (4-4.5),0.35000637745858276,StarTech.com,79.37915742793793
B01FX1DRPA,"❤ HITRENDS Power Strip 3 AC Outlets with 3 USB Charging Ports Extension Cord 1250W/10A for iPhone 7 6 6S Plus iPad Samsung HTC LG Tablets Laptop (6ft, White)",,4.4,143,,Good (4-4.5),0.34008232719261383,❤,
B01FX22B74,BULL-TECH RI04 RI06XL Laptop Battery for HP 805294-001 811063-421 805047-851 P3G15AA HSTNN-DB7B HSTNN-PB6Q; ProBook 450 455 470 G3 Envy 15-Q001TX Series Notebook Batteries,,4.1,137,,Good (4-4.5),0.3100788485788413,BULL-TECH,
B01FX2R6UG,Godox Mount to Bowens Mount Adapter for Godox AD600 AD600M Strobe Flash,,3.4,14,,Below Avg (3-3.5),0.24000753699650687,Godox,
B01FX3QZCK,luggage bag from oflamn (g),,4.1,306,,Good (4-4.5),0.3101768295334309,luggage,
B01FX5YXV8,"SoundPEATS True Wireless Earbuds 5.0 Bluetooth Headphones in-Ear Stereo Wireless Earphones with Microphone Binaural Calls, One-Step Pairing, 35 Hours, Upgraded TrueFree Plus",,3.3,101,,Below Avg (3-3.5),0.23005797689620686,SoundPEATS,
B01FX7WMXW,Brocraft Universal Portable Transducer Bracket + Fishfinder Mount.,,4.0,280,,Average (3.5-4),0.3001617555404172,Brocraft,
B01FXEDRRA,"DROK® TDA7498E 2X160W Dual Channel Audio Amplifier Board, Support BTL Mode 1X220W Single Channel, DC 24V Digital Stereo Power Amp Module for Car Vehicle Computer Speaker DIY",,3.2,12,,Below Avg (3-3.5),0.22000637745858279,DROK®,
B01FXEGHWC,Exxact Parts Solutions® Laptop Replacement Battery AS09A31 for Acer Aspire 5532 5517 5516 4732z 4732 5332 5732 AS09A61 AS09A56 AS09A71,,4.4,118,,Good (4-4.5),0.34006783296856213,Exxact,
B01FXESSII,Neewer® NW-16 10-Piece 17mm Disposable Sensor Cleaning Swab Cleaning Kit for APS-C Frame (CCD/CMOS) Digital Camera Sensor,,4.2,32,,Good (4-4.5),0.3200179728378242,Neewer®,
B01FXFXCVA,"J-DEAL Portable Ultra Slim External Slot USB 3.0 CD-RW, DVD-RW Drive Player Writer Burner for Laptop / Desktop",,3.7,95,,Average (3.5-4),0.27005449828243444,J-DEAL,
B01FXG73Z0,"Video Camcorder, Besteker Portable 1080P HD Camera DV 3.0 Inches Touch Screen Remote Control External Battery Microspur Recording Camcorders (HDV-F5)",,4.0,25,,Average (3.5-4),0.3000139144550897,Video,
B01FXGQ2KC,AKK TS832+RC832 5.8G 2000M Range FPV Audio Video Transmitter and Receiver for FPV Drone,29.99,4.2,211,Low ($20-50),Good (4-4.5),0.3201217514820345,AKK,7.123515439429928
B01FXGVXJ2,"VANCLE Fitbit Alta Bands, Newest Adjustable Replacement Bands for Fitbit Alta/Fitbit Alta Band/Fitbit Alta Bands (with Metal Clasp, No Tracker), Blush Pink, Small",,4.0,288,,Average (3.5-4),0.30016639369211373,VANCLE,
B01FXGVXN8,"Vancle Fitbit Alta Bands, Newest Adjustable Replacement Bands for Fitbit Alta/Fitbit Alta Band/Fitbit Alta Bands (with Metal Clasp, No Tracker), Blue, Small",,4.2,108,,Good (4-4.5),0.3200620352789414,Vancle,
B01FXIO8DI,Power on Off Volume Button Silent Switch Flex Cable Replacement for IPad 2 2011 Version,,3.9,67,,Average (3.5-4),0.2900382647514965,Power,
B01FXPZ0NI,Samsung UN55KU7000 55-Inch 4K Ultra HD Smart LED TV (2016 Model),,4.0,301,,Average (3.5-4),0.30017393068862064,Samsung,
B01FXPZC22,Samsung UN65KS9000 65-Inch 4K Ultra HD Smart LED TV (2016 Model),2999.99,3.4,125,Premium (>$500),Below Avg (3-3.5),0.2400718913512965,Samsung,879.7624633431085
B01FXU61HW,10 Pair for Amass XT60H Upgraded Version XT60 Connectors with Covers Male Female Power Plug with Sheath for Lipo Battery RC Planes Cars,,4.6,152,,Excellent (4.5-5),0.36008754511327234,10,
B01FY2OQEY,Egoway 24W 15V 1.6A AC Adapter Charger fit Microsoft Surface Power Adapter Model 1735,,2.9,29,,Poor (<3),0.1900162335309379,Egoway,
B01FY89PY4,ViewTV All in One Free Television Bundle with AT-163 Digital TV Converter Box with Recording PVR Function and 150 Mile Outdoor Amplified Antenna with 360° Rotation,,4.0,152,,Average (3.5-4),0.3000875451132724,ViewTV,
B01FYB3VNM,DELIGHTBOX Plastic White Poker Chips (1-Pack of 200),9.99,4.0,77,Budget (<$20),Average (3.5-4),0.30004406244111725,DELIGHTBOX,2.491271820448878
B01FYB4LX6,"EdgeStar 13,500 BTU Portable Air Conditioner",,4.2,80,,Good (4-4.5),0.32004580174800346,EdgeStar,
B01FYDUDJ0,"EVGA 750 BQ, 80+ BRONZE 750W, Semi Modular, 5 Year Warranty, Includes FREE Power On Self Tester, Power Supply 110-BQ-0750-V1",99.99,4.6,2146,Mid ($50-100),Excellent (4.5-5),0.3612436044236372,EVGA,21.689804772234275
B01FYDXEYG,"ChargerCity Universal Vehicle Dashboard Adhesive Sticky Mount for Garmin Nuvi Drive DriveSmart LM LMT LMTHD 5"" & 6"" Screen GPS (50 51 52 55 56 57 60 61 65 66 67 68)",9.95,3.7,59,Budget (<$20),Average (3.5-4),0.2700336265998,ChargerCity,2.6819407008086253
B01FYPBF18,"VisionTek 4GB DDR3 1333 MHz (PC3-10600) CL9 SODIMM, Notebook Memory - 900449",23.63,4.3,25,Low ($20-50),Good (4-4.5),0.33001391445508965,VisionTek,5.482598607888631
B01FYPBHM0,"VisionTek 8GB (2x4GB) DDR3 1333 MHz (PC3-10600) CL9 DIMM Low Profile Heat Spreader Kit, Desktop Memory - 900398",,4.2,29,,Good (4-4.5),0.320016233530938,VisionTek,
B01FYQG0V2,Set,,4.2,66,,Good (4-4.5),0.32003768498253454,Set,
B01FYSNBRQ,19.5V 3.34A PA-21 Laptop AC Adapter Charger for Dell 1318 1545 1546 1551 1557 1750 XPS M1330 with Octogonal tip,,4.1,61,,Good (4-4.5),0.3100347861377241,19.5V,
B01FYUYAYW,Andoer FD-EOS Adapter Ring Lens Mount for Canon FD Lens to Fit for EOS Mount Lenses,,3.6,100,,Average (3.5-4),0.2600573971272448,Andoer,
B01FYXBKM4,Andoer Metal Conical Snoot with Honeycomb Grid 5pcs Color Filter Kit for Bowens Mount Studio Strobe Monolight Photography Flash,19.99,4.5,450,Budget (<$20),Good (4-4.5),0.35026031626396886,Andoer,4.4323725055432375
B01FYYAMNQ,Kupo Off Camera Flash Alli Clamp (KG302511),59.94,4.5,18,Mid ($50-100),Good (4-4.5),0.3500098560723552,Kupo,13.290465631929047
B01FYYARX6,Kupo 9in Super Viser Clamp (KG603012),,4.5,51,,Good (4-4.5),0.3500289884481035,Kupo,
B01FYYB8PM,Kupo Paper Background Drive Chain Weight (KG084811),6.75,4.6,15,Budget (<$20),Excellent (4.5-5),0.36000811676546896,Kupo,1.4642082429501087
B01FZ0JC76,"DIZA100 PS4 Gaming Headset with Microphone for PlayStation 4, Xbox one,PC-Blue",,3.9,141,,Average (3.5-4),0.2900811676546896,DIZA100,
B01FZ1FIVO,CEARI Leather DSLR Camera Case Bag with Neck Strap for Canon Powershot SX720 SX730 HS Digital SLR Camera - Brown,,4.3,14,,Good (4-4.5),0.3300075369965069,CEARI,
B01FZ5ZEIW,ASUS GP-108 8-Port Gigabit PoE Switch,35.0,4.7,10,Low ($20-50),Excellent (4.5-5),0.37000521792065866,ASUS,7.43099787685775
B01FZ5ZGIU,"ASUS VK228H-CSM 21.5"" Full HD 1920x1080 HDMI 1.0M web cam (Fixed) Monitor",,3.8,71,,Average (3.5-4),0.28004058382734476,ASUS,
B01FZ6JUTK,"ANVISION 4-Pack Active 48V to 12V PoE Splitter Adapter, IEEE 802.3af Compliant, 10/100Mbps, for IP Camera AP Voip Phone and More",27.98,3.9,41,Low ($20-50),Average (3.5-4),0.2900231907584827,ANVISION,7.156010230179029
B01FZ6LFJ8,"Dteck Case for iPad Mini 3/2/1, Slim Fit Folio Stand PU Leather Case [Stylus Slot] Smart Auto Wake/Sleep Cover for Apple iPad Mini 1/ Mini 2/ Mini 3, Cute Elepant",,4.6,3734,,Excellent (4.5-5),0.36216427753540215,Dteck,
B01FZ86SCK,"Samsung Galaxy Tab E 9.6 Case, Leafbook Ultra Slim Folding Stand Cover Case for Samsung Tab E Wi-Fi/Tab E Nook/Tab E Verizon 9.6 Inch(SM-T560 / T561 / T565 / T567V), Composition Book",,4.5,325,,Good (4-4.5),0.35018784514371026,Samsung,
B01FZLHUQA,"Samsung Tab A 7.0 inch Case, tab A 7 inch Cover,Valkit Slim fit Protective Leather Stand case Cover Folio for Samsung Galaxy tab A 7-7.0 inch Tablet 2016 Release (SM-T280 / SM-T285) Black",,4.3,17,,Good (4-4.5),0.3300092763033931,Samsung,
B01FZMOTFY,Boogie Board jot 4.5 LCD eWriter clear view,,3.8,118,,Average (3.5-4),0.280067832968562,Boogie,
B01FZNMJSC,"CybertronPC Electrum QS-A6 Gaming Desktop - AMD A6-7400K 3.50GHz Dual-Core Processor, 16GB DDR3 Memory, AMD Radeon R5 Graphics, 1TB Hard Drive, Microsoft Windows 10 Home 64-Bit",,3.5,105,,Below Avg (3-3.5),0.25006029597205515,CybertronPC,
B01FZP1UY4,"Logitech M325 Mouse, Wireless Cocktail, (Cocktail)",19.99,4.6,187,Budget (<$20),Excellent (4.5-5),0.36010783702694477,Logitech,4.336225596529284
B01FZPDYL6,"KODAK Premium Memory Card 64GB, 85MBs Read Speed, 25MBs Write Speed for Full HD Video and High-Resolution Pictures, Compatible with SDHC and SDXC Standards - EKMSD64GXC10K",14.99,4.0,174,Budget (<$20),Average (3.5-4),0.3001003000304379,KODAK,3.7381546134663344
B01FZW95X0,LUŽID X2 Brass 77mm to 82mm Step Up Filter Ring Adapter 77 82 Luzid,14.95,3.5,32,Budget (<$20),Below Avg (3-3.5),0.2500179728378241,LUŽID,4.2592592592592595
B01G055WT2,"CHIULOIAN Aux Cord for iPhone,3.5mm Aux Cable for iPhone 7/X/8/8 Plus/XS Max/XR to Car Stereo or Speaker or Headphone Adapter, Support The Newest iOS 11.4/12 Version or Above (CABLE2)",,4.4,53,,Good (4-4.5),0.34003014798602765,CHIULOIAN,
B01G065K0M,"Western Digital RE4-GP WD2003FYPS 2TB Intellipower 64MB Cache SATA 3.0Gb/s 3.5"" (Enterprise Grade) Internal Hard Drive - [Certified Refurbished] w/ 1 Year Warranty",,3.8,106,,Average (3.5-4),0.2800608757410172,Western,
B01G06G2RW,"Western Digital Caviar SE (WD2500JB) 250GB 8MB Cache 7200RPM IDE / ATA-100 0PATA) 3.5"" Internal Desktop Hard Drive - [Certified Refurbished] w/1 Year Warranty",,4.0,32,,Average (3.5-4),0.30001797283782417,Western,
B01G08MGCA,"E-KYLIN Vehicle Car Auto Side View Camera, 360 Degree Angle Adjustable Side Mirror Flush Mount Camera, Mirror Image w/o Grid Lines, 22.5mm Hole Saw - Pack of 2",,4.0,43,,Average (3.5-4),0.30002435029640695,E-KYLIN,
B01G0I0ZZK,Glarks 635Pcs Connector Housing Male/Female Pin Connector 40 Pin 2.54mm Pitch Pin Headers and 10 Wire Rainbow Color Flat Ribbon IDC Wire Cable Compatible with Dupont Connector Assortment Kit,12.98,4.3,229,Budget (<$20),Good (4-4.5),0.33013218732335164,Glarks,3.0116009280742464
B01G0MF1WI,Hangman 6in. Bar Speaker Hanging Kit (ASM6-2),,4.3,25,,Good (4-4.5),0.33001391445508965,Hangman,
B01G0Q9O5E,Hangman Products S2040A No Stud TV Hanger Mount TVs up to 55-Inch (Pack of 2),48.7,4.7,183,Low ($20-50),Excellent (4.5-5),0.37010551795109653,Hangman,10.339702760084926
B01G0TENG6,LUŽID X2 95mm ND1000 MC Filter Schott B270 Glass Brass Frame ND 3.0 Multi-Coated 95 Luzid,,3.3,6,,Below Avg (3-3.5),0.23000289884481032,LUŽID,
B01G0WTIJ0,BOSS Audio Systems BASS1600 1600 Watt Low Profile Amplified 10 Inch Subwoofer with Remote Subwoofer Control,,3.7,46,,Average (3.5-4),0.2700260896032931,BOSS,
B01G0WTZDO,"BOSS Audio Systems BVB9376RC Double Din, Touchscreen, Bluetooth, DVD CD MP3 USB SD AM FM Car Stereo, 6.5 Inch Digital LCD Monitor, Wireless Remote, Rear License Plate Mount Camera Included",,4.0,70,,Average (3.5-4),0.30004000405838277,BOSS,
B01G15TGCU,KAMISAFE SD/TF Memory Card Case Holder Protector (Black),,3.7,41,,Average (3.5-4),0.27002319075848275,KAMISAFE,
B01G16WKYA,Masione Replacement Microsoft Surface Charger 48W 12V 3.6A for Microsoft Surface Pro and Surface Pro 2 10.6 Windows 8 Tablet,,4.1,110,,Good (4-4.5),0.31006319481686545,Masione,
B01G17UTHO,"Charger for Garmin Vivosmart HR/HR+, Replacement Charging Cable Cord for Garmin Vivosmart HR/HR+ Activity Tracker [3.3ft/100cm]",6.99,4.7,1246,Budget (<$20),Excellent (4.5-5),0.37072181235777546,Charger,1.4840764331210192
B01G186K12,HP ENVY 32-Inch QHD Media Display with Bang & Olufsen Speakers,,4.0,110,,Average (3.5-4),0.3000631948168655,HP,
B01G1DL68E,"TechRise HDMI to VGA, Gold Plated High-Speed 1080P Active HDTV HDMI to VGA Adapter Converter Male to Female with Audio and Mirco USB Charging Cable",,4.5,409,,Good (4-4.5),0.350236545736524,TechRise,
B01G1IAUAY,Hermitshell Hard Travel Case for Logitech C920 960-000767 USB HD Pro Webcam,9.99,4.7,67,Budget (<$20),Excellent (4.5-5),0.3700382647514966,Hermitshell,2.121019108280255
B01G1JDS9S,"YELANGU S60T Carbon Fiber Handheld DSLR Camera Stabilizer, Black",,4.0,132,,Average (3.5-4),0.300075949734031,YELANGU,
B01G1MT2OK,"Maxace Case Fit iPad Pro 9.7 Case with Apple Pencil Holder, Slim Smart Tri-Fold PU Leather Stand Cover with Auto Wake/Sleep Compatible with Apple iPad Pro 9.7 inch 2016 Tablet - Black",,4.0,24,,Average (3.5-4),0.3000133346861276,Maxace,
B01G1OQN2W,"MOTONG LCD Tempered Glass Screen Protector for Canon EOS 5D Mark II 5DM2 DSLR,9 H Hardness,0.3mm Thickness,Made from Real Glass (Tempered Glass)",,4.3,83,,Good (4-4.5),0.33004754105488965,MOTONG,
B01G1PB272,"MOTONG Canon EOS M3 M10 100D Screen Protector LCD Tempered Glass Screen Protector for Canon EOS M3 M10 100D,9 H Hardness,0.3mm Thickness,Made from Real Glass (Tempered Glass)",,4.4,16,,Good (4-4.5),0.3400086965344311,MOTONG,
B01G1PZUK2,BroadLink Universal IR Audio/Video Remote Control (RM MINI3),,4.1,2167,,Good (4-4.5),0.31125577957184064,BroadLink,
B01G1TA90E,DKMUS 2 X Pairs Wire Cable Wiring Harness for Honda Acura Speakers Adapter Connector Adaptor Plug,,4.6,186,,Excellent (4.5-5),0.3601072572579827,DKMUS,
B01G1TBJUS,"AK for Fitbit Alta Bands, Replacement Fitbit Bands for Fitbit Alta/Alta HR with Metal Clasp",,4.2,1306,,Good (4-4.5),0.3207565984954996,AK,
B01G1TBK84,"AK for Fitbit Alta Bands, Replacement Fitbit Bands for Fitbit Alta/Alta HR with Metal Clasp",,4.2,1312,,Good (4-4.5),0.320760077109272,AK,
B01G1TBK98,"AK for Fitbit Alta Bands, Replacement Fitbit Bands for Fitbit Alta/Alta HR with Metal Clasp",,4.2,1313,,Good (4-4.5),0.3207606568782341,AK,
B01G1TMKTM,"Cooper Backlight Executive Keyboard Case for 7, 7.9, 8"" Tablets | Universal 2-in-1 Bluetooth Keyboard & Leather Folio, 7 Color Backlit, 13 Hotkeys",,4.4,1326,,Good (4-4.5),0.340768193874741,Cooper,
B01G1TMOK2,"Cooper Backlight Executive Keyboard Case for 7, 7.9, 8"" Tablets | Universal 2-in-1 Bluetooth Keyboard & Leather Folio, 7 Color Backlit, 13 Hotkeys",,4.4,1327,,Good (4-4.5),0.34076877364370306,Cooper,
B01G1U3PDG,"Cooper Backlight Executive Keyboard Case for 9, 9.7, 10, 10.1, 10.2, 10.5"" Tablets | Bluetooth Keyboard & Leather Folio, 7 Color Backlit with Hotkeys",,4.3,2083,,Good (4-4.5),0.33120707897902685,Cooper,
B01G1Y25F6,Lorex 4 Channel 720p Surveillance System with 1TB HDD and 4 HD 720p Weatherproof Cameras with 120' Night Vision,,4.0,27,,Average (3.5-4),0.3000150739930138,Lorex,
B01G1Z10UG,Kupo Pivoting Boom Arm Clamp (KG601812),,4.4,75,,Good (4-4.5),0.34004290290319317,Kupo,
B01G2613OW,Corsair Vengeance Performance Memory Kit Unbuffered SODIMM 16 DDR3 1866 DRAM CMSX16GX3M2C1866C11 1.35V,,3.9,24,,Average (3.5-4),0.29001333468612756,Corsair,
B01G26U492,"Acer Chromebase AIO Desktop, 23.8"" Full HD, Intel Celeron 3215U, 4GB DDR3L, 16GB SSD, Keyboard, Mouse, Chrome, CA24I-CN",,4.1,87,,Good (4-4.5),0.3100498601307379,Acer,
B01G29XQ30,"Canon PowerShot SX720 HS Digital Camera Case SDC-23 Point & Shoot Digital Camera Case, Black/Grey",,4.2,220,,Good (4-4.5),0.3201269694026931,Canon,
B01G29XSY2,"Nikon COOLPIX A900 Digital Camera Case SDC-23 Point & Shoot Digital Camera Case, Black/Grey",,3.8,56,,Average (3.5-4),0.28003188729291373,Nikon,
B01G2AJ5W0,"HP Pavilion 24-b010 23.8"" All-In-One Desktop (AMD A9-9410, 8GB RAM, 1TB HDD, Windows 10 Home)",,3.4,79,,Below Avg (3-3.5),0.24004522197904135,HP,
B01G2AJ9OE,"HP Pavilion 27-a030 27-Inch All-In-One Desktop (Intel Core i5, 12 GB RAM, 1 TB HD)",,3.5,35,,Below Avg (3-3.5),0.25001971214471036,HP,
B01G2AJAHU,"HP Pavilion 24-a010 23.8"" All-In-One Desktop (Intel Core i5-6400T, 8GB RAM, 1TB HDD, Windows 10 Home)",,3.8,16,,Average (3.5-4),0.280008696534431,HP,
B01G2EMAT6,Bose QuietComfort 25 Acoustic Noise Cancelling Headphones for Android & Apple Devices - Black - Bundle,169.97,4.4,63,Mid-High ($100-200),Good (4-4.5),0.3400359456756483,Bose,38.54195011337868
B01G2I58PU,"Simplistex® - 5x1 HDMI Switcher/Selector W/IR Remote Control - Supports 3D, 1080P, 16 Bit Color",,4.0,140,,Average (3.5-4),0.30008058788572756,Simplistex®,
B01G2J0YEE,Ring Solar Panel,,4.3,389,,Good (4-4.5),0.33022495035728266,Ring,
B01G2JTU3A,Belkin Ultimate Lite Keyboard and Case for iPad Mini 4 (Black) (F5L191ttBLK),,3.9,26,,Average (3.5-4),0.2900144942240517,Belkin,
B01G2MPDCO,Panasonic Lumix Battery & Charger Pack w/SanDisk 32GB SD Card,97.99,4.6,17,Mid ($50-100),Excellent (4.5-5),0.3600092763033931,Panasonic,21.25596529284165
B01G2O77VC,Cable Matters HDMI to VGA Adapter (HDMI to VGA Converter/VGA to HDMI Adapter) in Black,11.99,4.3,3660,Budget (<$20),Good (4-4.5),0.3321213746322091,Cable,2.7819025522041767
B01G2OYDDW,"iXCC Splash Resistant Gaming Mouse and Keyboard Combo with LED Backlight, 4000 FPS, 800/1200 / 1600/2400 DPI, 15G Acceleration, 6 Buttons - Black",,3.9,215,,Average (3.5-4),0.29012407055788264,iXCC,
B01G2S4AMW,Olympus TG-Tracker with 1.5-Inch LCD (Green),,3.8,204,,Average (3.5-4),0.2801176930992999,Olympus,
B01G2VO4I4,Bestview Dp Displayport to DVI Cable 6ft 1.8M Nickel-Plated DP Male to DVI-D 24+1 Male,,3.2,6,,Below Avg (3-3.5),0.22000289884481036,Bestview,
B01G2VO52Y,CAMZON Sportsman Mount Universal Clamp Clip Mount for Gun / Fishing Rod / Bow Fixing for GoPro Hero 5 4 3 2 SJCAM SJ4000 SJ5000 SJ6000 Sports Action Cameras (Black),,4.0,31,,Average (3.5-4),0.3000173930688621,CAMZON,
B01G2XV9MQ,"Solar Charger, Levin 10000mAh LED Emergency Light Dual USB Port Solar Panel Portable Charger Rainproof Multiple Security Protection for iPhone, iPad, iPod, Cell Phone, Tablet, Camera (Orange)",,4.1,57,,Good (4-4.5),0.3100324670618758,Solar,
B01G2XZC56,"RilexAwhile Aluminium Electrolytic Capacitor Kit 25 Values Total 1uF to 2200uF for TV, VCD, Chargers, Adapters, Electronic Toys (125pcs)",13.68,4.5,101,Budget (<$20),Good (4-4.5),0.3500579768962069,RilexAwhile,3.033259423503326
B01G2ZECFU,Bose QuietComfort 3 Wall Charger OEM Genuine QC3,,4.4,60,,Good (4-4.5),0.34003420636876214,Bose,
B01G3134FC,170 degree Car Trunk Handle Backup Camera Rear View HD Camera Night Vision parking camera Reverse Parking Assistance for Audi for VW Tiguan/Golf/Jetta/Passat/Touran/Touareg/Lavida/Sagitar/Caddy,35.99,3.9,647,Low ($20-50),Average (3.5-4),0.2903745307494963,170,9.204603580562662
B01G3459GG,"Dell P1917S 48cm (18.9"") LCD/LED Monitor - Black",199.0,4.6,32,Mid-High ($100-200),Excellent (4.5-5),0.3600179728378241,Dell,43.16702819956617
B01G36CLME,ASUS G751JT 17-Inch Gaming Laptop [2014 model],,4.2,290,,Good (4-4.5),0.32016755323003787,ASUS,
B01G36PTKU,Hermitshell Hard EVA Travle Case Fits Apple Magic/Magic 2 Bluetooth Wireless Laser Mouse and Power Supply,,4.0,16,,Average (3.5-4),0.3000086965344311,Hermitshell,
B01G39A5BU,"6 Outlets Power Strip with 4 USB Ports, NTONPOWER Flat Plug Extension Cord 5 Ft, Overload Protection, Wall Mount, Compact Portable Desk Charging Station for Travel, Home Office, Dorm, Nightstand,White",,4.7,491,,Excellent (4.5-5),0.37028408679141367,6,
B01G3AUK0K,A Pair Black Ear Cushion Replacement Ear Pads Ear Cups For Sony MDR-V150 V250 V300 V100 V200 V400 DR-BT101 ZX100 ZX300 Headphones Headset 70MM,8.88,4.5,1197,Budget (<$20),Good (4-4.5),0.3506934036786341,A,1.968957871396896
B01G3BJOHO,"AKWOX Mechanical Keyboards Switch Tester, keycap Puller, Keyboard Keycap, Cherry MX Switch, O-Ring Sampler Tester Kit",8.99,4.4,516,Budget (<$20),Good (4-4.5),0.3402985810154654,AKWOX,2.0385487528344672
B01G3F6S2Y,"QualGear Durable Universal Sound Bar Bracket for Sound Bars Upto 15Kg/33lbs, Black (Qg-Sb-001-Blk)",12.95,4.5,538,Budget (<$20),Good (4-4.5),0.35031133593263086,QualGear,2.87139689578714
B01G3FXJ5S,ASUS STRIX GeForce GTX 980 Overclocked 4 GB DDR5 256-bit DisplayPort HDMI 2.0 DVI-I Graphics Card,398.68,4.2,237,High ($200-500),Good (4-4.5),0.32013682547504824,ASUS,94.69833729216153
B01G3FXTIU,ASUS GTX950 2G GDDR5 PCI Express 3.0 HDCP Ready SLI White Shroud Video Graphics Cards GTX950-2G,598.86,4.5,150,Premium (>$500),Good (4-4.5),0.35008638557534827,ASUS,132.7849223946785
B01G3FXX1I,ASUS GeForce GTX 750Ti GDDR5 2GB Graphics Card GTX750TI-OC-2GD5,189.99,4.4,935,Mid-High ($100-200),Good (4-4.5),0.34054150421057217,ASUS,43.08163265306123
B01G3FY0LU,ASUS Graphics Cards GT730-SL-1GD3-BRK,138.02,3.9,35,Mid-High ($100-200),Average (3.5-4),0.29001971214471034,ASUS,35.2992327365729
B01G3FY3SU,ASUS Graphics Cards GT720-2GD3-CSM,,3.5,40,,Below Avg (3-3.5),0.25002261098952067,ASUS,
B01G3FYP2Y,ASUS Graphics Cards R5230-SL-1GD3-L,128.86,4.0,46,Mid-High ($100-200),Average (3.5-4),0.30002608960329313,ASUS,32.13466334164589
B01G3HJYUU,ACEMAX Original IR Replacement Remote Controller for Android TV Box MXQ M8 MXQ PRO M8N M8S M8C M10 M12 M12N M12S X96 T95M T95N T95X MX9 H96 H96 pro+ X96 Mini X96S X96 MAX XBMC Streaming Media Player,10.99,4.3,230,Budget (<$20),Good (4-4.5),0.3301327670923137,ACEMAX,2.5498839907192576
B01G3J1I5M,"Avantree Leaf Class 1 Long Range USB Bluetooth Audio Adapter for PS4 PS5 PC Laptop Mac Linux Switch, USB Audio Dongle for Headphones Speakers Only, Plug and Play, aptX Low Latency",24.99,4.1,3834,Low ($20-50),Good (4-4.5),0.312222254431609,Avantree,6.080291970802921
B01G3O2VRQ,Car Phone Mount - Cell Phone Holder for Your iPhone | Recommended for The Nexar Dash-cam App,,3.7,107,,Average (3.5-4),0.2700614555099793,Car,
B01G3R7858,"AMALINK VGA to HDMI Adapter, 1080P VGA Male to HDMI Female Converter for Laptop/Destop",,3.9,165,,Average (3.5-4),0.29009508210977925,AMALINK,
B01G3RAJI6,Tobii Eye Tracker EyeX Gaming Peripheral,,3.8,31,,Average (3.5-4),0.28001739306886203,Tobii,
B01G3WHM9A,ChoGath 10.2 Inch 2G RAM Android 9.0 Car Audio GPS Navigation for Honda Accord 7 2003-2007 Head Unit with 1080P Video Bluetooth Mirror Link,,3.8,73,,Average (3.5-4),0.28004174336526894,ChoGath,
B01G3XH4LK,"Perixx PERIBOARD-518 Wired Trackball Keyboard with 2 USB Hubs, X Type Scissor Keys, Build-in 0.75 Inch Trackball with Pointing and Scrolling Function, Black, US English Layout (11220)",,3.4,139,,Below Avg (3-3.5),0.24008000811676547,Perixx,
B01G3XXFK4,Genuine MAG 254 W1 Model Set-TOP-Box with 150Mbps Built-in WiFi by INFOMIR,,3.6,51,,Average (3.5-4),0.26002898844810346,Genuine,
B01G3YA1Q4,"Meagoes Fast Dual USB C Ports Car Charger Adapter (4.8A / 24W), Compatible with Samsung Note 9, Note 8, Note7, Galaxy S9 Plus, S9, S8 +, S8, S7, LG,HTC and More [Space Gray]",,3.6,58,,Average (3.5-4),0.26003304683083794,Meagoes,
B01G3ZOPY2,"Alfa U24N Wi-Fi Adapter – 802.11 b/g/n 150Mbps USB Long Range External Wi-Fi Receiver w/Powerful 5dBi Gain Antenna – Compatible with PC, Mac & Linux",,3.5,25,,Below Avg (3-3.5),0.25001391445508964,Alfa,
B01G40WY4Y,"BlueBeach 40.5mm Lens Cap - Snap on Clip on with String for Camcorders, Cameras - Canon, Nikon, Olympus, Panasonic, Pentax,Samsung, Sony, Leica etc",,4.3,116,,Good (4-4.5),0.3300666734306379,BlueBeach,
B01G40WYMQ,BlueBeach® EW-63C Replacement Lens Hood for Canon EF-S 18-55mm f/3.5-5.6 is STM and EF-S 18-55mm f/4-5.6 is STM (Not Compatible with Other Lens Model),,4.0,128,,Average (3.5-4),0.30007363065818277,BlueBeach®,
B01G42BMB8,"HYNIX - IMSOURCING SK 4GB DDR3 SDRAM Memory Module - for Desktop PC, Workstation - 4 GB - DDR3-1600/PC3L-12800 DDR3 SDRAM - 1600 MHz - CL11-1.35 V - Non-ECC - Unbuffered - 240-pin - DIMM",21.96,4.7,208,Low ($20-50),Excellent (4.5-5),0.3701200121751482,HYNIX,4.662420382165605
B01G43VFBY,"Asus Rog G752Vl-Uh71T 17.3-Inch Fhd Touchscreen Gaming Laptop (Intel I7-6700Hq (Sky Lake), 24Gb Ram, 256Gb Ssd + 1Tb HDD Drive, Nvidia Geforce GTX 965M, Windows 10), Copper Titanium",,3.4,48,,Below Avg (3-3.5),0.2400272491412172,Asus,
B01G44GKDG,"Theater Solutions by Goldwood 5.1 Speaker System 5.1-Channel Home Theater Speaker System, Black (TS521)",,3.6,15,,Average (3.5-4),0.260008116765469,Theater,
B01G45T6O0,TotalMount Cable Manager Compatible With Echo Plus - Not compatible with the smaller 2nd generation Echo,,4.1,47,,Good (4-4.5),0.31002666937225515,TotalMount,
B01G47U2Z0,"AC Infinity Turbo Fan Power Adapter, for MULTIFAN Series USB Fans",8.99,4.7,1015,Budget (<$20),Excellent (4.5-5),0.37058788572753765,AC,1.9087048832271762
B01G49FYGK,HP 8100 Desktop Computer Intel i5 3.2GHz Processor 8GB Memory 1TB HDD Genuine Windows 10 Professional (Renewed),104.81,4.0,1349,Mid-High ($100-200),Average (3.5-4),0.30078152856086854,HP,26.13715710723192
B01G49U3DY,Kenuco 4U 19 Inch Hinged Extendable Wall Mount Bracket Network Equipment Rack,,4.8,27,,Excellent (4.5-5),0.38001507399301376,Kenuco,
B01G4AXIGM,"DuraForce XD Case, Wireless ProTECH Case for Kyocera DuraForce XD E6790",11.59,4.5,39,Budget (<$20),Good (4-4.5),0.35002203122055864,DuraForce,2.5698447893569845
B01G4CCGRC,AmScope 4X Plan Achromatic Objective Lens with Knurled Ring,22.99,4.5,88,Low ($20-50),Good (4-4.5),0.3500504398997,AmScope,5.097560975609756
B01G4H8WBQ,Pro Trucker CB Radio Antenna Mount for Freightliner Cascadia Truck - Supports Up to 5' Antennas,28.99,4.5,127,Low ($20-50),Good (4-4.5),0.3500730508892207,Pro,6.427937915742794
B01G4LLSYA,Western Digital AV-GP WD10EURX 1TB IntelliPower 64MB Cache SATA III 6.0Gb/s 3.5in Internal Hard Drive [Renewed]- w/1 Year Warranty,,4.5,584,,Good (4-4.5),0.350338005304886,Western,
B01G4P88M6,Mr.Shield Designed for Samsung Galaxy Tab 2 10.1 10 Inch [Tempered Glass] Screen Protector [0.3mm Ultra Thin 9H Hardness 2.5D Round Edge] with Lifetime Replacement,10.95,4.2,110,Budget (<$20),Good (4-4.5),0.3200631948168655,Mr.Shield,2.6009501187648456
B01G4R1YQ6,"Stanley 31369 PowerHub Tabletop Polarized 3-Outlet Extension Cord, Black",7.99,4.1,62,Budget (<$20),Good (4-4.5),0.3100353659066862,Stanley,1.9440389294403897
B01G4SZ8BM,"Linkidea Headphones Carrying Case Compatible with Sony MDR950BT, WH-700N, WH-710N, B&O H95, H9, H9i, H6 Case, Protective Hard Shell Travel Bag with Cable, Charger Storage (Gery)",15.9,4.5,16,Budget (<$20),Good (4-4.5),0.35000869653443106,Linkidea,3.5254988913525502
B01G4T11XU,"Linkidea Headphones Carrying Case Compatible with Sennheiser HD660s 2, HD579, HD650, HD599, Behringer HPX2000, Protective Hard Shell Travel Bag with Cable, Charger Storage (Dark Grey)",20.99,4.4,13,Low ($20-50),Good (4-4.5),0.3400069572275449,Linkidea,4.759637188208616
B01G4WT1YS,Senitek Solo2 / 3 Replacement Ear Cushion Set (Pair) Designed for Beats Solo2 / Solo3 Wireless Headphone - Red,,3.8,87,,Average (3.5-4),0.28004986013073785,Senitek,
B01G503TWE,Olympus Tough System Bag for Cameras - Black with R Trim (202678),,4.6,108,,Excellent (4.5-5),0.3600620352789413,Olympus,
B01G504UJ0,"KIN&P Ultra High Speed hdmi Cable 6ft 4k HDMI Cables Support Ethernet,3D,4K and Audio Return (ARC) CL3 Function and with 24k Golden Plated Connector - Full Hd [Latest Version]",,4.6,452,,Excellent (4.5-5),0.36026147580189294,KIN&P,
B01G504Y2S,"KIN&P Ultra High Speed hdmi Cable 16ft 4k HDMI 2.0 Cables Support Ethernet,3D,4K,1080p,and Audio Return (ARC) CL3 Function and with 24k Golden Plated Connector -Full Hd [Latest Version]",,4.6,470,,Excellent (4.5-5),0.36027191164321015,KIN&P,
B01G50XEX8,Fujifilm KF 8x32 Roof Prism Binocular,,4.3,21,,Good (4-4.5),0.3300115953792414,Fujifilm,
B01G513DG0,Tendak HDMI to DVI with Audio HDMI to Coaxial HDMI to DVI-I Converter Adapter 1080P for HDTV HD Projector Apple TV Blu-Ray Player PS4,,3.6,16,,Average (3.5-4),0.26000869653443104,Tendak,
B01G51SY50,Fits Audio-Technica ATH-M50x Professional Studio Monitor Headphones Travel Hard EVA Protective Case Carrying Pouch Cover Bag Compact Size by Hermitshell,15.99,4.1,33,Budget (<$20),Good (4-4.5),0.3100185526067862,Fits,3.89051094890511
B01G55FK4Y,Hotyet Gaming Headset 3.5mm for Playstation 4 Over-Ear Headphones with Volume Control Microphone for PS4 Laptop Tablet Mobile Phones,,3.6,23,,Average (3.5-4),0.2600127549171655,Hotyet,
B01G567T9C,"Brainwavz Angled Ear Pads for ATH M50X, M50XBT, M40X, M30X, HyperX, SHURE, Turtle Beach, AKG, ATH, Philips, JBL, Fostex Replacement Memory Foam Earpads & Fits Many Headphones (See List), Pro Black",22.5,4.5,929,Low ($20-50),Good (4-4.5),0.3505380255967997,Brainwavz,4.988913525498892
B01G57S7A6,"G-raphy Camera Bag Insert Waterproof Shockproof DLSR SLR Camera Insert Backpack for Mirrorless Cameras, Lenses, Nikon, Canon, Sony,Panisonic and etc",,4.5,254,,Good (4-4.5),0.3501466815474034,G-raphy,
B01G58QV44,"DJW® 20v 3.25a 65w Charger AC Adapter for adp-65kh b,cpa-a065,pa-1650-37lc,36001651,36001929,36001943,fit G570 B570 B575 G575 B470",,4.5,118,,Good (4-4.5),0.3500678329685621,DJW®,
B01G59IRI6,Goliton Replacement Harness Power Cord Harness Speaker Plug Compatible with Pioneer CDP1269 YDP5039 QDP3013,7.95,4.4,305,Budget (<$20),Good (4-4.5),0.3401762497644689,Goliton,1.8027210884353742
B01G5AA3A0,"Iwonderful Mini USB Metal Table Fan, Personal Dural-tuorbo Desktop Fan with 2 Speed ,Black",,2.9,33,,Poor (<3),0.19001855260678618,Iwonderful,
B01G5AMGR8,[Upgrade] Mini CSR8675 Bluetooth Receiver for Home Stereo Coaxial Optical Audio Adapter Douk Audio B5,,4.1,90,,Good (4-4.5),0.3100515994376241,[Upgrade],
B01G5CLLIQ,"USB 3.0 to HDMI, HD 1080P Video Graphics Cable Adapter Converter for HDTV TV Audio Video Adapter for Windows 10/7/8.1/8/XP [ MAC NO, VISTA NO]",,4.2,114,,Good (4-4.5),0.3200655138927138,USB,
B01G5F8LFY,Final Cut Pro X Backlit Keyboard by Editors Keys | Edit Faster in FCPX,124.84,4.3,32,Mid-High ($100-200),Good (4-4.5),0.33001797283782414,Final,28.965197215777266
B01G5HMNF6,"HappyCell® Universal 7-8"" Shockproof Silicone Stand Cover Case for iPad Air,iPad Mini,Kindle,Q8,Samsung Galaxy Tab,Verizon Asus RCA Google Dragon Touch &Other 7-8inch Tablets(Black)",,3.8,156,,Average (3.5-4),0.28008986418912063,HappyCell®,
B01G5JYN0C,"AOC AGON Gaming Monitor 27"" (AG271QX), QHD 2560x1440, Freesync, 144Hz, 1ms, DisplayPort/HDMI/DVI-D/VGA, Quickswitch Keypad, VESA",,4.4,1040,,Good (4-4.5),0.3406023799515894,AOC,
B01G5JYQW2,"CyberpowerPC Gamer Ultra GUA4100A w/AMD FX-8320 3.5GHz CPU, 16GB DDR3, NVIDIA GTX1070 8GB, 2TB HDD, 24X DVD+-RW & Win 10 Home 64-Bit",,3.3,26,,Below Avg (3-3.5),0.2300144942240517,CyberpowerPC,
B01G5MCRNE,PortaPow USB Charger for AA + AAA Rechargeable Batteries,,4.2,79,,Good (4-4.5),0.3200452219790414,PortaPow,
B01G5MQ63G,2016 Model - HP 27 inch IPS LED Full HD (1080P) Ultrafast Monitor - HDMI - VGA - Natural Silver,399.0,4.3,177,High ($200-500),Good (4-4.5),0.33010203933732407,2016,92.5754060324826
B01G5N6M98,"ZD Talentech Ember Plus High Precision Optical Wired Gaming Mouse Mice for PC(Windows 10/8/7/XP), Linux, Ergonomic Design, Programmable, 7 Buttons, PMW3325 Sensor, MAX 10000 DPI (Shadow)",,3.4,31,,Below Avg (3-3.5),0.24001739306886205,ZD,
B01G5STP1K,Dogxiong Black Back Rear Camera Genuine Really 100% True Glass Lens Cover + Adhesive Fix Replacement Parts for LG Nexus 5X H791 H791 H795,,4.0,92,,Average (3.5-4),0.3000527589755483,Dogxiong,
B01G5XKNKW,Pioneer VSX-531 5.1-Channel AV Receiver with Built-in Bluetooth,,4.2,231,,Good (4-4.5),0.32013334686127587,Pioneer,
B01G5YMIRC,"Asus - X751LAV-SI50501U 17.3"" Laptop - Intel Core i5 - 8GB Memory - 1TB Hard Drive - Black",,3.5,35,,Below Avg (3-3.5),0.25001971214471036,Asus,
B01G5ZJIRY,"Halter 2 Tier Computer Riser, Monitor Riser Stand for Desk, Vented PC Stand, Metal Desk Monitor Riser with Bottom Storage, Black",,4.6,544,,Excellent (4.5-5),0.36031481454640324,Halter,
B01G60TT0O,"BM Premium VW-VBT190 Battery for Panasonic HC-V380, HC-V510, HC-V520, HC-V550, HC-V710, HC-V720, HC-V750, HC-V770, HC-VX870, HC-VX981, HCW580, HCW850, HC-WXF991 Camcorders",27.99,4.2,31,Low ($20-50),Good (4-4.5),0.3200173930688621,BM,6.648456057007126
B01G60YXM8,Garmin vivofit 3 Activity Tracker Belt Clip,,3.8,77,,Average (3.5-4),0.2800440624411172,Garmin,
B01G610DEY,Uniden Bearcat 980 40-Channel SSB CB Radio with 7-Color Digital Display,152.99,4.4,253,Mid-High ($100-200),Good (4-4.5),0.34014610177844135,Uniden,34.69160997732426
B01G61E2DC,"SUNWAYFOTO ET-01 Carbon Fiber Tripod Extension Tube, 22.05lbs Capacity",24.85,4.4,67,Low ($20-50),Good (4-4.5),0.3400382647514966,SUNWAYFOTO,5.634920634920635
B01G628KIY,"BM Premium VW-VBT190 Battery and Battery Charger for Panasonic HC-V800K, HC-VX1K, HC-WXF1K, HCV510, HCV520, HC-V550, HC-V710, HC-V720, HC-V750, HC-V770, HC-VX870, HC-VX981, HC-W580, HC-W850, HC-WXF991",39.99,4.5,111,Low ($20-50),Good (4-4.5),0.3500637745858276,BM,8.866962305986696
B01G62CSP0,"Vivitar Camera Backpack Bag for Sony Canon Fuji Panasonic Nikon DSLR & Mirrorless Digital Camera, Video Camera, Lenses and Photography Accessories - Black Camera Case with Tripod Holder",34.99,4.5,1173,Low ($20-50),Good (4-4.5),0.35067948922354447,Vivitar,7.758314855875832
B01G62GHTI,DJI Phantom 4 Part 27 Shell(Top and Bottom),,4.1,52,,Good (4-4.5),0.3100295682170655,DJI,
B01G62TYKC,Member's Mark 2pk. 9ft. HDMI Cables,13.95,4.4,51,Budget (<$20),Good (4-4.5),0.34002898844810353,Member's,3.1632653061224487
B01G640T0Y,Sony BDPS1700 Wired Streaming Blu-Ray Disc Player (2016 Model) (Renewed),79.99,4.2,611,Mid ($50-100),Good (4-4.5),0.3203536590668619,Sony,19.0
B01G69E69E,"EVGA 500 B1, 80+ BRONZE 500W Power Supply, 3 Year Warranty, Includes FREE Power On Self Tester 100-B1-0500-KR",,4.7,3592,,Excellent (4.5-5),0.37208195034278846,EVGA,
B01G69SA64,"Nupro Kindle Case - Purple (8th Generation - will not fit Paperwhite, Oasis or any other generation of Kindles)",26.99,4.6,1309,Low ($20-50),Excellent (4.5-5),0.36075833780238575,Nupro,5.8546637744034715
B01G6D1J2W,"HP 14-an010nr 14-Inch Laptop (AMD E2, 4GB RAM, 32GB Hard Drive)",,4.1,92,,Good (4-4.5),0.31005275897554824,HP,
B01G6E4UPE,"AOC C3583FQ 35"" VA Curved LED Monitor 2560 x 1080 Res, 21:9,160hz, 300 cd/m2, 4ms,VGA/DVI/(2) HDMI/(2) DP, Spk",,3.6,36,,Average (3.5-4),0.26002029191367243,AOC,
B01G6EB5U2,Conwork 10-Pack 4.0mm x 1.7mm Male DC Power Socket Jack Solder Connector Adapter,8.99,4.4,64,Budget (<$20),Good (4-4.5),0.3400365254446104,Conwork,2.0385487528344672
B01G6EB99E,Conwork 10-Pack 3.5mm x 1.3mm DC Plug Male Solder Power Adapter Straight Connector,7.99,3.7,32,Budget (<$20),Average (3.5-4),0.27001797283782414,Conwork,2.1536388140161726
B01G6EBAKM,Conwork 10-Pack 5.5mm x 2.1mm Male DC Power Plug Jack Solder Connector Adapter,,4.0,57,,Average (3.5-4),0.30003246706187586,Conwork,
B01G6H4I30,"BMOUO iPad Air Case - Kids Case Shockproof Convertible Handle Light Weight EVA Super Protective Stand Cover for Apple iPad Air (iPad 5th Generation - 2013 Release) 9.7-inch Tablet, Blue",,4.2,28,,Good (4-4.5),0.32001565376197594,BMOUO,
B01G6IEC08,Suptig Suction Cup Mount Compatible for Gopro Hero 11 Hero 10 Hero 9 Hero 8 Hero 7 Hero 6 Hero 5 Hero 4 Hero 3+ Hero 3 Hero 2 Gopro Max Hero+ Hero Session and Other Action Cameras (Black),16.99,4.0,224,Budget (<$20),Average (3.5-4),0.30012928847854137,Suptig,4.236907730673317
B01G6KC15E,"Koss Communications USB Headset with Microphone (CS100-USB),White",18.99,4.1,3054,Budget (<$20),Good (4-4.5),0.31177003464119546,Koss,4.62043795620438
B01G6M74NG,"iPad Pro 9.7 Case - Vangoog Smart Case Cover with Trifold Stand for Apple iPad Pro 9.7 Inch 2016 Release Tablet (Auto Wake/Sleep),Navy Blue",,3.8,9,,Average (3.5-4),0.2800046381516965,iPad,
B01G6P2OLK,SODIAL Car Charger Power Cigarette Lighter Female Socket Black w 26cm Cable,,4.3,13,,Good (4-4.5),0.33000695722754486,SODIAL,
B01G6PPTH6,"Power Strip Tower Surge Protector, Retractable Extension Cord with Multiple Outlets, 10 AC Outlets with 4 USB Ports Charging Tower, Multi Plug Outlet Extender Desktop Charging Station for Home Office",31.59,4.7,2618,Low ($20-50),Excellent (4.5-5),0.3715172553737336,Power,6.707006369426751
B01G6QZ7UO,KuGi Asus Zenpad 10 2016 Screen protector - 9H Hardness HD clear Tempered Glass Screen Protector for Asus Zenpad 10 Z300M 2016 tablet [Not fit for Zenpad Z10 ZT500KL Verizon] (Packaging may Vary),,3.2,18,,Below Avg (3-3.5),0.2200098560723552,KuGi,
B01G6R29H2,Cables Direct Online Pack of 3 Snagless Cat5e Ethernet Network Patch Cable Blue 15 Feet,9.9,4.5,218,Budget (<$20),Good (4-4.5),0.35012580986476893,Cables,2.1951219512195124
B01G6RE2DQ,"LANMU 0.96"" I2C IIC SPI Serial 128X64 White OLED LCD Shield Board OLED Module",,3.8,23,,Average (3.5-4),0.2800127549171655,LANMU,
B01G6RMVYS,Cables Direct Online Pack of 5 Snagless Cat5e Ethernet Network Patch Cable Gray 6 Feet,9.95,4.5,112,Budget (<$20),Good (4-4.5),0.35006435435478966,Cables,2.2062084257206207
B01G6RYGDW,"SPARIN Screen Protector, High Definition Tempered Glass Screen Protector for Samsung Galaxy tab e lite 7.0/ Tab 3 Lite 7.0",,3.9,54,,Average (3.5-4),0.2900307277549896,SPARIN,
B01G6S0I7Y,"Markurlife Compatible Brother P Touch Label Tape 12mm TZe TZ Tape 0.47 Inch Laminated Label Maker Tape for Ptouch PT-D210 PT-H110, PT-D400, Black on White/Clear/Red/Blue/Yellow/Green, 6-Pack",,4.5,133,,Good (4-4.5),0.3500765295029931,Markurlife,
B01G6S70OI,"Photography Light Box, Ruittos 32inch Large Photography Light Box Photo Diffuser Soft Box with 4 Color Backgrounds for Product Shot, Jelwery Shoes Toys",,3.7,29,,Average (3.5-4),0.27001623353093795,Photography,
B01G6T1T44,KEYBLU 806-941 MHz UHF Radio Stubby Antenna for Motorola XTS2500 XTS3000 XTS3500 XTS5000 HT1000 HT1250 Two Way Radio (2 pcs),17.59,4.5,79,Budget (<$20),Good (4-4.5),0.35004522197904137,KEYBLU,3.9002217294900223
B01G6UYYV8,"Cloud Mountain 100 Inch Portable Projector Screen 4:3 HD Manual Pull up Projection Screen Floor Projector Screen in Aluminium Case Folding Stand Projection Screen for Home Office Theater, 1.3 Gain",,3.5,18,,Below Avg (3-3.5),0.25000985607235515,Cloud,
B01G6VXH8S,"DJI Phantom 4 4k Gimbal Camera, White (6958265112812)",,4.1,44,,Good (4-4.5),0.31002493006536896,DJI,
B01G6XL6M0,Professional Replacement Earpads with Noise Isolation Memory Foam for Bose QC35 Headphones,,4.5,744,,Good (4-4.5),0.35043076833881703,Professional,
B01G6ZCQV8,"HDMI Extender, MACTIS 492ft HDMI Extender Over Cat5 Cat6 Ethernet Cable Support 1080P with IR Control (up to 150M, Sender + Receiver)",,3.4,48,,Below Avg (3-3.5),0.2400272491412172,HDMI,
B01G70II9Q,Smatree Carbon Fiber Detachable Extendable Floating Pole Selfie Stick Compatible for GoPro MAX/GoPro Hero 11/10/9/8/7/6/5/4/3 Plus/3/Session/GoPro Hero 2018/DJI OSMO Action 2 Camera,48.99,4.5,400,Low ($20-50),Good (4-4.5),0.3502313278158654,Smatree,10.862527716186253
B01G73Z2U6,PolarPro DroneTrekker Backpack for DJI Mavic 2 and Full Frame Cameras,,4.4,128,,Good (4-4.5),0.3400736306581828,PolarPro,
B01G74CJW4,"Hurricane 736504 Bracket, Brown/a",,4.4,118,,Good (4-4.5),0.34006783296856213,Hurricane,
B01G78JRT8,WJPILIS Smart Watch SOS Share Location 5ATM Waterproof Smartwatch Pedometer Sleep Monitor Fitness Tracker SMS Reminder Watch (White/Silver),,3.8,42,,Average (3.5-4),0.28002377052744476,WJPILIS,
B01G79LR22,Kingwin Case Speaker Cable for Computers (CSC-1),,4.0,26,,Average (3.5-4),0.30001449422405174,Kingwin,
B01G7DFGWK,"Magnetic Computer LED Strip Kit, Airgoo 2pcs 15inch PC RGB LED Strip Light, Vibrant LED Computer Lights Using Multi Function RF Remote for Desktop PC Computer Tower, Come with Sata Power Cable (White)",,4.5,595,,Good (4-4.5),0.3503443827634688,Magnetic,
B01G7F300I,"MIYAKO Cabinet Speaker Corners Protector 2"" inches - Stackable Heavy Duty ABS Plastic Box Protector Universal Fit Set of 8 (21-802)",8.95,4.5,53,Budget (<$20),Good (4-4.5),0.3500301479860276,MIYAKO,1.9844789356984478
B01G7GQRPC,Canvaslove Rose Pattern Laptop Shoulder Messenger Bag Case Sleeve for 14 Inch 15 Inch 15.6 inch Laptop,,4.2,37,,Good (4-4.5),0.32002087168263454,Canvaslove,
B01G7HS7LS,ZSZCXD Clip for Alta,,3.8,95,,Average (3.5-4),0.2800544982824344,ZSZCXD,
B01G7J097Q,Celestron - PowerTank Lithium Telescope Battery – Rechargeable Portable 12V Power Supply for Computerized Telescopes - 10 hour capacity/86 Wh - Red/White LED Flashlight - 2 USB Ports,166.49,4.6,517,Mid-High ($100-200),Excellent (4.5-5),0.3602991607844274,Celestron,36.114967462039054
B01G7JUKGQ,"BM VW-VBT380 Battery for Panasonic HC-V800K, HC-VX1K, HC-VXF1, HC-WXF1, V510, HCV520, HCV550, HC-V710, HC-V720, HC-V750, HC-V770, HC-VX870, HC-VX981, HC-W580, HC-W850, HC-WXF991, V201, V210, V250 V380",29.99,4.7,52,Low ($20-50),Excellent (4.5-5),0.37002956821706556,BM,6.367303609341826
B01G7KJUOI,Gideon Portable Waterproof Bluetooth Speaker with Suction Cup - 10 Hours Playtime/Built-in Mic (Gold),29.99,4.4,481,Low ($20-50),Good (4-4.5),0.34027828910179303,Gideon,6.800453514739228
B01G7KJV5G,Gideon Portable Waterproof Bluetooth Speaker with Suction Cup - 10 Hours Playtime/Built-in Mic (Pink),29.99,4.5,478,Low ($20-50),Good (4-4.5),0.35027654979490674,Gideon,6.6496674057649665
B01G7KNREM,"LaCie Porsche Design 4TB USB-C Mobile Hard Drive, Silver + 2mo Adobe CC Photography (STFD4000400)",,4.4,122,,Good (4-4.5),0.3400701520444104,LaCie,
B01G7L03OS,Samsung 256GB 95MB/s MicroSDXC EVO Select Memory Card with Adapter (MB-ME256DA/AM),60.5,4.5,165,Mid ($50-100),Good (4-4.5),0.3500950821097793,Samsung,13.414634146341465
B01G7LX88G,[3-Pack] TheCoos Tempered Glass Screen Protector Apple iPhone 8 & iPhone 7,,4.5,5737,,Good (4-4.5),0.35332555476642563,[3-Pack],
B01G7M1HZG,"GOSCOPE HERO3 / HERO3+ / HERO4 RED Filter GOPRO Dive/Snorkel Filter - Laser Cut Contrast Enhancement Glass - Includes RED, Magenta, & Snorkel Glass Lens [FITS 60M OR 40M GOPRO Dive HOUSING]",39.95,4.4,51,Low ($20-50),Good (4-4.5),0.34002898844810353,GOSCOPE,9.058956916099774
B01G7OX9WS,"Gvirtue Lost Remote Control Replacement Compatible with Roku 1, Roku 2, Roku 3, Roku 4, (HD, LT, XS, XD), Roku Express. Do NOT Support Roku Stick, Roku Premiere, Roku Ultra, Roku TV or Roku Game",8.99,4.2,9718,Budget (<$20),Good (4-4.5),0.3256336150044208,Gvirtue,2.135391923990499
B01G7QRV3O,"LimoStudio Photo Studio Equipment Large Carrying Case Bag with Strap for Tripod, Light Stand, Photo Lighting Bundle Kit, 36 inch Length, Padded Protection, Big Cushion Storage, Photography, AGG1916",,3.6,36,,Average (3.5-4),0.26002029191367243,LimoStudio,
B01G7QV56S,Nikon D750 DSLR Camera (Body Only) #1548 (Renewed),1222.94,4.2,85,Premium (>$500),Good (4-4.5),0.3200487005928138,Nikon,290.48456057007127
B01G7X63WM,Akitio Thunder3 Quad (Enclosure Only) - Windows ONLY : Currently not Supported by Mac,,3.0,11,,Poor (<3),0.2000057976896207,Akitio,
B01G7XLDN6,USB Data + Charger/Charging Sync Cable Cord for NWZ-E465 NWZ-E465F Series Sony Walkman MP3 Media Music Player (WMC-NW20MU Model Compatible) - 4 feet Black - Bargains Depot,,4.7,17,,Excellent (4.5-5),0.37000927630339314,USB,
B01G7Z4OEY,Brocraft Marine Universal Electronic Mount/Boat Fish Finder Mount/Electronics Mount,,4.4,150,,Good (4-4.5),0.3400863855753483,Brocraft,
B01G7ZPSVW,ZSZCXD Newest Replacement Wristband with Watch Buckle Design for Fitbit Alta HR and Alta (No Tracker),,4.4,389,,Good (4-4.5),0.34022495035728273,ZSZCXD,
B01G802HGU,"Samsung Galaxy S5 / Note 3 Cable, Getwow 2-Pack 1.5m / 5ft Superspeed USB 3.0 Charge and Data Sync Cable (White)",,4.4,2201,,Good (4-4.5),0.341275491716551,Samsung,
B01G8179P8,CNAweb 24 Port Cat5e 1U Rackmount 110 RJ45 Patch Panel 568A 568B,24.5,4.6,13,Low ($20-50),Excellent (4.5-5),0.36000695722754483,CNAweb,5.314533622559654
B01G82FJ2M,Baofeng Black PTT Earpiece Earphone Headset Mic for Baofeng UV-5X 5R TYT Ham Two-way Radio Walkie Talkie Transceiver,5.99,3.9,255,Budget (<$20),Average (3.5-4),0.2901472613163654,Baofeng,1.5319693094629159
B01G844OOO,Samsung 850 EVO 4TB 2.5-Inch SATA III Internal SSD (MZ-75E4T0B/AM),379.99,3.6,28,High ($200-500),Average (3.5-4),0.2600156537619759,Samsung,105.26038781163436
B01G86538S,"Mailiya PCI-E to USB 3.0 4 Port PCI Express Expansion Card (PCIe Card),Superspeed USB 3.0 Card with 15-Pin Power Connector for Desktops,Super Speed Up to 5Gbps",,4.5,585,,Good (4-4.5),0.35033858507384813,Mailiya,
B01G89CTZ0,"INNTURT Jochui Sling Bag Backpack Pack 13"" 14"" Laptop Bag Satchel Travel Outdoor Festival Bag Gray",23.2,4.0,274,Low ($20-50),Average (3.5-4),0.30015827692664476,INNTURT,5.785536159600998
B01G8BK996,KNACRO DC 12.6V 1A Power Adapter Li-ion Battery Charger 5.5mm x 2.5mm 2.1mm DC Interface Suitable for 11.1V 12.6V 3-String Lithium Battery with LED Indicator,,4.4,46,,Good (4-4.5),0.34002608960329317,KNACRO,
B01G8BPAYK,KNACRO AC-DC 4.2V 1A Adaptor Lithium Battery Charger Suitable for 3.7V 4.2V Single String Polymer Battery Lithium Battery Charger with LED Indicator Full Stop Automatically 5.5mm * 2.5mm 2.1mm Plug,8.99,4.5,72,Budget (<$20),Good (4-4.5),0.3500411635963069,KNACRO,1.9933481152993349
B01G8CGPEI,"Tangkula 1000 pcs 12"" Nylon Plastic Zip Trim Wrap Cable Loop Ties Wire Self Lock 40 lbs (Black)",,3.2,18,,Below Avg (3-3.5),0.2200098560723552,Tangkula,
B01G8GUD6K,6 Ft Long Power Cord for TCL 32S305 28S305 40S305 43S305 49S305 65S405 48FD2700 40FD2700 28S3750 32S3800 Hisense 32H3B1 50H8C 43H7C2 43H5C 55US57 roku tv VIZIO D24-D1 D39h-D0 D50-D1 D32-D1 D40u-D1,,4.7,181,,Excellent (4.5-5),0.3701043584131724,6,
B01G8HYA9U,CHUNNUO 50-in-1 Outdoor Sport Camera Accessories Bundle Kit,,3.9,38,,Average (3.5-4),0.2900214514515965,CHUNNUO,
B01G8IFUSY,"Galaxy Tab E Lite Kids Edition 7.0 Glass Screen Protector, (Also Fit Galaxy Tab 3 7.0/ Galaxy Tab 3 Lite Kids) OMOTON Tempered-Glass Protector with [9H Hardness] [Crystal Clear] [Scratch-Resistant]",,4.5,1261,,Good (4-4.5),0.35073050889220647,Galaxy,
B01G8M87KS,"YETOR USB Bluetooth Receiver Adapter,Wireless Audio Adapter Car Kit Music Receiver for Home Stereo/Car Stereo Sound System Speakers with 3.5mm Cable (Aux in)",,3.4,18,,Below Avg (3-3.5),0.24000985607235517,YETOR,
B01G8MT43M,"iPad Pro 9.7 Case, iPad Pro Case, BENTOBEN Magnetic Apple Pencil Holder Kickstand Slim Fit Folio Premium Synthetic Leather Smart Cover with Auto Wake/Sleep Protective Case for iPad Pro 9.7 inch, Black",,4.1,46,,Good (4-4.5),0.3100260896032931,iPad,
B01G8NRL7C,"Boytone BT-326F, 2.1 Bluetooth Powerful Home Theater Speaker System, with FM Radio, SD USB Ports, Digital Playback, 40 Watts, Disco Lights, Full Function Remote Control, for Smartphone, Tablet., Black",78.67,4.3,810,Mid ($50-100),Good (4-4.5),0.3304690330903135,Boytone,18.252900232018565
B01G8NV1PK,"Aorus X7 Pro V5-SL2, 17.3"" IPS Skylake i7-6820HK 16GB RAM 512GB NVMe 1TB HDD Win10 Gaming Laptop",,3.3,9,,Below Avg (3-3.5),0.23000463815169653,Aorus,
B01G8QSPNS,G-Cord In-Ear Earbuds Noise Isolating Stereo Earphones with Mic for 3.5mm Jack Devices,,3.2,151,,Below Avg (3-3.5),0.22008696534431033,G-Cord,
B01G8RHIRQ,"Fomito Godox TT685S TTL 2.4GHz Wireless Master/External AutoFlash Speedlite &X1T-S Transmitter Trigger HSS for Sony A77II A7RII A7R A58 A99 ILCE6000L Cameras, HVL-F60M F43M F32M Flashes",,2.6,12,,Poor (<3),0.1600063774585828,Fomito,
B01G8XVPMY,"AVF P6441 Adaptor Kit for Sony W7 and W8 TVs/10-50, Black",32.72,4.4,110,Low ($20-50),Good (4-4.5),0.34006319481686553,AVF,7.419501133786848
B01G92JRZQ,Factory Radio Add A Amp Amplifier Sub Interface Wire Harness Inline Converter Compatible with Chrysler Dodge Jeep - Select Models,,3.9,124,,Average (3.5-4),0.2900713115823344,Factory,
B01G97AP9S,Ambient Weather AMBIENTCAMHDA Ambientcamhd Outdoor WiFi Wundercam with Free Wunderground Hosting Services,,3.5,33,,Below Avg (3-3.5),0.2500185526067862,Ambient,
B01G97X6T4,Gigabyte Accessory GC-TPM2.0 TPM Module Retail,39.99,3.7,123,Low ($20-50),Average (3.5-4),0.2700707318133724,Gigabyte,10.778975741239893
B01G9AKGQC,"Gvirtue Universal Sound Bar Remote Control Compatible Replacement for Vizio Sound Bar/ Home Theater Sound Bar Remote, Applicable S3820W-C0 S2920W-C0 S3821W-C0 SB3830-C6M SB3831-C6M",,4.0,20,,Average (3.5-4),0.3000110156102794,Gvirtue,
B01G9AZ78E,Directv SWM Approved 2-Way Wide Band Splitter (2-Pack),9.7,4.3,169,Budget (<$20),Good (4-4.5),0.3300974011856275,Directv,2.2505800464037122
B01G9CVKHE,Victrola Wall Mounted Bluetooth Speaker with A/C Adaptor and Built-in Rechargable Battery Mahogany,,3.9,139,,Average (3.5-4),0.29008000811676543,Victrola,
B01G9EZQPE,"5-Piece Ultimate Protection [Ridgeline Series] Case with Built-in Screen Protector for iPad Pro 9.7 (2016) | Drop Protection | Water, Dust, & Scratch Resistant (Lime Green)",,3.3,12,,Below Avg (3-3.5),0.23000637745858274,5-Piece,
B01G9FSFA6,"SafeSleeve EMF Protection Anti Radiation 15-16"" Laptop Case: EMF Blocking, Heat Shielding and Laptop Case with Mouse Pad for 15 to 16 inch laptops (Black)",109.95,4.3,58,Mid-High ($100-200),Good (4-4.5),0.33003304683083795,SafeSleeve,25.510440835266824
B01G9MMKLE,"Vantec USB 3.0 Front Panel with 5.25"" HDD/SSD Bracket (HDA-502H)",12.99,4.5,602,Budget (<$20),Good (4-4.5),0.3503484411462033,Vantec,2.8802660753880267
B01G9MNH6Q,Wasserstein Nest Cam AC Outlet 360 Degree Wall Mount Compatible with Nest Cam & Dropcam Pro (Black),,4.1,1385,,Good (4-4.5),0.310802400243503,Wasserstein,
B01G9N3JLI,"i-UniK Pro 12 Tablet Cover (12.2"") Compatible Model# CT9223W97DK Touchscreen Tablet PC CASE [Bonus Stylus] (Blue)",,4.6,243,,Excellent (4.5-5),0.3601403040888206,i-UniK,
B01G9N3JLS,"i-UniK Pro 12 Tablet Cover (12.2"") Compatible Model# CT9223W97DK Touchscreen Tablet PC CASE [Bonus Stylus] (Cute Pink)",,4.6,243,,Excellent (4.5-5),0.3601403040888206,i-UniK,
B01G9NHNEW,"iPad Pro 12.9 Screen Protector, iXCC 0.3mm Full Cover 9H Hardness Tempered Glass Screen Protector [Anti-Scratch, Anti-Glare] for iPad Pro 12.9 Inch",,4.0,103,,Average (3.5-4),0.30005913643413107,iPad,
B01G9P6DV4,"Newmowa Li-42B Replacement Battery (2 Pack) and Dual USB Charger Kit for Olympus Li-42B/Li-40B,Fujifilm NP-45S and Olympus Stylus 1040 1060 1070 7000 7010 7020 7030 7040 Tough 3000 TG-310 TG-320 VR310",17.59,4.5,318,Budget (<$20),Good (4-4.5),0.3501837867609758,Newmowa,3.9002217294900223
B01G9ZZTCS,"Thankscase Direct Charging Stand for Apple Pencil, Dock Station Build-in Charging Adapter Cable (6FT) for Apple Pencil, Aluminum Stand Let Your Apple Pencil Stand and Charge.(Silver)",,4.4,320,,Good (4-4.5),0.34018494629889995,Thankscase,
B01G9ZZVJY,"Thankscase Direct Charging Stand for Apple Pencil, Dock Station Build-in Charging Adapter Cable (6FT) for Apple Pencil, Aluminum Stand Let Your Apple Pencil Stand and Charge. (Rose Gold)",,4.4,320,,Good (4-4.5),0.34018494629889995,Thankscase,
B01GA05QBG,Universal Remote for Samsung Blu-Ray DVD Player BD-C5500 BD-C6500 BDC6500 BD-C6900 BDC6900 BD-C7500 BDC7500 BD-C5900 BD-C5900/XAA BD-C7900 BD-C6800 BDC5500,10.49,4.4,136,Budget (<$20),Good (4-4.5),0.34007826880987935,Universal,2.378684807256236
B01GA0F0OO,"MagicSky Galaxy J3 Case, J3 (2016) Case, [Shock Absorption] Studded Rhinestone Bling Hybrid Dual Layer Armor Defender Cover for J3, J3 (2016), J3 V, Express Pri/me, Amp Pri/me, Galaxy Sky - Flower",,4.5,890,,Good (4-4.5),0.35051541460727903,MagicSky,
B01GA0IZBO,"DTech USB to Serial Adapter 10 ft, USB to RS232 DB9 Female Cable COM Port with FTDI Chipset Supports Windows 11 10 8 7 Mac Linux",22.98,4.3,166,Low ($20-50),Good (4-4.5),0.33009566187874134,DTech,5.331786542923434
B01GA1ITBO,SaiTech IT 5 Pack (15cm - 6inch) Adjustable Flexible USB 2.0 Male to Female Extension Plug/Socket Adapter Cable - Worlds Shortest USB 2.0 Extension Cable,,4.2,40,,Good (4-4.5),0.32002261098952073,SaiTech,
B01GAEQICS,"Synergy Digital Camera Battery, Compatible with Canon EOS 40D Digital Camera Battery Lithium-Ion (1500 mAh) - Replacement for Canon BP-511 Battery",12.95,4.3,77,Budget (<$20),Good (4-4.5),0.3300440624411172,Synergy,3.0046403712296983
B01GAFTHUC,"USB to USB 3.0 Micro-B Cable 3.3 ft, VCZHS USB 3.0 Cable for Hard Drive USB to Micro B Cable 3.0 for MacBook (Pro), Chromebook Pixel and More",5.99,4.5,495,Budget (<$20),Good (4-4.5),0.35028640586726195,USB,1.3281596452328162
B01GB3ZNN8,Travel Cord Organizer - Electronics Accessories Case & Travel Electronics Organizer(Dark Gray),,4.3,42,,Good (4-4.5),0.3300237705274448,Travel,
B01GB573SO,Akale Mini DisplayPort to HDMI Cable Gold Plated Mini DisplayPort (Thunderbolt Port Compatible) to HDMI HDTV Cable 6ft Black,,3.6,33,,Average (3.5-4),0.2600185526067862,Akale,
B01GB9ZJ3Q,Synology DS416play NAS DiskStation (Diskless),,4.1,105,,Good (4-4.5),0.31006029597205514,Synology,
B01GBITZA0,"USB 3.0 External Blu-ray Burner/Writer with 3D Blu-ray Disc Playback and ODD HDD Interchangeable Case for Apple Mac Pro Air and Other Laptops/Desktops, Windows 10 Compatible-Silver",,3.1,51,,Below Avg (3-3.5),0.21002898844810344,USB,
B01GBN0UD6,CESS 2.5mm Stereo TRS Male to 3.5mm Stereo TRS Female Adapter - 2.5mm Stereo Male to 3.5mm Female (4 Pack),,3.6,26,,Average (3.5-4),0.2600144942240517,CESS,
B01GBT9RC0,CESS DIN Female 5-Pin Jack Socket Connector Panel Mount Soldering - 5 Pin MIDI DIN Socket (LW) (jcx) (4 Pack),6.99,4.2,172,Budget (<$20),Good (4-4.5),0.3200991404925138,CESS,1.660332541567696
B01GBVYAZC,50ft Weather Seal Quad Shield Outdoor 3GHZ RG-6 Coaxial Cable 75 Ohm (Satellite TV or Broadband Internet) Anti Corrosion Brass Connector RG6 Fittings Assembled in USA by PHAT SATELLITE INTL,26.67,4.6,883,Low ($20-50),Excellent (4.5-5),0.3605113562245445,50ft,5.785249457700652
B01GBW7LIE,60ft Weather Seal Quad Shield Outdoor 3GHZ RG-6 Coaxial Cable 75 Ohm (Satellite TV or Broadband Internet) Anti Corrosion Brass Connector RG6 Fittings Assembled in USA by PHAT SATELLITE INTL,29.78,4.3,28,Low ($20-50),Good (4-4.5),0.3300156537619759,60ft,6.909512761020882
B01GBYZOIG,200ft Quad Shield Solid Copper 3GHZ RG-6 Coaxial Cable 75 Ohm (DIRECTV Satellite TV or Broadband Internet) Anti Corrosion Brass Connector RG6 Fittings Assembled in USA by PHAT SATELLITE INTL,89.49,4.7,77,Mid ($50-100),Excellent (4.5-5),0.37004406244111726,200ft,19.0
B01GC555JM,"iPad Mini case for Kids, Feitenn Non-Toxic Light Weight 3D Cartoon Butterfly EVA Shockproof Drop Proof Stand Case for Ipad Mini/Mini 2 / Mini 3/ Mini 4 case (Rose)",14.49,4.7,231,Budget (<$20),Excellent (4.5-5),0.37013334686127586,iPad,3.0764331210191083
B01GC555N8,"Feitenn iPad Mini 5 Case for Kids, iPad Mini Case Cover, 3D Cartoon Butterfly Non-Toxic Lightweight EVA Shockproof Drop Proof Stand Bumper for Ipad Mini 5 / Mini 4 / Mini 3 / Mini 2 / Mini 1 (Purple)",,4.7,232,,Excellent (4.5-5),0.3701339266302379,Feitenn,
B01GC980NQ,"USB Home USB FLASH DRIVE, (Bulk 10 Pack, USB 3.0) 16GB Swivel High Speed USB 3.0 Pendrive Memory Stick, Blue",,3.3,58,,Below Avg (3-3.5),0.2300330468308379,USB,
B01GC9KBUG,"Touch USB lamp light, MECO 10LEDs Flexible usb stick light Gooseneck adjustable USB Light Touch Sensor usb LED Reading light for laptop Notebook keyboard Travelers Camping Hiking Reading Writing",,3.3,27,,Below Avg (3-3.5),0.23001507399301377,Touch,
B01GC9R9V0,"Thankscase Case Compatible with iPad 4th/3rd/2nd, Rotating Case Cover with Hand Strap and Wallet Case.(Rose Gold 2)",,4.4,178,,Good (4-4.5),0.34010261910628625,Thankscase,
B01GCAYTKI,CESS RCA Plug Solder Gold Audio Video Adapter Cable Connector (20 Pack),13.99,4.3,364,Budget (<$20),Good (4-4.5),0.3302104561332309,CESS,3.2459396751740144
B01GCAZIBM,CESS Right Angle Connector RCA Male Plug to RCA Female 90 Degree Elbow (jcx) (4 Pack),6.99,4.7,76,Budget (<$20),Excellent (4.5-5),0.3700434826721552,CESS,1.4840764331210192
B01GCBXD2W,khanka Hard Case Replacement for Logitech Webcam C920/C270/C925/C930e BRIO HD Pro Web cam,18.99,4.7,149,Budget (<$20),Excellent (4.5-5),0.3700858058063862,khanka,4.031847133757961
B01GCCTRNU,Khanka Travel Case for All-New Fire TV with 4K Ultra HD and Alexa Voice Remote | Streaming Media Player,,4.8,122,,Excellent (4.5-5),0.3800701520444103,Khanka,
B01GCE767C,Start Mini Protable USB Mini LCD Screen MP3 Player Support 32GB Micro SD TF Card-Blue,,3.1,70,,Below Avg (3-3.5),0.21004000405838275,Start,
B01GCFFCAY,TUSITA Charger Compatible with Sony Xperia S Tablet SGPT121 SGPT122 SGPT123 SGPT131 SGPT132 SGPT133 - USB Charging Cable 200cm - Tablet PC Accessories,,4.2,150,,Good (4-4.5),0.3200863855753483,TUSITA,
B01GCFOQE2,"SDADI Adjustable Overbed Table with Wheels Laptop Cart Sofa Side Table Laptop Desk Computer Desk for Small Spaces 2.0 Edition, Light Grain",,3.8,32,,Average (3.5-4),0.2800179728378241,SDADI,
B01GCGKDN4,"Monoprice Blackbird 4K 3x1 HDMI 1.4 Switch - Compact, HDCP 2.2, Built-in Equalizer, 4K 30Hz, YCbCr 4:4:4, 18Gbps (Compatible with PS4/5 Xbox Apple TV Fire Stick Roku Blu-Ray Player)",,3.7,32,,Average (3.5-4),0.27001797283782414,Monoprice,
B01GCGWAPS,"AEDILYS 4 Inch Mini USB Fan ,Office Fans with 360 Rotation , (A Free Adapter, Metal Design, Large Air Flow, Quiet Operation) Portable USB Desk Fan Mini Table Fan and Travel Mini Fan (4 Inch, Blue)",,2.8,14,,Poor (<3),0.18000753699650687,AEDILYS,
B01GCIEBRG,"Case for Galaxy S7,Cutebe Shockproof Hard PC+ TPU Bumper Case Scratch-Resistant Cover for Samsung Galaxy S7 2016 Release",,4.4,148,,Good (4-4.5),0.3400852260374242,Case,
B01GCJ1HK4,"ECOOPRO Cable Management Sleeve, 4Pack 20"" Flexible & Durable Cable Organizer with Buckles for PC,TV, Speaker, Home Theater, Home Entertainment Center",,3.7,21,,Average (3.5-4),0.2700115953792414,ECOOPRO,
B01GCKOA16,GoPro Seeker Backpack (All GoPro Cameras) - Official GoPro Accessory,,4.6,351,,Excellent (4.5-5),0.360202919136724,GoPro,
B01GCLAFI2,"Radioddity RD-771 15.6 Inch Whip VHF UHF Dual Band High Gain Antenna, SMA-Female, Compatible with BaoFeng, TYT, WouXun, Yaesu and Kenwood Handhelds Two Way Radio, Black",18.99,4.1,32,Budget (<$20),Good (4-4.5),0.3100179728378241,Radioddity,4.62043795620438
B01GCMTOS8,"Photoolex M800C Powerful Flash Speedlite 580EX II TTL 1/8000s Flash Compatible for Canon 1Ds Mark III, 1Ds Mark II, 1D Mark IV, 1D Mark III EOS 700D 650D and Other Canon Digital DSLR Cameras",,3.6,56,,Average (3.5-4),0.26003188729291377,Photoolex,
B01GCP7EQO,Godox Ving V860II-S 2.4G HSS 1/8000 TTL Li-on Battery V860II Camera Flash Speedlite for Sony A7 A7R A7S A7II A7RII A58 A99 A6000 A6300 Camera,179.0,4.4,111,Mid-High ($100-200),Good (4-4.5),0.34006377458582765,Godox,40.58956916099773
B01GCQHO7W,ZYD Certified Nylon Braided 8 Pin Lightning to USB Cable (2 Pack 6 Feet),,2.5,86,,Poor (<3),0.15004928036177587,ZYD,
B01GCS77TU,"Kootek 118-Inch Cable Management Sleeves with Cable Ties, Neoprene Cable Organizer Cord Cover Wire Hider for TV Computer Office Theater (Black&White, Large)",,4.3,1607,,Good (4-4.5),0.3309311089530822,Kootek,
B01GCWQ80K,Kingston Technology HyperX Predator Black 8GB Kit 3200MHz DDR4 CL16 DIMM XMP Desktop Memory HX432C16PB3K2/8,,4.2,42,,Good (4-4.5),0.32002377052744485,Kingston,
