parent_asin,price,rated,Leaf_Category,Color,Chipset Brand,Operating System,Average Battery Life (in hours),RAM_Size,RAM_Type,Storage_Size,Storage_Type,Screen_Category,Brand_Normalized,Weight_Category
B00007FV2Z,89.95,Well,Traditional Laptops,black,,Mac,,,,,,,Dana,Light
B00H7O3O1O,350.0,Well,2 in 1 Laptops,Sparkling Black,Intel,Windows 8.1,5.5 Hours,4GB,DDR3L,64GB,SSD,Compact,HP,Light
B000FOG604,129.95,Well,Traditional Laptops,Black,Intel,Windows 7,6 Hours,1GB,DDR2,80GB,HDD,Normal,HP,Heavy
B000UDISEW,140.0,Well,Traditional Laptops,Black,Intel,Windows VISTA;,3.6 Hours,1GB,DDR2,160GB,HDD,Normal,Lenovo,Heavy
B001GN5OLK,109.97,Decent,Traditional Laptops,Black,"Intel, nVIDIA",Windows 7,3 Hours,4GB,DDR3,300GB,HDD,Normal,Dell,Heavy
B001U5617K,118.0,Decent,Traditional Laptops,Grey,,Windows XP Professional,,,,,,Normal,Dell,Heavy
B002JM2CB2,249.95,Decent,Traditional Laptops,Silver,Intel,Windows XP;,,1GB,DDR2,40GB,HDD,Normal,Dell,Heavy
B002ONCDJM,792.0,Decent,Traditional Laptops,"black, silver",AMD,Windows 7 Home Premium 64-bit,4.25 Hours,3GB,DDR2,250GB,HDD,Normal,HP,Heavy
B07VC6894J,533.2,Decent,Traditional Laptops,,Intel,Windows 10,5 Hours,8GB,DDR4,128GB,SSD,Normal,Lenovo,Heavy
B002U0P0I0,135.0,Well,Traditional Laptops,,,,,,,,,,Unknown,
B002UIVK0E,139.99,Well,Traditional Laptops,Grey/black,Intel,Windows xp,,2GB,,160GB,HDD,Normal,Dell,Heavy
B002ZOCAMU,299.97,Well,Traditional Laptops,Gray,Intel,Windows 7,7 Hours,,,40GB,HDD,Compact,Toughbook,
B0035RNLWY,115.88,Well,Traditional Laptops,,Intel,Windows XP;,,512MB,DDR2,60GB,HDD,Normal,Dell,Heavy
B003LYVVAK,249.95,Well,Traditional Laptops,,,Windows 7,,,,,,Compact,HP,Light
B003VN2Q5A,139.0,Well,Traditional Laptops,Silver,Intel,Windows 7,,4GB,DDR3,320GB,HDD,Normal,Dell,Heavy
B003O7R6JY,112.89,Decent,Traditional Laptops,Silver,Intel,Windows 7,30 minutes,4GB,DDR3,160GB,HDD,Compact,Dell,Heavy
B003OGPT5S,119.0,Well,Traditional Laptops,,AMD,Windows 7,5.75 Hours,2GB,DDR3,250GB,HDD,Compact,HP,
B003V8SE4W,148.0,Well,Traditional Laptops,Silver,NVIDIA,Windows 7,,4GB,DDR3,250GB,HDD,Normal,Dell,Heavy
B0043Z7VBO,129.0,Well,Traditional Laptops,Silver and Black,Intel,Windows 7 Professional,,8GB,,120GB,SSD,Compact,HP,Heavy
B004BOJMQ4,89.0,Well,Traditional Laptops,Black,Intel,Windows 7 Professional,,2GB,,250GB,SSD,Compact,Dell,Light
B004EWEZKQ,139.95,Decent,Traditional Laptops,3D Black,ATI,Windows 7,,4GB,DDR3,320GB,HDD,Normal,Dell,Heavy
B004GAR91S,499.95,Well,2 in 1 Laptops,128gb ssd,Intel,Windows 8,,4GB,DDR3L,128GB,SSD,Compact,Dell,Heavy
B004RCOO68,158.0,Well,Traditional Laptops,,Intel,Windows 7,,4GB,DDR3,500GB,HDD,Normal,HP,Heavy
B004RCSDY2,169.95,Well,Traditional Laptops,,Intel,Windows 7,,4GB,DDR3,500GB,HDD,Compact,HP,Heavy
B004RCUIQI,129.0,Well,Traditional Laptops,,Intel,Windows 7,,4GB,DDR3,320GB,HDD,Compact,HP,Heavy
B004VC3NM0,111.0,Decent,Traditional Laptops,silver grey,Intel,Windows 7,3 Hours,2GB,DDR2,80GB,HDD,Normal,Dell,Heavy
B004XCWPTK,138.97,Decent,Traditional Laptops,,Intel,Windows XP;,,4GB,DDR2,160GB,HDD,Normal,Dell,Heavy
B004XZMCAY,700.0,Well,Laptops,Foggy Night,Intel,Windows 7,,1GB,DDR3,320GB,HDD,Compact,Dell,Light
B004Y3PYK0,295.97,Decent,Traditional Laptops,,Intel,Windows 7,,8GB,DDR3,128GB,HDD,Compact,Dell,Heavy
B004YIU7J8,299.99,Decent,Traditional Laptops,,Intel,"Windows 8, Other",,4GB,,320GB,HDD,Normal,Lenovo,Heavy
B004Z4Y5QW,117.05,Well,Traditional Laptops,,NVIDIA,Windows 7,,4GB,DDR3,500GB,SSD,Compact,Dell,Heavy
B0050J5PWY,119.95,Decent,Traditional Laptops,Silver,Intel,Windows 10 Pro,4 Hours,4GB,,320GB,HDD,Compact,HP,Light
B00563AX30,79.0,Decent,Traditional Laptops,White,Intel,Chrome OS,8.5 Hours,2GB,DDR3,16GB,SSD,Compact,Samsung,Light
B006KYY0GA,319.19,Well,Traditional Laptops,Black,Intel,Windows 7,,6GB,DDR3,500GB,HDD,Compact,Samsung,Heavy
B007CKOG42,495.97,Decent,Traditional Laptops,Black,Intel,Windows 7,,8GB,DDR4,500GB,HDD,Huge,Dell,Heavy
B007G7CO2C,399.0,Highly,Traditional Laptops,Black,Intel,Windows 7,4.5 Hours,4GB,,500GB,HDD,Normal,Acer,Heavy
B007KPZ9Z4,95.19,Decent,Traditional Laptops,,,Windows XP;,,,,,,Compact,Dell,Heavy
B007PN2L3Y,129.99,Highly,Traditional Laptops,"Grey, Silver",Intel,Windows 7,3 Hours,8MB,DDR3,320GB,HDD,Compact,Dell,Heavy
B00839XQU6,109.0,Well,Traditional Laptops,Silver,Intel,Windows 7 Professional,,8GB,DDR3,250GB,HDD,Compact,HP,Heavy
B008BM21L0,297.95,Well,Traditional Laptops,,Intel,Windows XP Home,,2GB,DDR2,60GB,HDD,Compact,Dell,Heavy
B008ABL2H6,129.0,Decent,Traditional Laptops,,Intel,Windows 7,,4GB,DDR3,320GB,SSD,Compact,HP,Heavy
B008V6TOAC,99.0,Well,Traditional Laptops,,,Windows 7,,,,,,Compact,Dell,Heavy
B0091T2GLC,975.0,Decent,2 in 1 Laptops,"FHD, Iron Gray",Intel,Windows 10,12 Hours,12GB,DDR4,512GB,SSD,Compact,Lenovo,Light
B0092H341O,105.0,Well,Traditional Laptops,Black,Intel,Windows 7,,8GB,DDR3,320GB,HDD,Normal,Dell,Heavy
B009AU2JT6,499.97,Well,Traditional Laptops,Black,Intel,Windows 8,,4GB,DDR3,,SSD,Compact,HP,Light
B009F1JL5A,499.95,Decent,Traditional Laptops,Black,Intel,Windows 8,5.5 Hours,4GB,DDR3,500GB,HDD,Compact,ASUS,Light
B009HPGN00,499.99,Well,Traditional Laptops,Black,AMD,Windows 8,,4GB,DDR3,500GB,HDD,Compact,HP,Light
B009PHTHRG,322.89,Decent,Traditional Laptops,,,Windows 8,,,,,,Normal,HP,
B009RUS452,359.99,Decent,Traditional Laptops,Black,Intel,Windows 8,,4GB,DDR3,500GB,SSD,Normal,ASUS,Heavy
B009T3EYHO,69.99,Highly,Traditional Laptops,Silver,,Chrome OS,6.3 Hours,2GB,DDR3L,16GB,SSD,Compact,Samsung,Light
B009UDYQJ4,24.95,Highly,Traditional Laptops,Black metallic,,Windows Vista or Later,,520MB,,512GB,HDD,,Samsung,Light
B009UESY2I,249.95,Decent,Traditional Laptops,,NVIDIA,Windows 7 Professional,,4MB,DDR3,180GB,SSD,Compact,Lenovo,Heavy
B009Y8QPTY,109.0,Decent,Traditional Laptops,Silver,Intel,Windows 7 Professional,,2GB,DDR2,120GB,HDD,Normal,Latitude,Heavy
B01F1A7S6W,1617.0,Well,Traditional Laptops,,Intel,Windows 10,,8GB,DDR4,1TB,HDD,Normal,ASUS,Heavy
B00AGKRGPQ,124.0,Well,Traditional Laptops,Silver,,Windows 7 Professional,,4GB,DDR3,500GB,HDD,Normal,Latitude,
B00AH4A950,199.0,Decent,Traditional Laptops,,Intel,Windows 8,5.5 Hours,4GB,DDR3,320GB,HDD,Compact,Acer,Light
B00AM7MNII,649.95,Well,Traditional Laptops,Moon Silver,Intel,Windows 8,,6GB,DDR3,750GB,HDD,Huge,Dell,Heavy
B00ANG3T1S,399.99,Well,Traditional Laptops,Silver Anodized Aluminum,,Windows 8,,,,,,Compact,Dell,
B00AQ2DS8S,215.8,Well,Traditional Laptops,Black,Intel,Windows 8,8 Hours,8GB,DDR3,240GB,SSD,Compact,Lenovo,Light
B00ATANVLG,384.53,Decent,2 in 1 Laptops,Gray,Intel,Windows 8,8 Hours,4GB,DDR3,128GB,SSD,Compact,Lenovo,Light
B00ATANVLQ,1195.97,Well,Traditional Laptops,Metal - Dusk Black,NVIDIA,Windows 8,3 Hours,12GB,DDR3,16GB,SSD,Normal,Lenovo,Heavy
B00ATANXCS,799.99,Well,2 in 1 Laptops,Gray,Intel,Windows 8,8 Hours,4GB,DDR3,128GB,SSD,Compact,Lenovo,Light
B00AYA40UC,549.99,Well,Traditional Laptops,Black,,Windows 8,,,,,,Normal,HP,
B00B0EUST8,99.0,Highly,Traditional Laptops,Silver,Intel,Windows 7,,2GB,DDR3,160GB,HDD,Normal,Dell,Heavy
B00B6TMIRC,585.97,Well,Traditional Laptops,Black,Intel,Windows 7,,8GB,DDR3,180GB,SSD,Compact,Lenovo,Light
B00B7K0ZG6,458.5,Decent,Traditional Laptops,Black,Intel,Windows 8,,6GB,DDR3,500GB,SSD,Normal,ASUS,Heavy
B00BB9OXK2,185.94,Decent,Traditional Laptops,Iron Gray,Intel,Chrome OS,4 Hours,4GB,DDR3,320GB,HDD,Compact,Acer,Light
B00BBLEX78,340.7,Well,Traditional Laptops,Black,Intel,Windows 8 Professional x64,10 Hours,4GB,DDR3,180GB,HDD,,Lenovo,Light
B00BBLEYXQ,375.95,Decent,2 in 1 Laptops,Black,Intel,Windows 8,10 Hours,8GB,DDR3,256GB,SSD,Compact,Lenovo,Light
B00BFFAWHK,119.0,Decent,Traditional Laptops,Black,Intel,"Windows 7 Professional x64, Upgradeable to Genuine Windows 8 Pro",,4MB,DDR3,500GB,HDD,Compact,Lenovo,Heavy
B00BFFAY9Q,399.95,Well,Traditional Laptops,Black,Intel,Windows 7 Professional,,4GB,DDR3,500GB,HDD,Normal,Lenovo,Heavy
B00BNRKWMU,168.99,Decent,Traditional Laptops,Silver,Intel,Windows 8 Professional,9.5 Hours,8GB,DDR3,256GB,HDD,Compact,HP,Light
B00BZS9IEA,120.0,Highly,Traditional Laptops,Black,Intel,Windows 8,5 Hours,4GB,DDR3,500GB,SSD,Compact,ASUS,Light
B00COQGI7C,290.0,Decent,Traditional Laptops,,Intel,Windows 8,,6GB,,500GB,HDD,Normal,ASUS,Heavy
B00CPIF63G,120.0,Well,Traditional Laptops,,Intel,Other,5 Hours,2GB,DDR3,320GB,HDD,Compact,ASUS,Light
B00CRJQG4G,399.94,Well,Traditional Laptops,,Intel,Windows 7 Professional,9.1 Hours,4GB,DDR3,500GB,HDD,Normal,Lenovo,Heavy
B00CRGJENO,399.99,Well,Traditional Laptops,Black Matte with Textured Finish,Intel,Windows 8,,6GB,DDR3,500GB,HDD,Normal,Dell,Heavy
B00CRGJJIO,499.0,Decent,Traditional Laptops,Black Matte with Textured Finish,Intel,Windows 8,,8GB,DDR3,500GB,HDD,Normal,Dell,Heavy
B00CRXZSYQ,999.97,Decent,Traditional Laptops,Metal - Dusk Black,NVIDIA,Windows 8,3 Hours,8GB,DDR3,1TB,HDD,Normal,Lenovo,Heavy
B00CU2K6MS,399.99,Decent,Traditional Laptops,Chrome,Intel,Windows 7,6.5 Hours,4GB,DDR3,500GB,HDD,Compact,Acer,Heavy
B00CXFJPJC,79.99,Decent,Traditional Laptops,Sparkling black,Intel,Chrome OS,4.25 Hours,4GB,DDR3L,16GB,SSD,Compact,HP,Light
B00D4B2V90,378.95,Well,Traditional Laptops,,Intel,Windows 7 Professional,,4GB,DDR3,500GB,HDD,Compact,Lenovo,Heavy
B00D6WF80G,149.95,Decent,Traditional Laptops,Iron Gray,Intel,Chrome OS,4 Hours,2GB,DDR3,16GB,SSD,Compact,Acer,Light
B00DHBDY8Y,100.0,Decent,Traditional Laptops,Black,AMD,Windows 8,,4GB,DDR3,500GB,HDD,Compact,ASUS,Heavy
B00DMMPQ3O,599.0,Well,Traditional Laptops,,,Windows 8,,,,,,Normal,Toshiba,
B00DNGRL82,226.83,Decent,Traditional Laptops,Gray,Intel,Other,4 Hours,2GB,DDR3,16GB,HDD,Compact,Acer,Light
B00DQGBABI,395.97,Decent,Traditional Laptops,Black Aluminum,Intel,Windows 8,5 Hours,4GB,DDR3,500GB,SSD,Compact,ASUS,Heavy
B00DXFF6QC,599.99,Well,Traditional Laptops,Dark Gray,NVIDIA,Windows 8,,8GB,DDR3,1024GB,HDD,Huge,ASUS,Heavy
B00DYCKVQY,257.43,Decent,Traditional Laptops,Chill Silver,AMD,Windows 8,3.5 Hours,4GB,DDR3,500GB,HDD,Compact,Acer,Light
B08VDQSTZX,1789.0,Well,Traditional Laptops,9 5900HS | RTX 3060 | Gray,NVIDIA,Windows 10 Home,,16GB,DDR4,1TB,SSD,Normal,Hidevolution,Heavy
B00E7LJJFU,195.0,Well,Traditional Laptops,,MediaTek,Chrome OS,8.5 Hours,4GB,DDR3L,64GB,eMMC,Compact,Lenovo,Heavy
B00E7LX8IO,200.0,Well,Traditional Laptops,,AMD,Windows 7 Professional,,8GB,DDR3,500GB,HDD,Normal,Dell,Heavy
B07WGQWNLF,849.0,Decent,Traditional Laptops,Ceramic White,Intel,Chrome OS,13 Hours,4GB,,128GB,SSD,Normal,HP,Heavy
B00EC4QJAU,140.94,Decent,Traditional Laptops,Silver,AMD,Windows 8,,4GB,,500GB,HDD,Compact,Acer,Light
B00EPGHE0E,1329.99,Well,Traditional Laptops,Blue,Intel,Windows 8,8 Hours,8GB,DDR3,256GB,HDD,Compact,ASUS,Light
B00HKU68RW,360.0,Well,Traditional Laptops,Granite Gray,Intel,Chrome OS,7.5 Hours,4GB,DDR3,16GB,SSD,Compact,Acer,Light
B00EYTI0TG,199.0,Decent,Traditional Laptops,Iron Gray,Intel,Chrome OS,4 Hours,2GB,DDR3,16GB,SSD,Compact,Acer,Light
B00F0RC48E,369.0,Well,Traditional Laptops,Black,Intel,Windows 8,5 Hours,8GB,DDR3,500GB,SSD,Normal,Lenovo,Heavy
B00F0RC4VQ,1295.97,Decent,Traditional Laptops,Dusk Black,NVIDIA,Windows 8,4 Hours,8GB,DDR3,1TB,SSD,Normal,Lenovo,Heavy
B00F32ZB68,349.99,Decent,Traditional Laptops,Black,Intel,Windows 8,4 Hours,4GB,DDR3,500GB,HDD,Compact,Lenovo,Light
B00F3TZCEC,489.99,Well,Traditional Laptops,Dark Gray,,Windows 8,,,,,,Normal,ASUS,
B0161ZDEEQ,259.0,Highly,Traditional Laptops,Silver,Intel,OS X 10.10 Yosemite,12 Hours,4GB,DDR3,128GB,SSD,Compact,Apple,Light
B00FA7YCCU,549.53,Well,Traditional Laptops,Silver,,Windows 7,,,,,,Compact,Panasonic,
B00FE5ZUA6,306.99,Well,Traditional Laptops,Black,Intel,Windows 7,15.25 Hours,4GB,DDR3L,180GB,HDD,Compact,HP,Light
B07WHMB4QL,1199.99,Decent,Traditional Laptops,Black,NVIDIA,Windows 10 Home,"6.0, 4.0 Hours",8GB,,256GB,SSD,Normal,Omen,Heavy
B00FI1FUKG,659.0,Well,2 in 1 Laptops,Silver,,Windows 8,,4GB,DDR4,,SSD,Compact,Lenovo,Light
B00FNPD1VW,97.49,Highly,Traditional Laptops,Granite Gray,Intel,Chrome OS,8.5 Hours,2GB,DDR3L,16GB,SSD,Compact,Acer,Light
B00FU83YWS,300.6,Decent,Traditional Laptops,Black,AMD,Windows 7,6 Hours,4GB,DDR3,320GB,HDD,Normal,Lenovo,Heavy
B00G8VOX7G,444.25,Well,2 in 1 Laptops,sparkling black,Intel,Windows 8,5.5 Hours,4GB,DDR3L,64GB,SSD,Compact,HP,Light
B00GJ1CFZ2,289.0,Well,Traditional Laptops,Black,Intel,Windows 8,,4MB,DDR3,320GB,HDD,Compact,ASUS,Heavy
B00GK6GIM2,436.0,Well,Traditional Laptops,Cold Steel,Intel,Windows 8,,6GB,DDR3,750GB,HDD,Normal,Acer,Heavy
B00GQATWW0,129.0,Well,Traditional Laptops,Black,Intel,Windows 7,7 Hours,4GB,DDR3,500GB,HDD,Compact,Lenovo,Heavy
B00GRG9WKU,122.55,Decent,Traditional Laptops,BROWN,Intel,Windows 7,,4MB,DDR3L,500GB,SSD,Compact,Dell,Heavy
B00GT79B80,159.0,Decent,Traditional Laptops,Silver,,Windows 7 Professional,,,,,,Compact,Dell,
B00GVGIP9A,122.97,Well,Traditional Laptops,,Intel,Windows XP;,,2GB,DDR2,80GB,HDD,Normal,Dell,Heavy
B00GZ1GV3I,97.49,Decent,Traditional Laptops,Granite Gray,Intel,Chrome OS,8.5 Hours,2GB,DDR3L,,SSD,Compact,Acer,Light
B00GZB8D0M,89.5,Decent,Traditional Laptops,Granite Gray,Intel,Chrome OS,8.5 Hours,2GB,DDR3L,16GB,SSD,Compact,Acer,Light
B00HD7IX7K,350.0,Well,Traditional Laptops,Black,NVIDIA,Windows 7 Professional,11.1 Hours,8GB,DDR3L,256GB,HDD,Normal,Lenovo,Light
B0CH2GKPHP,399.99,Highly,Traditional Laptops,Grey,Intel,Chrome OS,,4GB,DDR4,64GB,eMMC,Compact,Acer,Light
B00HQ96JU8,782.63,Decent,Traditional Laptops,Black,Intel,Windows 8,9 Hours,8GB,DDR3,256GB,SSD,Compact,Lenovo,Light
B00HQZGZ38,250.0,Decent,Traditional Laptops,Black,Intel,Windows 8,4 Hours,4GB,DDR3,500GB,HDD,Normal,ASUS,Heavy
B00HRLSS3Q,299.0,Well,Traditional Laptops,Black,Intel,Windows 8,,6GB,DDR3L,750GB,HDD,Normal,Dell,Heavy
B00HRLSSKO,399.0,Decent,Traditional Laptops,,Intel,Windows 8,,4GB,DDR3L,500GB,HDD,Normal,Dell,Heavy
B00HRO2ZP0,799.99,Decent,2 in 1 Laptops,Carbon Fiber,Intel,Windows 8,8.5 Hours,8GB,DDR3L,,SSD,Compact,Dell,Heavy
B00HRO3018,519.97,Well,2 in 1 Laptops,Carbon Fiber,Intel,Windows 8,,4GB,DDR3L,,SSD,Compact,Dell,Heavy
B00HXN8P2C,1000.0,Well,Traditional Laptops,Black,NVIDIA,Windows 8 Professional,12.7 Hours,8GB,DDR3L,240GB,HDD,Compact,Lenovo,Light
B00HZXGC0M,368.98,Decent,Traditional Laptops,Black,Intel,Windows 8,,4GB,DDR4,500GB,HDD,,ASUS,Heavy
B00I52A13Q,299.95,Well,Traditional Laptops,Black,Intel,Windows 7,6 Hours,4GB,DDR3,500GB,HDD,Normal,Lenovo,Heavy
B00I9HU29K,379.0,Well,2 in 1 Laptops,Carbon Black,,Windows 8,,,,,,Compact,Dell,
B00IGEAKO8,107.89,Well,Traditional Laptops,Silver,Intel,Windows 7,,4GB,DDR3,160GB,HDD,Normal,Dell,Heavy
B00IIEKVTK,293.41,Decent,Traditional Laptops,,AMD,Windows 7,6 Hours,8GB,DDR4,120GB,SSD,Normal,Lenovo,Heavy
B00IKL5RDQ,599.95,Well,Traditional Laptops,Black,Intel,Windows 8,9 Hours,4GB,DDR3,128GB,SSD,Compact,Lenovo,Light
B00IMTQ6I6,1087.99,Decent,Traditional Laptops,Alumium Black,NVIDIA,Windows 8,,8GB,DDR3L,1TB,HDD,Huge,MSI,Heavy
B00IQ4E0ZI,899.0,Well,Traditional Laptops,Black,Intel,Windows 8,,8GB,DDR3L,18GB,HDD,Normal,MSI,Heavy
B00IQEA8UE,260.39,Decent,2 in 1 Laptops,Black/ Silver,Intel,Windows 8,,4GB,DDR3L,500GB,HDD,Compact,Lenovo,Light
B00IWDUN6S,559.0,Decent,Traditional Laptops,Black,Intel,Windows 8,,4GB,DDR3,128GB,SSD,Compact,HP,Heavy
B00JF07WE8,197.88,Decent,Traditional Laptops,Jet Black,,Chrome OS,8 Hours,4GB,DDR3L,16GB,SSD,Compact,Samsung,Light
B00JI9HISQ,89.99,Decent,Traditional Laptops,Black,Intel,Chrome OS,10 Hours,4GB,DDR3,32GB,eMMC,Compact,ASUS,Light
B00JI9IOW0,305.95,Well,Traditional Laptops,,AMD,Windows 8,,4GB,DDR3,500GB,HDD,Compact,Lenovo Group Limited,Heavy
B00JW6O9EQ,172.01,Decent,Traditional Laptops,,Intel,Windows 10,4.5 Hours,4GB,DDR3,500GB,HDD,Normal,HP,Heavy
B00JXLGE70,839.0,Well,2 in 1 Laptops,,Intel,Windows 8,5.5 Hours,8GB,DDR3L,256GB,SSD,Compact,Dell,Heavy
B00K4PAP06,349.99,Well,Traditional Laptops,Silver,AMD,Windows 8,7.25 Hours,2GB,DDR3L,1TB,HDD,Normal,Dell,Heavy
B00K6ZIGG4,349.0,Decent,Traditional Laptops,Black,Intel,Windows 8,5 Hours,8GB,DDR3,1TB,HDD,Normal,Lenovo,Heavy
B00KD5SEPK,129.95,Decent,Traditional Laptops,Black,,Chrome OS,,,,,,Compact,ASUS,
B00KDWVS4C,119.0,Well,Traditional Laptops,Black,Intel,Windows 7,,4GB,DDR3,160GB,HDD,Normal,Lenovo,Heavy
B00KNM3UW0,449.99,Well,Traditional Laptops,Black,AMD,Windows 8,,8GB,,1TB,HDD,Compact,Lenovo,Heavy
B00KZIXGIU,699.0,Well,2 in 1 Laptops,Black,Intel,Windows 8,,8GB,,128GB,HDD,Compact,Lenovo,Heavy
B00L156USY,680.0,Decent,2 in 1 Laptops,Silver,Intel,Windows 8.1,,4GB,,128GB,SSD,Compact,Lenovo,Light
B00L87IC2C,97.49,Well,Traditional Laptops,,Intel,PC,8.5 Hours,2GB,,16GB,HDD,Compact,Acer,Light
B00L87IJH0,97.49,Well,Traditional Laptops,,Intel,PC,8.5 Hours,2GB,,32GB,HDD,Compact,Acer,Light
B00LAEUBN6,139.0,Well,Traditional Laptops,Black,Intel,Windows 10,,4GB,DDR3,320GB,HDD,Compact,Lenovo,Heavy
B00LAGGR3W,329.0,Decent,Traditional Laptops,Black,Intel,Windows 8,,4GB,DDR3,500GB,HDD,Normal,Dell,Heavy
B00LD88UZK,339.0,Well,Traditional Laptops,Black,Intel,Windows 8,,4GB,DDR3,750GB,HDD,Normal,HP,Heavy
B00LDH1LRU,215.99,Decent,Traditional Laptops,Silver,Intel,Windows 7,,4GB,DDR3,320GB,HDD,Normal,HP,Heavy
B00LNTHBRW,279.86,Well,Traditional Laptops,Gray,Intel,Windows 8,,2GB,DDR3,32GB,eMMC,Compact,ASUS,Light
B00LT1JQ5Y,1099.99,Decent,Traditional Laptops,Black,NVIDIA,Windows 8,,16GB,DDR3L,256GB,SSD,Normal,Lenovo,Heavy
B08C2N474L,839.0,Decent,Traditional Laptops,,,Windows 10,7 Hours,32GB,,1024GB,HDD,Normal,HP,Heavy
B00M789XJ2,69.99,Well,Traditional Laptops,,NVIDIA,Chrome OS,13 Hours,4GB,DDR3L,16GB,eMMC,Compact,Acer,Light
B00MKAAMUG,914.77,Well,Traditional Laptops,,Intel,Windows 7,,12GB,DDR3,,HDD,Huge,HP,Heavy
B00MKDRJI6,149.48,Well,Traditional Laptops,Black,,Windows 7,,,,,,Normal,Lenovo,Heavy
B00MM2WA8O,655.0,Decent,Traditional Laptops,,Intel,Windows 10,7.5 Hours,12GB,DDR3,512GB,HDD,,Acer,Heavy
B00MMLV7VQ,159.95,Highly,Traditional Laptops,Moonstone White,Intel,Chrome OS,8.5 Hours,2GB,DDR3L,16GB,SSD,Compact,Acer,Light
B00MVJYK6S,269.99,Highly,Traditional Laptops,Natural silver,AMD,Windows 8,6.5 Hours,2GB,DDR3L,32GB,SSD,Compact,HP,Light
B00N1JR61S,129.0,Well,Traditional Laptops,,Intel,Windows 7,,4GB,DDR4,320GB,HDD,Normal,HP,Heavy
B00NC06K3G,229.95,Decent,Traditional Laptops,Grey Metal,Intel,Windows 8,11 Hours,2GB,DDR3,64GB,HDD,Compact,ASUS,Light
B00NG1IWQY,1099.99,Well,Traditional Laptops,,Intel,Windows 7,,16GB,,1TB,HDD,Huge,HP,Heavy
B00NHCSL36,559.0,Well,2 in 1 Laptops,,Intel,"Windows 8 Pro, Other",,8GB,DDR4,128GB,HDD,Compact,Lenovo,Heavy
B00NJVRTHE,1120.0,Decent,Traditional Laptops,Black,NVIDIA,Windows 8,3.5 Hours,12GB,DDR3L,1TB,HDD,Huge,ASUS,Light
B00NMVEWC6,269.95,Highly,2 in 1 Laptops,Blue,Intel,Windows 8.1,9 Hours,4GB,DDR3,64GB,SSD,Compact,ASUS,Heavy
B08SKSB72P,659.89,Decent,Traditional Laptops,Gray,Intel,Windows 10,,12GB,DDR4,512GB,SSD,Normal,Lenovo,Heavy
B00NUTRLEG,119.99,Decent,Traditional Laptops,Silver,Intel,Windows 7,,2GB,DDR3,160GB,HDD,Normal,Dell,Heavy
B00O4OS5SC,899.95,Well,Traditional Laptops,Gray,NVIDIA,Windows 8.1,,12GB,DDR3L,1024GB,HDD,Huge,MSI,Heavy
B00OJHHYOA,699.0,Decent,Traditional Laptops,Black,NVIDIA,Windows 8,,8GB,DDR3L,1TB,HDD,Normal,Lenovo,Heavy
B00OVFGU36,639.9,Decent,2 in 1 Laptops,Silver,Intel,Windows 8,9 Hours,12GB,DDR4,256GB,SSD,Compact,Lenovo,Light
B00OZJQVTG,168.0,Highly,Traditional Laptops,Cobalt Blue,Intel,Windows 10,10.45 Hours,2GB,,32GB,eMMC,Compact,HP,Light
B00P8DK7AM,159.95,Highly,Traditional Laptops,Moonstone White,Intel,Chrome OS,8.5 Hours,2GB,DDR3L,16GB,SSD,Compact,Acer,Light
B00P8OMIDK,549.0,Well,Traditional Laptops,,Intel,Windows 8,,4GB,DDR3,500GB,HDD,Normal,ASUS,Heavy
B0BL62KP3J,1999.99,Decent,Traditional Laptops,Core Black,NVIDIA,Windows 10 Pro,,16GB,DDR4,1TB,SSD,Huge,MSI,Heavy
B00PL0HRNC,465.88,Highly,Traditional Laptops,,Intel,Windows 8,,4GB,DDR3,500GB,HDD,Normal,HP,Heavy
B00PRNCTJK,280.88,Well,Traditional Laptops,Black,Intel,Windows 8,6 Hours,4GB,DDR3,500GB,SSD,Normal,Lenovo,Heavy
B00PRND44E,499.0,Decent,Traditional Laptops,Black,Intel,Windows 7,7 Hours,6GB,DDR3,1TB,HDD,Normal,Lenovo,Heavy
B00PVOY9T8,299.98,Decent,2 in 1 Laptops,Silver,Intel,Windows 8,6 Hours,4GB,DDR3,500GB,HDD,Compact,Dell,Heavy
B00PWF7WJA,2248.5,Well,Traditional Laptops,Black,Intel,Windows 8,10.9 Hours,8GB,DDR3L,256GB,HDD,Compact,Lenovo,Light
B00Q441QRW,300.0,Decent,2 in 1 Laptops,Silver,Intel,Windows 8.1,,8GB,DDR3,500GB,HDD,Compact,Dell,Heavy
B00RH69VT6,300.0,Decent,Traditional Laptops,,Intel,Windows 8,6 Hours,4GB,DDR3L,500GB,HDD,Normal,Dell,Heavy
B00RH69WRM,358.97,Decent,Traditional Laptops,,Intel,Windows 8,,4GB,DDR3,500GB,HDD,Normal,Dell,Heavy
B00RH69YE8,399.0,Well,Traditional Laptops,,Intel,Windows 8,,8GB,DDR3,1TB,HDD,Normal,Dell,
B00S1UIG9S,219.95,Decent,Traditional Laptops,Black,Intel,Windows 7,,4GB,,320GB,HDD,Compact,Lenovo,Light
B00SBQ7GHU,339.95,Decent,Traditional Laptops,Black,Intel,Windows 7,9 Hours,4GB,DDR3L,500GB,HDD,Normal,Lenovo,Heavy
B00SIJG8PQ,649.99,Well,Traditional Laptops,,NVIDIA,Windows 8,,16GB,DDR3,512GB,SSD,Compact,Dell,Heavy
B00SIJMTKO,999.0,Well,Traditional Laptops,Silver,Intel,Windows 8,15 Hours,8GB,DDR3L,256GB,SSD,Compact,Dell,Light
B00SJ2G7UI,399.99,Decent,Traditional Laptops,Black,AMD,Windows 7,9 Hours,8GB,DDR3L,500GB,HDD,,Lenovo,Heavy
B00SQFYXF4,54.95,Well,Traditional Laptops,Gray,Intel,Chrome OS,9 Hours,2GB,DDR3L,,SSD,Compact,Acer,Light
B00T0QZL40,94.99,Well,Traditional Laptops,Black,Intel,Chrome OS,8 Hours,4GB,DDR3L,,SSD,Normal,Acer,Heavy
B00T0ZI3DW,367.99,Decent,Traditional Laptops,,Intel,Windows 10 Pro,,4GB,DDR3L,500GB,HDD,Compact,Dell,Heavy
B00T3MIZO4,379.95,Well,Traditional Laptops,Black,Intel,Windows 7 Professional,10 Hours,4GB,DDR3L,500GB,HDD,Compact,Lenovo,Light
B00T3O896Q,729.0,Well,Traditional Laptops,Black,NVIDIA,Windows 7 Professional,11.1 Hours,8GB,DDR3L,500GB,HDD,Normal,Lenovo,Heavy
B00TB8L0B0,199.99,Decent,Traditional Laptops,Black,AMD,Windows 7,5 Hours,4GB,DDR3L,320GB,HDD,Normal,Lenovo,Heavy
B00THTIZ0W,349.99,Highly,Traditional Laptops,Silver,Intel,Chrome OS,13 Hours,4GB,DDR4,32GB,eMMC,Compact,HP,Heavy
B00TP5AZFQ,426.49,Decent,Traditional Laptops,Greyish Black,Intel,other,,8GB,DDR4,256GB,SSD,Compact,ASUS,Light
B00TZKSK94,1299.0,Well,Traditional Laptops,,NVIDIA,Windows 8.1,,16GB,DDR3L,256GB,SSD,Compact,Razer,Heavy
B00U19R2A6,399.0,Well,Traditional Laptops,Black,AMD,Windows 8.1 Pro,6 Hours,4GB,DDR3L,320GB,HDD,Normal,Lenovo,Heavy
B00U7LBZHE,549.99,Well,Traditional Laptops,Imperial Black,Intel,Windows 8,10.5 Hours,8GB,DDR3L,256GB,SSD,Compact,Samsung,Light
B00U8PKE0S,399.99,Decent,Traditional Laptops,Black/grey,Intel,Windows 8.1,,8GB,DDR3,1TB,HDD,Normal,ASUS,Heavy
B00U9W5EE6,399.99,Well,Traditional Laptops,Silver,Intel,Windows 8.1,,6GB,DDR3L,750GB,HDD,Compact,Toshiba,Light
B00UEAHM9S,199.99,Decent,Traditional Laptops,,Intel,Windows 10 Pro,,4GB,DDR4,256GB,SSD,Compact,ASUS,Light
B00UWO7AP2,219.95,Decent,Traditional Laptops,Dark Blue,Intel,Windows 8.1,8 Hours,2GB,DDR3,,SSD,Compact,ASUS,Light
B00V7CAKKK,49.99,Decent,Traditional Laptops,Black,Intel,Chrome OS,9.5 Hours,4GB,DDR3L,16GB,SSD,Compact,Lenovo,Light
B00VBOCHQO,1723.5,Well,Traditional Laptops,Black,NVIDIA,Windows 8,5 Hours,8GB,DDR3,1TB,HDD,Normal,Lenovo,Heavy
B00VBOCIE0,1985.5,Decent,Traditional Laptops,Black,NVIDIA,Windows 8,5 Hours,16GB,DDR3,16GB,SSD,,Lenovo,Heavy
B00VKL0I96,146.49,Decent,Traditional Laptops,Black/silver,Intel,Windows 10;,1 Hours,4GB,DDR3,128GB,SSD,Normal,Dell,Light
B00VNR10DK,299.95,Well,2 in 1 Laptops,Dark Blue,Intel,Windows 8.1,9 Hours,2GB,DDR3,32GB,SSD,Compact,ASUS,Light
B00VSFL35W,949.0,Highly,Traditional Laptops,Space Gray,Intel,Mac OS,10 Hours,8GB,DDR3,512GB,SSD,Compact,Apple,Light
B00W4AMWCI,175.0,Highly,Traditional Laptops,Black,Intel,Windows 10 Pro,2 Hours,8GB,DDR3,512GB,HDD,Compact,Lenovo,Heavy
B00WF8IM1E,351.0,Decent,Traditional Laptops,Black,AMD,Windows 8,6 Hours,6GB,DDR3,1TB,HDD,,Lenovo,Heavy
B00WL66Q1S,999.99,Well,Traditional Laptops,Silver,Intel,Windows 8,4.5 Hours,12GB,DDR3L,1TB,HDD,Huge,HP,Heavy
B00WF9YNL6,889.0,Highly,Traditional Laptops,Black,Intel,Windows 8,6.5 Hours,4GB,DDR3L,500GB,HDD,Normal,Dell,Heavy
B00WU37B2K,219.95,Decent,Traditional Laptops,Red,Intel,Windows 8.1,11,2GB,DDR3,64GB,SSD,Compact,ASUS,Light
B01DO8F82Y,1050.0,Decent,Traditional Laptops,Black,Intel,Windows 10,,8GB,DDR3,1TB,HDD,Normal,ASUS,Light
B00X5X4230,70.0,Well,Traditional Laptops,Black,NVIDIA,Chrome OS,13 Hours,4GB,DDR3L,16GB,SSD,Compact,Acer,Light
B00XARX1C4,362.07,Decent,Traditional Laptops,,Intel,Chrome OS,8.5 Hours,2GB,DDR3L,16GB,HDD,Compact,Acer,Light
B00XDXGQ3Q,349.0,Well,Traditional Laptops,Black,Intel,Windows 8,,6GB,DDR3L,750GB,HDD,Normal,HP,Heavy
B00XF0AQH4,269.97,Well,Traditional Laptops,,,Windows 7,,,,,,Normal,Lenovo,
B00XLZWN8S,287.99,Decent,Traditional Laptops,,Intel,Windows 7,,4GB,DDR3,500GB,HDD,Compact,HP,Heavy
B00XQXZ364,899.97,Well,Traditional Laptops,Silver,NVIDIA,Windows 8,,8GB,DDR3L,1TB,HDD,Huge,Alienware,Heavy
B00YKF5OWU,494.63,Well,Traditional Laptops,,NVIDIA,Windows 7,,8GB,DDR3,500GB,HDD,Normal,Lenovo,Light
B00ZOO1RFO,889.0,Decent,Traditional Laptops,,Intel,Windows 8.1,5 Hours,4GB,DDR3L,,HDD,Normal,Dell,Heavy
B00ZTRAGWQ,109.0,Well,Traditional Laptops,Silver,Intel,Windows 7 Professional,,8GB,DDR3,128GB,SSD,Compact,Latitude,Light
B0100AC8GI,399.0,Well,Traditional Laptops,Black,AMD,Windows 8.1,,4GB,DDR3,500GB,HDD,Normal,Lenovo,Heavy
B010C93X5M,82.0,Decent,Traditional Laptops,Gray,Intel,Chrome OS,11 Hours,4GB,DDR3L,16GB,SSD,Compact,HP,Light
B010C93ZZA,63.0,Decent,Traditional Laptops,Black/grey,Intel,Chrome OS,11 Hours,2GB,DDR3L,16GB,SSD,Compact,HP,Light
B0124J6KJO,223.04,Well,Traditional Laptops,Silver,Intel,Windows 10,,8GB,DDR3,240GB,SSD,Compact,HP,Light
B012BSDEVK,2079.97,Well,Traditional Laptops,,NVIDIA,Windows 10,,16GB,DDR3L,256GB,HDD,Compact,Razer,Heavy
B012PHPI0M,799.81,Well,Traditional Laptops,,,Windows 8,,,,,,Compact,Dell,
B012VE1G5U,794.0,Decent,Traditional Laptops,Black,Intel,Windows 8,,8GB,DDR3L,1TB,HDD,Normal,Dell,Heavy
B01315TIZI,426.49,Decent,Traditional Laptops,Greyish Black,Intel,other,,8GB,DDR4,256GB,SSD,Compact,ASUS,Light
B013OO0GHA,499.99,Decent,2 in 1 Laptops,Black,,Windows 8.1,,,,,,Compact,Lenovo,
B0141R3OV4,774.99,Decent,2 in 1 Laptops,Machined Aluminum,Intel,Windows 10,11 Hours,8GB,DDR3,256GB,SSD,Compact,Dell,Light
B0144Z3DD2,390.0,Decent,Traditional Laptops,Silver,Intel,Windows 10,,8GB,DDR3L,1TB,HDD,Normal,Dell,Heavy
B0144Z43MM,699.0,Decent,2 in 1 Laptops,Silver,Intel,Windows 10,6 Hours,4GB,DDR3L,500GB,HDD,Compact,Dell,Light
B014LQS88O,339.0,Decent,Traditional Laptops,Black,Intel,Windows 10,,4GB,,128GB,SSD,Compact,Lenovo,Heavy
B014MIBQXA,144.99,Decent,Traditional Laptops,Black,Intel,Chrome OS,8 Hours,2GB,,16GB,SSD,Compact,Lenovo,Light
B01FV1DYL4,599.0,Well,2 in 1 Laptops,Black,,Windows 10,,,,,,Normal,Lenovo,
B01550MWHI,246.0,Highly,Traditional Laptops,Brushed Aluminum,Intel,OS X 10.8 Mountain Lion,9 Hours,8GB,DDR3,128GB,SSD,,Apple,Light
B019AKKNSO,598.99,Well,Traditional Laptops,,Intel,Windows 10 Home,,8GB,DDR3L,1TB,HDD,Normal,Acer,Heavy
B015FJCXJG,150.0,Well,Traditional Laptops,,Intel,,,8GB,DDR3,500GB,HDD,,Lenovo,Light
B015PYZH80,995.81,Well,Traditional Laptops,Matte Silver,Intel,Windows 10,,8GB,DDR3L,1TB,HDD,Normal,Dell,Heavy
B015TPLFFO,238.0,Decent,Traditional Laptops,,Intel,Windows 11,,4GB,DDR4,128GB,SSD,Compact,Lenovo,Light
B015XCTA0U,309.0,Well,Traditional Laptops,,Intel,Other,,,,32GB,eMMC,Compact,Dell,Light
B015ZD702C,169.95,Decent,Traditional Laptops,Red,Intel,Chrome OS,10 Hours,4GB,DDR3,16GB,eMMC,Compact,ASUS,Light
B015ZD71P8,129.0,Decent,Traditional Laptops,White,Intel,Chrome OS,8 Hours,4GB,,16GB,eMMC,Compact,HP,Light
B01605ZRBK,298.0,Decent,2 in 1 Laptops,,Intel,Windows 10 Professional,10 Hours,8GB,,,,Compact,Microsoft,Light
B01609RRMI,286.29,Well,Traditional Laptops,,AMD,Windows 10,,4GB,,120GB,SSD,Compact,Lenovo,Light
B0161DGXIC,385.0,Decent,2 in 1 Laptops,Denum White,Intel,Chrome OS,10 Hours,2GB,DDR3L,32GB,SSD,Compact,Acer,Light
B0163KN5AC,1099.99,Decent,Traditional Laptops,,NVIDIA,Windows 10 Home,,16GB,DDR3,256TB,SSD,Huge,HP,Heavy
B0167W1VAM,475.0,Decent,Traditional Laptops,Red,Intel,Windows 10,7 Hours,2GB,DDR3L,32GB,HDD,Compact,Lenovo,Light
B0167Z1G1S,429.99,Well,Traditional Laptops,Silver,Intel,Windows 10,5 Hours,4GB,DDR3,500GB,HDD,Normal,Dell,Heavy
B016ITC80Q,849.0,Well,Traditional Laptops,,Intel,Windows 10 Home,,,,1TB,HDD,Normal,Dell,Heavy
B016J9LHSO,45.0,Highly,Traditional Laptops,Silver,Intel,Chrome OS,8.15 Hours,4GB,DDR3L,16GB,SSD,Compact,HP,Light
B016OYO0AG,879.0,Decent,Traditional Laptops,Silver,Intel,Windows 10,7 Hours,8GB,DDR3L,1TB,HDD,Normal,Dell,Heavy
B016UF59WW,379.76,Decent,Traditional Laptops,,Intel,Windows 8.1,120 Hours,64GB,DDR4,,HDD,Compact,ASUS,Heavy
B016VLDPMQ,459.0,Decent,Traditional Laptops,Black,Intel,Windows 10,,4GB,DDR3L,500GB,HDD,Normal,Dell,Heavy
B016WM8R9A,1399.99,Well,2 in 1 Laptops,,Intel,Windows 10 Home 64,,8GB,DDR3L,256GB,SSD,Compact,Lenovo,Light
B0174X43LM,358.0,Well,Traditional Laptops,Black,Intel,Chrome OS,,4GB,DDR3L,16GB,SSD,Compact,Acer,Light
B0178JBBMG,799.95,Well,Traditional Laptops,Black,NVIDIA,Windows 7 Professional,10.8 Hours,16GB,,500GB,HDD,Huge,Lenovo,Light
B018A60A28,549.0,Well,Traditional Laptops,Black,Intel,Windows 10,6.75 Hours,8GB,DDR3,128GB,SSD,Compact,Dell,Light
B0178JBNMO,367.65,Well,Traditional Laptops,Black,Intel,Windows 7 Professional,9 Hours,4GB,DDR3L,500GB,HDD,Normal,Lenovo,Heavy
B0178JBPK4,549.97,Well,Traditional Laptops,Black,AMD Radeon,Windows 7 Professional,9 Hours,8GB,DDR3L,500GB,HDD,Normal,Lenovo,Heavy
B0178JC5MG,284.99,Decent,2 in 1 Laptops,Black,Intel,Windows 10 Pro 64-bit Edition,10 Hours,8GB,,256GB,SSD,Compact,Lenovo,Heavy
B017EHQX0W,198.0,Well,Traditional Laptops,,Intel,Windows 10,7 Hours,2GB,DDR4,,,Compact,Toshiba,
B017PGNECW,349.0,Well,Traditional Laptops,,Intel,"Windows 8.1, Windows 10",,2GB,,32GB,HDD,Compact,HP,Light
B0181OV6JA,538.99,Decent,Traditional Laptops,Silver,Intel,Windows 10,4.5 Hours,4GB,DDR3,1TB,HDD,Normal,ASUS,Heavy
B0186JDMOW,899.0,Well,Traditional Laptops,Black,NVIDIA,Windows 7 Professional,13.2 Hours,16GB,DDR4,256GB,SSD,Normal,Lenovo,Heavy
B018DYW7VE,349.99,Decent,Traditional Laptops,,,,,,,,,,Unknown,
B018DZD55A,852.0,Decent,Traditional Laptops,Silver,Intel,Windows 10,5 Hours,4GB,DDR3L,1TB,HDD,Huge,HP,Heavy
B018HIHCAW,269.96,Decent,Traditional Laptops,Silver,Intel,MacOS 10.14 Mojave,8 Hours,4GB,DDR3,256GB,SSD,,Apple,Light
B018KGK3XO,1249.0,Highly,Traditional Laptops,Metallic,NVIDIA,Windows 10,5 Hours,16GB,,128GB,SSD,Normal,ASUS,Heavy
B018KMI2MW,385.0,Decent,Traditional Laptops,Black,Intel,Windows 10,5 Hours,4GB,DDR3,500GB,HDD,Normal,ASUS,Heavy
B018KYXBBC,499.0,Decent,Traditional Laptops,Silver,Intel,other,,8GB,DDR3,1TB,HDD,Normal,HP,Heavy
B018P2ABTE,244.0,Well,Traditional Laptops,,Intel,Windows 10,,2GB,DDR4,32GB,eMMC,Compact,Dell,Light
B01949ONY6,1499.99,Well,Traditional Laptops,Silver,Intel,Windows 10 Home,,8GB,,1TB,HDD,Huge,HP,Heavy
B019LA01I0,599.99,Well,Traditional Laptops,Brushed Metal,NVIDIA,Windows 10,,12GB,DDR4,128GB,HDD,Normal,Toshiba,Heavy
B019TTJ40O,254.99,Well,Traditional Laptops,Silver matte,Intel,Windows 10,7 Hours,8GB,DDR3L,1TB,HDD,Normal,Dell,Heavy
B019TTJ5LM,990.0,Well,Traditional Laptops,Silver matte,Intel,Windows 10,7 Hours,8GB,DDR3L,1TB,HDD,Normal,Dell,Heavy
B01MXWTH0K,939.0,Well,2 in 1 Laptops,Silver,Intel,Windows 10,10 Hours,8GB,DDR4,256GB,SSD,Compact,Lenovo,Light
B019TTJ5RQ,539.0,Well,Traditional Laptops,Silver matte,Intel,Windows 10,7 Hours,8GB,DDR3L,1TB,HDD,Normal,Dell,Heavy
B019X2IE3K,538.99,Decent,Traditional Laptops,Silver,Intel,Windows 10,4.5 Hours,4GB,DDR3,1TB,HDD,Normal,ASUS,Heavy
B019ZZBCC0,99.99,Decent,Traditional Laptops,Black,Intel,Chrome OS,8 Hours,2GB,DDR3,32GB,SSD,Compact,Acer,Light
B01A6I4OO8,538.99,Decent,Traditional Laptops,Silver,Intel,Windows 10,4.5 Hours,4GB,DDR3,1TB,HDD,Normal,ASUS,Heavy
B01AKYJMVI,699.0,Well,2 in 1 Laptops,Black,NVIDIA,Windows 10,,8GB,DDR3,256GB,SSD,Compact,Lenovo,Heavy
B01AM5Z6SI,460.0,Well,2 in 1 Laptops,Black,Intel,Windows 10 Home,8 Hours,4GB,,500GB,HDD,Compact,Lenovo,Light
B01HTAOATK,448.52,Decent,Traditional Laptops,Black,AMD,Windows 10,5 Hours,8GB,DDR3,1000GB,HDD,Normal,Lenovo,Heavy
B01AZUQFGC,869.99,Well,Traditional Laptops,Silver,Intel,Windows 10,5 Hours,4GB,DDR3,1TB,HDD,Huge,HP,Heavy
B01B16MXLU,299.99,Highly,2 in 1 Laptops,Black,Intel,Windows 10 Pro 64,,4GB,DDR3,128GB,SSD,Compact,Lenovo,Light
B01B1YYKSG,356.0,Highly,Traditional Laptops,Silver,Intel,Mac OS,9 Hours,8GB,DDR3,256GB,SSD,Compact,Apple,Light
B01B24A3W2,149.0,Decent,Traditional Laptops,Mineral Gray,Intel,Windows 10,8 Hours,2GB,DDR3L,32GB,eMMC,Compact,Acer,Light
B01B3Z8WJG,995.68,Well,Traditional Laptops,,Intel,Windows 10 Home,,4GB,DDR3,128GB,SSD,Compact,Acer,Light
B01B6KT8AA,59.99,Decent,Traditional Laptops,,Intel,Chrome OS,8 Hours,4GB,DDR4,,SSD,Compact,Toshiba,Heavy
B01B9APNG0,399.99,Decent,Traditional Laptops,,Intel,Windows 10,14 Hours,4GB,DDR3,128GB,eMMC,Compact,ASUS,Light
B01BLRZCRG,359.99,Decent,Traditional Laptops,Black,Intel,Windows 10,5 Hours,4GB,DDR3L,1TB,HDD,Normal,HP,Heavy
B01BM8G3UY,379.0,Well,Traditional Laptops,Silver,AMD,Windows 10,6 Hours,8GB,DDR3L,1TB,HDD,Normal,Dell,Heavy
B01BMERZJ6,399.99,Decent,Traditional Laptops,,Intel,Windows 10,10 Hours,8GB,DDR3,256GB,SSD,,ASUS,Light
B01C086TLS,349.99,Decent,Amazon Unlimited Storage + Laptop Promotion,,AMD,Windows 10,8 Hours,8GB,,256GB,SSD,Normal,ASUS,Light
B01LWZ7JB2,689.0,Well,Traditional Laptops,Sparkly Silver,Intel,Windows 10,10 Hours,8GB,DDR4,,HDD,Compact,Acer,Light
B01C7UGP04,239.0,Well,Traditional Laptops,Electric Blue,Intel,Windows 10,12 Hours,2GB,DDR3L,32GB,HDD,Compact,Acer,Light
B01C9GV646,414.99,Decent,Traditional Laptops,,Nvidia,Windows 10 Professional,,8GB,,128GB,HDD,,Microsoft,Light
B01C9NYGD2,221.74,Decent,Traditional Laptops,,Intel,Windows 10 Pro,,4GB,DDR3,512GB,HDD,Normal,HP,Heavy
B01CDF0UMC,518.98,Well,Traditional Laptops,Gray,Intel,Windows 10 Home,,6GB,DDR3,1000GB,SSD,Normal,HP,Heavy
B01CJNRC3S,750.0,Well,Traditional Laptops,Black,Intel,Windows 10 DG Windows 7 Pro 64,10 Hours,8GB,DDR3L,256GB,SSD,,Lenovo,Light
B01CK5VY3Y,28.99,Highly,Traditional Laptops,,,,,,,,,,ASUS,Light
B01CKDRKWU,99.0,Decent,Traditional Laptops,Black,Intel,Windows 10 Pro,,4GB,DDR3,32GB,SSD,Compact,Lenovo,Light
B01CODYAOW,1948.26,Decent,Traditional Laptops,Aluminum Black,Intel,Windows 8,,16GB,DDR3L,128GB,HDD,Compact,MSI,Light
B01CU4E0KY,1269.99,Well,Traditional Laptops,Black,Intel,Windows 7 Professional,8 Hours,8GB,DDR3,256GB,SSD,Compact,Lenovo,Light
B01CVDWUYW,1299.99,Well,Traditional Laptops,Black Aluminum,Intel HD Graphics 520,Windows 10 Home,6 Hours,8GB,DDR3,256GB,SSD,Compact,Razer,Light
B01CVOLVPA,298.0,Highly,Traditional Laptops,Silver,Intel,Windows 10,12 Hours,4GB,DDR3,32GB,eMMC,Compact,Acer,Light
B01CZ5VKVA,59.99,Highly,Traditional Laptops,Black,,Chrome OS,,,,,,Compact,Samsung,
B01D1YFQM8,949.0,Well,Traditional Laptops,i5-6200U | Non-Touch | Silver,Intel,Windows 10 Home,11 Hours,8GB,DDR3,128GB,SSD,Compact,New-Xps-13,Light
B01D7SWQBW,198.0,Decent,Traditional Laptops,Silver,Intel,Windows 10 Home,,4GB,,250GB,HDD,Normal,Dell,Heavy
B01DAWW9C6,555.0,Well,Traditional Laptops,,AMD,Windows 10,,16GB,DDR3,1TB,SSD,Normal,HP,Heavy
B01DBGVB5C,240.0,Highly,Traditional Laptops,,Intel,Chrome OS,10 Hours,2GB,DDR3L,16GB,HDD,Compact,ASUS,Light
B01DF599WG,295.0,Well,2 in 1 Laptops,Black,Intel,Windows 10 Pro,12 Hours,4GB,DDR3L,128GB,SSD,Compact,Lenovo,Light
B01DHS3120,1399.0,Decent,Traditional Laptops,Black Aluminum,NVIDIA,Windows 10,,16GB,DDR3,256GB,HDD,Compact,Razer,Heavy
B01DMNX5PS,538.99,Decent,Traditional Laptops,Silver,Intel,Windows 10,4.5 Hours,4GB,DDR3,1TB,HDD,Normal,ASUS,Heavy
B01DSTR2V4,999.99,Well,2 in 1 Laptops,Black,Intel,Windows 10,6 Hours,8GB,DDR3,1TB,HDD,Normal,Dell,Heavy
B01DUMUWN4,389.0,Decent,Traditional Laptops,Silver,Intel,OS X 10.10 Yosemite,,8GB,DDR3,256GB,SSD,Compact,Apple,Light
B01DY9GSEK,499.0,Decent,Traditional Laptops,Silver,Intel,Windows 10,7.5 Hours,12GB,DDR3,1TB,HDD,Normal,Dell,Heavy
B01EYXZY7W,699.0,Well,2 in 1 Laptops,Black,Intel,Windows 10,,8GB,DDR3L,512GB,HDD,Normal,Dell,Heavy
B01F3R96A4,440.0,Decent,Traditional Laptops,Black,Intel,Windows 10,8 Hours,4GB,DDR3L,500GB,HDD,Normal,Dell,Heavy
B01F5LW3QC,929.99,Well,Traditional Laptops,Silver,NVIDIA,Windows 10,6.25 Hours,12GB,DDR3L,1TB,HDD,Huge,HP,Heavy
B01F7J3AEQ,232.74,Well,Traditional Laptops,Black,Intel,Windows 10 Pro,,6GB,DDR4,256GB,SSD,Compact,Dell,Light
B01FWJZ60C,185.87,Decent,Traditional Laptops,,Intel,Windows 10 Pro,,4GB,,250GB,HDD,Compact,Dell,Heavy
B01FWKBZP6,169.0,Decent,Traditional Laptops,Gray,Intel,Windows 10,,4GB,DDR3,512GB,HDD,Compact,Dell,Heavy
B01FWUFBX8,239.99,Well,Traditional Laptops,,Intel,Windows 10 Pro,,6GB,DDR3,,SSD,Compact,Dell,Heavy
B01FX0P13C,54.0,Decent,Traditional Laptops,Navy Blue,ARM,Chrome OS,10 Hours,2GB,DDR3,,SSD,Compact,ASUS,Light
B01FX0UD6M,119.99,Decent,Traditional Laptops,Luminous Titan,ARM,Chrome OS,8.5 Hours,4GB,DDR3L,16GB,SSD,Compact,Samsung,Light
B01G9JCLW0,359.97,Well,Traditional Laptops,Black,Intel,Windows 7 Professional,6 Hours,8GB,DDR3,500GB,HDD,Normal,Lenovo,Heavy
B01GGB3WEC,169.57,Well,Traditional Laptops,,Intel,Windows 10 Home,,8GB,DDR3,320GB,HDD,Compact,Dell,Heavy
B01GGBHDV0,247.98,Well,Traditional Laptops,,Intel,Windows 10 Pro,,8GB,DDR3,320GB,HDD,Compact,Dell,Heavy
B01GGGQ70S,136.98,Well,Traditional Laptops,,Intel,Windows 10,,8GB,DDR3,1TB,HDD,Compact,Dell,Light
B01GGNEYPQ,175.98,Decent,Traditional Laptops,Black,Intel,Windows 10 Pro,1.5 Hours,8GB,DDR4,128GB,SSD,Compact,Dell,Heavy
B01GI6EX4I,138.98,Decent,Traditional Laptops,,Intel,Windows 10 Pro,,8GB,DDR3,320GB,HDD,Compact,Dell,Heavy
B01HAQNGIO,370.0,Decent,2 in 1 Laptops,White,,Chrome OS,,,,,,Compact,Acer,
B01GKDW634,301.99,Decent,2 in 1 Laptops,,Intel,Windows 10 Pro,2 Hours,8GB,DDR3,500GB,HDD,Normal,Dell,Heavy
B01GQFBAZG,399.0,Well,Traditional Laptops,Gray,AMD,Windows 10 Home 64,3 Hours,8GB,DDR3,128GB,SSD,Normal,HP,Heavy
B01GSO8JHC,165.9,Well,Traditional Laptops,silver/black,Intel,Windows 10 Pro,,8GB,DDR3,250GB,HDD,Compact,HP,Light
B01GU28ZSU,180.98,Decent,Traditional Laptops,,Intel,Windows 10,,8GB,DDR3,320GB,HDD,Compact,Lenovo,Heavy
B01GVPF9B2,212.48,Well,Traditional Laptops,Steel Gray,Intel,Windows 10 Pro,,8GB,DDR3,320GB,HDD,Compact,HP,Light
B01GVVMIPG,184.69,Decent,Traditional Laptops,,Intel,Windows 10 Pro,,8GB,DDR3,250GB,HDD,Compact,HP,Heavy
B01GVWPH3K,239.99,Well,Traditional Laptops,,AMD,Windows 10 Pro,,8GB,DDR3,500GB,HDD,Normal,HP,Light
B01GW03N6E,216.85,Decent,Traditional Laptops,,Intel,Windows 10 Pro,,8GB,,320GB,SSD,Compact,HP,Heavy
B01H0GPB5K,382.19,Well,Traditional Laptops,,Intel,Windows 10 Pro,,8GB,DDR4,128GB,HDD,Normal,Lenovo,Heavy
B01H5EFSJQ,79.0,Decent,Traditional Laptops,Business Black,Intel,Chrome OS,14 Hours,4GB,DDR3,16GB,SSD,Compact,Lenovo,Light
B01HAQG37A,749.99,Decent,Traditional Laptops,,NVIDIA,Windows 10,,12GB,DDR4,1000GB,HDD,Normal,ASUS,Heavy
B01HAQGXVQ,399.99,Decent,Traditional Laptops,Black,Intel,Windows 10,6 Hours,4GB,DDR3,1TB,HDD,Normal,Dell,Heavy
B01HAQHI7Y,549.0,Well,2 in 1 Laptops,Silver,Intel,Windows 10,7 Hours,12GB,DDR4,1TB,HDD,Normal,ASUS,Heavy
B01HAQN5GC,1499.81,Well,Traditional Laptops,Silver and black,NVIDIA,Windows 10 Home,,16GB,,,SSD,Normal,Dell,Heavy
B01HBJ60ME,138.0,Decent,Traditional Laptops,Black,Intel,Chrome OS,10 Hours,4GB,,16GB,SSD,,Lenovo,Light
B01HHB8B9Q,129.99,Highly,Traditional Laptops,Black,Intel,Chrome OS,12.83 Hours,4GB,DDR3,16GB,SSD,Compact,HP,Light
B01HP8937A,749.0,Well,2 in 1 Laptops,Black,Intel,Windows 10,,8GB,DDR4,256GB,SSD,Compact,Lenovo,Light
B01HP8F7IO,599.99,Decent,2 in 1 Laptops,Black,Intel,Windows 10,,8GB,DDR4,1000GB,HDD,Normal,Lenovo,Heavy
B01HVLH5OO,299.99,Well,Traditional Laptops,Black,Intel,Windows 10,4 Hours,4GB,,500GB,HDD,Normal,Lenovo,Heavy
B01HVNO1HG,319.83,Highly,Traditional Laptops,Black,Intel,Windows 10,5 Hours,8GB,DDR4,1TB,HDD,Normal,Lenovo,Heavy
B01I4H1PSQ,275.0,Well,2 in 1 Laptops,Silver,Intel,Windows 10,,8GB,DDR4,1000GB,HDD,Compact,Samsung,Light
B01IHAHGI8,799.99,Well,Traditional Laptops,,NVIDIA,Windows 10 Home,,8GB,DDR4,1TB,HDD,Normal,Acer,Heavy
B01ISOO3S4,640.0,Well,2 in 1 Laptops,Black,Intel,Windows 10,8 Hours,8GB,DDR4,256GB,SSD,Normal,Lenovo,Heavy
B01J42JMQ2,289.16,Highly,Traditional Laptops,Gold,Intel,Chrome OS,12 Hours,4GB,DDR3,32GB,HDD,Compact,Acer,Light
B01J42JPJG,428.32,Highly,2 in 1 Laptops,White,Intel,Chrome OS,10 Hours,4GB,DDR3L,32GB,SSD,Compact,Acer,Light
B01J6B1X4K,435.63,Decent,Traditional Laptops,Gold,Intel,Chrome OS,,8GB,DDR3,256GB,SSD,Compact,Apple,Light
B01J6KR8G8,480.0,Well,Traditional Laptops,,Intel,Windows 10,,32GB,DDR3,128GB,eMMC,Compact,Lenovo,Light
B01JAUAMQM,469.0,Well,Traditional Laptops,Silver,NVIDIA,Windows 10,,8GB,DDR3,1TB,HDD,Normal,HP,Light
B01JFJJ5NE,299.0,Decent,Traditional Laptops,Black,Intel,Windows 10,3 Hours,4GB,DDR3,500GB,HDD,Normal,Lenovo,Heavy
B01JQMHVKE,250.0,Decent,Traditional Laptops,Black,AMD,Windows 10,5 Hours,6GB,DDR3,500GB,HDD,Normal,Dell,Heavy
B01K32L56C,184.24,Well,2 in 1 Laptops,,Intel,Windows 10 Pro,,8GB,DDR3,128GB,SSD,Compact,Dell,Light
B01K9HS4Q0,149.0,Decent,Traditional Laptops,Black,,Windows 10 Pro,,,,,,Compact,Lenovo,
B01KJ3GHHC,1499.0,Decent,Traditional Laptops,,,Windows 10,,,,,,Huge,ASUS,Heavy
B01KTRTATA,249.95,Decent,Traditional Laptops,,Intel,Windows 10,,8GB,DDR3,128GB,SSD,Compact,HP,Heavy
B01KTUTMKO,399.99,Decent,Traditional Laptops,Black,Intel,Windows 10,6 Hours,4GB,DDR3,1TB,HDD,Normal,Dell,Heavy
B01KU02GC4,315.01,Decent,Traditional Laptops,Gray,,Mac OS,,,,,,Compact,Apple,
B01KU32UBS,174.73,Decent,Traditional Laptops,Silver,Intel,Windows 10 Pro-64 bit,,8GB,DDR3,180GB,SSD,Compact,HP,Light
B01KYWOXVA,341.0,Well,Traditional Laptops,Blue,,Windows 10,10 Hours,4GB,DDR3,32GB,eMMC,Huge,HP,Light
B01LNOECNW,1395.97,Well,Traditional Laptops,Black,NVIDIA,Windows 10,4.5 Hours,16GB,DDR4,1000GB,HDD,Normal,Lenovo,Heavy
B01LOSWOMS,233.99,Decent,Traditional Laptops,,Intel,Windows 7 Professional,,8GB,DDR3,120GB,SSD,Normal,Quality Refurbished Computers,Heavy
B01LVXPP0O,399.0,Well,Traditional Laptops,,Intel,Windows 10,,2GB,DDR3,32GB,eMMC,Compact,HP,Light
B01LVZTWWX,1035.0,Well,Traditional Laptops,Machined Aluminum Display Back & Base In Silver,Intel HD Graphics 620,Windows 10,,8GB,DDR3,256GB,SSD,Compact,Dell,Light
B01LWNVDRQ,556.0,Well,Traditional Laptops,Black,Intel,Windows 10 Pro,7 Hours,4GB,DDR4,500GB,HDD,Normal,Lenovo,Heavy
B01LWSKR7I,158.0,Decent,Traditional Laptops,Black,Intel,Windows 10,0.75 Hours,4GB,DDR3,500GB,HDD,,Dell,Heavy
B01LWVMITB,1199.0,Well,Traditional Laptops,Fog Gray,AMD,Windows 10,,8GB,,1000GB,HDD,Normal,Dell,Heavy
B01LX4PE0S,177.06,Decent,Traditional Laptops,Gray,Intel,Windows 10 Pro,4 Hours,8GB,DDR3,320GB,HDD,Compact,Dell,Heavy
B01LXCLDRI,185.0,Highly,Traditional Laptops,,Intel,Windows 10 Pro,,8GB,DDR3,320GB,HDD,Compact,Lenovo,Light
B01LXJZWVF,68.9,Decent,Traditional Laptops,Silver,,Chrome OS,,16GB,DDR3L,16GB,eMMC,Compact,Samsung,Light
B01LY4X2OX,849.99,Highly,Traditional Laptops,ROG Metallic,NVIDIA,Windows 10,5 Hours,16GB,DDR4,1TB,SSD,Normal,ASUS,Heavy
B01LYIAF2R,2299.0,Decent,Traditional Laptops,Fog Gray,AMD Radeon R7 M445 Graphics with 4G GDDR5 graphics memory,Windows 10,,16GB,DDR4,2000GB,HDD,Huge,Dell,Heavy
B01LZ2ABKN,499.99,Well,Traditional Laptops,Black,Intel,Windows 10,,6GB,DDR3,1TB,HDD,Normal,Dell,Heavy
B01LZ6XKS6,179.99,Highly,2 in 1 Laptops,Silver,Intel,Chrome OS,10 Hours,4GB,DDR3,32GB,SSD,Compact,Samsung,Light
B01LZJVW5N,149.0,Decent,Traditional Laptops,Black,Intel,Windows 10 Pro,14 Hours,4GB,DDR3,64GB,eMMC,Compact,Lenovo,Light
B01M04U1CD,409.75,Decent,Traditional Laptops,Theoretical Gray,Intel HD Graphic 620,Windows 10,,8GB,,256GB,SSD,Compact,Dell,Light
B01M0566PR,218.07,Highly,Traditional Laptops,Silver,Intel,OS X 10.9 Mavericks,9 Hours,8GB,DDR3,128GB,SSD,Compact,Apple,Light
B01M0BTKYE,248.0,Highly,Traditional Laptops,,Intel,Windows 10,,8GB,DDR3,160GB,SSD,Normal,HP,Heavy
B01M0O5MV6,75.34,Well,Traditional Laptops,Blue,Intel,Windows 10,10 Hours,4GB,DDR3,,eMMC,Compact,HP,Light
B01M0S5OBU,819.0,Decent,Traditional Laptops,Fog Gray,Integrated graphics with AMD APU,Windows 10,,8GB,DDR4,1000GB,HDD,Normal,Dell,Heavy
B01M0UO7N2,276.36,Well,Traditional Laptops,,Intel,Windows 10,,8GB,DDR3,500GB,HDD,Compact,Dell,Heavy
B01M1AQ316,169.99,Decent,Traditional Laptops,,Intel,Windows 10,,8GB,DDR3,500GB,HDD,Normal,HP,Heavy
B01M1R7H4R,199.99,Decent,Traditional Laptops,,,Windows 10,,,,,,Compact,HP,
B01M24HZMA,1299.99,Decent,Traditional Laptops,Epic Silver,NVIDIA,Windows 10,,16GB,DDR4,1TB,HDD,Huge,Dell,Heavy
B01M293O5P,141.02,Decent,Traditional Laptops,Gray,Intel,Windows 10,10 Hours,8GB,DDR3,128GB,SSD,Compact,Dell,Heavy
B01M2X4G2K,940.0,Well,2 in 1 Laptops,Black aluminum sandblasted with gunmetal hinge,Intel,Windows 10,,16GB,DDR4,512GB,SSD,Compact,ASUS,Light
B01M3PBFLY,1199.0,Highly,Traditional Laptops,Black,NVIDIA,Windows 10,4 Hours,8GB,DDR4,1TB,HDD,Normal,Lenovo,Heavy
B01M31QNF2,194.02,Decent,Traditional Laptops,,Intel,Windows 10,,8GB,DDR3,320GB,HDD,Compact,Dell,Heavy
B01M32DHG9,184.24,Well,Traditional Laptops,,Intel,Windows 10 Pro,,8GB,DDR4,128GB,SSD,Compact,Dell,Light
B01M35COGO,550.0,Well,Traditional Laptops,,Intel,Windows 10,,8GB,DDR4,1TB,HDD,,Lenovo,Light
B07FPBB4S9,2100.0,Highly,Traditional Laptops,Black,NVIDIA,Windows 10,3 Hours,16GB,DDR4,1000GB,HDD,Huge,Acer,Heavy
B01M4HQO1M,586.99,Decent,2 in 1 Laptops,Silver,Intel,Windows 10,10 Hours,6GB,DDR4,1TB,HDD,Compact,ASUS,Light
B01M4N4Y6W,269.02,Decent,Traditional Laptops,,Intel,Windows 10 Pro,,8GB,,512GB,HDD,Compact,HP,Light
B01M8HMGLD,739.99,Well,2 in 1 Laptops,Silver,,Windows 10,,,,,,Compact,Lenovo,Light
B01M8IB979,1199.0,Well,2 in 1 Laptops,Silver,Intel,Windows 10,,8GB,DDR3,256GB,SSD,Compact,Lenovo,Light
B01M9CH0T9,489.0,Well,2 in 1 Laptops,Grey,Intel,Windows 10,,12GB,DDR4,256GB,SSD,Compact,Dell,Light
B01MAVZG50,699.99,Decent,2 in 1 Laptops,Black,Intel HD Graphics 620,Windows 10,9 Hours,8GB,,256GB,SSD,Compact,Lenovo,Light
B01MAVZSPO,796.98,Well,Traditional Laptops,Silver,Intel HD Graphics 620,Windows 10,5 Hours,8GB,DDR4,256GB,SSD,Normal,Lenovo,Heavy
B01MF4QL9E,395.99,Well,2 in 1 Laptops,Black,Intel,Windows 10 Professional,,8GB,,256GB,SSD,Compact,Lenovo,Light
B01MF73E3E,1395.97,Decent,Traditional Laptops,Black,NVIDIA,Windows 10,,,,1TB,HDD,Huge,Lenovo,Heavy
B01MFZZLJQ,419.0,Decent,Traditional Laptops,Black,Intel HD Graphics 620,Windows 10,5 Hours,4GB,DDR4,1000GB,HDD,Normal,Lenovo,Heavy
B01MQ2FOS0,188.04,Well,Traditional Laptops,,Intel,Windows 10,,8GB,DDR3,240GB,SSD,Compact,HP,Heavy
B01MQEX93G,190.76,Decent,Traditional Laptops,,Intel,,,8GB,,128GB,SSD,Normal,Lenovo,Heavy
B01MRAM3BN,43.82,Decent,Traditional Laptops,Black,Intel,Chrome OS,10 Hours,4GB,DDR3L,16GB,SSD,Compact,Dell,Light
B01MRI60ZO,529.0,Decent,Traditional Laptops,,Intel,Windows 10,7.5 Hours,8GB,DDR4,1TB,HDD,Huge,HP,Heavy
B01N8U0046,399.0,Decent,Traditional Laptops,Black,Intel,Windows 10,5 Hours,4GB,DDR3,,HDD,Normal,HP,Heavy
B01MRNL5J0,181.79,Well,Traditional Laptops,Silver,Intel,Windows 10,,4GB,DDR3,128GB,SSD,Compact,Dell,Light
B01MROS1X9,799.9,Decent,Traditional Laptops,,Intel,Windows 10,10 Hours,4GB,DDR3,128GB,HDD,Compact,HP,Light
B01MRS3MIS,449.99,Decent,Traditional Laptops,Black,Intel,Windows 10,6 Hours,4GB,DDR3,500GB,HDD,Normal,HP,Heavy
B01MS79M6Y,172.89,Highly,Traditional Laptops,Black,Intel,Chrome OS,11 Hours,2GB,,16GB,SSD,Compact,Samsung,Light
B01MS8TXLL,412.19,Decent,Traditional Laptops,,Intel,Windows 10 Pro,,8GB,,320GB,HDD,Compact,Lenovo,Heavy
B01MTTCKMO,180.0,Well,Traditional Laptops,,Intel,Windows 10 Pro,,8GB,DDR3,128GB,SSD,Compact,Dell,Light
B01MU8QODW,299.0,Decent,2 in 1 Laptops,Black,Intel,Windows 10 Home,12 Hours,4GB,DDR3,128GB,SSD,Compact,Lenovo,Heavy
B01MZ4BKHG,199.0,Decent,Traditional Laptops,Blue,Intel,Windows 10,16 Hours,4GB,DDR3,64GB,eMMC,Compact,HP,Light
B01N0I3HLL,599.99,Well,Traditional Laptops,Silver,Intel,Windows 10,9 Hours,6GB,DDR4,1TB,HDD,Compact,ASUS,Light
B01N0K3WSW,888.0,Well,Traditional Laptops,Black,Intel,Windows 10,5 Hours,12GB,DDR4,1TB,HDD,Normal,Lenovo,Heavy
B01N0NDFEX,289.95,Well,Traditional Laptops,,Intel,Windows 10 Pro,9.5 Hours,,,,SSD,Compact,HP,Heavy
B01N10JLEZ,598.0,Well,Traditional Laptops,Silver,,Windows 10,,8GB,DDR4,256GB,SSD,Compact,Lenovo,Light
B01N2QG8KJ,489.0,Well,Traditional Laptops,Silver,Intel,Windows 10,5 Hours,8GB,DDR3,1TB,HDD,Normal,Dell,Heavy
B01N30BVCG,459.99,Decent,Traditional Laptops,,Intel,Windows 10,7.5 Hours,8GB,DDR4,1TB,HDD,Huge,HP,Heavy
B01N3S2JI7,197.28,Decent,Traditional Laptops,Black,Intel,Windows 10 Pro,,8GB,DDR3,500GB,HDD,Normal,Dell,Heavy
B01N41VR5L,549.0,Well,Traditional Laptops,Nobel Blue,AMD,Windows 10 Home,6 Hours,12GB,DDR3,1TB,HDD,Normal,HP,Heavy
B01N48QVPR,444.0,Well,Traditional Laptops,Black,AMD,Windows 10,5 Hours,8GB,DDR3,1TB,HDD,Normal,Lenovo Ideapad,Heavy
B01N52ZY3L,599.99,Decent,Traditional Laptops,Turbo Silver,Intel,Windows 10,7 Hours,12GB,,1TB,HDD,Normal,HP,Heavy
B01N5E5T48,188.88,Decent,Traditional Laptops,Blue,Intel,Windows 10,6.5 Hours,4GB,,32GB,SSD,Compact,ASUS,Light
B01N5XNTCT,1159.89,Decent,Traditional Laptops,Black/Red,NVIDIA,Windows 10,,16GB,DDR4,2000GB,HDD,Huge,MSI,Heavy
B01N758MKT,354.0,Highly,Traditional Laptops,Silver,Intel,MacOS 10.14 Mojave,9 Hours,8GB,DDR3,256GB,HDD,Compact,Apple,Light
B01N80K44L,1000.99,Well,Traditional Laptops,Black/Red,NVIDIA,Windows 10,,32GB,DDR4,1000GB,HDD,Normal,MSI,Heavy
B01NAKWRRF,399.0,Decent,Traditional Laptops,Rose Gold,Intel,Mac OS,12 Hours,8GB,DDR3,256GB,HDD,Compact,Apple,Light
B01NBE6Y5D,399.99,Decent,Traditional Laptops,Black,AMD,Windows 10,5.5 Hours,4GB,DDR4,500GB,HDD,Normal,HP,Heavy
B01NH2Z5MX,283.75,Well,2 in 1 Laptops,Obsidian Black,Intel,Windows 10,1 Hours,8GB,DDR4,,SSD,Compact,Acer,Light
B06VSNTJJP,244.16,Well,Traditional Laptops,,Intel,Windows 10 Pro,,8GB,DDR3,,SSD,Compact,Lenovo,Light
B06VX5CN2S,43.99,Decent,Traditional Laptops,Black,Intel,Chrome OS,,4GB,DDR3,,SSD,Compact,HP,Light
B06W2KCQVD,299.0,Well,2 in 1 Laptops,Black,Intel,Windows 10 Home Edition-64 bit,,4GB,DDR4,128GB,SSD,Compact,Lenovo,Light
B06W54Z2BL,150.89,Well,Traditional Laptops,,Intel,Windows 10,2 Hours,8GB,DDR3,128GB,SSD,Compact,Dell,Heavy
B06WLNCQJN,312.59,Well,Traditional Laptops,Black,Intel,Windows 10 Home,,8GB,DDR3,250GB,HDD,Compact,Dell,Light
B06WP4W8VT,312.01,Well,Traditional Laptops,,Intel,Windows 10 Pro,,8GB,DDR3,128GB,HDD,Compact,Dell,Heavy
B06X3XNRJ6,1144.46,Well,Traditional Laptops,,NVIDIA,Windows 10 Home,4 Hours,8GB,DDR4,1000GB,HDD,Normal,Lenovo,Heavy
B06WVMJ713,789.99,Well,Traditional Laptops,Black,NVIDIA,Windows 10 Home,4 Hours,8GB,DDR4,256GB,SSD,Normal,Lenovo,Heavy
B06X3X49MS,279.5,Well,Traditional Laptops,,Intel,,,6GB,DDR4,1TB,HDD,Normal,Dell,Heavy
B06X3YPYYK,699.0,Decent,Traditional Laptops,Platinum Grey,Intel,Windows 10 Home,5 Hours,8GB,DDR4,1000GB,HDD,Huge,Lenovo,Heavy
B06X43T3JL,399.0,Well,2 in 1 Laptops,Sandblasted black aluminum with gunmetal hinge,NVIDIA,Windows 10,,12GB,DDR4,2TB,HDD,Normal,ASUS,Heavy
B06X92SJF8,298.95,Well,Traditional Laptops,,,Windows 10 Pro,,,,,,Compact,HP,
B06X9K3BH5,449.0,Decent,Traditional Laptops,Black,AMD,Windows 10,5 Hours,6GB,DDR3,1TB,HDD,Normal,Lenovo,Heavy
B06XD3QBLZ,75.0,Decent,Traditional Laptops,Silver,ARM,Chrome OS,8 Hours,2GB,DDR3,16GB,SSD,Compact,Samsung,Light
B06XFC44CL,947.99,Decent,Traditional Laptops,Black,NVIDIA,Windows 10 Home,,16GB,DDR4,512GB,SSD,Normal,Dell,Heavy
B06XG5QDN9,450.0,Well,Traditional Laptops,grey,Intel,Mac OS,24 Hours,8GB,DDR3,512GB,HDD,Compact,Apple,Light
B06XNP29BR,170.97,Decent,Traditional Laptops,Black,Intel,Windows 10,,8GB,DDR3,320GB,HDD,Compact,Dell,Light
B06XKK9XJ8,579.0,Well,Traditional Laptops,Silver,Intel,Windows 10,7 Hours,8GB,,256GB,SSD,Compact,Lenovo,Light
B06XSDXSC3,149.99,Well,Traditional Laptops,,Intel,Windows 10 Home,,4GB,DDR3L,32GB,eMMC,Compact,Dell,Light
B06XSXFRV4,57.99,Decent,Traditional Laptops,Black,Intel,Chrome OS,10 Hours,2GB,DDR3,16GB,SSD,Compact,Dell,Light
B06XVW2ZS8,228.55,Well,Traditional Laptops,,Intel,Windows 10 Pro,,8GB,,500GB,HDD,Normal,HP,Heavy
B06XWB7DPS,221.0,Highly,Traditional Laptops,Silver,Intel,OS X 10.9 Mavericks,7 Hours,4GB,,128GB,SSD,Compact,Apple,Light
B06XWFCKYX,710.16,Well,Traditional Laptops,Black,NVIDIA,Windows 10 Home,,16GB,DDR4,256GB,SSD,Normal,Lenovo,Light
B06XXLZH68,1465.51,Well,Traditional Laptops,Grey,NVIDIA,Windows 10 Home,,32GB,DDR4,256GB,SSD,Normal,Dell,Light
B06XXYVKVD,131.63,Well,2 in 1 Laptops,Black,,Chrome OS,,,,,,Compact,Lenovo,
B06Y1FJNYP,228.99,Decent,Traditional Laptops,Grey,Intel,Windows 10,3 Hours,16GB,DDR3,240GB,SSD,Compact,Dell,Heavy
B06Y1V8WWD,256.39,Well,Traditional Laptops,,Intel,Windows 10 Pro,,8GB,DDR3,,SSD,Normal,HP,Heavy
B06ZZTXT6H,1480.31,Well,Traditional Laptops,Grey,NVIDIA,Windows 10 Home,,32GB,DDR4,256GB,SSD,Normal,Dell,Light
B06Y3879V6,989.0,Well,Traditional Laptops,,Intel,Windows 10 Home,,16GB,DDR3,,SSD,Compact,Dell,Light
B06Y3C86QB,192.59,Well,Traditional Laptops,,Intel,Windows 10 Pro,,8GB,DDR3,256GB,SSD,Compact,Dell,Light
B06Y574QPQ,589.0,Highly,Traditional Laptops,Sparkly Silver,Intel,Windows 10,10 Hours,8GB,DDR4,256GB,SSD,Compact,Acer,Light
B06Y5FJNLJ,699.99,Well,2 in 1 Laptops,Obsidian Black,Intel,Windows 10,9 Hours,6GB,DDR4,1000GB,HDD,Normal,Acer,Heavy
B06Y5PWLQW,449.0,Well,2 in 1 Laptops,Obsidian Black,Intel,Windows 10,1 Hours,8GB,DDR4,256GB,SSD,Compact,Acer,Light
B06ZXWY8ZW,879.0,Decent,Traditional Laptops,Black,Intel,Windows 10,,6GB,,1TB,HDD,Normal,Dell,Light
B06ZY7MLSQ,699.0,Decent,Traditional Laptops,,Intel,Windows 10,,8GB,DDR3L,256GB,SSD,Compact,Dell,Light
B06ZYKGJ2P,913.51,Decent,Traditional Laptops,Pure Black,Intel,Windows 10,,8GB,DDR4,256GB,SSD,Compact,Samsung,Light
B06ZYSY8MF,1330.8,Decent,2 in 1 Laptops,Silver,Intel,Windows 10 Home,22 Hours,8GB,DDR4,128GB,SSD,Compact,Samsung,Light
B06ZZCC2LT,479.0,Decent,2 in 1 Laptops,Silver,Intel,Windows 10,6 Hours,8GB,DDR4,256GB,SSD,Compact,Dell,Heavy
B06ZZWLWTZ,599.98,Highly,2 in 1 Laptops,Black,Intel,Windows 10,9 Hours,8GB,DDR4,256GB,SSD,Normal,Lenovo,Light
B071169792,489.09,Highly,Traditional Laptops,Black,Intel,Chrome OS,10 Hours,2GB,DDR4,,SSD,Compact,Dell,Light
B07116R1GY,209.0,Decent,Traditional Laptops,Gray,Intel,Windows 10 Pro,3 Hours,8GB,DDR3,,SSD,Compact,Dell,Light
B071CHYSL5,849.0,Well,Traditional Laptops,Black,Intel,Windows 10,6 Hours,8GB,DDR4,1TB,HDD,Huge,HP,Heavy
B071751G3P,245.0,Decent,Traditional Laptops,,Intel,Windows 10,,8GB,DDR3,256GB,SSD,,Dell,Heavy
B0718WKLWT,299.0,Decent,Traditional Laptops,Black,Intel,Chrome OS,11 Hours,2GB,DDR3,16GB,SSD,Compact,Samsung,Light
B07193JV2T,1399.0,Highly,Traditional Laptops,Graphite Gold,Intel,Windows 10 S,,8GB,,256GB,SSD,Compact,Microsoft,Light
B0719KTFTD,1199.0,Well,2 in 1 Laptops,Dark Grey,Intel,Windows 10,9 Hours,8GB,DDR4,256GB,SSD,Compact,Lenovo,Light
B071F49Q2P,135.6,Decent,Traditional Laptops,Silver,Intel,Windows 10 Pro,,8GB,,256GB,SSD,Normal,Dell,Light
B071HXRGGC,219.9,Well,2 in 1 Laptops,Black,Intel,Windows 10,8.5 Hours,4GB,DDR4,500GB,HDD,Compact,Lenovo,Heavy
B071JLXGCW,762.0,Highly,Traditional Laptops,Shale Black,NVIDIA,Windows 10 Home,7 Hours,8GB,DDR4,,SSD,Normal,Acer,Heavy
B071K7P2DJ,487.56,Well,2 in 1 Laptops,Midnight Black,Intel,Windows 10 Pro,,8GB,DDR3,256GB,SSD,Compact,Lenovo,Light
B071L11CCT,169.0,Highly,Traditional Laptops,Black,Intel,Chrome OS,11 Hours,2GB,DDR3,16GB,SSD,Compact,Samsung,Light
B071LFBLTY,459.99,Well,2 in 1 Laptops,Grey,,Android 6.0 Marshmallow,15 Hours,4GB,DDR3,64GB,SSD,Compact,Lenovo,Light
B071RPDNRZ,199.98,Decent,Traditional Laptops,Silver,Intel,Chrome OS,,4GB,DDR3,16GB,eMMC,Compact,HP,Light
B071RY4PJF,178.93,Decent,Traditional Laptops,Black,Intel,Windows 10 Pro,,8GB,DDR3,128GB,SSD,Normal,Dell,Heavy
B071VSTX4Y,1660.9,Well,2 in 1 Laptops,Black,AMD,Windows 10,,16GB,,,SSD,Compact,Lenovo,Light
B071WVSL7N,249.99,Decent,Traditional Laptops,Silver,Intel,Chrome OS,11 Hours,4GB,DDR3,64GB,HDD,Compact,ASUS,Light
B071X5CVWP,145.98,Decent,Traditional Laptops,Black,Intel,Windows 10 Home,1.5 Hours,8GB,DDR3,500GB,SSD,Compact,Dell,Heavy
B071XT443J,849.95,Decent,Traditional Laptops,Silver,Intel,Windows 10,,12GB,DDR4,,SSD,Compact,Lenovo,Light
B071XYH4HN,154.99,Decent,Traditional Laptops,Black,Intel,Windows 10,,8GB,DDR4,256GB,SSD,Compact,Dell,Light
B071YC64VM,969.0,Decent,Traditional Laptops,Silver,Intel,Windows 10 Home,,8GB,DDR4,256GB,SSD,,Lenovo,Heavy
B071YZMV4Q,1599.0,Decent,Traditional Laptops,,,Windows 10 Pro,,,,,,Compact,ASUS,
B071Z6XPDZ,499.99,Decent,2 in 1 Laptops,Gray,Intel,Android 6.0 Marshmallow,15 Hours,4GB,DDR3,64GB,SSD,Compact,Lenovo,Light
B0722HFQ8D,1352.52,Well,2 in 1 Laptops,,Intel,Windows 10 Pro,15 Hours,8GB,DDR4,512GB,SSD,Compact,Lenovo,Light
B072BWBXHM,569.99,Highly,Traditional Laptops,,Intel,Windows 10,14 Hours,8GB,DDR3,256GB,SSD,Compact,HP,Light
B072F653PJ,169.5,Decent,Traditional Laptops,Black,Intel,Windows 10 Pro,10 Hours,8GB,DDR4,256GB,SSD,Compact,Dell,Heavy
B072HR2XVW,184.88,Decent,Traditional Laptops,,Intel,Windows 10 Pro,,4GB,,320GB,HDD,Compact,Dell,Heavy
B072K6DVLM,63.99,Highly,Traditional Laptops,Black,Intel,Chrome OS,10 Hours,4GB,,16GB,SSD,Compact,ASUS,Light
B07CKH9X55,873.99,Well,2 in 1 Laptops,Gray,Intel,Windows 10,8 Hours,8GB,DDR4,256GB,SSD,Normal,Lenovo,Light
B072L7711F,354.99,Well,Traditional Laptops,,NVIDIA,Windows 10 Pro,8 Hours,16GB,DDR4,512GB,SSD,Normal,Dell,Heavy
B072LS5KPF,1799.99,Well,Traditional Laptops,Black,NVIDIA,Windows 10 Pro,,16GB,,512GB,SSD,Normal,Lenovo,Heavy
B072MRBQQH,99.99,Highly,Traditional Laptops,aluminum chassis,ARM,Chrome OS,6 Hours,4GB,DDR3,16GB,eMMC,Compact,ASUS,Light
B072RC6CYT,580.66,Well,2 in 1 Laptops,,NVIDIA,Windows 10,9 Hours,8GB,DDR4,,SSD,Normal,Lenovo,Heavy
B0733H5YZY,129.89,Decent,Traditional Laptops,Black,Intel,Windows 10,2 Hours,8GB,DDR3,128GB,SSD,Compact,Lenovo,Light
B0739PFJSG,161.99,Decent,Traditional Laptops,Black,Intel,Chrome OS,12.83 Hours,2GB,DDR3,,SSD,Compact,HP,Light
B0739SG4Y2,349.0,Decent,2 in 1 Laptops,Silver,Intel,Windows 10,10 Hours,8GB,DDR4,1TB,HDD,Compact,ASUS,Heavy
B073K1B96F,1099.99,Well,Traditional Laptops,Black,Intel,"Windows 7 Professional, Windows 10 Pro",,16GB,DDR4,256GB,SSD,Compact,Lenovo,Light
B073M5CYF6,229.55,Well,Traditional Laptops,,Intel,Windows 10 Pro,,8GB,DDR3,,SSD,Compact,Lenovo,Light
B073PV7B3L,298.0,Well,2 in 1 Laptops,PC,Intel,Windows 10 Home,8 Hours,8GB,DDR4,256GB,SSD,Normal,Lenovo,Heavy
B073PXNPG7,999.0,Well,Traditional Laptops,Shale Black,NVIDIA,Windows 10 Home,7 Hours,16GB,DDR4,1000GB,HDD,Normal,Acer,Heavy
B073PY18CN,1999.0,Decent,Traditional Laptops,Black,NVIDIA,Windows 10,7 Hours,16GB,DDR4,1000GB,HDD,Huge,Acer,Heavy
B073Q2B974,202.17,Decent,Traditional Laptops,Black,Intel,Win 10 Pro 64 Bit Multi-Language Support English/French/Spanish(Renewed),,8GB,DDR3,500GB,HDD,Normal,Dell,Heavy
B073S63FTG,383.0,Well,Traditional Laptops,,Intel,Windows 10 Pro,7 Hours,8GB,DDR3,128GB,SSD,Compact,HP,Heavy
B073SBW578,999.0,Well,Traditional Laptops,,Intel,Windows 10,9 Hours,8GB,DDR3,256GB,SSD,Compact,ASUS,Light
B073VQ9BV8,349.0,Decent,Traditional Laptops,,AMD,Windows 10,5 Hours,4GB,DDR4,,HDD,Huge,HP,Heavy
B073VQYPNT,379.0,Decent,Traditional Laptops,Black,Intel,Windows 10,,8GB,DDR4,1024GB,HDD,Normal,Dell,Heavy
B073WQLZ7M,529.99,Highly,Traditional Laptops,Grey,AMD,Windows 10 Home,5 Hours,8GB,DDR3,1000GB,HDD,Normal,Lenovo,Heavy
B073WVRDJT,193.21,Decent,Traditional Laptops,Gray,Intel,Windows 10 Pro,8 Hours,8GB,DDR3,500GB,HDD,Compact,Lenovo,Heavy
B073YC5D78,379.0,Decent,Traditional Laptops,Black,Intel,Windows 10,,8GB,DDR4,1024GB,HDD,Normal,Dell,Heavy
B0742H4TKY,699.99,Well,Traditional Laptops,Black,Intel,Windows 10,7 Hours,,,,SSD,Compact,Lenovo,Light
B0744FM1VD,289.0,Decent,Traditional Laptops,,Intel,Chrome OS,12 Hours,4GB,DDR4,,eMMC,Compact,Samsung,Light
B077X1ZB7H,289.99,Highly,Traditional Laptops,,Intel,Windows 10,10 Hours,4GB,,64GB,eMMC,Compact,HP,Light
B0746KNZWY,178.53,Decent,Traditional Laptops,,Intel,Windows 10 Pro,,8GB,DDR3,128GB,HDD,Compact,Dell,Light
B0748KXSHM,599.0,Well,Traditional Laptops,,Intel,Windows 10 Home,12 Hours,8GB,DDR4,256GB,SSD,Compact,Lenovo,Light
B074G5DQ5M,809.99,Decent,Traditional Laptops,Silver/Carbon Fiber,Intel,Windows 10,10 Hours,8GB,,128GB,SSD,Compact,Dell,Light
B074L245PR,49.99,Decent,Traditional Laptops,Black,Intel,Chrome OS,14 Hours,4GB,DDR3,32GB,HDD,Compact,Acer,Light
B074SJ7SZW,172.98,Well,Traditional Laptops,,Intel,Windows 10,,3GB,DDR3,1TB,HDD,Compact,Dell,Heavy
B074V3B382,211.55,Well,Traditional Laptops,,Intel,Windows 10 Pro,,8GB,,256GB,SSD,Compact,Dell,Light
B074VCWBH5,129.0,Well,Traditional Laptops,,Intel,Windows 10 Pro,,8GB,,256GB,SSD,Compact,Dell,Heavy
B074VFNB44,129.99,Well,Traditional Laptops,,Intel,Windows 10 Pro,,8GB,,256GB,SSD,Compact,Dell,Heavy
B074WJ4QWC,135.99,Decent,Traditional Laptops,,Intel,Windows 10,,8GB,,512GB,SSD,Compact,Dell,Heavy
B0752W6W4Q,549.0,Highly,2 in 1 Laptops,Black,Intel,Windows 10,10 Hours,8GB,DDR4,256GB,SSD,,Lenovo,Heavy
B0757FYPBK,158.0,Highly,Traditional Laptops,Black,Intel,Chrome OS,11 Hours,4GB,DDR3,32GB,SSD,Compact,Samsung,Light
B075CKH4SJ,589.0,Well,2 in 1 Laptops,Steel Gray,Intel,Windows 10 Home,13 Hours,8GB,DDR4,256GB,SSD,Compact,Acer,Light
B075CV67LJ,599.0,Decent,Amazon Unlimited Storage + Laptop Promotion,Black,Intel,Windows 10,5 Hours,8GB,DDR3L,1TB,HDD,Compact,Lenovo,Light
B075GLP5ST,331.98,Decent,2 in 1 Laptops,,Intel,Windows 10 Pro,,3GB,DDR3,128GB,SSD,Compact,HP,Light
B075JLPLBL,618.61,Decent,2 in 1 Laptops,"Black,silver",Intel,Chrome OS,1 Hours,16GB,,512GB,SSD,Compact,Google,Light
B075JSK7TR,449.99,Decent,2 in 1 Laptops,White,Intel,Chrome OS,15 minutes,8GB,DDR3L,128GB,SSD,Compact,Google,Light
B075L9629H,207.88,Decent,Traditional Laptops,,Intel,Windows 10 Pro,,8GB,DDR3,,HDD,Compact,Dell,Light
B075Q5FFSX,158.99,Highly,Traditional Laptops,Grey/black,Intel,Windows 10 Pro,,8GB,DDR3,512GB,SSD,Normal,Dell,Light
B075VC3CVQ,1450.86,Well,Traditional Laptops,,NVIDIA,Windows 10,,32GB,DDR4,1TB,SSD,Normal,Dell,Heavy
B075X4KK58,315.0,Highly,Traditional Laptops,Silver,Intel,Chrome OS,9 Hours,4GB,,16GB,eMMC,Compact,HP,Heavy
B07622CR6H,76.99,Highly,Traditional Laptops,,MediaTek,Chrome OS,10 Hours,4GB,DDR3,32GB,SSD,Compact,Lenovo,Light
B0764HSLXT,549.63,Well,Traditional Laptops,Platinum Silver,NVIDIA,Windows 10,,8GB,,1000GB,HDD,Huge,Dell,Heavy
B0764HW117,1229.0,Highly,Traditional Laptops,Matte Black,,Windows 10,,,,,,Normal,Dell,
B0764MYJFV,575.0,Decent,2 in 1 Laptops,Theoretical Gray,Intel,Windows 10 Home,,8GB,DDR4,1000GB,HDD,Normal,Dell,Light
B0765BKG1Y,604.89,Well,2 in 1 Laptops,Silver,Intel,Windows 10,7 Hours,8GB,DDR3,256GB,SSD,Compact,Lenovo,Light
B0768ZJHWX,859.0,Well,Traditional Laptops,Luxury Gold,Intel,Windows 10,9 Hours,8GB,DDR3,,SSD,Compact,Acer,Light
B076919RKR,899.99,Highly,Traditional Laptops,Obsidian Black,NVIDIA,Windows 10,15 Hours,8GB,DDR4,256GB,SSD,Normal,Acer,Heavy
B076BFSMPV,269.0,Decent,Traditional Laptops,Star Grey,Intel,Windows 10 S,10 Hours,4GB,DDR3,64GB,HDD,,ASUS,Light
B076BWPZC3,198.0,Highly,Traditional Laptops,Black,Intel,Chrome OS,11 Hours,4GB,DDR3,32GB,SSD,Compact,Samsung,Light
B076CCSZFN,179.96,Decent,Traditional Laptops,,Intel,Windows 10 Pro,,12GB,DDR3,240GB,SSD,Compact,Lenovo,Light
B076DKFYF9,149.98,Highly,Traditional Laptops,Black,Intel,Windows 10 Pro,8 Hours,8GB,DDR3,256GB,SSD,Compact,Dell,Light
B076DXN42V,918.98,Decent,Traditional Laptops,,NVIDIA,Windows 10,,16GB,DDR4,,,Normal,HP,Light
B076JXW7D6,699.0,Decent,Traditional Laptops,White,NVIDIA,Windows 10,,16GB,,256GB,SSD,Huge,HP,Heavy
B076N6K19D,1799.0,Decent,2 in 1 Laptops,Dark Ash,NVIDIA,Windows 10,13 Hours,16GB,DDR4,512GB,SSD,Normal,HP,Light
B076QGDQGW,186.0,Decent,Traditional Laptops,Black,Intel,Windows 10 Pro,1 Hours,16GB,DDR4,256GB,SSD,Compact,Dell,Light
B076QQRWZF,1799.0,Well,2 in 1 Laptops,,NVIDIA,Windows 10,8 Hours,16GB,,512GB,SSD,,HP,Light
B076TRP9BG,705.78,Well,2 in 1 Laptops,,Intel,Windows 10,,16GB,DDR4,512GB,SSD,Compact,Dell,Light
B076TSJ32N,199.99,Decent,Traditional Laptops,Mineral Gray,Intel,Windows 10 Home,8 Hours,2GB,,16GB,SSD,Compact,Lenovo,Light
B076V3FM6L,369.99,Well,2 in 1 Laptops,,Intel,Windows 10,,8GB,DDR4,256GB,SSD,Compact,Dell,Light
B076V3YMRY,299.0,Decent,Traditional Laptops,Pure Silver,Intel,Windows 10,12 Hours,4GB,DDR4,32GB,SSD,Normal,Acer,Heavy
B076V6DPZN,849.95,Well,2 in 1 Laptops,,Intel,Windows 10 Home,,8GB,DDR4,256GB,SSD,Compact,Lenovo,Light
B087YVDX4L,558.0,Highly,Traditional Laptops,Natural Silver,AMD,Windows 10,,12GB,,256GB,SSD,Normal,HP,Light
B076V6QR2M,521.9,Well,Traditional Laptops,Black,Intel,Windows 10 Home,4 Hours,4GB,DDR3,500GB,HDD,Normal,ASUS,Light
B076V8M6VZ,938.65,Well,Traditional Laptops,Silver,Intel,Windows 10 Home,,8GB,DDR3,256GB,SSD,Compact,Dell,Light
B076X6T1XP,880.0,Decent,2 in 1 Laptops,Natural Silver,Intel,Windows 10,,16GB,DDR4,1256GB,SSD,Normal,HP,Heavy
B0773KZYZ3,1899.0,Decent,2 in 1 Laptops,Dark Ash Silver,Intel,Windows 10,16 Hours,16GB,DDR3,512GB,SSD,,HP,Heavy
B0773LCR2R,167.9,Decent,Traditional Laptops,,Intel,Windows 10,,8GB,DDR3,500GB,HDD,Compact,HP,Heavy
B07753PGGM,889.98,Decent,Traditional Laptops,Platinum Silver,Intel,Windows 10,,8GB,DDR4,500GB,SSD,Compact,Dell,Light
B0776G35NW,859.0,Well,Traditional Laptops,Black,NVIDIA,Windows 10,,16GB,DDR4,1TB,HDD,Normal,Dell,Heavy
B0778DVNHH,589.0,Highly,Traditional Laptops,Black,Intel,Windows 10,,8GB,DDR4,2TB,HDD,Normal,Dell,Heavy
B0778F81ZG,290.0,Highly,Traditional Laptops,Black,Allwinner,Chrome OS,11 Hours,2GB,,16GB,SSD,Compact,Samsung,Light
B0778PW5V9,799.99,Well,2 in 1 Laptops,,Intel,Windows 10 Home,,4GB,DDR3,128GB,HDD,Compact,Samsung,Light
B0778SBRD2,950.62,Well,Traditional Laptops,Platinum Silver,AMD,Windows 10 Home,,8GB,DDR4,128GB,SSD,Huge,Dell,Heavy
B07793T8LK,189.0,Decent,Traditional Laptops,Pure Silver,Intel,Chrome OS,,4GB,,32GB,SSD,Normal,Acer,Heavy
B07796ZN2Y,209.99,Well,2 in 1 Laptops,Silver,Intel,Windows 10 Home,,4GB,DDR4,,SSD,Compact,Lenovo,Light
B07797N3KL,999.0,Well,2 in 1 Laptops,Era gray,NVIDIA,Windows 10,,16GB,DDR4,2TB,HDD,Huge,Dell,Heavy
B077994XS4,638.99,Well,2 in 1 Laptops,Black,Intel,Windows 10 Home Edition,10 Hours,8GB,DDR4,,SSD,Compact,Lenovo,Light
B07799BTX7,799.0,Well,2 in 1 Laptops,Bronze,Intel,Windows 10 Home,15.5 Hours,8GB,DDR4,256GB,SSD,Compact,Lenovo,Light
B077B5CSWZ,350.0,Decent,Traditional Laptops,Gunmetal,Allwinner,Windows 10 Home,1 days,16GB,DDR4,512GB,SSD,Compact,Intel,Light
B077BNJHVJ,999.99,Decent,Traditional Laptops,Blue,NVIDIA,Windows 10,,8GB,,256GB,SSD,Compact,ASUS,Heavy
B07HLD2VQH,125.0,Highly,Traditional Laptops,,AMD,Windows 10,,4GB,DDR3,16GB,eMMC,Compact,Dell,Light
B077DH4J9R,275.0,Decent,Traditional Laptops,Obsidian Black,Intel,Windows 10,9 Hours,4GB,DDR4,32GB,SSD,Compact,Acer,Light
B077GKH4PM,234.78,Well,Traditional Laptops,,Intel,Windows 10,,4GB,DDR3,320GB,HDD,,Dell,Heavy
B077GN5H7D,669.99,Highly,Traditional Laptops,Silver,Intel,Windows 10,8 Hours,8GB,DDR4,2TB,HDD,Normal,HP,Heavy
B077HZQKJQ,598.86,Highly,Traditional Laptops,Black,Intel,Windows 10,,8GB,,1TB,HDD,Normal,HP,Light
B077K58VWS,809.99,Decent,Traditional Laptops,Dark Blue,NVIDIA,Windows 10,,8GB,DDR4,512GB,SSD,Normal,ASUS,Heavy
B077P1CBYZ,499.99,Well,Traditional Laptops,,Intel,Windows 10,8 Hours,12GB,,2TB,HDD,Normal,HP,Light
B077P1ZD2L,229.99,Well,2 in 1 Laptops,Black,Intel,Windows 10 Pro,,4GB,DDR3,32GB,SSD,Compact,Lenovo,Light
B077PM9C3Y,1299.0,Decent,2 in 1 Laptops,,NVIDIA,Windows 10 Pro,17 Hours,16GB,DDR4,256GB,SSD,Normal,Microsoft,Light
B077QGHB4L,499.99,Highly,Traditional Laptops,Silver,Intel,Windows 10,8 Hours,8GB,DDR4,2TB,HDD,Normal,HP,Heavy
B077RGJ6S7,149.0,Decent,Traditional Laptops,Mineral Gray,Intel,Windows 10,,2GB,DDR4,32GB,eMMC,Compact,Lenovo,Light
B077RNJR5N,626.84,Decent,Traditional Laptops,Black,Intel,Windows 10,6 Hours,8GB,DDR3,1TB,HDD,Huge,HP,Heavy
B077SNZ71W,790.0,Well,Traditional Laptops,,Intel,Windows 10,9 Hours,12GB,DDR4,1TB,HDD,Normal,HP,Heavy
B077SZFX3S,450.0,Well,Traditional Laptops,,Intel,Windows 10,,4GB,DDR3,1TB,HDD,Normal,Lenovo,Light
B077TCVT7Q,328.0,Highly,2 in 1 Laptops,Silver,Intel,Chrome OS,12 Hours,6GB,DDR3L,64GB,eMMC,Compact,Acer,Light
B077TFZ323,430.09,Highly,Traditional Laptops,Gray,Intel,Windows 10 Home,7.75 Hours,8GB,,1TB,HDD,Compact,HP,Heavy
B077X4881T,235.33,Highly,Traditional Laptops,Black,Intel,Windows 10 Pro,,16GB,,512GB,SSD,Compact,Dell,Light
B077XDWKLJ,249.98,Well,Traditional Laptops,,Intel,Windows 10 Pro,,8GB,DDR3,500GB,HDD,Normal,Dell,Heavy
B077XS11LS,745.9,Highly,Traditional Laptops,Silver,Intel,Windows 10,,8GB,DDR4,1TB,HDD,Normal,Lenovo,Light
B077XX31VL,749.0,Highly,2 in 1 Laptops,grey,Intel,Windows 10,,8GB,DDR4,256GB,SSD,Compact,Dell,Light
B077Y8GTHR,1194.0,Decent,2 in 1 Laptops,Silver,Intel,Windows 10 Pro,17 Hours,16GB,DDR4,512GB,HDD,Compact,Microsoft,Light
B077Z55KMJ,628.96,Well,Traditional Laptops,,Intel,Windows 10,"9.0, 7.0 Hours",12GB,,1TB,HDD,Normal,HP,Heavy
B0785H4MT5,268.0,Decent,Traditional Laptops,Black,Intel,Windows 10 Home,5 Hours,4GB,DDR4,1000GB,HDD,Normal,Lenovo,Heavy
B07886G46X,155.89,Decent,Traditional Laptops,Black,,Windows 10 Pro,,,,,,Normal,Lenovo,
B0788JTZFM,799.0,Well,Traditional Laptops,,NVIDIA,Windows 10,,8GB,DDR4,1TB,HDD,Normal,Acer,Heavy
B078BC1YL2,899.99,Well,Traditional Laptops,Steel Gray,AMD,Windows 10 Home,8 Hours,8GB,DDR4,256GB,SSD,Normal,Acer,Light
B078DN2PVJ,93.46,Decent,2 in 1 Laptops,Black,,Windows 10,,,,,,Compact,Lenovo,
B078FNHP5D,179.0,Highly,Traditional Laptops,,Intel,Chrome OS,12 Hours,4GB,DDR3,16GB,eMMC,Compact,HP,Light
B078H13VW7,379.0,Decent,Traditional Laptops,Silver,Intel,macOS 10.12 Sierra,10 Hours,8GB,DDR3,128GB,SSD,Compact,Apple,Light
B078JLM22J,517.65,Well,2 in 1 Laptops,Sandblasted aluminum silver,Intel,Windows 10,9 Hours,12GB,DDR4,1TB,HDD,Normal,ASUS,Heavy
B078MKCPKH,899.99,Well,Traditional Laptops,Rose Gold,Intel,Windows 10 Home,,8GB,DDR4,128GB,SSD,Compact,Dell,Light
B078NK5D6R,199.0,Decent,2 in 1 Laptops,Silver,,,,2GB,,,,Compact,Rca,Light
B078NPYG9Y,799.99,Decent,Traditional Laptops,Silver,Intel,Windows 10 Home,11 Hours,8GB,DDR3,128GB,SSD,Compact,Dell,Light
B078RPG9VS,271.26,Highly,Traditional Laptops,Silver,Intel,OS X 10.10 Yosemite,12 Hours,8GB,DDR3,256GB,SSD,Compact,Apple,Light
B078T74GKF,199.99,Decent,Traditional Laptops,,Intel,Windows 10 Home,,4GB,DDR3,,eMMC,Compact,HP,Light
B078W5CV2G,146.0,Highly,Traditional Laptops,Gray,Intel,Windows 10 Pro,17 Hours,8GB,DDR3,128GB,SSD,Compact,Lenovo,Light
B0792LZHM7,239.99,Decent,Traditional Laptops,Black,Intel,Windows 10 Pro,,16GB,,256GB,SSD,Compact,Dell,Light
B078WYC1R9,498.0,Decent,Traditional Laptops,Silver,Intel,OS X 10.9 Mavericks,8 Hours,16GB,DDR3L,256GB,SSD,Normal,Apple,Heavy
B078XT2KWN,659.99,Decent,2 in 1 Laptops,Silk Gold,AMD,Windows 10 Home,9 Hours,8GB,,1TB,HDD,Normal,HP,Light
B0791YBJGZ,89.99,Highly,2 in 1 Laptops,jet black,Intel,Chrome OS,10 Hours,4GB,DDR3L,32GB,eMMC,Compact,Acer,Light
B0792LFCB4,226.0,Highly,Traditional Laptops,White,Intel,Mac OS,,4GB,DDR3,128GB,SSD,Compact,Apple,Heavy
B0794T9KZF,529.0,Well,Traditional Laptops,Platium Grey,Intel,Windows 10,,8GB,DDR4,1TB,HDD,Huge,Lenovo,Heavy
B0795941T3,353.0,Highly,Traditional Laptops,Silver,,OS X 10.9 Mavericks,,,,,,Compact,Apple,
B0795B6DS7,390.0,Highly,Traditional Laptops,Silver,Intel,Mac OS,8 Hours,8GB,DDR3,512GB,SSD,Compact,Apple,Light
B07992JN7H,462.0,Well,Traditional Laptops,Grey,Intel,Mac OS,9 Hours,8GB,DDR3,512GB,SSD,Compact,Apple,Light
B0799981GR,725.0,Well,Traditional Laptops,Black,,Windows 10 Home,,,,,,Compact,Dell,
B079G52BDZ,759.0,Well,2 in 1 Laptops,,AMD,Windows 10,,12GB,DDR4,1TB,HDD,Normal,HP,Light
B0799HPMFT,177.59,Decent,Traditional Laptops,Black,Intel,Windows 10 Pro,7 Hours,8GB,,256GB,SSD,Compact,Dell,Light
B079C7RNFF,320.0,Decent,Traditional Laptops,Silver,Intel,Mac OS,6 Hours,8GB,DDR3L,256GB,SSD,Normal,Apple,Heavy
B079FYP9KY,499.99,Highly,Traditional Laptops,Silver,Intel,Windows 10,8 Hours,8GB,DDR4,2TB,HDD,Normal,HP,Heavy
B079J395DC,1429.77,Decent,Traditional Laptops,Black,Intel,Windows 10 Pro,6 Hours,16GB,DDR3,512GB,SSD,Compact,Lenovo,Light
B079J4H1P2,1200.0,Decent,Traditional Laptops,Black,Intel,Windows 10 Pro,15 Hours,16GB,DDR3,,SSD,Compact,Lenovo,Light
B079J59B77,1688.77,Well,Traditional Laptops,Black,Intel,Windows 10 Pro,,16GB,DDR3,512GB,SSD,Compact,Lenovo,Light
B079JBV68W,173.99,Highly,Traditional Laptops,Black,Intel,Windows 10,,8GB,DDR4,256GB,SSD,Compact,Dell,Light
B079NQ1W4L,170.9,Well,Traditional Laptops,,Intel,Windows 10,8.5 Hours,8GB,DDR4,256GB,SSD,Compact,Dell,Light
B079NVXFFF,222.55,Well,Traditional Laptops,,Intel,Windows 10 Pro,,6GB,,512GB,SSD,Compact,Dell,Light
B079P8759M,193.01,Decent,Traditional Laptops,Grey,Intel,Windows 10 Pro,,8GB,DDR3,128GB,SSD,Compact,Dell,Heavy
B079TGKLNR,799.99,Highly,Traditional Laptops,,AMD,Windows 10,,8GB,DDR3,1TB,HDD,Normal,HP,Light
B079V7S6J4,599.0,Well,Traditional Laptops,,Intel,Windows 10 Pro,,16GB,DDR4,512GB,SSD,Normal,Dell,Heavy
B079VBS36N,749.0,Highly,Traditional Laptops,Shale Black,NVIDIA,Windows 10,8.5 Hours,8GB,DDR4,256GB,SSD,Normal,Acer,Heavy
B079VRQF6Z,199.48,Well,Traditional Laptops,,,,,,,,,,Unknown,
B079VVJ6DX,199.99,Highly,Traditional Laptops,Black,Intel,Chrome OS,11.5 Hours,4GB,DDR3,16GB,eMMC,Compact,HP,Light
B079WCKJ9F,142.36,Decent,Traditional Laptops,,Intel,Windows 10 Pro,,8GB,DDR3L,500GB,HDD,Compact,Dell,Light
B079WPYBB1,228.48,Decent,Traditional Laptops,Black,Intel,Chrome OS,12 Hours,4GB,DDR3,,HDD,Normal,Acer,Heavy
B07B2GRSTJ,269.0,Decent,Traditional Laptops,Stay Grey,Intel,Windows 10 S,10 Hours,4GB,DDR3,64GB,HDD,Compact,ASUS,Light
B07B3W2HFK,205.82,Decent,Traditional Laptops,Black,Intel,Windows 10 Pro,,8GB,DDR4,256GB,SSD,Compact,Dell,Light
B07B5ZTK3Y,227.98,Highly,Traditional Laptops,Grey,Intel,Windows 10 Pro,,8GB,DDR3,128GB,SSD,Compact,HP,Light
B07B6C96X2,199.0,Decent,2 in 1 Laptops,Purple,Intel,Android,6 Hours,2GB,,,,Compact,Microsoft,Light
B07B6D7N65,199.0,Decent,2 in 1 Laptops,Silver,Intel,,6 Hours,2GB,,32GB,HDD,Compact,Rca,Light
B07B6M9SV2,1799.99,Well,2 in 1 Laptops,Silver,Intel,Windows 10,8 Hours,12GB,DDR4,512GB,SSD,Normal,Dell,Heavy
B07B8XX1Z1,849.99,Decent,Traditional Laptops,,NVIDIA,,8 Hours,16GB,,1TB,SSD,Normal,Apple,Heavy
B07B8YBX7V,443.0,Decent,Traditional Laptops,,Intel,MacOS 10.14 Mojave,8 Hours,16GB,,512GB,SSD,Compact,Apple,Light
B07BB85P9T,695.97,Highly,2 in 1 Laptops,Silver,Intel,Windows 10 Pro,,8GB,DDR3,512GB,SSD,Compact,HP,Light
B07BC59CBD,170.98,Highly,Traditional Laptops,Black,Intel,Windows 10 Pro,1.5 Hours,8GB,DDR4,256GB,SSD,Compact,Dell,Light
B07BFJ4H5C,226.63,Well,Traditional Laptops,,Intel,Windows 10 Pro,,8GB,DDR3,500GB,HDD,Normal,Dell,Heavy
B07BFTPRCD,189.0,Well,Traditional Laptops,,Intel,Windows 10 Pro,,8GB,DDR3,,SSD,Normal,Dell,Heavy
B07BFW9D9T,659.99,Decent,2 in 1 Laptops,White,Intel,Chrome OS,10 Hours,8GB,DDR4,128GB,SSD,Compact,Google,Light
B07BHVHPKM,210.97,Decent,Traditional Laptops,Black,Intel,Windows 10 Pro,,8GB,DDR3L,256GB,SSD,Compact,HP,Light
B07BJ9T8XC,599.99,Decent,Traditional Laptops,A12,AMD,Windows 10,,4GB,DDR4,128GB,HDD,Normal,Lenovo,Heavy
B07BJT451N,479.0,Decent,Traditional Laptops,Sparkly Silver,Intel,Windows 10 Home,12 Hours,8GB,DDR4,,SSD,Compact,Acer,Light
B07BKVWWXB,289.0,Decent,Traditional Laptops,Gray,AMD,Windows 10,,,,32GB,SSD,,Dell,Light
B07BJY4WZ3,234.0,Highly,Traditional Laptops,Gray,,Chrome OS,,,,,,Compact,HP,Light
B07BKQX2GS,149.99,Decent,Traditional Laptops,Gray,AMD,Windows 10,,4GB,DDR4,32GB,SSD,Compact,Dell,Light
B07BLKKDGV,248.0,Decent,Traditional Laptops,,Intel,Mac OS,7 Hours,4GB,DDR3,,SSD,Compact,Apple,Light
B07BLPHRX9,309.99,Decent,Traditional Laptops,Black,AMD,Windows 10 Home,,4GB,,500GB,SSD,Normal,Dell,Light
B07BPB158F,1099.99,Decent,Traditional Laptops,Black,NVIDIA,Windows 10 Home,6 Hours,16GB,DDR4,1000GB,HDD,Normal,ASUS,Heavy
B07BPQY9Q8,2099.0,Decent,Traditional Laptops,Epic Silver,Intel,Windows 10 Home,,16GB,DDR4,1TB,SSD,Normal,Alienware,Heavy
B07BQ13PKX,399.0,Decent,Traditional Laptops,Black,AMD,Windows 10,7 Hours,4GB,DDR3,500GB,HDD,Normal,HP,Heavy
B0BWV4MXQG,730.01,Highly,Traditional Laptops,Black,NVIDIA,Windows 11 Home,11 Hours,8GB,DDR4,256GB,SSD,Normal,Acer,Heavy
B07BT8ZXH3,333.83,Decent,Traditional Laptops,,Intel,Windows 10 Pro,,8GB,,256GB,SSD,Compact,Dell,Light
B07BVSR7KZ,50.97,Decent,Traditional Laptops,Gray,Intel,Chrome OS,9 Hours,4GB,DDR3L,,SSD,Compact,Acer,Light
B07BWYBQ9W,1299.97,Well,Traditional Laptops,RGB Cover Aluminum Black,NVIDIA,Windows 10 Home,,16GB,DDR4,1000GB,HDD,Normal,MSI,Heavy
B07BX68HZY,679.79,Decent,Traditional Laptops,Silver,NVIDIA,Windows 10,8 Hours,32GB,DDR4,1000GB,SSD,Normal,Dell,Light
B07BYMGR1D,1020.03,Decent,Traditional Laptops,Space Gray,AMD,MacOS 10.12 Sierra,,16GB,DDR3,256GB,SSD,Normal,Apple,Heavy
B07BZN1T8N,599.99,Well,2 in 1 Laptops,Era Gray,AMD,Windows 10 Home,,8GB,DDR4,256GB,SSD,Compact,Dell,Light
B07C316RCF,339.14,Decent,Traditional Laptops,,Intel,Windows 10 Pro,,16GB,DDR4,512GB,SSD,Normal,Dell,Light
B07C3CTML2,577.14,Decent,Traditional Laptops,Gray,Intel,MacOS 10.12 Sierra,10 Hours,8GB,DDR3,256GB,SSD,Compact,Apple,Light
B07C3Z2KH6,179.0,Decent,2 in 1 Laptops,Pink,,Android 6.0 Marshmallow,,1GB,,,,Compact,Rca,Light
B07C65293B,339.0,Highly,Traditional Laptops,Silver,Intel,,9 Hours,8GB,,256GB,SSD,Compact,Apple,Light
B07C9YV85F,149.99,Well,Traditional Laptops,,Intel,Windows 10 Pro,,8GB,DDR3,,SSD,Compact,Lenovo,Heavy
B07CG47LYG,478.0,Well,2 in 1 Laptops,,AMD,Windows 10,,12GB,,,SSD,Compact,Dell,Light
B07CGWCTB6,279.99,Well,Traditional Laptops,Grey,AMD,Windows 10 Home,,16GB,DDR4,256GB,SSD,Normal,Lenovo,Heavy
B07CHKMSGZ,1104.89,Well,Traditional Laptops,Obsidian Black,Intel,Windows 10 Home,10 Hours,8GB,DDR3,256GB,SSD,Compact,Acer,Light
B07CHY6T2M,576.0,Decent,Traditional Laptops,Space Gray,AMD,Mac OS,8 Hours,16GB,DDR3,512GB,SSD,Normal,Apple,Heavy
B07CK8VHR4,497.41,Decent,Traditional Laptops,,Intel,Windows 10 Home,,8GB,DDR4,1TB,HDD,Normal,Acer,Light
B07CKGKQD2,499.0,Well,Traditional Laptops,Silver,Intel,Windows 8,5 Hours,4GB,DDR3,500GB,HDD,Compact,Lenovo,Heavy
B07CKNCQYX,788.99,Decent,2 in 1 Laptops,Silver,Intel,Windows 10,8 Hours,8GB,DDR4,256GB,SSD,Compact,Lenovo,Light
B07CMCCX8H,383.99,Highly,2 in 1 Laptops,White,Intel,Chrome OS,10 Hours,4GB,DDR3L,32GB,SSD,Compact,Acer,Light
B07CNBY9YY,244.0,Highly,2 in 1 Laptops,White,Intel,Chrome OS,,6GB,DDR3,32GB,eMMC,Compact,Acer,Light
B07CP1R5DV,1164.02,Well,Traditional Laptops,Black,AMD,Windows 10 Home,15 Hours,16GB,,512GB,SSD,Compact,Lenovo,Light
B07CR5RYDB,1149.0,Well,Traditional Laptops,,NVIDIA,Windows 10 Home,5 Hours,16GB,DDR4,1128GB,SSD,Normal,ASUS,Heavy
B07GYPH1WD,308.87,Highly,Traditional Laptops,,Intel,Windows 10,,4GB,DDR3,64GB,SSD,Compact,Acer,Light
B07CS1JLVL,183.77,Decent,Traditional Laptops,,Intel,Windows 10,6 Hours,8GB,DDR3,256GB,SSD,Compact,HP,Light
B07DX7Q1J2,195.78,Highly,Traditional Laptops,Black,Intel,Windows 10 Pro,,8GB,DDR4,256GB,SSD,,Dell,Light
B07CSDY5VH,378.35,Decent,Traditional Laptops,Silver,Intel,Windows 10,,12GB,DDR4,1TB,HDD,Normal,Lenovo,Heavy
B07CSPWMHK,105.89,Well,Traditional Laptops,,AMD,Windows 10 Home,,4GB,DDR3,320GB,HDD,Compact,Lenovo,Heavy
B07CSQDR4N,199.48,Decent,Traditional Laptops,Grey/silver,Intel,Windows 10 Pro,5 Hours,8GB,,500GB,HDD,Compact,HP,Light
B07CTDLYJG,999.0,Well,Traditional Laptops,,Intel,Windows 10,5 Hours,12GB,DDR4,1TB,HDD,Normal,Lenovo,Light
B07CTHLX8B,1199.99,Decent,Traditional Laptops,Silver,NVIDIA,Windows 10 Home,,8GB,DDR4,256GB,SSD,Normal,Dell,Heavy
B07CTN5V51,349.9,Well,2 in 1 Laptops,Silver,Intel,Windows 10,6 Hours,8GB,DDR4,256GB,SSD,Normal,Dell,Heavy
B07CTRFHW9,134.49,Decent,Traditional Laptops,Black,Intel,Windows 10,,3GB,DDR3,120GB,SSD,Compact,Dell,Light
B07CTT3LWC,136.59,Well,Traditional Laptops,,Intel,Windows 10 Pro,5 Hours,8GB,DDR3,240GB,SSD,Compact,Dell,Light
B07CXZ2FRV,1449.0,Well,Traditional Laptops,,Intel,Windows 10 Pro,,16GB,DDR3,512GB,SSD,Compact,ASUS,Light
B07CZ6HX48,255.0,Well,2 in 1 Laptops,Black,Intel,Windows 10 Pro,10 Hours,8GB,DDR3,256GB,SSD,Compact,Dell,Light
B07D1GFX5F,595.97,Well,Traditional Laptops,Black,Intel,Windows 10 Pro,12.23 Hours,4GB,DDR4,500GB,HDD,Normal,Lenovo,Heavy
B07D2WPYN1,229.0,Well,2 in 1 Laptops,Red,AMD,Windows 10,,4GB,DDR4,32GB,SSD,Compact,Dell,Heavy
B07D56W5KF,699.99,Highly,2 in 1 Laptops,Era Gray,AMD,Windows 10,,8GB,,256GB,SSD,Compact,Dell,Light
B07D5MCQ82,143.49,Highly,Traditional Laptops,Black,Intel,Windows 10 Pro,4 Hours,8GB,,256GB,SSD,Compact,Dell,Light
B07D5N1PFY,152.95,Highly,Traditional Laptops,Black,Intel,Windows 10 Pro,5 Hours,8GB,,256GB,SSD,Compact,Dell,Light
B07D5TF3Q1,195.0,Highly,Traditional Laptops,Black,MediaTek,Chrome OS,10 Hours,4GB,DDR3,64GB,SSD,Compact,Lenovo,Light
B07D6F9H8X,409.0,Decent,2 in 1 Laptops,Black,Intel,Windows 10,,8GB,DDR4,1TB,HDD,Huge,Lenovo,Heavy
B07D6FN5RJ,199.99,Highly,2 in 1 Laptops,White,Intel,Chrome OS,,4GB,DDR3,32GB,eMMC,Compact,HP,Light
B07DF43SY3,518.97,Highly,Traditional Laptops,Space grey,NVIDIA,Mac OS,8 Hours,16GB,DDR3,512GB,SSD,Normal,Apple,Heavy
B07D77MH1V,232.34,Well,Traditional Laptops,,Intel,Windows 10,,3GB,DDR3,1TB,HDD,Compact,HP,Heavy
B07D7H5WFP,239.0,Decent,Traditional Laptops,Silver,Intel,Mac OS,9 Hours,4GB,DDR3,128GB,SSD,Compact,Apple,Light
B07D957L3S,306.0,Highly,Traditional Laptops,Silver,Intel,MacOS 10.14 Mojave,5 Hours,8GB,,128GB,SSD,Compact,Apple,Heavy
B07DF9KKRD,795.0,Decent,2 in 1 Laptops,Grey,AMD,Windows 10,,12GB,DDR4,,SSD,Compact,Dell,Light
B07DJRVRDY,814.99,Well,2 in 1 Laptops,Black,Intel,Windows 10 Pro,5 Hours,16GB,,256GB,SSD,Compact,Dell,Heavy
B07DKSVFGJ,192.0,Well,Traditional Laptops,,Intel,Chrome OS,,4GB,,16GB,eMMC,Compact,HP,Heavy
B07DP91WSG,507.16,Well,Traditional Laptops,,Intel,Windows 10,7 Hours,12GB,DDR4,1TB,HDD,Normal,HP,Heavy
B07DKW14Q6,2187.49,Well,Traditional Laptops,Silver,NVIDIA,,,32GB,DDR4,1TB,SSD,Normal,Dell,Light
B07DL9LQ79,898.65,Highly,Traditional Laptops,Silver,AMD,Windows 10,,8GB,DDR4,1TB,HDD,Huge,HP,Light
B07DN2JG5T,139.16,Decent,Traditional Laptops,Silver,Intel,Windows 10,5 Hours,4GB,DDR4,500GB,HDD,Normal,Lenovo,Light
B07DN87WMD,152.99,Well,Traditional Laptops,,Intel,Windows 10 Pro,,8GB,DDR3L,256GB,SSD,Compact,Dell,Light
B07DNVVRPV,1179.0,Decent,Traditional Laptops,Black,,Windows 10,,,,,,Normal,Dell,
B07DP8DV7Z,749.0,Well,Traditional Laptops,Grey,,Windows 10 Pro,,,,,,Compact,Lenovo,
B07DRP6D2R,1249.0,Decent,Traditional Laptops,,NVIDIA,Windows 10,,16GB,DDR4,1TB,SSD,Normal,"Hp, Microsoft",Heavy
B07DRWWMF2,359.0,Decent,Traditional Laptops,Gray,Intel,macOS 10.12 Sierra,10 Hours,8GB,DDR3,256GB,SSD,Compact,Apple,Light
B07DV76SP9,119.0,Decent,Traditional Laptops,Black,Intel,Windows 10,,8GB,DDR3,128GB,SSD,Compact,Dell,Light
B07DVPXLPG,189.0,Decent,2 in 1 Laptops,Purple,,,,1GB,,32GB,HDD,Compact,Rca,Light
B07DVTXVHY,136.87,Decent,Traditional Laptops,Black,Intel,Windows 10 Pro 64-Bit,,8GB,DDR4,256GB,SSD,Compact,Lenovo,Light
B07DW4PS8B,219.29,Well,Traditional Laptops,,Intel,Windows 10 Pro,,8GB,DDR3,512GB,SSD,Compact,Dell,Heavy
B07DZJK8TK,1633.13,Decent,Traditional Laptops,,NVIDIA,Windows 10,,32GB,DDR4,1000GB,SSD,Normal,Dell,Heavy
B07DZMR75W,399.0,Well,Traditional Laptops,,AMD,Windows 10,9 Hours,4GB,,1000GB,HDD,Normal,HP,Heavy
B07F15XT2M,495.0,Decent,2 in 1 Laptops,Black,Intel,Chrome OS,8 Hours,4GB,,32GB,SSD,Compact,Samsung,Light
B07F1Z4HGJ,598.0,Well,2 in 1 Laptops,,NVIDIA,Windows 10 Home,17 Hours,16GB,DDR3,512GB,SSD,Compact,Microsoft,Light
B07F2457VB,499.0,Decent,Traditional Laptops,,NVIDIA,Windows 10,17 Hours,8GB,DDR3,,SSD,Compact,Microsoft,Light
B07F2KPLHD,268.23,Decent,Traditional Laptops,Silver,Intel,Windows 10,,4GB,DDR3,64GB,eMMC,Compact,Acer,Light
B07F32YFDL,539.99,Decent,Traditional Laptops,Gold,Intel,Windows 10,14 Hours,8GB,,256GB,SSD,Compact,HP,Heavy
B07F3BZF57,649.99,Decent,Traditional Laptops,Black,Intel,Windows 10 Pro,,8GB,,256GB,SSD,Normal,Lenovo,Light
B07F6RS9K9,699.0,Well,Traditional Laptops,Steel Gray,Intel,Windows 10 Home,12 Hours,8GB,DDR4,256GB,SSD,Compact,Acer,Light
B07F79W2BC,1999.99,Decent,Traditional Laptops,,NVIDIA,Windows 10 (64bit),,16GB,,512GB,SSD,Normal,ASUS,Heavy
B07FCR657Z,209.51,Decent,Traditional Laptops,Black,Intel,Windows 10 Pro,,8GB,DDR4,512GB,HDD,Compact,HP,Heavy
B07FCS8HY7,143.74,Decent,Traditional Laptops,,Intel,Windows 10 Pro,,4GB,DDR3,2TB,HDD,Compact,HP,Light
B07FCWX4GT,150.98,Decent,Traditional Laptops,Black,Intel,Windows 10 Pro,1.5 Hours,8GB,DDR3L,256GB,SSD,Compact,HP,Light
B07FCZ3HG7,348.0,Highly,Traditional Laptops,Platinum,Intel,Windows 10,10 Hours,8GB,,256GB,SSD,Compact,Microsoft,Heavy
B07FDPCJXG,240.0,Highly,Traditional Laptops,White,Intel,Chrome OS,10 Hours,4GB,DDR4,32GB,eMMC,Compact,HP,Light
B07FKRFTYW,524.99,Highly,Traditional Laptops,Silver,Intel,Windows 10 Home,8 Hours,12GB,DDR4,1TB,HDD,Normal,Dell,Heavy
B07FL128GW,311.3,Decent,Traditional Laptops,Platinum Gray,Intel,Windows 10,,8GB,DDR4,1TB,HDD,,Lenovo,Light
B07FNCJJ8V,149.0,Highly,Traditional Laptops,Non-Touchscreen,Intel,Chrome OS,10 Hours,4GB,DDR4,100GB,eMMC,Compact,HP,Light
B07FP1QJ5P,1024.95,Decent,Traditional Laptops,Silver,NVIDIA,Windows 10 Pro,7 Hours,16GB,DDR4,512GB,SSD,Huge,HP,Heavy
B07FPB9SB1,279.99,Highly,2 in 1 Laptops,Sparkly Silver,mediatech,Chrome OS,12 Hours,4GB,DDR3,32GB,SSD,Compact,Acer,Light
B07FXPMM2Q,498.99,Well,2 in 1 Laptops,,Intel,Windows 10 Home,,8GB,DDR4,128GB,SSD,Compact,Lenovo,Light
B07FZFGB5V,1522.17,Well,Traditional Laptops,Silver,NVIDIA,Windows 10,,32GB,DDR4,1TB,SSD,Normal,Dell,Light
B07FZZRG2M,579.88,Decent,Traditional Laptops,Platinum Gray,Intel,Windows 10,,8GB,,1TB,HDD,Normal,Lenovo,Heavy
B07G1GT8S4,386.98,Decent,Traditional Laptops,Silver,Intel,Windows 10,10 Hours,8GB,DDR4,128GB,SSD,Compact,Avita,Light
B07G2N5FL4,284.0,Highly,Traditional Laptops,Silver,Intel,macOS 12 Monterey,5 Hours,8GB,,128GB,HDD,Compact,Apple,Light
B07G2VZXTJ,999.0,Decent,2 in 1 Laptops,Theoretical Gray,Intel,Windows 10,7.25 Hours,8GB,DDR4,1000GB,HDD,Compact,Dell,Light
B07G3R2HR9,280.6,Highly,Traditional Laptops,,Intel,Chrome OS,,4GB,DDR3,16GB,SSD,Normal,Acer,Heavy
B07G54S6VC,274.99,Highly,Traditional Laptops,Night charcoal,Intel,Chrome OS,,2GB,DDR3,16GB,eMMC,Compact,Samsung,Light
B07G576WS1,86.95,Highly,Traditional Laptops,Night Charcoal,Intel,Chrome OS,11 Hours,4GB,DDR3,16GB,eMMC,Compact,Samsung,Light
B07G5MQQS2,476.0,Well,Traditional Laptops,Gray,Intel,Windows 10,5 Hours,8GB,,1TB,HDD,Normal,Lenovo,Heavy
B07G65DGXS,499.99,Decent,Traditional Laptops,Platinum grey,,Android,,,,,,Normal,Lenovo,
B07G66MSRH,419.99,Decent,Traditional Laptops,Black,Intel,Windows 10,15 Hours,16GB,DDR4,512GB,SSD,Compact,Lenovo,Light
B07G8LZHCR,149.99,Well,Traditional Laptops,Black,Intel,Windows 10 Pro,6 Hours,8GB,DDR4,256GB,SSD,Compact,Dell,Light
B07G9L74VW,199.95,Highly,Traditional Laptops,Silver,Intel,Windows 10,10 Hours,16GB,DDR4,512GB,SSD,Compact,HP,Light
B07GCQ932S,206.66,Well,Traditional Laptops,,Intel,Windows 10 Pro,,8GB,DDR4,256GB,HDD,Compact,Dell,Heavy
B0C9H2SFXD,282.05,Decent,Traditional Laptops,Gray,Intel,Windows 10 S,10 Hours,4GB,DDR4,128GB,SSD,Compact,Lenovo,Heavy
B07GCRDKLX,197.67,Decent,Traditional Laptops,,Intel,Windows 10,,8GB,DDR4,500GB,HDD,Compact,Dell,Light
B07GCRL6SN,195.21,Decent,Traditional Laptops,,Intel,Windows 10 Pro,,16GB,,256GB,SSD,Compact,Dell,Light
B07GCRL858,157.99,Decent,Traditional Laptops,,Intel,Windows 10 Pro,17 Hours,8GB,,250GB,SSD,Compact,Lenovo,Light
B07GCRLHHY,189.99,Decent,Traditional Laptops,Black,Intel,Windows 10 Pro,,4GB,,512GB,SSD,Normal,Dell,Heavy
B07GCS4YTY,165.99,Decent,Traditional Laptops,Black,Intel,Windows 10 Pro,3 Hours,8GB,,256GB,SSD,Compact,Dell,Heavy
B07GCS51FD,274.32,Well,Traditional Laptops,Black,Intel,Windows 10 Pro,,16GB,,512GB,SSD,Compact,Dell,Light
B07GCS5CY7,389.9,Decent,Traditional Laptops,Grey,AMD,Windows 10 Pro,,16GB,DDR4,500GB,SSD,Normal,Dell,Heavy
B07GCS5MPR,318.88,Decent,Traditional Laptops,Black,Intel,Windows 10 Pro,5 Hours,16GB,DDR4,512GB,SSD,Normal,Dell,Light
B07GCV2SJ9,205.0,Decent,Traditional Laptops,Black,Intel,Windows 10 Pro,,4GB,DDR3,512GB,HDD,Normal,Dell,Heavy
B07GDXZSSD,388.0,Well,Traditional Laptops,Gray,Intel,Windows 10 Pro,,8GB,,500GB,SSD,Compact,HP,Light
B07GFLBNYD,999.0,Decent,Traditional Laptops,Red,NVIDIA,Windows 10,,8GB,DDR4,1TB,SSD,Normal,Dell,Heavy
B07GJYD8HJ,800.0,Well,Traditional Laptops,,NVIDIA,macOS 10.12 Sierra,,16GB,,1TB,SSD,Normal,Apple,Heavy
B07GLV1VC7,195.0,Highly,Traditional Laptops,Business Black,Intel,Chrome OS,10 Hours,4GB,DDR3,64GB,SSD,Compact,Lenovo,Light
B07GM2J11Q,274.0,Highly,Traditional Laptops,Blizzard White,,Chrome OS,,,,,,Compact,Lenovo,
B07GM2J244,328.9,Highly,Traditional Laptops,Mineral Grey,Intel,Windows 10,6 Hours,4GB,DDR4,64GB,HDD,Compact,Lenovo,Light
B07GSS5JDJ,254.99,Highly,Traditional Laptops,Night Charcoal,Intel,Chrome OS,,4GB,DDR3,32GB,eMMC,Compact,Samsung,Light
B07H3X8FNW,739.0,Well,2 in 1 Laptops,Silver,Intel,Windows 10 Pro,11 Hours,8GB,DDR3,256GB,SSD,Compact,Samsung,Heavy
B07H41TSSC,204.95,Decent,Traditional Laptops,Black,Intel,Windows 10 Pro,,16GB,,256GB,SSD,Compact,Dell,Light
B07H471WQT,199.0,Highly,2 in 1 Laptops,Steel Gray,Intel,Windows 10,,4GB,DDR3L,32GB,SSD,Compact,Acer,Light
B07H6KXFC7,163.86,Highly,Traditional Laptops,,Intel,"Windows 10 Professional 64 Bit, Multi-Language Support English/Spanish",,8GB,,256GB,SSD,Compact,Lenovo,Light
B07L4D9LDT,179.99,Decent,Traditional Laptops,,Intel,Windows 10,,16GB,,256GB,SSD,Compact,Lenovo,Heavy
B07H8NBB62,512.74,Decent,Traditional Laptops,Space Gray,Intel,macOS 10.12 Sierra,10 Hours,16GB,DDR3,512GB,SSD,Compact,Apple,Light
B07H8VG41H,439.0,Decent,Traditional Laptops,Silver,Intel,Windows 10 Home,,4GB,DDR4,128GB,SSD,Compact,HP,Light
B07J1XH67V,1449.0,Highly,Traditional Laptops,Cobalt,Intel,Windows 10 Home,14.5 Hours,16GB,DDR3,,SSD,Compact,Microsoft,Light
B07H93MSRR,819.0,Decent,Traditional Laptops,Black,Intel,Windows 10 Home,8.45 Hours,8GB,,1000GB,HDD,Normal,HP,Heavy
B07H9HY812,556.61,Well,2 in 1 Laptops,Theoretical Gray,,Windows 10,,,,,,Compact,Dell,
B07L87NYZR,699.0,Well,Traditional Laptops,,Intel,Windows 10,"7.0, 6.0, 5.0 Hours",8GB,DDR4,,HDD,Normal,HP,Heavy
B07HBKMLLN,799.99,Decent,Traditional Laptops,Mineral silver,Hp,Windows 10 Home,11 Hours,8GB,,256GB,SSD,Compact,HP,Light
B07HBPBRRF,339.98,Highly,2 in 1 Laptops,,hp,Chrome OS,,4GB,,,SSD,Compact,HP,Light
B07HF1Z835,599.0,Well,Traditional Laptops,Platinum Grey,Intel,Windows 10 Home,,8GB,DDR4,1000GB,HDD,Normal,Lenovo,Heavy
B07HG85H4R,494.02,Well,Traditional Laptops,grey,AMD,Windows 10 Pro,,16GB,DDR3,512GB,HDD,Huge,Dell,Heavy
B07HGCX1D4,191.99,Decent,Traditional Laptops,Black,Intel,Windows 10 Pro,,16GB,DDR3,256GB,HDD,Compact,Dell,Light
B07HGTFTZB,529.6,Decent,Traditional Laptops,Platinum Gray,AMD,Windows 10,,8GB,,128GB,SSD,Normal,Lenovo,Heavy
B07HH5VZTN,274.0,Highly,Traditional Laptops,Stealth Silver,Intel,Chrome OS,,4GB,DDR3,,SSD,Compact,Samsung,Light
B07HKBDFQX,453.26,Highly,Traditional Laptops,Coming Soon,NVIDIA,Windows 10 Home,,16GB,DDR4,500GB,HDD,Normal,Dell,Heavy
B07HLSZ1Y2,226.99,Decent,Traditional Laptops,,Intel,Windows 10 Pro,,8GB,,256GB,SSD,Compact,Dell,Light
B07HMD4V21,339.97,Highly,Traditional Laptops,Silver,Intel,macOS 10.12 Sierra,12 Hours,8GB,DDR3,256GB,SSD,Compact,Apple,Light
B07HMHKQHV,279.0,Well,Traditional Laptops,,Intel,Chrome OS,,4GB,DDR3,32GB,SSD,,HP,Heavy
B07HRZM2V4,199.0,Highly,Traditional Laptops,Silver,Intel,Chrome OS,10 Hours,4GB,DDR4,32GB,eMMC,Compact,ASUS,Light
B07HS2RCKG,247.99,Highly,Traditional Laptops,Silver,Intel,Chrome OS,10 Hours,4GB,DDR4,32GB,HDD,Normal,ASUS,Light
B07JHLB3ZD,749.99,Highly,2 in 1 Laptops,,Intel,Windows 10,8 Hours,8GB,,256GB,HDD,Compact,Lenovo,Light
B07HZBT7QC,499.0,Well,Traditional Laptops,Black,Integrated,Windows 10 Home,,4GB,DDR4,128GB,SSD,Normal,Dell,Heavy
B07HZL1NWW,1194.0,Decent,Traditional Laptops,Burgundy,AMD,Windows 10 Home,14.5 Hours,8GB,DDR3,,SSD,Compact,Microsoft,Light
B07HZPWTB8,1089.0,Decent,Traditional Laptops,Royal Blue,Intel,Windows 10 Pro,12 Hours,16GB,DDR3,512GB,SSD,Compact,ASUS,Light
B07J1SY5QQ,289.99,Highly,2 in 1 Laptops,Light Titan,Intel,Chrome OS,,4GB,DDR3,32GB,SSD,Compact,Samsung,Light
B07J1T9ZQS,470.83,Highly,Traditional Laptops,Silver,Intel,Mac OS,12 Hours,8GB,DDR3,512GB,SSD,Compact,Apple,Light
B07J1WTLQZ,438.0,Highly,Traditional Laptops,Light Titan,Intel,Chrome OS,10 Hours,4GB,DDR3,64GB,SSD,Compact,Samsung,Light
B07J215RPT,349.0,Highly,2 in 1 Laptops,Light Titan,Intel,Chrome OS,10 Hours,4GB,DDR3,64GB,SSD,Compact,Samsung,Light
B07J2Q4N2G,579.99,Decent,Traditional Laptops,Silver,Intel,Mac OS,"10.0, 12.0 Hours",16GB,DDR3,1TB,SSD,Compact,Apple,Light
B07J427KVK,229.99,Highly,2 in 1 Laptops,White,Intel,Chrome OS,13 Hours,4GB,,32GB,SSD,Compact,HP,Light
B07J4TVF7D,129.0,Highly,Traditional Laptops,Black,Intel,Chrome OS,,4GB,DDR3,16GB,SSD,Compact,Dell,Light
B07J57MD7M,1599.0,Well,2 in 1 Laptops,Silver,NVIDIA,Windows 10,8 Hours,8GB,DDR4,256GB,SSD,Normal,Lenovo,Heavy
B07J5WLQ75,144.84,Highly,Traditional Laptops,Silver,Intel,Windows 10 Pro,,8GB,,256GB,SSD,Compact,HP,Light
B07JMLMVKP,570.0,Decent,Traditional Laptops,Space Gray,Intel,Mac OS,,16GB,DDR3,256GB,SSD,Normal,Apple,Heavy
B07JVK8J97,740.0,Highly,Traditional Laptops,Space Gray,AMD,Mac OS,4 	years,16GB,DDR3,512GB,SSD,Normal,Apple,Heavy
B07JVWHXGM,590.02,Decent,Traditional Laptops,Gold,Intel,Chrome OS,12 Hours,8GB,DDR3,256GB,SSD,Compact,Apple,Light
B07L49MY9H,269.99,Decent,Traditional Laptops,Jet Black,Intel,Windows 10 S,12.5 Hours,4GB,,32GB,eMMC,Compact,HP,Light
B07K1GR9LN,199.99,Highly,Traditional Laptops,Silver,Intel,Windows 10,,4GB,DDR4,64GB,eMMC,Compact,HP,Light
B07K1J7F6Q,899.0,Decent,Traditional Laptops,Gold,Intel,Mac OS,,8GB,DDR3,256GB,HDD,Compact,Apple,Light
B07K1K6CYW,156.52,Well,Traditional Laptops,,Intel,Windows 10,13 Hours,4GB,DDR4,128GB,SSD,Compact,Dell,Heavy
B07K1KNH29,604.62,Decent,Traditional Laptops,Space Gray,Intel,Mac OS,,16GB,DDR3,256GB,HDD,Normal,Apple,Heavy
B07K1XKW81,1599.99,Decent,Traditional Laptops,Brown,Intel,Windows 10 Home,,8GB,,256GB,SSD,Compact,HP,Light
B07K2F1S4N,969.95,Highly,Traditional Laptops,Platinum,Intel,Windows 10 Home,14.5 Hours,8GB,DDR3L,,SSD,Compact,Microsoft,Light
B07K2JVLNQ,169.0,Highly,Traditional Laptops,,Intel,Chrome OS,,4GB,DDR3,32GB,eMMC,Compact,HP,
B07K2VVGCK,3699.0,Well,Traditional Laptops,Designer White,NVIDIA,Windows 10 Pro,8 Hours,32GB,DDR4,,SSD,Normal,MSI,Heavy
B07K3SRBZG,277.0,Well,Traditional Laptops,Gray,Intel,Windows 10 Pro,,3GB,DDR4,512GB,SSD,Compact,Dell,Light
B07K4QJGSC,169.0,Highly,Traditional Laptops,,Intel,Windows 10,10 Hours,2GB,DDR4,32GB,eMMC,Compact,ASUS,Light
B07K5SKF73,269.99,Highly,Traditional Laptops,White and Blue,Intel,Chrome OS,14 Hours,8GB,DDR4,64GB,eMMC,Compact,HP,Light
B07K6X2319,59.99,Well,Traditional Laptops,,Intel,Chrome OS,,4GB,DDR3,16GB,SSD,Compact,Dell,Light
B07K8JJWJV,640.02,Well,Traditional Laptops,Onyx Black,NVIDIA,Windows 10 Home,,12GB,DDR4,1000GB,HDD,Normal,Lenovo,Heavy
B07K8T4SG1,680.0,Decent,Traditional Laptops,,AMD,Windows 10,5 Hours,4GB,DDR4,500GB,HDD,Normal,Lenovo,Light
B07K9JH8CL,899.99,Well,Traditional Laptops,,NVIDIA,Windows 10,5 Hours,16GB,DDR4,256GB,HDD,Normal,Lenovo,Heavy
B07KDQW7Q1,498.0,Decent,Traditional Laptops,4G,Intel,Windows 10,5 Hours,4GB,,1TB,HDD,Normal,HP,Heavy
B07KFPYZNN,199.88,Decent,Traditional Laptops,Black,Intel,Windows 10 Pro,,8GB,DDR3,240GB,SSD,Normal,Dell,Heavy
B07KHK2NBR,649.88,Decent,2 in 1 Laptops,Silver,Intel,Windows 10,"9.0, 8.0, 6.0 Hours",8GB,DDR4,128GB,SSD,Compact,HP,Light
B07KHQGSHX,688.88,Decent,2 in 1 Laptops,Silver,Intel,Windows 10,,8GB,DDR4,128GB,HDD,Compact,HP,Light
B07KJX74NH,231.0,Highly,Traditional Laptops,Silver,Intel,Chrome OS,,4GB,DDR4,32GB,SSD,Normal,Samsung,Light
B07KM1CXH6,161.41,Decent,Traditional Laptops,Grey,Intel,Windows 10,,4GB,DDR3,160GB,HDD,Compact,Dell,Heavy
B07KML89F3,1099.99,Highly,Traditional Laptops,Black,NVIDIA,Windows 10,7 Hours,16GB,DDR4,256GB,SSD,Normal,Acer,Heavy
B07KMXFQKP,959.4,Highly,Traditional Laptops,Quartz Grey,Intel,Windows 10,,16GB,DDR3,512GB,SSD,Compact,ASUS,Light
B07KMYFFD2,1069.0,Decent,Traditional Laptops,,Intel,Windows 10 Home,,8GB,DDR4,1TB,HDD,Huge,ASUS,Heavy
B07KNLVRJ2,389.0,Highly,Traditional Laptops,Silver,Intel,Windows 10,,8GB,,1TB,SSD,Compact,HP,Heavy
B07KPRGHBQ,199.99,Highly,Traditional Laptops,Black,Intel,Chrome OS,11 Hours,4GB,DDR3,16GB,SSD,Compact,Samsung,Light
B07KQXHP4M,830.0,Highly,Traditional Laptops,Black,NVIDIA,Windows 10,7.5 Hours,8GB,,1TB,HDD,Normal,HP,Heavy
B07KRZBC2C,348.0,Decent,Traditional Laptops,,Intel,Chrome OS,,2GB,DDR3,16GB,eMMC,Compact,Sumsung,Light
B07KVFTVHX,545.0,Highly,Traditional Laptops,Black,Intel,Windows 10,,8GB,,128GB,SSD,Normal,Dell,Light
B07KY83DPV,599.0,Highly,Traditional Laptops,Gray,Intel,Windows 10 Home,2.5 Hours,4GB,DDR4,128GB,SSD,Compact,Dell,Light
B07L1253JN,219.94,Highly,Traditional Laptops,Black,Intel,Windows 10,,16GB,DDR4,512GB,SSD,Compact,Dell,Light
B07L1CN3NZ,600.99,Decent,Traditional Laptops,,Intel,Windows 10,,8GB,DDR4,256GB,SSD,,Acer,Light
B07L1JVWZQ,389.0,Highly,2 in 1 Laptops,,Intel,Chrome OS,,4GB,DDR4,128GB,SSD,Normal,ASUS,Light
B07L2SCRPC,1099.99,Decent,Traditional Laptops,Silver,Intel,Windows 10,,12GB,,1TB,HDD,Normal,Dell,Heavy
B07L3LJKKV,1699.99,Well,2 in 1 Laptops,Poseidon Blue,Intel,Windows 10,22.5 Hours,8GB,DDR4,512GB,SSD,Compact,HP,Light
B07L3Y7DS8,89.99,Decent,2 in 1 Laptops,,Intel,Chrome OS,,4GB,DDR4,32GB,eMMC,Compact,Dell,Light
B07L52DDDQ,184.0,Highly,Traditional Laptops,Black,AMD,Chrome OS,,4GB,DDR2,32GB,SSD,Compact,HP,Heavy
B07L6VD4XB,698.0,Well,Traditional Laptops,Silver,Intel,Windows 10,,20GB,DDR4,1TB,HDD,Normal,Dell,Heavy
B07L91JGQ3,177.99,Decent,Traditional Laptops,,Intel,Windows 10 Pro,,8GB,DDR3L,256GB,SSD,Compact,Dell,Heavy
B07LCV2JC4,196.47,Decent,Traditional Laptops,Silver/Black,Intel,Windows 10 Pro,5 Hours,8GB,,320GB,HDD,Compact,Dell,Heavy
B07LDF5YX3,319.63,Highly,2 in 1 Laptops,grey,Intel,Chrome OS,1 days,4GB,,128GB,HDD,Compact,Dell,Heavy
B07LDQCCHG,299.99,Decent,Traditional Laptops,Grey,Intel,Chrome OS,12 Hours,4GB,DDR4,32GB,SSD,Compact,Acer,Light
B07LDVX6R6,367.99,Highly,2 in 1 Laptops,Silver,Intel,Windows 10 Home,,8GB,,256GB,SSD,Compact,Dell,Light
B0886JS35F,219.0,Highly,Traditional Laptops,Royal Blue,Intel,Windows 10 Home,12 Hours,4GB,DDR3L,32GB,HDD,Compact,HP,Light
B07M747WMJ,789.95,Well,Traditional Laptops,Black,Intel,Windows 11,"8.0, 6.0 Hours",8GB,DDR4,128GB,HDD,Compact,6 Goodlife623,Light
B07M9WQN18,169.99,Highly,Traditional Laptops,Gray,Intel,Chrome OS,10 Hours,4GB,,16GB,eMMC,Compact,HP,Light
B07MDDNCH2,1795.0,Decent,Traditional Laptops,Gunmetal Gray/Black,NVIDIA,Windows 10 Home,,16GB,DDR4,512GB,HDD,Normal,ASUS,Heavy
B07MG8LCY5,69.95,Decent,Traditional Laptops,,Intel,Chrome OS,5 Hours,16GB,DDR4,,eMMC,Compact,HP,Light
B07MGT236W,259.0,Highly,Traditional Laptops,Blue,Intel® UHD Graphics 600,Windows 10 Home,10 Hours,4GB,DDR4,32GB,eMMC,Compact,ASUS,Light
B07MJVCP63,211.0,Highly,Traditional Laptops,Grey,Intel,Chrome OS,10 Hours,4GB,DDR4,32GB,SSD,Compact,HP,Light
B07MPCR2GZ,479.0,Highly,Traditional Laptops,Silver,Intel,Windows 10 Home,12 Hours,8GB,DDR4,256GB,SSD,Compact,Acer,Light
B07MRWRHGC,749.0,Decent,Traditional Laptops,Silver,NVIDIA,Windows 10 Home,12 Hours,8GB,DDR4,256GB,SSD,,Acer,Heavy
B07MTV25N8,235.0,Highly,Traditional Laptops,Black,Samsung,Chrome OS,11 Hours,4GB,DDR3,64GB,SSD,Compact,Samsung,Light
B07MVK7PYR,2199.0,Well,Traditional Laptops,Black,NVIDIA,Windows 10,,32GB,DDR4,512GB,SSD,Normal,ASUS,Heavy
B07MWFZRNP,210.0,Decent,Traditional Laptops,,Apple,Mac OS,,4GB,,,,Compact,Apple,Heavy
B07MWJ9NJV,219.0,Decent,Traditional Laptops,Silver,Intel,MacOS 10.13,,4GB,DDR4,64GB,HDD,Compact,Apple,Light
B07MWS1XLY,178.97,Well,Traditional Laptops,Black,Intel,Windows 10 Pro,12.5 Hours,8GB,DDR4,256GB,SSD,Compact,Lenovo,Light
B07N1SMD14,170.71,Decent,Traditional Laptops,Black,Intel,Windows 10 Pro,,8GB,DDR3,128GB,SSD,Compact,Lenovo,Light
B07N6S4SY1,189.95,Highly,Traditional Laptops,Black,Intel,Windows 10 S,10 Hours,4GB,DDR4,64GB,HDD,Compact,Carlisle Paddles,Light
B07N79NPSQ,239.0,Decent,Traditional Laptops,,Intel,Windows 10,8 Hours,2GB,,32GB,eMMC,Compact,Lenovo,Light
B07N8RMZSB,2299.0,Decent,Traditional Laptops,Black,NVIDIA,Windows 10 Home,,16GB,DDR4,1000GB,HDD,Huge,ASUS,Heavy
B07N8XQMVC,1160.0,Highly,Traditional Laptops,Black,NVIDIA,Windows 10 Home,7 Hours,16GB,DDR4,256GB,SSD,Normal,Acer,Heavy
B07NB211TL,321.24,Highly,2 in 1 Laptops,Silver,Intel,Chrome OS,12 Hours,4GB,DDR4,32GB,HDD,Compact,ASUS,Light
B07NBKMZKG,293.43,Decent,Traditional Laptops,Silver,,Windows 10,,8GB,DDR4,512GB,SSD,Compact,HP,Light
B07NFTX2C4,1649.99,Decent,Traditional Laptops,Gray,NVIDIA,Windows 10 Home,2.5 Hours,8GB,DDR3L,512GB,SSD,Compact,Huawei,Light
B07NGHQFNQ,1099.0,Decent,Traditional Laptops,Dark Silver,Intel,Windows 10 Home,5 Hours,16GB,DDR4,256GB,SSD,Compact,Lg,Light
B07NGNTT5J,499.99,Decent,Traditional Laptops,Gray,Intel,Windows 10 Home,,8GB,DDR4,256GB,SSD,Compact,Lenovo,Light
B07NPKHH36,189.99,Highly,Traditional Laptops,Black,Intel,Chrome OS,10 Hours,16GB,DDR3,16GB,SSD,Compact,Lenovo,Light
B07NQ5KPKG,344.0,Highly,Traditional Laptops,"Silver,Black",,Chrome OS,,,,,,Normal,Acer,
B07NV1WJ3P,253.53,Highly,Traditional Laptops,,Intel,Windows 10 Pro,,8GB,,500GB,HDD,Compact,HP,Light
B07P4LFDT7,344.99,Highly,2 in 1 Laptops,Grey,Intel,Windows 10 Home,42 Watt Hours,4GB,DDR4,128GB,SSD,Compact,Dell,Light
B07P4QM4XS,699.0,Highly,Traditional Laptops,"Silver Blue,",Intel,Windows 10 Home,10 Hours,8GB,DDR3L,512GB,SSD,Compact,ASUS,Light
B07P5RM8KB,649.0,Highly,Traditional Laptops,Dark Orchid,Intel,Windows 10,8.5 Hours,8GB,DDR4,128GB,SSD,Normal,Lenovo,Light
B07P793MLJ,563.91,Highly,Traditional Laptops,Silver,AMD,MacOS 10.14 Mojave,10 Hours,8GB,DDR3,512GB,SSD,Compact,Apple,Light
B07P871JKH,1100.0,Decent,Traditional Laptops,Dark Ash Silver,Intel,Windows 10,7 Hours,16GB,DDR4,512GB,SSD,Compact,HP,Light
B07P8C1PWY,184.99,Decent,Traditional Laptops,,Intel,Windows 10 Pro,,16GB,,256GB,SSD,Compact,Dell,
B07PFYMGB7,1899.0,Highly,Traditional Laptops,Black,NVIDIA,Windows 10 Home,1 days,16GB,DDR4,256GB,HDD,Normal,ASUS,Heavy
B07PHCGLZD,839.99,Decent,Traditional Laptops,Natural Silver,Intel,Windows 10,9 Hours,20GB,DDR4,2TB,HDD,Huge,HP,Heavy
B088T671HD,376.0,Highly,Traditional Laptops,Blue,AMD,Windows 10,7.5 Hours,8GB,,256GB,SSD,Normal,Lenovo,Heavy
B07PHLJNCZ,312.98,Decent,Traditional Laptops,,Intel,Windows 10 Pro,,16GB,,512GB,SSD,Normal,Dell,Heavy
B07PHM3934,299.0,Decent,Traditional Laptops,,AMD,Windows 10,,4GB,DDR4,500GB,HDD,Compact,ASUS,Light
B07PJLN41W,359.0,Well,Traditional Laptops,,Intel,Windows 10 Pro,,16GB,DDR3,256GB,SSD,Normal,HP,Heavy
B07PVXL6BZ,619.9,Well,Traditional Laptops,,Intel,Windows 10 Home,,8GB,,1TB,HDD,Huge,Lenovo,Heavy
B07PWKBMDM,179.0,Decent,Traditional Laptops,,,Windows 10,,,,,,Normal,ASUS,
B07PYLQZYR,299.0,Decent,Traditional Laptops,,Intel,Windows 10 Home,,12GB,DDR3,256GB,SSD,Normal,HP,Heavy
B07Q478DHY,226.95,Decent,2 in 1 Laptops,Black,Intel,Windows 10 Home,,4GB,DDR4,64GB,eMMC,Compact,Lenovo,Light
B07Q11TCP9,172.12,Decent,Traditional Laptops,Black,Intel,Windows 10 Pro,10 Hours,4GB,,64GB,SSD,Compact,Lenovo,Light
B07Q2RB6BY,395.0,Highly,2 in 1 Laptops,Silver,Intel,Chrome OS,10 Hours,4GB,DDR3L,64GB,eMMC,Compact,ASUS,Light
B07Q5CBSH3,579.0,Well,Traditional Laptops,Silver,Intel,Windows 10 Home,,8GB,DDR4,512GB,SSD,Compact,Dell,Heavy
B07Q6F5J7G,174.0,Highly,Traditional Laptops,Black,PowerVR,Chrome OS,10 Hours,4GB,DDR4,,SSD,Compact,Lenovo,Light
B07Q9JSHYH,699.98,Decent,Traditional Laptops,,Intel,Windows 10 Pro,,16GB,DDR4,512GB,SSD,,Dell,Heavy
B07QB1GTHT,1008.2,Highly,Traditional Laptops,Grey,Intel,Windows 10 Home,5 Hours,8GB,DDR4,256GB,HDD,Normal,Lenovo,Heavy
B088TDDNGT,739.0,Decent,2 in 1 Laptops,Mercury Gray,Intel,Chrome OS,8 Hours,8GB,DDR3,256GB,SSD,Compact,Samsung,Light
B07QC4GK7C,680.0,Decent,Traditional Laptops,Black,,Windows 10 Home 64-bit‍Check gaming pc with Windows 11 Pro,,,,,,Normal,MSI,
B07QCG7J67,219.0,Decent,2 in 1 Laptops,Black,,Android,,1GB,,32GB,HDD,Compact,Rca,Light
B07QF1HD83,399.99,Well,Traditional Laptops,,Intel,Windows 10 Pro,16 Hours,16GB,,512GB,SSD,Compact,HP,Light
B07TY28X68,799.0,Decent,Traditional Laptops,Black,Intel,Windows 10,,,,256GB,SSD,,Lenovo,Light
B07QF66YQB,1095.0,Highly,Traditional Laptops,Black,NVIDIA,Windows 10,,16GB,,1000TB,SSD,Normal,MSI,Heavy
B07QF6H27W,339.0,Well,Traditional Laptops,,Intel,Windows 10 Home,,4GB,DDR4,256GB,SSD,Normal,Dell,Heavy
B07QF6KN82,799.0,Well,Traditional Laptops,Silver,Intel,Windows 10 Home,,16GB,DDR3L,1TB,SSD,Compact,Dell,Light
B07QFNMZ4S,699.99,Decent,2 in 1 Laptops,Onyx Black,Intel,Windows 10,8 Hours,8GB,DDR4,,SSD,Compact,Lenovo,Light
B07QGR9H6T,399.0,Well,Traditional Laptops,Iron Grey,Intel,Windows 10,15 Hours,8GB,DDR4,,SSD,Compact,Lenovo,Light
B07QHHK5SJ,806.31,Decent,Traditional Laptops,,Intel,Windows 10,,16GB,DDR3,512GB,SSD,Compact,Dell,Light
B07QJYV14C,179.0,Highly,Traditional Laptops,Metallic Black,Intel,Chrome OS,11 Hours,4GB,,32GB,SSD,Compact,Samsung,Light
B07QP4JK3C,1099.0,Decent,Traditional Laptops,Black,NVIDIA,"Win 10 Home, Windows 10 Pro",,8GB,DDR4,,SSD,Normal,MSI,Heavy
B07QQB7552,530.0,Highly,Traditional Laptops,Slate Grey,AMD,Windows 10 Home,,8GB,DDR4,128GB,SSD,Normal,ASUS,Light
B07QR73VNB,249.0,Highly,2 in 1 Laptops,Black,Allwinner,Windows 10,8 Hours,4GB,DDR4,64GB,SSD,Compact,Lenovo,Light
B07QRTL5V1,339.49,Decent,Traditional Laptops,,HP INC.,Windows 10 Home,"8.0, 10.0 Hours",4GB,,,SSD,Compact,HP,Light
B07QRZJRKK,429.0,Highly,2 in 1 Laptops,Dark Ash Silver,,Windows 10,,,,,,Compact,HP,Light
B07QSC576T,729.0,Decent,Traditional Laptops,Black,Intel,Windows 10 Home,,8GB,DDR4,1000GB,HDD,Normal,Dell,Heavy
B07QTG5VM7,1099.99,Decent,Traditional Laptops,,Intel,,,12GB,DDR4,1256GB,HDD,Normal,HP,Heavy
B07QVM5X8W,1399.0,Decent,Traditional Laptops,,NVIDIA,Windows 10 Home,6 Hours,16GB,DDR4,512GB,SSD,Normal,Acer,Heavy
B07QVM5Z5H,1399.99,Decent,Traditional Laptops,Black,NVIDIA,Windows 10 Home,8 Hours,16GB,DDR4,512GB,SSD,Normal,Acer,Heavy
B07QY4RN79,380.0,Highly,2 in 1 Laptops,Citrus Soda Yellow,Intel,Chrome OS,10 Hours,8GB,DDR3L,64GB,eMMC,Compact,ASUS,Light
B07QYNBVPD,670.63,Decent,Traditional Laptops,Blue,AMD,Windows 10 Home,,8GB,DDR4,1TB,SSD,Normal,ASUS,Light
B07X2LNCYY,889.0,Decent,Traditional Laptops,Iron Gray,Intel,Windows 10 Pro,18 Hours,16GB,DDR3,512GB,SSD,Compact,Lenovo,Light
B07QYZHM8F,629.99,Highly,Traditional Laptops,黑色,Intel,Windows 10 Pro,5 	years,8GB,DDR4,128GB,SSD,Compact,Lanruo,Light
B07QZ46Q1N,289.99,Highly,Traditional Laptops,Black/Gray,Intel,Windows 10,,16GB,DDR4,512GB,SSD,Normal,HP,Light
B07R116V7D,274.95,Decent,Traditional Laptops,slate grey,Intel,Windows 10,,4GB,DDR3,32GB,SSD,Normal,Fusion5,Light
B07R188RY1,699.99,Highly,Traditional Laptops,Black,Intel,Windows 10,9 Hours,16GB,,512GB,SSD,Huge,HP,Heavy
B07R2YBG94,218.0,Highly,2 in 1 Laptops,Black,Intel,Chrome OS,11 Hours,4GB,DDR4,32GB,HDD,Compact,ASUS,Light
B083RG5K16,1499.0,Highly,Traditional Laptops,Royal blue,,Windows 10 Pro,,,,,,Compact,ASUS,
B07R3LP43W,539.49,Well,2 in 1 Laptops,Slate Gray,Intel,Windows 10 Home,13 Hours,8GB,DDR3,256GB,SSD,Compact,ASUS,Light
B07R43ZN81,129.0,Decent,Traditional Laptops,Silver,Intel,Chrome OS,,4GB,DDR3L,64GB,eMMC,Compact,ASUS,Light
B07R6XPYKB,1026.6,Decent,Traditional Laptops,Black,NVIDIA,Windows 10,9 Hours,8GB,DDR4,1TB,HDD,Normal,Lenovo,Heavy
B07R72N8JH,799.0,Highly,Traditional Laptops,Black,AMD,Windows 10 Pro,,,,,SSD,Normal,Lenovo,Light
B07R7JHLCY,409.0,Highly,Traditional Laptops,Black,AMD,Windows 8,5 Hours,8GB,DDR3L,750GB,SSD,Normal,HP,Heavy
B07RCSSNT1,368.88,Highly,Traditional Laptops,"Silver,Black",Intel,Chrome OS,10 Hours,4GB,DDR4,32GB,SSD,Normal,Acer,Heavy
B07RDJ8CGR,340.0,Decent,Traditional Laptops,Black,Intel,Windows 10 Home,,4GB,DDR4,128GB,HDD,Normal,Lenovo,Heavy
B07RDJ8DRQ,1079.0,Decent,Traditional Laptops,Black,NVIDIA,Windows 10 Home,,16GB,DDR4,512GB,SSD,Normal,ASUS,Heavy
B07RDRYRZY,389.0,Highly,2 in 1 Laptops,Grey,Intel,Chrome OS,12 Hours,4GB,DDR4,32GB,HDD,Compact,ASUS,Light
B07RF2123Z,540.99,Highly,Traditional Laptops,Silver,Intel,Windows 10 Home,5 Hours,8GB,DDR4,256GB,SSD,Normal,Acer,Light
B07RFKK878,350.0,Highly,Traditional Laptops,Blue,Intel,Windows 10,7 Hours,4GB,DDR4,128GB,SSD,Normal,Lenovo,Heavy
B07RHMBGCF,206.44,Highly,Traditional Laptops,Grey,Intel,Windows 10 Home,,4GB,DDR4,64GB,eMMC,Compact,Lenovo,Light
B07RJ687N3,349.0,Highly,Traditional Laptops,Silver,Intel,Windows 10,,4GB,DDR4,128GB,SSD,Normal,Acer,Light
B07RJQKZ2G,779.0,Highly,Traditional Laptops,Black,NVIDIA,Windows 10 Home,7 Hours,8GB,,1TB,SSD,Normal,Acer,Heavy
B07RKSNCT6,1141.99,Highly,Traditional Laptops,Black,NVIDIA,Windows 10,4 Hours,8GB,DDR4,512GB,SSD,Normal,ASUS,Heavy
B07RN8SSTJ,179.99,Highly,Traditional Laptops,Mineral Grey,,Chrome OS,,,,,,Compact,Lenovo,
B07RV5K5ZG,217.66,Well,Traditional Laptops,Black,Intel,Windows 10 Home,,8GB,DDR3,128GB,SSD,,HP,Heavy
B07RXH56C5,139.0,Highly,2 in 1 Laptops,Black,Intel,Windows 10 Pro,6 Hours,4GB,DDR4,64GB,SSD,Compact,Dell,Light
B07RXHBG1Z,699.9,Well,Traditional Laptops,,Intel,Windows 10 Home,,12GB,DDR4,,SSD,,Lenovo,Heavy
B07RXM83DR,1499.99,Well,Traditional Laptops,Silver,Intel,Windows 10,,16GB,,512GB,SSD,Compact,Dell,Light
B07RY3RVVY,258.0,Highly,Traditional Laptops,,Intel,Chrome OS,7 Hours,4GB,DDR4,64GB,eMMC,Normal,ASUS,Heavy
B07S137LN1,1999.0,Well,Traditional Laptops,Black,NVIDIA,Windows 10 Home,10 Hours,16GB,DDR3,512GB,SSD,Normal,Gigabyte,Heavy
B07S1C5Q1F,574.89,Highly,Traditional Laptops,Blue,Intel,Windows 10 S,8 Hours,4GB,DDR4,128GB,SSD,Compact,ASUS,Heavy
B07S1PDZ8D,720.0,Highly,2 in 1 Laptops,Onyx Black,Intel,Windows 10,8 Hours,128GB,,128GB,SSD,,Lenovo,Light
B07S2M99LF,524.0,Highly,Traditional Laptops,Transperant Silver,Intel,Windows 10 Home,1 days,8GB,DDR4,1TB,SSD,Huge,ASUS,Heavy
B07S2SG2PG,219.0,Highly,2 in 1 Laptops,Onyx Black,Intel,"Windows 10 Home,Windows 10 Home in S mode",8 Hours,4GB,,128GB,SSD,Compact,Lenovo,Light
B07S85XNXB,849.0,Decent,Traditional Laptops,Silver,NVIDIA,Windows 10 Home,,8GB,DDR4,256GB,SSD,Normal,Dell,Heavy
B07SD7RCQJ,222.74,Decent,Traditional Laptops,,Intel,Windows 10 Home 64 Bit – Multi-language supports English/Spanish/French,,8GB,DDR3,512GB,SSD,Normal,Dell,Heavy
B07SFL93XS,428.0,Highly,Traditional Laptops,,Intel,Chrome OS,,4GB,,32GB,SSD,Normal,ASUS,Light
B07SFR748X,999.99,Decent,Traditional Laptops,Black,NVIDIA,Windows 10 Home,5 Hours,16GB,DDR4,512GB,HDD,Normal,Gigabyte,Heavy
B07SGCBPCL,1049.0,Decent,2 in 1 Laptops,Black,Intel,Windows 10,,16GB,DDR4,512GB,SSD,Normal,Lenovo,Heavy
B07SGD19GL,387.04,Highly,Traditional Laptops,,Intel,Chrome OS,,4GB,DDR3,16GB,SSD,Compact,Dell,Heavy
B07SH7JDJL,789.6,Decent,Traditional Laptops,Black,AMD,Windows 10 Pro,10 Hours,,,,SSD,Normal,Lenovo,Heavy
B0C9NCDS2P,743.09,Decent,2 in 1 Laptops,Gray,Qualcomm,Chrome OS,13.5 Hours,8GB,DDR4,128GB,SSD,Compact,Acer,Light
B07SQNZ39D,510.0,Well,Traditional Laptops,,AMD,Windows 10,,8GB,DDR4,256GB,SSD,Normal,ASUS,Heavy
B07SRXV9LG,2199.0,Highly,Traditional Laptops,Black,NVIDIA,Windows 10 Home,4 Hours,32GB,,512GB,SSD,Normal,Omen,Heavy
B07SWFGJM4,599.99,Decent,Traditional Laptops,,Intel,Windows 10,9.5 Hours,8GB,DDR4,,HDD,Huge,HP,Heavy
B07SX5GQX7,329.0,Decent,Traditional Laptops,Platinum,Intel,Windows 10 Home,,8GB,DDR3,256GB,SSD,Compact,Microsoft,Light
B07SXTDL1S,899.0,Highly,Traditional Laptops,,NVIDIA,Windows 10 Home,,16GB,DDR4,512GB,SSD,Normal,ASUS,Heavy
B07SZ9H38Q,279.99,Highly,Traditional Laptops,Silver,,Windows 10,,,,,,Compact,HP,
B07SZC4Z2Y,269.0,Highly,Traditional Laptops,Black,Intel,Windows 10,,8GB,DDR4,128GB,SSD,Normal,Dell,Light
B07T18VQNC,287.88,Highly,Traditional Laptops,,Intel,Chrome OS,,4GB,,128GB,eMMC,Compact,Dell,Light
B07T1DZGKQ,594.15,Highly,Traditional Laptops,Royal blue,NVIDIA,Windows 10 Pro,14 Hours,16GB,DDR3,512GB,SSD,Compact,ASUS,Light
B07T3LBC46,499.99,Highly,Traditional Laptops,Black,Intel,Windows 10,,8GB,,256GB,SSD,Normal,Dell,Heavy
B07T45LGM6,399.99,Decent,Traditional Laptops,Black,AMD,Windows 10,5.5 Hours,4GB,,500GB,HDD,Normal,Lenovo,Light
B07T4HGF79,2299.0,Highly,Traditional Laptops,Black,NVIDIA,Windows 10,,16GB,DDR4,1TB,SSD,Normal,Dell,Heavy
B07T4LMCZX,599.99,Highly,Traditional Laptops,Gold,Intel,Windows 10 Home,12 Hours,8GB,DDR4,256GB,SSD,Normal,HP,Light
B07T5RGLZV,783.88,Highly,2 in 1 Laptops,Silver,Intel,Windows 10 Home,"7.0, 8.0, 6.0 Hours",8GB,DDR4,1TB,HDD,Compact,HP,Light
B07TCDBTKC,558.66,Highly,Traditional Laptops,,Intel,Windows 10,,16GB,DDR4,1TB,HDD,Normal,HP,Heavy
B07TCJ4MBR,242.99,Well,Traditional Laptops,grey,Intel,Windows 10,,8GB,DDR3,512GB,HDD,Normal,Dell,Heavy
B07TCJ9FL4,319.95,Decent,Traditional Laptops,,Intel,Windows 10 Home 64 Bit – Multi-language supports English/Spanish/French,,8GB,DDR3,512GB,SSD,Normal,Dell,Heavy
B07TD1YLR6,209.0,Highly,Traditional Laptops,Blizzard White,MediaTek,Chrome OS,10 Hours,4GB,DDR3,32GB,SSD,Compact,Lenovo,Light
B07TD6T9WV,199.97,Highly,Traditional Laptops,Gray,Intel,Chrome OS,12 Hours,4GB,DDR3,,HDD,Normal,Acer,Light
B07TD7N4WK,649.97,Highly,Traditional Laptops,Grey,Intel,Windows 10,12.23 Hours,16GB,DDR4,512GB,SSD,Normal,Lenovo,Heavy
B07TDHKZQC,961.49,Highly,Traditional Laptops,Gray,NVIDIA,Windows 10 Home,,16GB,DDR4,512GB,SSD,Huge,Dell,Heavy
B07THN4VB9,1183.25,Highly,Traditional Laptops,Black,NVIDIA,Windows 10,4 Hours,16GB,DDR4,512GB,SSD,Normal,ASUS,Heavy
B07TJLV28Y,568.88,Decent,Traditional Laptops,Gray,Intel,Windows 10 Home,42 Watt Hours,8GB,DDR4,1000GB,HDD,Normal,ASUS,Light
B07TS5BMT4,499.0,Decent,Traditional Laptops,Midnight Blue,Intel,Windows 10,7 Hours,8GB,DDR4,128GB,SSD,Normal,Lenovo,Heavy
B07TT37QGX,789.8,Decent,Traditional Laptops,,,Windows 10,,,,,,Normal,Lenovo,Light
B07TVFXPNN,341.18,Highly,Traditional Laptops,Silver,Intel,,17 Hours,4GB,DDR4,64GB,HDD,Compact,Acer,Heavy
B07TVR5TP3,779.7,Highly,Traditional Laptops,Gray,AMD,Windows 10,,16GB,DDR4,1TB,HDD,Huge,Lenovo,Heavy
B07TVZ8J95,286.0,Decent,2 in 1 Laptops,Black,Intel,Windows 10 Pro,,4GB,,128GB,SSD,Compact,Lenovo,Light
B07TYF55R2,129.99,Highly,Traditional Laptops,Black,Intel,Windows 10 Home,5 Hours,4GB,DDR3,128GB,SSD,Compact,Lenovo,Heavy
B07TYGN4XB,1199.95,Decent,Traditional Laptops,Silver,NVIDIA,Windows 10 Home,60 Watt Hours,16GB,DDR4,512GB,SSD,Normal,Alienware,Heavy
B07V1X13D8,349.0,Decent,Traditional Laptops,Black,Intel,Windows 10,5 Hours,4GB,DDR3,128GB,SSD,Compact,Lenovo,Heavy
B07V3KRVQ6,1049.0,Well,Traditional Laptops,Black,NVIDIA,Windows 10,5 Hours,32GB,DDR4,1GB,SSD,Huge,ASUS,Heavy
B07V5FPM21,1465.0,Highly,Traditional Laptops,Black,NVIDIA,Windows 10,5 Hours,8GB,DDR4,512GB,SSD,Huge,ASUS,Heavy
B07V7K96MY,797.5,Highly,Traditional Laptops,Black,NVIDIA,Windows 10 Home,,16GB,DDR4,1000GB,SSD,Huge,ASUS,Heavy
B07V8MHNQR,1749.99,Decent,Traditional Laptops,Shadow Black,NVIDIA,Windows 10 Home,5.5 Hours,16GB,,,SSD,Huge,Omen,Heavy
B07VB5HWV2,564.0,Decent,Traditional Laptops,Silver,,iOS,,,,,,Compact,Apple,
B07VCH2H57,268.0,Highly,Traditional Laptops,Blue,Intel,Chrome OS,1 Hours,4GB,DDR3,32GB,HDD,Compact,ASUS,Light
B07VCNTRG6,945.0,Highly,Traditional Laptops,,NVIDIA,Windows 10 Home,,8GB,DDR4,512GB,SSD,Normal,ASUS,Heavy
B07VD71VHJ,413.58,Highly,Traditional Laptops,Slate Gray,AMD,Windows 10 Home,,8GB,DDR4,128GB,SSD,Normal,ASUS,Light
B07VF88TMR,1629.99,Highly,Traditional Laptops,Black,NVIDIA,Windows 10 Home,,16GB,DDR4,1TB,SSD,Normal,ASUS,Heavy
B07VFDVPJK,799.99,Highly,Traditional Laptops,Black,NVIDIA,Windows 10 Home,51 Watt Hours,,,1024GB,HDD,Normal,MSI,Heavy
B07VKZY7KV,989.0,Well,Traditional Laptops,Black,NVIDIA,Windows 10,,8GB,DDR4,512GB,SSD,Normal,Dell,Heavy
B07VN8YG6Q,438.0,Decent,Traditional Laptops,Ash Silver,Intel,Windows 10,,8GB,DDR4,128GB,SSD,Compact,HP,Heavy
B07VPGC74L,884.0,Highly,Traditional Laptops,,Intel,Windows 10,9 Hours,8GB,,256GB,SSD,Huge,HP,Heavy
B07VPRRT18,1991.1,Decent,Traditional Laptops,Black,NVIDIA,Windows 10 Home,8 Hours,16GB,,,,Normal,Gigabyte,Light
B07VS58S3T,149.99,Decent,Traditional Laptops,White,Intel,Chrome OS,11 Hours,64GB,,64GB,SSD,Compact,HP,Light
B09K79XYZ1,334.47,Highly,Traditional Laptops,White,Intel,Chrome OS,13 Hours,4GB,DDR4,32GB,HDD,Compact,HP,Light
B07VSFY3P9,1249.0,Decent,Traditional Laptops,Black,NVIDIA,Windows 10,5 Hours,32GB,DDR4,512GB,SSD,Normal,Lenovo,Heavy
B07VTHHS6H,228.98,Highly,Traditional Laptops,Black,Intel,Chrome OS,,4GB,DDR4,32GB,SSD,Compact,HP,Heavy
B07VZ16T9T,475.0,Highly,Traditional Laptops,Silver,Intel,Windows 10,"7.0, 10.0, 12.0 Hours",8GB,DDR4,512GB,SSD,Normal,HP,Heavy
B07W3JLK2J,149.98,Highly,Traditional Laptops,Blue,AMD,Chrome OS,,4GB,DDR4,32GB,SSD,Compact,HP,Light
B07W43VC68,269.9,Decent,Traditional Laptops,Black,Intel,Windows 10 Pro,,16GB,DDR4,512GB,SSD,Normal,Lenovo,Light
B07W68GSGK,159.49,Highly,Traditional Laptops,Black,Intel,Windows 10 Pro,14 Hours,8GB,,256GB,SSD,Compact,Lenovo,Light
B07W827ZRZ,1799.0,Decent,Traditional Laptops,,NVIDIA,Windows,,16GB,,,,Huge,Gigabyte,Heavy
B07WC95QFZ,1199.99,Decent,Traditional Laptops,Black,NVIDIA,Windows 10,,16GB,,512GB,SSD,Huge,MSI,Light
B07WJVTL63,163.47,Decent,Traditional Laptops,Intel Core i5 6 Gen | 16G | 256G NVMe SSD,Intel,Windows 10,5 Hours,16GB,DDR4,256GB,SSD,Compact,HP,Heavy
B07WLMKBYS,419.0,Highly,Traditional Laptops,,Intel,Windows 10,,4GB,DDR4,500GB,HDD,Normal,Lenovo,Heavy
B07WMDV7CW,216.9,Highly,Traditional Laptops,Jet Black,Intel,Windows 10,14 Hours,4GB,DDR4,64GB,HDD,Compact,HP,Light
B07WMSXN78,874.99,Highly,Traditional Laptops,Black,NVIDIA,Windows 10 Home,8.5 Hours,44GB,,512GB,SSD,Normal,HP,Heavy
B07WP6RFYS,390.0,Highly,Traditional Laptops,Black,Intel,Windows 10,15 Hours,16GB,DDR3,1TB,SSD,Compact,Panasonic,Heavy
B07WSGFJ1M,258.0,Decent,Traditional Laptops,Black,AMD,Windows 10,4 Hours,4GB,DDR4,1TB,SSD,Normal,HP,Light
B07WTXD1YG,149.0,Decent,Traditional Laptops,Black,Intel,Windows 10 Home,,8GB,DDR3,500GB,HDD,Compact,Dell,Light
B07WWTXDSF,65.0,Decent,Traditional Laptops,Black,NVIDIA,Chrome OS,13 Hours,4GB,DDR3L,16GB,SSD,,Acer,Light
B07WX1ZJ6W,129.99,Decent,Traditional Laptops,Grey,Intel,Windows 10 Home,,4GB,DDR3,500GB,HDD,Compact,Dell,Heavy
B07WXQ4V3R,409.99,Highly,Traditional Laptops,,Intel,Windows 10 S,,4GB,,128GB,SSD,Compact,HP,Light
B07X1V221N,1599.99,Highly,Traditional Laptops,Black,NVIDIA,Windows 11 Home,,,DDR5,1TB,SSD,Normal,ASUS,Heavy
B07X4BCQH2,689.99,Highly,2 in 1 Laptops,Iron Gray,Intel,Windows 10,8 Hours,8GB,DDR4,256GB,SSD,Normal,Lenovo,Light
B07XC7GVRK,329.9,Highly,Traditional Laptops,Mineral Grey,Intel,Chrome OS,10 Hours,4GB,DDR4,64GB,SSD,Normal,Lenovo,Heavy
B07XFJ4RH2,765.99,Decent,Traditional Laptops,,AMD,Windows 11 Home,7 Hours,20GB,,512GB,HDD,Compact,Lenovo,Light
B07XH9876R,299.0,Highly,Traditional Laptops,Gray,Intel,Chrome OS,10 Hours,4GB,DDR4,32GB,SSD,Normal,Lenovo,Heavy
B07XJ7PXT4,165.0,Highly,Traditional Laptops,Black,Intel,Chrome OS,12 Hours,4GB,DDR4,32GB,HDD,Compact,Acer,Light
B07XJ7QQC6,283.0,Highly,Traditional Laptops,Silver,Intel,OS X 10.8 Mountain Lion,7 Hours,4GB,DDR4,256GB,SSD,Compact,Apple,Light
B07XKVHPRP,209.99,Decent,Traditional Laptops,brilliant black,Intel,Windows 10,,4GB,DDR4,32GB,SSD,Compact,HP,Light
B07XL4JHXR,192.0,Highly,Traditional Laptops,Silver,Intel,Chrome OS,12.5 Hours,4GB,DDR4,64GB,eMMC,Compact,Samsung,Light
B07XMJ65B5,199.99,Highly,2 in 1 Laptops,Silver,Intel,Chrome OS,10 Hours,4GB,DDR4,64GB,HDD,Compact,Acer,Light
B07XMJ7YPC,448.0,Decent,Traditional Laptops,Steel Gray,Intel,Chrome OS,12 Hours,8GB,DDR4,64GB,SSD,Compact,Acer,Light
B07XPLKZ5P,589.0,Highly,Traditional Laptops,Silver,Intel,Windows 10 Home,5 Hours,8GB,DDR4,256GB,SSD,Normal,Acer,Light
B07XQJ5BB9,336.48,Highly,Traditional Laptops,Silver,Intel,Mac OS,,8GB,DDR3,256GB,SSD,Compact,Apple,Light
B07XQLJ7K3,369.0,Highly,Traditional Laptops,Silver,Intel,OS X 10.10 Yosemite,12 Hours,8GB,DDR3,256GB,SSD,Compact,Apple,Light
B07YNK9T9Z,439.0,Highly,Traditional Laptops,Matte Black,Intel,Windows 10 Home,11.5 Hours,8GB,DDR4,256GB,SSD,Compact,Microsoft,Light
B07XQLLMRJ,1099.0,Highly,Traditional Laptops,Gray,Intel,Mac OS,,32GB,DDR3,512GB,SSD,Normal,Apple,Heavy
B07XQQRCG5,209.0,Highly,Traditional Laptops,Silver,Intel,Chrome OS,5 Hours,4GB,DDR4,64GB,HDD,Normal,Samsung,Light
B07XQQS439,209.0,Highly,Traditional Laptops,Silver,Intel,Chrome OS,12.5 Hours,6GB,DDR4,64GB,eMMC,Compact,Samsung,Light
B07XQQTVS3,135.99,Highly,Traditional Laptops,Platinum Titan,Intel,Chrome OS,5 Hours,4GB,DDR4,32GB,SSD,Compact,Samsung,Light
B07XTRG77V,355.0,Decent,Traditional Laptops,,Intel,Windows 10,,4GB,DDR4,128GB,SSD,Normal,Lenovo,Heavy
B07XYDZ7QC,215.98,Highly,Traditional Laptops,Brilliant Black,Intel,Windows 10,14 Hours,4GB,DDR4,32GB,SSD,Compact,HP,Light
B07XZVC528,679.0,Decent,2 in 1 Laptops,Theoretical Gray,Intel,Windows 10 Home,7.5 Hours,16GB,DDR4,256GB,SSD,Compact,Dell,Light
B07Y3Z89JZ,197.0,Decent,2 in 1 Laptops,Silver,Intel,Chrome OS,12 Hours,4GB,DDR3,64GB,SSD,Compact,Acer,Light
B07Y5LZBK4,599.0,Highly,Traditional Laptops,Black,Intel,Windows 10,,8GB,DDR4,256GB,SSD,Huge,HP,Light
B07YNKGWMT,887.57,Highly,Traditional Laptops,Cobalt Blue,Intel,Windows 10 Home,11.5 Hours,8GB,DDR4,256GB,SSD,Compact,Microsoft,Light
B07Y5PDX7D,511.0,Highly,Traditional Laptops,Grey,AMD,Windows 10 Home,,8GB,DDR4,256GB,SSD,Normal,ASUS,Light
B07Y5PK8SC,549.99,Highly,Traditional Laptops,Black,AMD,Windows 10 Home,8 Hours,16GB,DDR4,256GB,SSD,Normal,ASUS,Light
B07Y6LQGJH,609.99,Highly,2 in 1 Laptops,Onyx Black,AMD,Windows 10,8 Hours,8GB,DDR4,256GB,SSD,Compact,Lenovo,Light
B07Y9LCNPG,379.99,Decent,Traditional Laptops,Gray,NVIDIA,Windows 10 Pro,,32GB,,256GB,SSD,Normal,Dell,Heavy
B07YNKTF6H,896.96,Highly,Traditional Laptops,Sandstone,Intel,Windows 10 Home,1 Hours,8GB,DDR4,256GB,SSD,Compact,Microsoft,Light
B07YG839VD,276.36,Decent,Traditional Laptops,,Intel,Windows 10 Pro,,8GB,DDR4,256GB,SSD,Compact,HP,Light
B07YHJ9P5N,185.12,Decent,Traditional Laptops,Star Gray,Intel,Windows 10,10 Hours,2GB,DDR3,32GB,eMMC,Compact,ASUS,Light
B07YLCGP8R,816.99,Well,Traditional Laptops,Black,AMD,Windows 10 Home,,16GB,DDR4,,SSD,Normal,HP,
B07YLY24Y8,199.0,Highly,2 in 1 Laptops,Sparkly Silver,Imagination PowerVR,Chrome OS,12 Hours,4GB,DDR3,64GB,SSD,Compact,Acer,Light
B07YN3ZQZC,389.0,Decent,Traditional Laptops,Black,Intel,Windows 10,,4GB,,256GB,SSD,Compact,Lenovo,Light
B07YN926Z7,300.1,Highly,Traditional Laptops,Blue,,Windows 10,,,,,,Compact,Lenovo,
B07YN9MZSX,329.99,Decent,Traditional Laptops,Silver,,Windows 10,,16GB,,512GB,SSD,Compact,HP,Light
B07YNJ6RBM,650.99,Highly,2 in 1 Laptops,Platinum,Intel,Windows 10 Home,8 Hours,8GB,,256GB,SSD,Compact,Microsoft,Light
B07YNTR349,1099.0,Highly,Traditional Laptops,Silver,NVIDIA,Windows 10 Pro,10 Hours,16GB,DDR4,512GB,SSD,Huge,HP,Heavy
B07YQBS38Y,226.63,Decent,Traditional Laptops,,Intel,Windows 10 Pro,,16GB,DDR4,512GB,SSD,Compact,Dell,
B07YQJ9WYB,1299.99,Highly,2 in 1 Laptops,Platinum,Intel,Windows 10 Home,105 Hours,16GB,DDR4,1TB,SSD,Compact,Microsoft,Light
B07YSJ5GDN,466.9,Decent,Traditional Laptops,,AMD,Windows 10,4 Hours,4GB,DDR4,,HDD,Normal,Lenovo,Heavy
B07YST4G5N,649.0,Well,Traditional Laptops,,AMD,Windows 10 Pro,,12GB,DDR4,,SSD,Normal,ASUS,Heavy
B07YVVH36G,499.65,Decent,Traditional Laptops,Icicle Gold,Intel,Windows 10 Home,14 Hours,8GB,DDR3,256GB,SSD,Compact,ASUS,Light
B07YXSLFDH,199.97,Highly,Traditional Laptops,Royal Blue,Intel,Windows 10,14 Hours,4GB,DDR4,64GB,eMMC,Compact,HP,Light
B07YXZ1CP3,153.0,Highly,Traditional Laptops,Gray,PowerVR,Chrome OS,10 Hours,4GB,DDR3,32GB,HDD,,ASUS,Light
B07YZ1WR6H,2299.0,Highly,Traditional Laptops,Royal blue,NVIDIA,Windows 10 Pro,17 Hours,16GB,DDR3,1TB,SSD,Normal,ASUS,Light
B07YZX2ZF6,229.0,Highly,Traditional Laptops,Silver/Atom,Intel,Chrome OS,,4GB,DDR3,32GB,SSD,Compact,Acer,Heavy
B07Z1YK539,522.49,Highly,2 in 1 Laptops,Silver,Intel,Chrome OS,10 Hours,4GB,DDR3,64GB,HDD,Compact,ASUS,Light
B07Z34R6Y9,194.68,Decent,Traditional Laptops,Black,Intel,Windows 10 Pro,,8GB,DDR4,256GB,SSD,Compact,Dell,Light
B0BL65X98W,1999.99,Well,Traditional Laptops,Black,NVIDIA,Windows 10 Pro,,16GB,DDR4,1TB,SSD,Normal,MSI,Heavy
B07ZF69HXV,449.18,Highly,2 in 1 Laptops,Platinum,Intel,Windows 10 Home,13 Hours,4GB,DDR3L,128GB,SSD,Compact,Microsoft,Light
B07ZMBSZ42,234.99,Highly,Traditional Laptops,Silver,Intel,Chrome OS,,,,,eMMC,,Acer,Heavy
B07ZS5SLKF,1218.79,Decent,Traditional Laptops,Black,NVIDIA,Windows 10 Home,,16GB,DDR4,512GB,SSD,Normal,Alienware,Heavy
B07ZTQDWX8,139.0,Highly,Traditional Laptops,Gray,AMD,Chrome OS,9 Hours,4GB,DDR4,64GB,SSD,Compact,HP,Light
B0811VJ5X5,219.63,Highly,Traditional Laptops,Light Titan,Intel,Chrome OS,,4GB,DDR3,64GB,eMMC,Compact,Samsung,Light
B0811ZSCLQ,799.9,Highly,Traditional Laptops,Black,NVIDIA,Windows 10 Home,,8GB,DDR4,512GB,SSD,Normal,ASUS,Heavy
B08121BNBS,339.99,Decent,Traditional Laptops,White,Intel,Chrome OS,,8GB,,,eMMC,Compact,HP,Light
B0811ZZMP9,912.08,Highly,Traditional Laptops,12GB RAM | 512GB PCIe SSD,Intel,Windows 10,15 Hours,12GB,DDR4,512GB,SSD,Compact,Lenovo,Light
B0812139N5,1999.0,Decent,Traditional Laptops,Dark Ash,NVIDIA,Windows 10 Home,,16GB,DDR4,512GB,SSD,Normal,HP,Heavy
B081213YMC,1499.0,Highly,Traditional Laptops,Black,Intel,Windows 10,,16GB,DDR4,512GB,SSD,Compact,Dell,Light
B081219LKB,165.0,Decent,Traditional Laptops,Grey,AMD,Windows 10,8 Hours,4GB,DDR2,32GB,eMMC,Compact,Lenovo,Light
B081D9HJ4P,333.0,Highly,Traditional Laptops,Silver,AMD,Windows 10,,8GB,DDR4,128GB,SSD,Compact,HP,Light
B08121C1HV,659.0,Decent,Traditional Laptops,,Intel,Windows 10 Home,5 Hours,12GB,DDR4,256GB,SSD,Normal,ASUS,Light
B08157248B,560.41,Highly,Traditional Laptops,Silver,Apple,macOS 10.13 High Sierra,8 Hours,8GB,DDR3,256GB,SSD,Compact,Apple,Heavy
B081649B1D,187.5,Decent,Traditional Laptops,Gray,Intel,Windows 10,,16GB,,128GB,SSD,Compact,Dell,Heavy
B081721LTM,459.0,Highly,Traditional Laptops,Black,Intel,Windows 10,,8GB,DDR4,256GB,SSD,Normal,Dell,Heavy
B08173ZTJX,529.0,Highly,Traditional Laptops,Black,Intel,Windows 10,,8GB,DDR4,128GB,SSD,,Dell,Heavy
B0817M3WY5,1042.6,Highly,Traditional Laptops,Silver,Intel,Windows 10,,32GB,DDR4,512GB,SSD,Normal,HP,Light
B08192LMDH,355.99,Highly,Traditional Laptops,Silver,Intel,Windows 10,,4GB,,128GB,SSD,Compact,HP,Heavy
B081945D2S,444.0,Highly,Traditional Laptops,,Intel,Windows 10,5 Hours,8GB,,512GB,SSD,Compact,HP,Heavy
B081F3CBT9,219.0,Decent,Traditional Laptops,Silver,AMD,Windows 10,35 Watt Hours,4GB,DDR4,,SSD,Compact,Lenovo,Light
B081FDK94Y,542.9,Highly,Traditional Laptops,Black,Intel,Windows 10,10 Hours,16GB,DDR4,1TB,HDD,Normal,Dell,Light
B081FGHNBL,484.0,Decent,Traditional Laptops,,Intel,Windows 10,10 Hours,16GB,DDR4,512GB,SSD,Normal,Dell,Heavy
B081FX7L27,288.0,Highly,Traditional Laptops,,Intel,Windows 10 Pro 64-bit,,8GB,,128GB,SSD,Compact,Microsoft,Heavy
B0824WGNSZ,199.99,Highly,Traditional Laptops,Black,Allwinner,Chrome OS,11 Hours,4GB,,16GB,eMMC,Compact,Samsung,Light
B081G1F4Y2,191.97,Highly,Traditional Laptops,Black,Intel,Windows 10 Pro,,16GB,DDR4,512GB,SSD,Compact,Dell,Light
B081JY7ZJD,69.99,Highly,Traditional Laptops,Gray,Intel,Chrome OS,12 Hours,4GB,DDR3,32GB,SSD,Compact,Acer,Light
B081K6MCL3,699.0,Highly,Traditional Laptops,,Intel,Windows 10,10 Hours,8GB,,512GB,SSD,Normal,HP,Light
B081LK8WZM,180.0,Highly,Traditional Laptops,,Intel,Chrome OS,11 Hours,4GB,DDR2,32GB,eMMC,Huge,Samsung,Light
B081LVHTVG,499.0,Highly,Traditional Laptops,Black,Intel,Windows 10,,12GB,DDR4,256GB,SSD,Normal,HP,Heavy
B081P23WHJ,1018.22,Decent,Traditional Laptops,Black,NVIDIA,Windows 10,,8GB,DDR4,512GB,SSD,Huge,Lenovo,Heavy
B081PYX89Y,159.99,Well,Traditional Laptops,Black,Intel,Windows 10 Pro 64 Bit-Multi-Language Supports English/Spanish/French,4 Hours,16GB,DDR3L,256GB,SSD,Normal,HP,Heavy
B081Q11FRB,184.99,Well,Traditional Laptops,grey,Intel,Windows 10 Pro 64 Bit-Multi-Language Supports English/Spanish/French,3 Hours,16GB,DDR4,512GB,SSD,Normal,HP,Heavy
B081QSXQQ9,241.99,Well,Traditional Laptops,Black,Intel,Windows 10 Pro,,16GB,,,SSD,Normal,Dell,Heavy
B0BL69BGLM,699.99,Highly,Traditional Laptops,Aluminum Black,AMD,Windows 11,,16GB,DDR4,512GB,SSD,Normal,MSI,Heavy
B081R4T3B7,779.0,Highly,Traditional Laptops,Silver,Intel,Windows 10 Home,,8GB,DDR4,512GB,SSD,Normal,Dell,Heavy
B081RBM8C9,449.0,Highly,Traditional Laptops,,Intel,Windows 10,7 Hours,16GB,,,SSD,Huge,HP,Heavy
B081RP6F8L,1459.99,Highly,Traditional Laptops,Black,Intel,Windows 10 Home,13 Hours,16GB,DDR3,256GB,SSD,Compact,Razer,Light
B081V4GWLN,239.0,Highly,Traditional Laptops,Star Black,Intel,Windows 10 S,8 Hours,4GB,DDR4,64GB,eMMC,Normal,ASUS,Light
B0BLQ8931C,398.98,Highly,Traditional Laptops,Abyss Blue,Intel,Chrome OS,10 Hours,,DDR4X,64GB,eMMC,Compact,Lenovo,Light
B081V6W99V,195.0,Highly,Traditional Laptops,Black,Intel,Windows 10 S,12 Hours,4GB,DDR3,64GB,eMMC,Compact,ASUS,Light
B081VN7GQN,263.75,Decent,Traditional Laptops,Grey,Intel,Windows 10 Home 64 Bit-Multi-Language Supports English/Spanish/French,,4GB,DDR3,500GB,HDD,Compact,HP,Light
B081VSP25F,496.47,Highly,Traditional Laptops,,Intel,Windows 10,,8GB,DDR4,512GB,SSD,Compact,HP,Light
B081Y2K4GY,299.99,Decent,Traditional Laptops,,Intel,Chrome OS,12 Hours,4GB,DDR4,128GB,eMMC,Normal,Acer,Light
B0C1YW5N1V,949.99,Well,Traditional Laptops,Grey,Intel,Windows 10 Pro,12 Hours,16GB,,1TB,SSD,Compact,ASUS,Light
B081YRMWD5,134.0,Highly,Traditional Laptops,dark grey,Intel,Windows 10 Pro,,8GB,DDR3,256GB,SSD,Compact,Lenovo,Heavy
B081Z67TVD,1199.85,Highly,Traditional Laptops,Silver,Intel,Windows 10 Home,,16GB,DDR4,1TB,SSD,,HP,Heavy
B081ZK53GG,434.0,Decent,Traditional Laptops,Platinum,Intel,Windows 10 Home,8 Hours,8GB,DDR4X,256GB,SSD,Compact,Microsoft,Light
B0821ZJBF8,279.99,Decent,Traditional Laptops,Grey 13.3 inch,Intel,Windows 10,6 Hours,8GB,DDR4,128GB,SSD,Compact,Jumper,Light
B0826DJYG1,649.0,Highly,Traditional Laptops,,Allwinner,Windows 10,3 	years,8GB,,256GB,SSD,Normal,Dell,Heavy
B0826NJN1F,225.0,Highly,2 in 1 Laptops,Blizzard White,Intel,Chrome OS,45 Watt Hours,4GB,DDR4,64GB,eMMC,Compact,Lenovo,Light
B0827FB789,478.0,Decent,Traditional Laptops,Grey,AMD,Windows 10 Home,42 Watt Hours,8GB,DDR4,256GB,SSD,,Dell,Heavy
B082DZ74QT,2399.0,Highly,Traditional Laptops,Black,NVIDIA,Windows 10 Pro,,16GB,DDR4,512GB,SSD,Normal,ASUS,Heavy
B082F2YJ18,939.0,Decent,Traditional Laptops,Grey/black,Intel,Windows 10 Home,,16GB,DDR3,512GB,SSD,Compact,Dell,Light
B082FMVN3X,515.0,Highly,Traditional Laptops,,Intel,Windows 10,7 Hours,8GB,,512GB,SSD,Normal,HP,Light
B082J572X8,574.0,Highly,Traditional Laptops,Space Gray,Apple,MacOS 10.15 Catalina,10 Hours,8GB,DDR3,128GB,SSD,Compact,Apple,Heavy
B082L4GNRB,999.99,Decent,Traditional Laptops,Black,Intel,Windows 10 Home,6 Hours,8GB,DDR4,512GB,SSD,Compact,ASUS,Light
B082NH3X1V,151.0,Highly,Traditional Laptops,Grey,AMD,Chrome OS,,4GB,,32GB,eMMC,Compact,HP,Light
B082NZX92C,998.49,Highly,Traditional Laptops,Black,AMD,Windows 10,,12GB,DDR4,512GB,SSD,Huge,HP,Heavy
B082P3LJD8,679.0,Highly,Traditional Laptops,Natural Silver,AMD,Windows 10,10 days,12GB,,256GB,HDD,Compact,HP,
B082P8N4KJ,839.0,Highly,Traditional Laptops,Space Gray,Intel,macOS 11 Big Sur,11 Hours,16GB,DDR4,512GB,SSD,Normal,Apple,Heavy
B082WMS2DT,460.0,Highly,Traditional Laptops,Silver/black,Intel,Windows 10,,8GB,,240GB,SSD,Compact,Toughbook,Heavy
B082XDWKSL,497.69,Decent,Traditional Laptops,Silver,Intel,Windows 10,,16GB,DDR3,512GB,SSD,Compact,HP,Light
B082XHS9N1,596.0,Decent,Traditional Laptops,Silver,Intel,Mac OS,,16GB,,256GB,SSD,Normal,Apple,Heavy
B082XQR86P,1245.0,Highly,Traditional Laptops,Dark Silver,Intel,Windows 10 Home,17 Hours,16GB,DDR4,1TB,SSD,Huge,Lg,Light
B08374BBQG,1989.0,Decent,Traditional Laptops,Space Gray,AMD,MacOS 10.12 Sierra,,32GB,,1TB,SSD,Normal,Apple,Heavy
B08374PJD2,68.89,Decent,Traditional Laptops,,Intel,Chrome OS,11 Hours,4GB,DDR3,16GB,SSD,Compact,HP,Light
B083H2RF8D,1999.0,Decent,Traditional Laptops,Black,Intel,Windows 10 Professional 64-bit,,16GB,DDR4,2TB,SSD,Normal,Laptop Authority,Heavy
B083JSMKDH,653.39,Decent,Traditional Laptops,,Intel,Windows 10,10 Hours,8GB,DDR4,,SSD,Normal,Acer,Light
B083LNY242,405.0,Highly,Traditional Laptops,Gray,Intel,Windows 10 S,12 Hours,4GB,DDR4,128GB,HDD,Compact,ASUS,Light
B083TB2WS8,1298.0,Decent,2 in 1 Laptops,Gray,Intel,Windows 10,15 Hours,12GB,DDR4,512GB,SSD,Compact,Lenovo,Light
B083W4N1Z2,186.98,Highly,Traditional Laptops,Black,Intel,Chrome OS,11 Hours,4GB,DDR3,16GB,SSD,Compact,Samsung,Light
B084BXNPRK,598.89,Highly,Traditional Laptops,Turbo Silver,Intel,Windows 10,7 Hours,8GB,DDR4,1TB,HDD,Huge,HP,Heavy
B084HLLSYW,929.0,Highly,Traditional Laptops,Transparent Silver,Intel,Windows 10 Home,42 Watt Hours,8GB,DDR4,512GB,SSD,Normal,ASUS,Light
B084JJNRR1,154.99,Highly,2 in 1 Laptops,Silver,Intel,Chrome OS,,4GB,DDR4,32GB,SSD,Compact,Acer,Light
B084LVVQ7F,399.99,Highly,Traditional Laptops,Silver,Intel,Windows 10,12 Hours,8GB,DDR3,256GB,SSD,Compact,ASUS,Light
B084MNHG2S,549.95,Decent,Traditional Laptops,Silver/Black,Intel,Windows 10,,8GB,,120GB,SSD,Compact,Panasonic,Heavy
B084PXT9TQ,161.96,Decent,Traditional Laptops,Black,Intel,Windows 10,,8GB,DDR4,256GB,SSD,Compact,HP,Heavy
B084RH4CPF,399.99,Highly,Traditional Laptops,,Intel,Windows 10,7 Hours,8GB,,256GB,HDD,Compact,HP,Light
B084RNT2JB,571.99,Highly,Traditional Laptops,Silver/Black,Intel,Windows 10,,16GB,DDR4,1TB,SSD,Compact,Panasonic,Heavy
B084RSKVQZ,669.99,Highly,Traditional Laptops,2017 Version | Grey,Intel,Windows 10 Home,12 Hours,8GB,DDR3,256GB,SSD,Compact,ASUS,Light
B084SDJ7XW,1479.0,Highly,Traditional Laptops,Royal Blue,NVIDIA,Windows 10 Home,13 Hours,16GB,DDR4,512GB,SSD,Compact,ASUS,Light
B084SQDB1V,221.53,Decent,Traditional Laptops,Black,Qualcomm,Windows 10 Pro,1 Hours,8GB,,256GB,SSD,Compact,Dell,Light
B084TRFGYL,340.0,Highly,Traditional Laptops,Natural Silver,AMD,Windows 10 S,11 Hours,4GB,,128GB,SSD,Compact,HP,Light
B0851YV771,268.62,Highly,2 in 1 Laptops,,Intel,Chrome OS,,4GB,DDR3,,SSD,Compact,Acer,Light
B085281M3B,339.0,Decent,Traditional Laptops,,Integrated,Windows 10 S,10.25 Hours,4GB,DDR4,128GB,SSD,Compact,HP,Light
B0852BTGGH,668.99,Decent,Traditional Laptops,Indie Black,,Windows 10 Home,,,,,,Normal,ASUS,
B0856QVM2F,334.65,Highly,Traditional Laptops,Ice Blue + Iron Grey,MediaTek,Chrome OS,10 Hours,4GB,DDR4,64GB,SSD,Compact,Lenovo,Light
B0858HRLQJ,203.0,Highly,Traditional Laptops,,,,,,,,,,Unknown,
B0858N8CGX,195.0,Highly,Traditional Laptops,Blue,Intel,Chrome OS,5 Hours,4GB,DDR4,64GB,HDD,Compact,Acer,Light
B085B316LG,1999.0,Highly,Traditional Laptops,,NVIDIA,Windows 10 Home,,16GB,DDR4,512GB,SSD,Normal,MSI,Heavy
B085F2VJCK,999.0,Decent,Traditional Laptops,Black,Intel,Windows 10 Professional 64bit,,16GB,DDR3,960GB,SSD,Compact,Panasonic,Light
B0865SCD6L,911.96,Highly,Traditional Laptops,Black,NVIDIA,Windows 10 Home,,16GB,DDR4,512GB,HDD,Normal,ASUS,Heavy
B0865VBN6X,2299.0,Highly,Traditional Laptops,Black,AMD,Windows 10 Pro,,16GB,DDR4,1TB,HDD,Normal,ASUS,Heavy
B086BL5LLZ,154.0,Decent,Traditional Laptops,,Intel,Windows 10 Pro,,8GB,DDR4,256GB,SSD,Compact,Lenovo,Heavy
B086H38JC6,218.6,Highly,Traditional Laptops,Natural Silver,Intel,Windows 10,,4GB,DDR4,128GB,SSD,Normal,HP,Light
B08726QFRM,878.69,Highly,Traditional Laptops,,Intel,Windows 10 Pro,2 	years,16GB,DDR4,512GB,SSD,Normal,Lenovo,Light
B086P7Z8LM,297.0,Highly,Traditional Laptops,Snow White,Intel,Chrome OS,11 Hours,4GB,DDR4,32GB,eMMC,Compact,HP,Light
B086QR83SD,149.0,Decent,2 in 1 Laptops,Charcoal,Intel,Chrome OS,6 Hours,1GB,DDR3,32GB,SSD,Compact,Rca,Light
B086QZPGKZ,849.99,Highly,Traditional Laptops,,NVIDIA,Windows 10 Home,,8GB,DDR4,512GB,HDD,Normal,ASUS,Heavy
B086S3CXWB,169.99,Highly,Traditional Laptops,Black,Intel,Chrome OS,10 Hours,4GB,DDR4,32GB,SSD,Compact,Lenovo,Light
B086TMWGXY,1249.99,Highly,Traditional Laptops,Fortress Gray,NVIDIA,Windows 10 Home,8 Hours,16GB,DDR4,512GB,SSD,Normal,ASUS,Heavy
B086TXRPM9,1049.0,Decent,Traditional Laptops,Black,Intel,Windows 10,,16GB,DDR4,1TB,SSD,Normal,Lenovo,Heavy
B086V1Y5M2,375.0,Highly,Traditional Laptops,Grey,Intel,Windows 11 Home,7 Hours,8GB,DDR4,128GB,SSD,Normal,Lenovo,Heavy
B086VV7HQ3,360.0,Decent,Traditional Laptops,Dark Orchid,Intel,Windows 10 Home,6 Hours,4GB,DDR4,128GB,SSD,Normal,Lenovo,Heavy
B086YDLPQR,1239.0,Highly,Traditional Laptops,,Intel,Windows 10,17 Hours,16GB,DDR4,512GB,SSD,Huge,Lg,Light
B0874VTDHG,219.0,Decent,Traditional Laptops,Silver,Intel,Chrome OS,,4GB,DDR4,64GB,HDD,Normal,Acer,Heavy
B0876MBLTN,1919.99,Well,Traditional Laptops,Brushed Black,NVIDIA,Windows 10 Pro,,32GB,DDR4,,SSD,Normal,ASUS,Heavy
B0878R9JM9,674.99,Highly,Traditional Laptops,Silver,Intel,Windows 10 Home,,8GB,DDR4,512GB,SSD,,Dell,Heavy
B087GXY9SV,295.92,Decent,Traditional Laptops,Silver,Intel,Windows 10 Pro 64,1.5 Hours,16GB,DDR4,512GB,SSD,Compact,HP,Heavy
B087HJ4RRZ,799.0,Decent,Traditional Laptops,Black,AMD,Windows 10 Home,30 minutes,8GB,DDR4,512GB,HDD,Normal,Lenovo,Heavy
B087NHGPXC,399.0,Highly,Traditional Laptops,Black,AMD,Windows 11 Home,,16GB,DDR4,1TB,SSD,Compact,HP,Light
B087QVQY78,1399.0,Highly,2 in 1 Laptops,"15.6 Inch, Dark Ash Silver",NVIDIA,Windows 10,17.5 Hours,16GB,DDR4,512GB,SSD,Normal,HP,Light
B087RSQGSV,1299.0,Highly,Traditional Laptops,,NVIDIA,Windows 10 Home,7 Hours,16GB,DDR4,256GB,SSD,Huge,Acer,Heavy
B087RTBMK5,319.99,Highly,Traditional Laptops,Silver,Intel,Windows 10 S,8 Hours,4GB,DDR4,128GB,SSD,Normal,Acer,Heavy
B087RTV311,545.6,Highly,Traditional Laptops,Silver,Intel,Windows 10 Home,8 Hours,8GB,DDR4,256GB,SSD,Normal,Acer,Heavy
B087VSSKXZ,277.28,Decent,Traditional Laptops,Black,Intel,Windows 10,10 Hours,4GB,DDR4,128GB,SSD,Normal,HP,Light
B087ZNP8FL,729.0,Highly,Traditional Laptops,Transparent Silver,AMD,"Windows 7, Windows 10",6 Hours,12GB,DDR4,512GB,SSD,Huge,ASUS,Heavy
B087ZR3671,463.0,Highly,Traditional Laptops,Black,Intel,Windows 10 Home,,8GB,DDR4,500GB,HDD,Normal,Dell,Heavy
B0882DBX66,634.65,Highly,Traditional Laptops,Silver,,Windows 10 Home,,,,,,Compact,Samsung,
B0884S5TMK,1288.88,Decent,Traditional Laptops,Natural Silver,NVIDIA,Windows 10,,16GB,DDR4,512GB,SSD,Normal,HP,Heavy
B0887WHLSW,899.99,Highly,Traditional Laptops,Black,Intel,Windows 10,,8GB,DDR4,256GB,SSD,Huge,HP,Heavy
B0888FPFGK,104.95,Highly,Traditional Laptops,Silver,Intel,Chrome OS,12 Hours,4GB,DDR4,32GB,eMMC,Compact,Samsung,Light
B088DQY4RZ,1699.0,Highly,Traditional Laptops,Black,NVIDIA,Windows 10 Home,,16GB,DDR4,256GB,SSD,Huge,Dell,Heavy
B088K23635,640.0,Highly,Traditional Laptops,Black,Intel,Windows 10 S,,8GB,DDR4,1TB,HDD,Normal,Dell,Heavy
B088KR8FZR,798.0,Highly,Traditional Laptops,Silver,AMD,Windows 10,9 Hours,12GB,,512GB,SSD,Normal,ASUS,Light
B088MHPYRX,749.0,Highly,Traditional Laptops,,Intel,Windows 10,,8GB,DDR4,,SSD,Compact,HP,
B0891M4TY8,1295.35,Highly,Traditional Laptops,Black,NVIDIA,Windows 10,,16GB,DDR4,256GB,SSD,Normal,Razer,Heavy
B088PB2868,899.99,Highly,Traditional Laptops,Fog Blue,Intel,Windows 10,8 Hours,16GB,,1TB,SSD,Normal,HP,Heavy
B088PVQFL3,1048.0,Highly,Traditional Laptops,Black,NVIDIA,Windows 10 Home,,16GB,,512GB,SSD,Normal,MSI,Heavy
B088SKJP6S,899.0,Highly,Traditional Laptops,Gray,Intel,Windows 10,9 Hours,8GB,DDR4,512GB,SSD,Normal,ASUS,Light
B088T2C912,725.0,Highly,2 in 1 Laptops,Fiesta Red,Intel,Chrome OS,8 Hours,8GB,DDR3,256GB,SSD,Compact,Samsung,Light
B088WGZFR6,299.97,Highly,Traditional Laptops,Silver,Intel,Chrome OS,12 Hours,4GB,DDR4,32GB,SSD,Normal,Acer,Heavy
B0892WH42D,587.0,Highly,Traditional Laptops,Pine Grey,Intel,Windows 10 Home,22 Hours,8GB,DDR4,256GB,SSD,Compact,ASUS,Light
B08952FB9G,456.6,Highly,Traditional Laptops,Onyx Black,,Windows 10,,,,,,Normal,Lenovo,
B08966H6XJ,569.99,Highly,Traditional Laptops,Nightfall Black,AMD,Windows 10,10 Hours,8GB,DDR4,256GB,SSD,Normal,HP,Heavy
B0897WZSZ6,1499.99,Decent,Traditional Laptops,Silver,NVIDIA,Windows 10 Pro,,16GB,DDR4,1TB,SSD,Normal,Dell,Heavy
B0899L8GR1,139.0,Highly,Traditional Laptops,Gray,,Chrome OS,,,,,,Compact,ASUS,Light
B089B6TCQC,189.99,Highly,Traditional Laptops,Black,Intel,Windows 10 Pro,,16GB,,256GB,SSD,Compact,Dell,Light
B089CZTDCP,699.99,Decent,Traditional Laptops,Sliver,Intel,Windows 10,8 Hours,12GB,DDR4,1TB,SSD,Huge,HP,Heavy
B089MCLQR3,409.0,Highly,Traditional Laptops,Natural Silver,Intel,Windows 11 S,,8GB,DDR4,256GB,SSD,Normal,HP,Light
B089MFTXX8,905.99,Highly,2 in 1 Laptops,Black,AMD,Windows 10,10 Hours,8GB,DDR4,256GB,SSD,Normal,HP,Heavy
B089S9N86P,249.0,Highly,Traditional Laptops,Pink,Intel,Windows 10 S,14 Hours,4GB,DDR4,64GB,eMMC,Compact,HP,Light
B089T5V5FX,154.99,Highly,Traditional Laptops,Black,Intel,Chrome OS,10 Hours,4GB,DDR4,32GB,SSD,Compact,Lenovo,Light
B089T6DX1R,330.0,Decent,Traditional Laptops,,AMD,Windows 10,9 Hours,4GB,DDR4,,,Compact,HP,Light
B089VHVCCK,689.0,Highly,Traditional Laptops,,NVIDIA,Windows 10,,8GB,,512GB,SSD,Normal,MSI,Heavy
B089YW8GRQ,365.89,Well,2 in 1 Laptops,,Intel,Windows 10 Pro,,16GB,DDR3,512GB,SSD,Compact,Dell,Light
B08B17W9B6,599.99,Decent,Traditional Laptops,Grey/black,AMD,Windows 10,,8GB,DDR3,240GB,SSD,Normal,Panasonic,Heavy
B08B1TW8S2,660.0,Highly,Traditional Laptops,Silver,AMD,Windows 10,4 Hours,8GB,DDR4,512GB,SSD,Normal,HP,Heavy
B08B3SH23B,1599.99,Highly,Traditional Laptops,Natural Silver,NVIDIA,Windows 10 Home,"9.0, 12.0, 5.0 Hours",16GB,DDR4,512GB,SSD,Compact,HP,Light
B08B3X4L95,522.52,Highly,Traditional Laptops,Gold,Intel,Windows 10,,8GB,DDR4,256GB,SSD,Compact,HP,Heavy
B08B46N9M6,275.0,Decent,Traditional Laptops,Black,Intel,Windows 10 Pro,,16GB,DDR4,512GB,SSD,Normal,Dell,Light
B08B643THT,611.0,Highly,2 in 1 Laptops,,AMD,,10 Hours,16GB,,,,Compact,Lenovo,
B08BCHX2V8,1099.0,Decent,2 in 1 Laptops,Natural silver,Intel,Windows 10,9.25 Hours,32GB,DDR4,2TB,SSD,Normal,HP,Heavy
B08BHK5L4M,218.86,Decent,Traditional Laptops,White,Intel,Windows 10,"5.0, 4.0 Hours",2GB,,32GB,HDD,Compact,Goldengulf,Light
B08BKTV44K,899.0,Highly,Traditional Laptops,Blue,Intel,Windows 10 Pro,,20GB,DDR4,1TB,SSD,Huge,Lenovo,Heavy
B08BMLZKL2,479.0,Highly,Traditional Laptops,Silver,Intel,Windows 10,8 Hours,12GB,DDR4,256GB,SSD,Normal,HP,Heavy
B08C81JT39,518.0,Highly,Traditional Laptops,Light Gray,NVIDIA,"Windows 10,Windows 10 Home",6 Hours,,DDR4,256GB,SSD,Compact,ASUS,Light
B08CCKVS59,566.56,Highly,Traditional Laptops,Space Gray,Intel,Mac OS X 10.0 Cheetah,11 Hours,8GB,DDR3,256GB,SSD,Compact,Apple,Heavy
B08CMB8F7C,259.99,Highly,Traditional Laptops,Indigo Blue,AMD,Windows 10 Home,9 Hours,4GB,DDR4,64GB,HDD,Compact,HP,Light
B08CMQ1NRS,364.99,Highly,Traditional Laptops,Natural Silver,Integrated,Windows 10 Home,10.75 Hours,8GB,DDR4,256GB,SSD,Normal,HP,Light
B08CQ4JZ8V,359.0,Decent,Traditional Laptops,,Intel,Windows 10,,4GB,DDR4,500GB,HDD,Normal,HP,Heavy
B08CSGQMRM,284.99,Decent,Traditional Laptops,Smoke Gray,Hp,Windows 10 Home,465 minutes,4GB,DDR3,32GB,SSD,Compact,HP,Light
B08CSHM6K1,399.0,Highly,Traditional Laptops,Diamond White,AMD,Windows 10 S,"7.0, 6.0 Hours",4GB,,64GB,HDD,Compact,HP,Light
B08CSHM6L3,179.83,Highly,Traditional Laptops,Chalkboard Gray,AMD,Chrome OS,9.25 Hours,4GB,DDR4,32GB,SSD,Compact,HP,Light
B0BPSG9F1N,1549.99,Highly,Traditional Laptops,Titanium Blue,NVIDIA,Windows 10 Home,,64GB,DDR4,1TB,SSD,Huge,MSI,Heavy
B08CSHPBL8,162.0,Highly,Traditional Laptops,Gray,Intel,Windows 10,,4GB,DDR3L,64GB,SSD,Compact,HP,Light
B08CSHQJH4,241.0,Highly,Traditional Laptops,Diamond White,Intel,Windows 10 Home,14.25 Hours,4GB,,32GB,HDD,Compact,HP,Light
B08CZ5VMQY,469.99,Decent,Traditional Laptops,Mineral Silver,Intel,Chrome OS,,8GB,,64GB,eMMC,,HP,Light
B08DC72FBT,499.99,Highly,Traditional Laptops,Platinum,Intel,Windows 10 Home,,16GB,DDR4,256GB,SSD,Compact,Microsoft,Light
B08DDB4R6T,1069.0,Decent,Traditional Laptops,Silver,Intel,Mac OS,11 Hours,16GB,DDR4,1TB,SSD,Normal,Apple,Heavy
B08DG6YJ6M,719.52,Highly,Traditional Laptops,Black,AMD,Windows 10,10 Hours,32GB,DDR4,1TB,SSD,Normal,HP,Heavy
B08DLBG8ZJ,2909.6,Decent,Traditional Laptops,Black,NVIDIA,Windows 10,,16GB,DDR4,512GB,SSD,Huge,Razer,Heavy
B08DL47JTT,819.97,Highly,Traditional Laptops,Gray,NVIDIA,Windows 10 Home,,8GB,DDR4,512GB,SSD,Normal,ASUS,Heavy
B08DL4X5R4,199.0,Highly,Traditional Laptops,Platinum Titan,Intel,Chrome OS,10 Hours,4GB,DDR3,32GB,SSD,Compact,Unknown,Light
B08DLSFBG1,755.0,Decent,Traditional Laptops,Graphite gray,Intel,Windows 10,12 Hours,16GB,DDR4,512GB,SSD,Normal,Lenovo,Heavy
B08DRK4KWW,1178.88,Highly,Traditional Laptops,Shadow Black,NVIDIA,Windows 10 Home,10 Hours,8GB,DDR4,512GB,SSD,Huge,HP,Heavy
B08DTJC9N7,679.0,Highly,Traditional Laptops,Gray,Intel,Chrome OS,4 Hours,8GB,DDR4X,128GB,SSD,Compact,Acer,Heavy
B08DVFXBD6,955.0,Highly,Traditional Laptops,Platinum Silver,,Windows 10 Home,,,,,,Normal,Dell,
B08DWDL357,1382.63,Decent,Traditional Laptops,Silver,NVIDIA,Windows 10 Home,3 Hours,32GB,DDR4,1TB,SSD,Huge,Dell,Heavy
B08F3TVVNY,184.99,Highly,2 in 1 Laptops,Pure Silver,Intel,Chrome OS,10 Hours,4GB,DDR4,32GB,SSD,Compact,Acer,Light
B08F41S84R,382.0,Highly,Traditional Laptops,Almond,Intel,Windows 10 S,,8GB,DDR4,256GB,SSD,Normal,Lenovo,Heavy
B08F4JRXFZ,343.0,Highly,Traditional Laptops,Ice Blue,ARM,Chrome OS,,4GB,DDR4,128GB,SSD,Compact,Lenovo,Light
B08F56XH79,399.0,Decent,2 in 1 Laptops,Gray,Intel,Windows,6 Hours,8GB,DDR4,256GB,SSD,Compact,Chuwi,Light
B08FBNNPTZ,379.0,Decent,Traditional Laptops,grey,AMD,Windows 10,,8GB,DDR4,256GB,SSD,Compact,Vivobook,Heavy
B08FNQ3XTR,165.89,Highly,Traditional Laptops,Black,Intel,Windows 10,4 Hours,16GB,,256GB,SSD,Compact,Dell,Light
B08FCTXKFB,619.0,Highly,Traditional Laptops,Silver,Intel,Windows 10,,8GB,DDR4,512GB,SSD,Normal,HP,Heavy
B08FFFKBF3,549.0,Decent,Traditional Laptops,Carbon Black,Intel,Windows 11 Pro,,16GB,DDR4,512GB,SSD,Normal,Dell,Light
B08FG7S7G7,729.0,Highly,Traditional Laptops,Space Gray,Intel,MacOS 10.15 Catalina,10 Hours,8GB,DDR3,256GB,SSD,Compact,Apple,Heavy
B08HSJZZGR,239.0,Highly,Traditional Laptops,White,AMD,Windows 10 S,10 Hours,4GB,DDR4,,eMMC,Compact,HP,Heavy
B08FNZHZJM,489.99,Highly,Traditional Laptops,Steel Gray,Intel,Windows 10,,8GB,DDR4,256GB,SSD,Normal,Acer,Light
B08FPXS834,1550.0,Decent,Traditional Laptops,AORUS 15G - Alloy + Mech Keyboard,NVIDIA,Windows 10 Home,10.5 Hours,16GB,DDR4,512GB,HDD,Normal,Gigabyte,Heavy
B08FQB1HCX,319.0,Highly,Traditional Laptops,Slate grey,Intel,Windows 10 S,,8GB,DDR4,128GB,SSD,,ASUS,Light
B08FSRLDMQ,299.0,Highly,Traditional Laptops,Jet Black,AMD,Windows 10 S,,8GB,DDR4,128GB,SSD,,HP,Light
B08G3T3G9X,1999.0,Highly,Traditional Laptops,,,Windows 10 Home,,16GB,,,SSD,Normal,HP,Heavy
B08G58Z3FG,2839.99,Decent,Traditional Laptops,,NVIDIA,Windows 10 Pro,,16GB,DDR4,,SSD,Normal,Dell,Heavy
B08G5F3X8F,799.0,Highly,Traditional Laptops,Black,NVIDIA,Windows 10 Home,,8GB,DDR4,512GB,SSD,Normal,Dell,Heavy
B08G5GDZC9,1440.63,Highly,Traditional Laptops,Silver,Intel,Windows 10 Home,,32GB,DDR4X,512GB,SSD,Compact,Dell,Light
B08G8SJZ2R,480.0,Highly,Traditional Laptops,Silver,AMD,Windows 10,5 Hours,8GB,,512GB,SSD,Normal,ASUS,Light
B08GCW1C9N,445.0,Well,Traditional Laptops,Steel Gray,Intel,Chrome OS,,8GB,,128GB,SSD,Compact,Acer,Light
B08KV8HP98,894.36,Decent,Traditional Laptops,Black,NVIDIA,Windows 10 Home,,16GB,DDR4,512GB,SSD,Normal,Evoo,Heavy
B08GG9QKX6,1199.99,Highly,Traditional Laptops,Silver,Intel,Mac OS,4 	years,8GB,DDR4,256GB,SSD,Compact,Apple,Heavy
B08GS4NNGM,849.99,Decent,Traditional Laptops,Silver,Intel,Windows 10 Pro,,16GB,DDR4,512GB,SSD,Normal,HP,Heavy
B08H5RXRPG,198.0,Highly,2 in 1 Laptops,Sparkly Silver,Intel,Chrome OS,10 Hours,4GB,DDR4,32GB,eMMC,Compact,Acer,Light
B08H6LLBRL,759.99,Decent,Traditional Laptops,Jade Black,Intel,Windows 10 Pro,12 Hours,16GB,DDR4X,1TB,SSD,Compact,ASUS,Light
B08H6YZY3Y,195.0,Highly,Traditional Laptops,Snow White,Integrated,Chrome OS,15.45 Hours,4GB,DDR4,32GB,HDD,Compact,HP,Light
B08HB37TBP,1399.65,Highly,Traditional Laptops,Shadow Black,NVIDIA,Windows 10 Home,5 Hours,32GB,DDR4,512GB,SSD,Normal,Omen,Heavy
B08HHGM3MB,179.0,Highly,Traditional Laptops,Indigo Blue,MediaTek,Chrome OS,15 Hours,4GB,DDR4,32GB,HDD,Compact,HP,Light
B08HHNXW8Y,776.12,Highly,Traditional Laptops,Space Gray,Intel,"macOS 10.15 Catalina,macOS 10.14 Mojave",10 Hours,16GB,DDR4,512GB,SSD,Compact,Apple,Light
B08HJT1BKQ,148.0,Highly,Traditional Laptops,Ash Gray,MediaTek,Chrome OS,15 Hours,4GB,DDR4,,HDD,Compact,HP,Light
B08HJVZ41J,326.99,Highly,Traditional Laptops,Indigo Blue,MediaTek,Chrome OS,,4GB,DDR4,32GB,HDD,Compact,HP,Light
B08HJWGM4Q,578.99,Highly,Traditional Laptops,,Intel,Windows 10 Home,,12GB,,1TB,HDD,Normal,Lenovo,Light
B08HKQJ5D3,1000.0,Highly,Traditional Laptops,Space Gray,AMD,Mac OS,11 Hours,16GB,DDR4,1TB,SSD,Normal,Apple,Heavy
B08HLGJCT6,599.0,Decent,Traditional Laptops,Onyx Black,NVIDIA,Windows 10 Home,9 Hours,8GB,DDR4,256GB,SSD,Normal,Lenovo,Heavy
B08HN8ZZ85,99.0,Decent,Traditional Laptops,Gray,Intel,Chrome OS,10 Hours,4GB,DDR4,16GB,eMMC,Compact,ASUS,Light
B08HZ8WY6R,209.99,Highly,Traditional Laptops,Samsung Chrome OS 15 Inch Full HD Intel Celeron Processor N4000 4GB RAM 64GB eMMC Gigabit Wi-Fi -XE350XBA-K02US (Renewed)Samsung Chrome OS 15 Inch Full HD Intel Celeron Processor N4000 4GB RAM 64GB eMMC Gigabit Wi-Fi -XE350XBA-K02US (Renewed)  See more,Intel,Chrome OS,"10.0, 5.0 Hours",4GB,DDR4,64GB,eMMC,Normal,Samsung,Light
B08J89S3M4,259.0,Highly,Traditional Laptops,Pale Rose Gold,AMD,Windows 10 Home,9 Hours,4GB,DDR4,,HDD,Compact,HP,Light
B08J8J9VLH,224.0,Highly,Traditional Laptops,Silver,,Windows 10,,,,,,Compact,HP,
B08JVK1C66,89.0,Highly,Traditional Laptops,Ash Gray,Allwinner,Chrome OS,,4GB,,32GB,HDD,,HP,Light
B08K1RH6JJ,395.0,Highly,Traditional Laptops,Silver/Black,Intel,Windows 10 Home,,,,256GB,SSD,Normal,HP,Light
B08K84VQG2,349.89,Decent,Traditional Laptops,Silver,Intel,Windows 10,8 Hours,4GB,DDR4,128GB,SSD,Normal,Acer,Heavy
B08K8KNYJ2,399.89,Highly,Traditional Laptops,Silver,AMD,Windows 10,,8GB,DDR4,256GB,SSD,Compact,HP,Heavy
B08KH9SX3G,799.99,Highly,Traditional Laptops,Pine Grey,Intel,Windows 10 Home,6 Hours,8GB,DDR4X,512GB,SSD,Compact,ASUS,Light
B08KJL8LVR,898.9,Highly,Traditional Laptops,Obsidian Black,NVIDIA,Windows 10,8 Hours,32GB,DDR4,256GB,SSD,Normal,Acer,Heavy
B08KJMWNMJ,199.99,Highly,Traditional Laptops,Glossy Purple,AMD,Windows 10,8 Hours,8GB,,128GB,SSD,Compact,Avita,Heavy
B08KKYQ76H,487.1,Highly,Traditional Laptops,Ice Blue,Intel,Windows 10 S,13 Hours,8GB,DDR4,128GB,SSD,Compact,Microsoft,Light
B08KRMGBC2,638.0,Highly,Traditional Laptops,Gray,NVIDIA,Windows 11 Home,,8GB,DDR4,256GB,SSD,Normal,ASUS,Heavy
B08KRYGM79,738.88,Decent,Traditional Laptops,natural silver,Intel,Windows 10 Home,15.25 Hours,8GB,DDR4,256GB,SSD,Compact,HP,Light
B08KWHSW7J,259.99,Highly,Traditional Laptops,Pink,Intel,Windows 10 S,11 Hours,4GB,DDR4,64GB,SSD,Compact,HP,Light
B08KXL4K39,299.99,Highly,Traditional Laptops,Snowflake white,Intel,Windows 10,,4GB,DDR4,64GB,SSD,Compact,HP,Light
B08L3VQPSJ,450.0,Decent,Traditional Laptops,Platinum Titan,Intel,Chrome OS,8 Hours,4GB,DDR4,32GB,eMMC,Normal,Samsung,Light
B08M9CCQD3,797.0,Highly,Traditional Laptops,Pale Gold,Intel,Windows 10,11 Hours,8GB,,512GB,SSD,Compact,HP,Light
B08L4TGR8R,250.0,Highly,Traditional Laptops,Slate Gray,Intel,Windows 10 S,10 Hours,4GB,DDR4,1GB,HDD,Compact,ASUS,Light
B08L5FQTSB,166.13,Decent,Traditional Laptops,Black,Allwinner,Windows 10 S,8 Hours,4GB,,64GB,SSD,Compact,Lenovo,Light
B08L6YC551,312.99,Highly,2 in 1 Laptops,Silver,Intel,Windows 10 Pro,16 Hours,8GB,,512GB,SSD,Compact,HP,Light
B08L8HNY4M,409.0,Highly,Traditional Laptops,Silver,Intel,Windows 10,,16GB,DDR4,16GB,SSD,Normal,HP,Heavy
B08LBZRVLG,212.0,Highly,Traditional Laptops,Silver,Intel,Chrome OS,12 Hours,4GB,DDR4,64GB,SSD,Normal,Acer,Light
B08LGP41CW,799.0,Highly,2 in 1 Laptops,Silver,Intel,Windows 10 Home,13 Hours,8GB,DDR4,256GB,SSD,Compact,Lenovo,Light
B08LNXRP4G,264.94,Decent,Traditional Laptops,,Intel,Windows 10 Pro 64 Bit-Multi-Language Supports English/Spanish/French,,4GB,DDR3,500GB,HDD,Compact,HP,Light
B08M2X68W5,149.0,Highly,Traditional Laptops,Platinum Titan,Intel,Chrome OS,5 Hours,4GB,DDR4,32GB,HDD,Compact,Samsung,Light
B08M8VCHCQ,329.0,Highly,Traditional Laptops,Slate Gray,Intel,Windows 10 Home,49 minutes,8GB,DDR4,128GB,SSD,Normal,ASUS,Light
B08N38VPL7,384.99,Highly,Traditional Laptops,Natural Silver,AMD,Windows 10 Home,7 Hours,8GB,DDR4,256GB,HDD,Normal,HP,Heavy
B08MBH12TZ,259.99,Highly,2 in 1 Laptops,Silver,Intel,Chrome OS,,4GB,DDR4,128GB,SSD,Compact,HP,Light
B08MDMCTHD,567.0,Highly,Traditional Laptops,Silver,Intel,Windows 10,9 Hours,8GB,DDR4,128GB,HDD,,HP,Heavy
B08MKXTMK5,717.0,Highly,Traditional Laptops,Silver,Intel,Windows 10 Home,7 Hours,8GB,DDR4,512GB,SSD,Normal,Dell,Light
B08N5TQD6M,756.99,Highly,Traditional Laptops,Black,NVIDIA,Windows 10 Home,,8GB,DDR4,256GB,SSD,Normal,Lenovo,Heavy
B08NF7M7ZB,389.0,Highly,Traditional Laptops,Business Black,AMD,Windows 10 S,9 Hours,4GB,DDR4,256GB,SSD,,Lenovo,Heavy
B08NH5R398,967.0,Highly,Traditional Laptops,Silver,Intel,Windows 10 Home,,8GB,DDR4,,SSD,Normal,Dell,Heavy
B08NHVXHJW,245.0,Highly,Traditional Laptops,Blue,Intel,Chrome OS,12 Hours,4GB,DDR4,64GB,SSD,Compact,HP,Light
B08NHWVWYR,209.96,Highly,Traditional Laptops,Black,Intel,Windows 10 S,6 Hours,4GB,DDR4,128GB,SSD,Compact,Lenovo,Light
B08NK6Y4XH,162.21,Well,Traditional Laptops,Silver,Intel,"Windows 10 Home, Windows 10 S, Windows 11",12 Hours,4GB,DDR4,128GB,SSD,,Generic,Heavy
B08NNFRVZV,1499.99,Decent,Traditional Laptops,Gray,NVIDIA,Windows 10 Pro,,16GB,DDR4,1TB,SSD,Normal,ASUS,Heavy
B08NXWBWSP,169.99,Decent,Traditional Laptops,Black,Intel,Windows 10 Pro,,,,,SSD,Compact,Fujitsu,Heavy
B08SW3622C,1169.0,Decent,Traditional Laptops,Black,Intel,Windows 10,22 Hours,,DDR4,1TB,SSD,Normal,Lg,Light
B08NZKMH6J,828.99,Decent,Traditional Laptops,Black,NVIDIA,Windows,5.9 Hours,8GB,DDR4,,SSD,,Lenovo,Heavy
B08P3HNZ2W,1296.19,Highly,Traditional Laptops,Lunar Light,NVIDIA,Windows 10 Home,,16GB,DDR4,512GB,SSD,Normal,Alienware,Heavy
B08P4C3W6J,1199.99,Highly,Traditional Laptops,Snow White,AMD,Windows 10 Home,5 Hours,16GB,DDR4,256GB,SSD,Normal,HP,Heavy
B08P5724PZ,550.0,Decent,Traditional Laptops,Silver,Intel,Windows 10 Home,14 Hours,8GB,DDR4,512GB,SSD,Compact,Acer,Light
B08TBFR4ZB,530.75,Highly,Traditional Laptops,Black,,Windows 10 Home,,,,,,Normal,Dell,
B08P69RHYH,1489.0,Highly,Traditional Laptops,Fortress Gray,NVIDIA,Windows 10 Home,11 Hours,16GB,DDR4,1TB,SSD,,ASUS,Heavy
B08P6MRZBG,888.0,Highly,Traditional Laptops,Shadow Black,NVIDIA,"Windows 10‍Check gaming pc with Windows 11 Pro,Windows 10 Home",,8GB,DDR4,256GB,SSD,Normal,HP,Heavy
B08P71HLPW,849.0,Highly,Traditional Laptops,,NVIDIA,Windows 10,6 Hours,16GB,DDR4,1TB,SSD,,ASUS,Heavy
B08P7MX8SQ,629.89,Decent,Traditional Laptops,GPD P2 Max( Silver),Intel,Windows 10,,8GB,DDR3,256GB,SSD,Compact,6 Goodlife623,Light
B08PCN3MWX,998.58,Highly,Traditional Laptops,,Intel,Windows 10 Home,,8GB,DDR4,256GB,SSD,Huge,HP,Heavy
B08PDJGBDJ,679.99,Highly,Traditional Laptops,abyss blue,AMD,Windows 10,,12GB,DDR4,512GB,SSD,Normal,Lenovo,Light
B08PG3XMS3,698.99,Decent,Traditional Laptops,Silver,Intel,Windows 10 Home,8 Hours,16GB,DDR4,512GB,SSD,Huge,Acer,Heavy
B08PNQTYV2,694.95,Highly,Traditional Laptops,Space Gray,Apple,Mac OS,10 	years,8GB,DDR3,256GB,SSD,Compact,Apple,Light
B08PPZMDPK,888.69,Highly,Traditional Laptops,Space Gray,Apple,Mac OS,10 	years,8GB,DDR3,256GB,SSD,Compact,Apple,Light
B08PV4GYCL,703.17,Decent,Traditional Laptops,Silver,Apple,Mac OS,10 	years,8GB,DDR3,256GB,SSD,Compact,Apple,Light
B08PW7F1JN,769.0,Decent,Traditional Laptops,Silver,Intel,Windows 11 Home,,16GB,DDR4,1TB,SSD,Huge,HP,Heavy
B08PXPRRJK,3299.0,Decent,Traditional Laptops,,NVIDIA,Windows 10 Home,,16GB,DDR4,1GB,SSD,Huge,ASUS,Heavy
B08PYFN7GC,639.0,Highly,Traditional Laptops,Almond,Intel,Windows 10,9 Hours,8GB,DDR4,256GB,SSD,Normal,Lenovo,Light
B08QMB94YW,1199.96,Highly,Traditional Laptops,Space Gray,Apple,Mac OS,18 Hours,16GB,DDR4,256GB,SSD,Compact,Apple,Heavy
B08QYTC6Q3,699.0,Well,Traditional Laptops,Aluminum Silver,Intel,Windows 10 Home,5 Hours,12GB,DDR4,512GB,SSD,Huge,HP,Heavy
B08R62MNF4,474.49,Highly,Traditional Laptops,Black,Intel,Windows 10,,8GB,DDR4,256GB,SSD,Normal,Dell,Heavy
B08R9FP7RM,2999.99,Decent,Traditional Laptops,Titanium Blue,NVIDIA,Windows 10 Home,,32GB,DDR4,1TB,SSD,Normal,MSI,Heavy
B08RMPD837,424.41,Highly,2 in 1 Laptops,Graphite Gray,,Chrome OS,,,,,,Compact,Lenovo,Light
B08S3D625S,1449.0,Decent,Traditional Laptops,Black,Intel,Windows 10 Pro,24 Hours,16GB,DDR3,512GB,SSD,Compact,ASUS,Light
B08S3S7CQY,509.0,Highly,Traditional Laptops,Aluminum Silver,Intel,Windows 10 Home,5 Hours,12GB,DDR4,512GB,SSD,Huge,HP,Heavy
B08S5M6CTQ,410.87,Highly,Traditional Laptops,Black,Intel,Windows 10 Pro,8 Hours,16GB,,512GB,SSD,Compact,Dell,Light
B08S6LDZVW,809.0,Decent,Traditional Laptops,Black,AMD,Windows 10,14 Hours,8GB,DDR4,256GB,SSD,Normal,HP,Heavy
B08SHQF55R,439.99,Highly,Traditional Laptops,Sandstone,Intel,Windows 10,,8GB,DDR4,256GB,SSD,Compact,Microsoft,Light
B08SLG1X8F,1599.99,Highly,Traditional Laptops,Black,NVIDIA,Windows 10 Home,,16GB,DDR4,1TB,SSD,Huge,Acer,Heavy
B08SNSSC8F,1199.0,Well,2 in 1 Laptops,Gray,Intel,Windows 11 Pro,7 Hours,12GB,DDR4,1TB,SSD,Compact,Lenovo,Light
B08SVWV3WP,2869.35,Decent,Traditional Laptops,,NVIDIA,Windows 10 Home,,32GB,DDR4,1TB,HDD,Normal,MSI,Heavy
B08SW2RC6V,1142.55,Decent,Traditional Laptops,Black,Intel,Windows 10 Home,22 Hours,256GB,DDR4X,256GB,SSD,Normal,Lg,Light
B08SW6BFWV,828.0,Decent,Traditional Laptops,Silver,Intel,Windows 10 Home,22 Hours,,DDR4,1TB,SSD,Normal,Lg,Light
B08T1NZMPN,809.95,Highly,Traditional Laptops,Gray,Apple,Mac OS,18 Hours,8GB,DDR3,512GB,SSD,Compact,Apple,Heavy
B08T25X7Q8,139.89,Decent,Traditional Laptops,,Intel,"Windows, Windows 10",,8GB,DDR4,256GB,SSD,Compact,Lenovo,Light
B08T73BCZB,639.99,Decent,Traditional Laptops,Sliver,AMD,Windows 10 S,,16GB,DDR4,256GB,SSD,Normal,Acer,Light
B08TBQYTDY,229.0,Well,Traditional Laptops,Red,Intel,Windows 10,10 Hours,4GB,DDR4,500GB,HDD,Normal,HP,Light
B08TVGCR4L,213.78,Decent,Traditional Laptops,Silver,AMD,Windows 10,9 Hours,4GB,DDR4,1TB,HDD,Compact,HP,Light
B08V1NQ8S9,479.0,Highly,Traditional Laptops,,AMD,Windows 10,5 Hours,8GB,,256GB,HDD,Huge,ASUS,Heavy
B08V83M1K5,1329.99,Highly,Traditional Laptops,Celestial Blue,Intel,Windows 10 Home,5.5 Hours,8GB,DDR3,256GB,SSD,Compact,ASUS,Light
B08VF8GPRG,899.95,Well,Traditional Laptops,,AMD,Windows 11 Pro,,16GB,DDR4,512GB,SSD,Compact,Oemgenuine,Light
B08WBDKBKL,1493.95,Highly,Traditional Laptops,Black,NVIDIA,Windows 10 Home,,16GB,DDR4,512GB,SSD,Huge,ASUS,Heavy
B08WVDDYHL,149.0,Decent,Traditional Laptops,Platinum Titan,Intel,Chrome OS,5 Hours,4GB,DDR4,32GB,HDD,Compact,Samsung,Light
B08X6YXSW2,649.99,Decent,Traditional Laptops,Silver,AMD,Windows 10 Home,,12GB,DDR4,256GB,HDD,Huge,ASUS,Heavy
B08X9ZYXK2,456.28,Highly,Traditional Laptops,Silver,AMD,Windows 10,,8GB,,1TB,HDD,Normal,HP,Light
B08XBFP1VQ,468.0,Decent,Traditional Laptops,Red,Intel,Windows 10,"9.0, 10.0 Hours",16GB,DDR4,512GB,SSD,Normal,HP,Light
B08XDX7CW8,1799.0,Highly,Traditional Laptops,White,NVIDIA,Windows 10 Home,,16GB,DDR4,1TB,SSD,,Dell,Heavy
B08XJWRCKF,185.49,Highly,Traditional Laptops,Brilliant Black,Intel,Windows 11 S,12 Hours,,DDR4,64GB,SSD,Compact,HP,Light
B08XPC3WFQ,945.0,Highly,Traditional Laptops,Eclipse Grey,NVIDIA,Windows 10 Home,16.6 Hours,8GB,DDR4,512GB,SSD,Normal,ASUS,Heavy
B08XZRTJ9X,269.98,Decent,Traditional Laptops,Black,Intel,Windows 10,,8GB,DDR4,128GB,SSD,Normal,Dell,Light
B08Y5VXL32,179.0,Decent,Traditional Laptops,Gray,eDP/DP/HDMI/MIPI-DSI,Windows 10 S,8 Hours,4GB,DDR4,64GB,SSD,Compact,Lincplus,Light
B08YCZ328B,2299.99,Highly,Traditional Laptops,Mercury White,NVIDIA,Windows 10,,16GB,DDR4,512GB,SSD,Normal,Razer,Heavy
B08YDLCXR4,1260.0,Highly,Traditional Laptops,Black,Intel,Windows 10,19.5 Hours,16GB,DDR4,2TB,SSD,Huge,Lg,Light
B08YJNH9M8,509.99,Highly,Traditional Laptops,Natural Silver,AMD,Windows 10,,16GB,,1TB,HDD,Normal,HP,Heavy
B08YKFKX4V,621.88,Decent,Traditional Laptops,Graphite Grey,AMD,Windows 10 Home,11 Hours,,DDR4,,SSD,Compact,Lenovo,Light
B08YP78PSZ,950.61,Highly,Traditional Laptops,Pine Grey,Intel,Windows 10 Home,,16GB,DDR4,1000GB,SSD,Compact,ASUS,Light
B08YQ4JJ3C,795.0,Highly,2 in 1 Laptops,Titan Gray,Intel,Windows 10 Home,,12GB,DDR4,256GB,SSD,Compact,Dell,Light
B08Z6HW7R7,2399.0,Highly,Traditional Laptops,White,NVIDIA,Windows 10 Home,,32GB,DDR4,1TB,SSD,Normal,Alienware,Heavy
B08Z7DRQ3Q,329.0,Decent,Traditional Laptops,Silver,Intel,Windows 10,8 Hours,8GB,DDR4,512GB,SSD,Normal,Broage,Heavy
B08Z7YKQ6R,269.0,Decent,Traditional Laptops,Silver,Intel,Windows 10,8 Hours,8GB,DDR4,512GB,SSD,Normal,Broage,Heavy
B08ZLC661T,918.83,Highly,Traditional Laptops,Bonfire Black,NVIDIA,Windows 10 Home,1230 Hours,8GB,DDR4,512GB,SSD,Huge,ASUS,Heavy
B08ZLFLF7L,949.0,Highly,Traditional Laptops,Bonfire Black,NVIDIA,Windows 10 Home,,8GB,DDR4,512GB,SSD,Huge,ASUS,Heavy
B09127DDVT,1296.0,Highly,Traditional Laptops,Black,NVIDIA,Windows 10 Home,,16GB,DDR4,512GB,SSD,Normal,MSI,Heavy
B09129B9SD,1042.0,Highly,Traditional Laptops,Silver,Intel,Windows 10 Home,,16GB,DDR4,1TB,SSD,Huge,HP,Heavy
B0912CGY5Q,898.88,Highly,Traditional Laptops,Black,NVIDIA,Windows 10 Home,,16GB,DDR4,512GB,SSD,Normal,MSI,Heavy
B0914CD31C,1685.0,Highly,Traditional Laptops,Silver,NVIDIA,Windows 10 Home,,16GB,DDR4,512GB,SSD,Normal,Dell,Heavy
B0914JCGC6,1999.99,Decent,2 in 1 Laptops,Silver,Intel,Windows 10 Home,,32GB,DDR4,2TB,SSD,Compact,Dell,Light
B0914X6K9L,307.0,Highly,Traditional Laptops,Silver,Intel,Chrome OS,10 Hours,8GB,DDR4,64GB,HDD,Normal,ASUS,Light
B0BRM3LNRP,370.0,Highly,Traditional Laptops,Platinum Gray,Intel,Windows 10,,8GB,DDR4,256GB,SSD,Normal,Lenovo,Heavy
B0918SLKXT,385.17,Decent,Traditional Laptops,,Intel,Windows 10 S,,4GB,DDR4,500GB,HDD,,HP,Heavy
B0919D9RK4,2799.95,Highly,Traditional Laptops,,NVIDIA,Windows 11 Home,,64GB,DDR5,2TB,SSD,Huge,Eluktronics,
B0919ND98D,134.99,Highly,Traditional Laptops,Gray,AMD,Chrome OS,,4GB,DDR4,32GB,SSD,Compact,HP,Light
B091D67F9Z,239.0,Highly,Traditional Laptops,Red,Intel,Windows 10,"9.0, 10.0 Hours",4GB,DDR4,500GB,HDD,Normal,HP,Heavy
B091D6F3JP,525.0,Highly,Traditional Laptops,Natural Silver,Intel,Windows 10 Home,9 Hours,8GB,DDR4,256GB,SSD,Compact,HP,Light
B091G4GLBR,718.99,Highly,Traditional Laptops,Silver,AMD,Windows 10 Home,10 Hours,8GB,DDR4,512GB,SSD,Normal,Acer,Heavy
B091H25DJ2,1350.0,Highly,Traditional Laptops,Platinum Silver,NVIDIA,Windows 10 Home,11.26 Hours,16GB,DDR4X,512GB,SSD,Compact,Dell,Light
B091PRHV8B,509.99,Highly,Traditional Laptops,ryzen 3,AMD,"Windows 10 Home, Windows 10 S, Windows 11, Windows 10",,16GB,DDR4,1TB,HDD,Compact,HP,Heavy
B09225J1CT,277.98,Highly,Traditional Laptops,Silver,Qualcomm,Windows 10 Home,18 Hours,4GB,DDR4,128GB,HDD,Compact,Samsung,Light
B092W6G2KR,881.99,Highly,2 in 1 Laptops,Black,AMD,Windows 11,,16GB,DDR4,512GB,SSD,Normal,HP,Heavy
B0932QXJ85,229.0,Highly,Traditional Laptops,Gray,MediaTek,Chrome OS,15 Hours,4GB,DDR4,32GB,SSD,Compact,HP,Light
B093HFL39L,593.99,Decent,Traditional Laptops,Silver,AMD,Windows 10 Home,11 Hours,8GB,DDR4,512GB,SSD,Normal,Acer,Light
B093X1H1ZK,548.98,Well,Traditional Laptops,,Intel,Windows 10 Pro,,32GB,,,SSD,Normal,Dell,Heavy
B0944BJ1JK,180.0,Highly,Traditional Laptops,Gray,Intel,Chrome OS,,4GB,,32GB,eMMC,Compact,Lenovo,Light
B09479KMGB,239.99,Highly,Traditional Laptops,Jet Black,Intel,Windows 11 S,10 Hours,4GB,DDR4,64GB,eMMC,Compact,HP,Light
B094DQD82S,346.39,Highly,Traditional Laptops,Silver,AMD,Windows 10,9 Hours,8GB,DDR4,256GB,SSD,Normal,HP,Light
B094HMMXMW,1124.0,Highly,Traditional Laptops,Black,NVIDIA,Windows 10 Home,6 Hours,16GB,DDR4,512GB,SSD,Normal,Acer,Heavy
B095RZ62BX,489.99,Highly,Traditional Laptops,Black,Intel,Windows 10,,12GB,DDR4,256GB,SSD,Normal,Dell,Light
B095Y3VTTK,949.0,Highly,Traditional Laptops,Silver,Intel,Windows 10 Home,,8GB,DDR4,512GB,SSD,Normal,Dell,Light
B0968QWQ1B,155.0,Highly,Traditional Laptops,Dark Grey,Intel,Windows 10 Pro,10 Hours,4GB,DDR4,64GB,SSD,Compact,ASUS,Light
B096G9XV75,329.0,Highly,Traditional Laptops,Blue,Intel,Windows 10,,4GB,DDR4,64GB,SSD,Compact,HP,Heavy
B096JQY4YR,220.0,Highly,Traditional Laptops,Mineral Silver,Intel,Chrome OS,13.5 Hours,4GB,DDR4,4GB,HDD,Compact,HP,Light
B096LF2NWZ,1748.88,Highly,Traditional Laptops,Black,NVIDIA,Windows 10 Pro,,16GB,DDR4,1TB,SSD,,ASUS,Heavy
B096LHK6ND,1399.0,Highly,Traditional Laptops,Black,,Windows 10 Home,,,,,,Normal,ASUS,
B096LHN54D,1130.0,Well,Traditional Laptops,Burgundy Red,Intel,Windows 10 Pro,9 Hours,8GB,DDR3,256GB,SSD,Compact,ASUS,Light
B096PHDV9W,1300.0,Highly,Traditional Laptops,Black,NVIDIA,Windows 10 Home,5.5 Hours,16GB,,1536GB,HDD,Normal,ASUS,Light
B096X5YYZM,403.29,Highly,Traditional Laptops,Natural Silver,AMD,Windows 10 Home,8 Hours,8GB,DDR4,256GB,HDD,Compact,HP,Light
B0971CYG3Q,609.0,Highly,Traditional Laptops,,AMD,Windows 10,,16GB,DDR4,192GB,SSD,Compact,HP,Light
B098SPD4TC,1229.0,Decent,Traditional Laptops,,Intel,Windows 11 Pro,,16GB,DDR4,1TB,SSD,Huge,HP,Heavy
B0971W18YK,69.99,Decent,Traditional Laptops,Black,Intel,Windows 10,7 Hours,4GB,DDR3L,64GB,eMMC,Compact,Thomson,Light
B0977QC35Z,399.0,Highly,Traditional Laptops,,AMD,Windows 10,,8GB,DDR4,128GB,SSD,Compact,HP,Light
B0977R6832,451.83,Highly,Traditional Laptops,Sandstone,Intel,Windows 10 Home,,8GB,DDR4,128GB,SSD,Compact,Microsoft,Light
B099LR1LHL,299.99,Highly,Traditional Laptops,Mineral silver,Intel,Chrome OS,12 Hours,4GB,DDR4,64GB,SSD,Compact,HP,Light
B097D1B2QB,519.0,Decent,Traditional Laptops,Black,AMD,Windows 10 Home,,8GB,DDR4,,SSD,Normal,Lenovo,Heavy
B097F6FZTS,1498.0,Decent,Traditional Laptops,Shadow black,Intel,Windows 10 Home,5 Hours,16GB,DDR4,512GB,SSD,Huge,HP,Heavy
B097H4KWBS,5598.0,Highly,Traditional Laptops,Celestial Blue,NVIDIA,Windows 10 Pro,,32GB,DDR4,1TB,SSD,Normal,ASUS,Heavy
B097P3HT8K,1899.96,Decent,Traditional Laptops,Black,NVIDIA,Windows 10 Pro,,32GB,DDR4,2TB,SSD,Normal,MSI,Heavy
B09815HBJF,129.99,Highly,Traditional Laptops,Platinum Titan,Intel,Chrome OS,5 Hours,4GB,DDR4,32GB,HDD,Compact,Samsung,Light
B0986LJJ47,1299.0,Highly,Traditional Laptops,Silver,Intel,Windows 10,,8GB,DDR4,,SSD,Huge,HP,Heavy
B098BMV41F,699.99,Highly,Traditional Laptops,Silver,Intel,Windows 10 Home,,16GB,DDR4,1TB,SSD,Normal,HP,Light
B098JCH27M,168.0,Highly,Traditional Laptops,Black,AMD,Chrome OS,10 Hours,4GB,DDR4,,HDD,Compact,Acer,Light
B099PNSSMR,558.18,Highly,Traditional Laptops,Grey,Intel,Windows 10 Home,,8GB,DDR4,512GB,SSD,Normal,ASUS,Light
B099PPXYB3,798.0,Highly,Traditional Laptops,Slate Gray,AMD,Windows 10 Home,,8GB,DDR4,512GB,SSD,Normal,ASUS,Light
B099PQ7PTJ,750.0,Highly,Traditional Laptops,Royal Blue,NVIDIA,Windows 10 Pro,,16GB,DDR3L,512GB,SSD,Compact,ASUS,Light
B099TFGXNZ,989.0,Highly,2 in 1 Laptops,White,Intel,Chrome OS,1 days,16GB,DDR3,512GB,SSD,Compact,ASUS,Light
B099XCXZCJ,649.88,Highly,Traditional Laptops,Gray,AMD,Windows 10 Home,,8GB,DDR4,512GB,SSD,Normal,ASUS,Light
B09B4LL1MG,328.98,Highly,Traditional Laptops,Silver,Intel,Windows 10 S,8 Hours,4GB,DDR4,128GB,SSD,Normal,Acer,Heavy
B09B4MYG4F,651.99,Highly,Traditional Laptops,Silver,AMD,Windows 10 Home,5 Hours,8GB,DDR4,512GB,SSD,Compact,Acer,Light
B09BBFKC4Z,499.0,Highly,Traditional Laptops,Black,Intel,Windows 10,9 Hours,16GB,DDR4,512GB,SSD,Normal,HP,Light
B09BCCS77H,539.99,Highly,2 in 1 Laptops,,AMD,,10 Hours,16GB,DDR4,256GB,SSD,Compact,Lenovo,Light
B09BCD84VM,799.99,Decent,Traditional Laptops,Black,NVIDIA,Windows 10 Home,,8GB,,256GB,SSD,Normal,Lenovo,Heavy
B09BFW61Q9,887.04,Decent,Traditional Laptops,Black,Intel,Windows 10 Pro,,8GB,DDR4,,SSD,Compact,Acer,Light
B09BGB358R,598.88,Highly,Traditional Laptops,Abyss Blue,AMD,Windows 11,8.5 Hours,8GB,DDR4,512GB,SSD,Normal,Lenovo,Heavy
B09BKY6J82,369.0,Highly,Traditional Laptops,Red,Intel,Windows 10 S,,,DDR4,128GB,SSD,Normal,HP,Light
B09C67FMKF,269.99,Well,Traditional Laptops,Silver,Intel,Windows 10,,12GB,DDR4,256GB,SSD,Normal,Vgke,Light
B09BMGCVZH,413.99,Decent,Traditional Laptops,Silver,AMD,Windows,"7.0, 8.0, 5.0 Hours",8GB,DDR4,256GB,SSD,Normal,HP,Light
B09BSNTHP4,439.99,Highly,Traditional Laptops,Black,Intel,Windows 10,,16GB,DDR4,1TB,SSD,Normal,HP,Light
B09CB9WSPB,249.98,Decent,Traditional Laptops,Grey,AMD,Windows 10,,4GB,DDR4,32GB,SSD,Compact,HP,Heavy
B09CLMD9WJ,276.83,Highly,Traditional Laptops,Silver,Intel,Mac OS,12 Hours,4GB,DDR3,256GB,SSD,Compact,Apple,Light
B09CPCBFLQ,1799.99,Well,Traditional Laptops,"Vector Pro: 17.3""/ Intel Core i7-11800H/ RTX3070 8GB/ 32GB DDR4/ 1TB SSD",NVIDIA,Windows 10,,32GB,,1TB,SSD,Huge,Maingear,Heavy
B09D88CT6V,2199.99,Highly,Traditional Laptops,Black,NVIDIA,Windows 10 Home,6 Hours,16GB,DDR4,512GB,SSD,Normal,Razer,Heavy
B09D8SGXB6,959.0,Highly,Traditional Laptops,Blue,Intel,Windows 11 Home,10 Hours,16GB,DDR4,512GB,SSD,Normal,Samsung,Light
B09DF7ZD9C,849.0,Highly,Traditional Laptops,Silver,Intel,Windows 11 Home,,8GB,DDR4,512GB,SSD,Normal,Dell,Light
B09DFBBGC3,1298.0,Decent,Traditional Laptops,Silver,NVIDIA,Windows 11 Home,,16GB,DDR4,1TB,SSD,Huge,Dell,Heavy
B09DJSF748,1274.91,Highly,2 in 1 Laptops,Platinum,Intel,Windows 11,,16GB,DDR4,,SSD,Compact,Microsoft,Light
B09DK2H5HB,679.99,Highly,2 in 1 Laptops,Graphite,Intel,Windows 11,6 Hours,8GB,DDR4,,SSD,Compact,Microsoft,Light
B09DK7ZWMP,1129.93,Highly,2 in 1 Laptops,Graphite,Intel,Windows 11,,16GB,DDR4,256GB,SSD,Compact,Microsoft,Heavy
B09DXBMVH5,1299.0,Highly,Traditional Laptops,Grey,Intel,Windows 10 Home,,16GB,DDR4,1TB,SSD,Normal,ASUS,Heavy
B09FB9YRVC,2249.0,Highly,Traditional Laptops,Black,NVIDIA,Windows 10 Home,,16GB,DDR4,,SSD,Normal,Razer,Heavy
B09F1QQZM2,740.59,Highly,2 in 1 Laptops,Graphite,Intel,Windows 11,,16GB,DDR4,,SSD,Compact,Microsoft,Heavy
B09F85DFMZ,1390.41,Highly,Traditional Laptops,Eclipse Gray,NVIDIA,Windows 10 Home,,16GB,DDR4,512GB,SSD,Normal,ASUS,Heavy
B09F8ZVXJ5,199.99,Highly,Traditional Laptops,Royal Blue,Intel,Windows 11 Home,13.15 Hours,4GB,DDR4,64GB,eMMC,Compact,HP,Light
B09FF28RKY,639.0,Highly,Traditional Laptops,Silver,AMD,Windows 10,8 Hours,8GB,DDR4,512GB,SSD,Huge,HP,Heavy
B09FNHVTR2,1549.99,Highly,Traditional Laptops,Black,AMD,Windows 10 Home,,16GB,DDR4,512GB,SSD,Normal,ASUS,Heavy
B09FP2VC9M,199.99,Highly,Traditional Laptops,Rose Gold,Intel,Windows 11,12 Hours,4GB,DDR4,320GB,SSD,Compact,ASUS,Light
B09FWKJMCG,159.99,Decent,Traditional Laptops,Sparkly Silver,Intel,Chrome OS,9 Hours,4GB,DDR4X,64GB,SSD,Huge,Acer,Heavy
B09FX2RYYC,1409.0,Highly,Traditional Laptops,Black,NVIDIA,Windows 10 Home,,16GB,DDR4,1GB,SSD,Huge,MSI,Heavy
B09G3ZM59D,1273.0,Decent,Traditional Laptops,Black,Intel,Windows 11,,16GB,DDR4,2TB,SSD,Huge,Lg,Light
B09GBQ6YDP,429.99,Well,Traditional Laptops,,AMD,,10 Hours,4GB,DDR4,,eMMC,Normal,ASUS,Heavy
B09GJ2BD95,759.0,Decent,Traditional Laptops,,AMD,Windows 10,,16GB,DDR4,256GB,SSD,Huge,HP,Heavy
B09GKTDF1N,155.0,Highly,Traditional Laptops,Black,MediaTek,Chrome OS,10 Hours,4GB,DDR3,32GB,eMMC,Compact,Lenovo,Light
B09GPSBJ8C,364.6,Decent,Traditional Laptops,Blue,AMD,Windows 10,10 Hours,16GB,DDR4,256GB,SSD,Normal,Gateway,Heavy
B09GS88X53,399.0,Decent,Traditional Laptops,Black,Intel,Windows 11,,16GB,DDR4,128GB,SSD,Normal,HP,Light
B09GYN91J9,406.03,Decent,Traditional Laptops,Black,Intel,Windows 11 Home,,8GB,DDR4,256GB,SSD,Normal,Dell,Light
B09H5Z36S1,2419.6,Highly,2 in 1 Laptops,Platinum,Intel,Windows 11 Home,,32GB,DDR4X,2TB,SSD,Normal,Microsoft,Heavy
B09H7MZZ3S,569.0,Decent,Traditional Laptops,Black,Intel,Windows 10,,32GB,DDR4,1TB,SSD,Normal,Dell,Light
B09HX29TPY,219.99,Highly,Traditional Laptops,Star Black,Intel,Windows 10 Home,,4GB,DDR4,64GB,eMMC,Compact,ASUS,Light
B09HYX41DV,819.0,Highly,Traditional Laptops,Arctic Grey,AMD,Windows 11,,20GB,DDR4,256GB,SSD,Normal,Lenovo,Light
B09J2BCP87,2499.99,Highly,Traditional Laptops,Black,AMD,Windows 10 Home,,16GB,DDR4,1TB,SSD,Normal,ASUS,Heavy
B09J52P1TD,499.0,Highly,Traditional Laptops,i3-1125G4,Intel,Windows 11,8 Hours,,DDR4,,,Huge,HP,Heavy
B09JCXTCTW,2298.76,Decent,Traditional Laptops,Titanium Blue,NVIDIA,Windows 10 Home,,32GB,DDR4,32GB,HDD,Normal,MSI,Heavy
B09JFJBR8J,1019.0,Decent,Traditional Laptops,Black,NVIDIA,Windows 10 Home,,8GB,DDR4,512GB,SSD,Huge,ASUS,Heavy
B09JQCTKVC,1549.0,Highly,Traditional Laptops,Silver,Intel,Windows 10 Pro,,16GB,DDR4X,512GB,SSD,Compact,Dell,Light
B09JXJ4S1R,634.35,Highly,Traditional Laptops,Mystic Blue,Intel,Windows 10 Home,21 Hours,8GB,DDR4X,256GB,SSD,Compact,Samsung,Light
B09K5QV1CP,849.0,Highly,Traditional Laptops,,NVIDIA,Windows 10 Home,6 Hours,16GB,DDR4,5TB,HDD,Normal,ASUS,Heavy
B09K7764TB,588.99,Highly,Traditional Laptops,Grey,Intel,Windows 10 Home,12 Hours,12GB,DDR4,512GB,SSD,Normal,Lenovo,Heavy
B09K8RC4XX,84.95,Decent,Traditional Laptops,Grey,Intel,Chrome OS,,16GB,DDR3L,16GB,SSD,Compact,Dell,Heavy
B09KLX2T92,835.89,Decent,Traditional Laptops,Pine Grey,Intel,Windows 11 Pro,,16GB,DDR4,512GB,SSD,Compact,ASUS,Light
B09KTWWMBJ,2839.99,Decent,Traditional Laptops,Silver,NVIDIA,Windows 10 Pro,,32GB,DDR4,1TB,SSD,Huge,Dell,Heavy
B09KTXZXTK,807.99,Decent,Traditional Laptops,Black,NVIDIA,Windows 10 Home,,8GB,DDR4,512GB,SSD,Normal,Dell,Heavy
B09KY8JLYG,169.95,Decent,Traditional Laptops,Black,Intel,Windows 10 Pro,,4GB,DDR4,64GB,SSD,Normal,Fusion5,Light
B09L55ZFL1,429.0,Decent,Traditional Laptops,Black,AMD,Windows 10,10 Hours,16GB,DDR4,512GB,SSD,Compact,HP,Light
B09L5HV6SC,428.95,Highly,Traditional Laptops,,AMD,Windows 10 Home,8 Hours,8GB,DDR4,,SSD,Compact,HP,
B09PRQHZRL,159.99,Highly,Traditional Laptops,Platinum Gray,Intel,Chrome OS,,4GB,DDR4,32GB,eMMC,Compact,Lenovo,Light
B09LCNLN87,189.99,Highly,Traditional Laptops,Silver,Intel,Windows 10,,4GB,DDR4,64GB,SSD,Compact,HP,Light
B09LFRYRPP,996.88,Highly,Traditional Laptops,Natural Silver,Intel,Windows 1,,64GB,DDR4,1TB,SSD,Huge,HP,Heavy
B09LGBZBVV,1015.99,Highly,Traditional Laptops,Silver,Intel,Windows 11 Home,,64GB,DDR4,128GB,SSD,Normal,HP,Light
B09LJPW1SQ,429.99,Highly,Traditional Laptops,Silver,Intel,Windows 11 Home,5 Hours,8GB,DDR4,256GB,SSD,Huge,HP,Heavy
B09MCQT1Y5,249.0,Highly,2 in 1 Laptops,Blizzard White,ARM,Chrome OS,10 Hours,4GB,DDR3,64GB,SSD,Compact,Lenovo,Light
B09LNKRQ39,1229.95,Highly,Traditional Laptops,Mineral Metallic,Intel,Windows 11 Pro,,16GB,,1TB,SSD,Compact,Oemgenuine,Light
B09LRC4Y48,779.99,Decent,Traditional Laptops,Black,NVIDIA,"Windows 10‍Check gaming pc with Windows 11 Pro,Windows 10 Home",5 Hours,8GB,DDR4,1TB,HDD,Normal,Acer,Heavy
B09LYK1WWG,3599.99,Decent,Traditional Laptops,Celestial Blue,NVIDIA,Windows 11 Pro,16 Hours,32GB,DDR4,1TB,SSD,Normal,ASUS,Heavy
B09M4P2M4P,190.0,Highly,Traditional Laptops,Diamond White,Intel,Windows 10 Home,12 Hours,4GB,DDR3L,32GB,HDD,Compact,HP,Light
B09M75CNH8,238.0,Highly,2 in 1 Laptops,Blizzard White,PowerVR,Chrome OS,10 Hours,4GB,DDR3,64GB,HDD,Compact,Lenovo,Light
B09M7Q8N8R,785.0,Highly,Traditional Laptops,Black,Intel,Windows 10 Home,60 minutes,16GB,DDR4,512GB,SSD,Normal,Dell,Light
B09MBN2ZS2,599.99,Highly,Traditional Laptops,Gold,AMD,Windows 10 Home,6 Hours,8GB,DDR4,256GB,SSD,Normal,Lenovo,Light
B09MCQV3B4,199.99,Highly,2 in 1 Laptops,Abyss Blue,MediaTek,Chrome OS,15 Hours,4GB,DDR4,64GB,SSD,Compact,Lenovo,Heavy
B09MFCTDZ5,407.11,Highly,Traditional Laptops,Silver,Intel,Windows 11,8 Hours,16GB,DDR4,1TB,SSD,Huge,HP,Heavy
B09MLPK4XX,421.0,Highly,Traditional Laptops,Blue,AMD,Windows 11,9 Hours,16GB,DDR4,512GB,SSD,Normal,HP,Light
B09MMMGQMD,425.99,Decent,Traditional Laptops,Silver,,Windows 11,,,,,,Huge,HP,
B09MR6YF26,784.14,Highly,Traditional Laptops,Black,NVIDIA,Windows 10,,16GB,DDR4,1TB,SSD,Normal,MSI,Heavy
B09MY4GYYQ,209.99,Highly,2 in 1 Laptops,Silver,ARM,Chrome OS,,4GB,DDR4,32GB,SSD,Compact,Acer,Light
B09MYH1K6R,619.99,Well,Traditional Laptops,Silver,Intel,Windows 10 Home,7 Hours,8GB,DDR4,128GB,SSD,Compact,Acer,Light
B09MZ7FV8Q,769.0,Highly,Traditional Laptops,black/red,Intel,Windows 10,,16GB,,512GB,SSD,Normal,MSI,Heavy
B09QKFPJWP,234.99,Highly,Traditional Laptops,Star Black,Intel,Windows 10 S,12 Hours,4GB,DDR4,128GB,eMMC,Compact,ASUS,Light
B09MZKWZQF,194.26,Highly,Traditional Laptops,Black,AMD,Windows 10,,4GB,DDR4,128GB,SSD,Compact,HP,Heavy
B09N163KD8,1209.0,Highly,Traditional Laptops,Black,Intel,Windows 10,19 Hours,16GB,,1000GB,SSD,Compact,Lenovo,Light
B09N9R2BXJ,499.0,Highly,Traditional Laptops,Natural Silver,Integrated,Windows 10 Home,10.75 Hours,8GB,DDR4,256GB,SSD,Normal,HP,Light
B09N9XSJTR,87.95,Decent,Traditional Laptops,Black,Intel,Chrome OS,5 Hours,4GB,DDR4,16GB,SSD,Compact,HP,Light
B09NB2VQCH,369.99,Highly,Traditional Laptops,Silver,,Windows 10 S,10 Hours,8GB,DDR4,256GB,SSD,Compact,HP,Light
B09NBG2K3G,129.0,Decent,Traditional Laptops,Silver,Intel,Windows 10,6 Hours,4GB,DDR3,64GB,eMMC,Normal,Broage,Light
B09NF5R5SD,2099.99,Decent,Traditional Laptops,Off Black,NVIDIA,Windows 10 Pro,,32GB,DDR4,2TB,SSD,Huge,ASUS,Heavy
B09NMDJ98B,999.97,Well,Traditional Laptops,Blue,NVIDIA,Windows 10 Pro,,16GB,DDR4,512GB,SSD,Normal,Dell,Heavy
B09NMS7S1K,1505.09,Decent,Traditional Laptops,Black,NVIDIA,Windows 11 Pro,,32GB,DDR4,1TB,SSD,Normal,ASUS,Heavy
B09NS19VWF,1589.0,Highly,Traditional Laptops,Space Gray,Apple,Mac OS,4 	years,16GB,DDR3,1TB,SSD,Normal,Apple,Light
B09NWCK1SY,749.0,Decent,Traditional Laptops,,Intel,Windows 10 Home,8 Hours,20GB,DDR4,256GB,SSD,Normal,Lenovo,Heavy
B09NZLB1YF,608.0,Highly,2 in 1 Laptops,Natural Silver,Intel,Windows 10,,8GB,DDR4,256GB,HDD,Normal,HP,Heavy
B09PJ18D8T,475.99,Highly,Traditional Laptops,Grey,Intel,Windows 11 Home,,20GB,DDR4,1TB,SSD,Normal,Lenovo,Heavy
B09PMD56GC,1499.99,Decent,Traditional Laptops,,Intel,Windows 10 Pro,,32GB,DDR4,1TB,SSD,Normal,Dell,Heavy
B09PRQJB1D,279.0,Highly,Traditional Laptops,Mineral Silver,Intel,Chrome OS,"11.0, 12.0 Hours",4GB,DDR4,64GB,SSD,Compact,HP,Light
B09PSNW52V,1538.09,Highly,2 in 1 Laptops,Jade Black,Intel,Windows 11 Pro,15 Hours,16GB,DDR4,1TB,SSD,Compact,ASUS,Light
B09PSVVX48,353.0,Highly,Traditional Laptops,Silver,Intel,Windows 10 Home,3.5 Hours,8GB,DDR4,256GB,SSD,Normal,HP,Light
B09PSW44JY,1054.36,Decent,Traditional Laptops,Pine Grey,Intel,Windows 10 Home,,8GB,DDR4X,512GB,SSD,Compact,ASUS,Light
B09Q4GQRXZ,1699.0,Decent,Traditional Laptops,Silver,Apple,Mac OS,4 	years,16GB,DDR3,1TB,SSD,Normal,Apple,Heavy
B09Q4NHCWY,159.99,Highly,Traditional Laptops,Red,Intel,Windows 10,8 Hours,4GB,DDR4,128GB,SSD,Normal,HP,Light
B09QFMSMDD,499.99,Decent,Traditional Laptops,Slate gray,Intel,Windows 10 Home,,8GB,DDR4,256GB,SSD,Normal,ASUS,Light
B09QKDJTZH,319.0,Highly,2 in 1 Laptops,Grey,Intel,Windows 10 S,,4GB,DDR4,64GB,eMMC,Compact,ASUS,Light
B09QS7W8G5,579.0,Highly,Traditional Laptops,Horizon Blue,AMD,Windows 11,45 minutes,32GB,,1TB,SSD,Normal,HP,Heavy
B09R3BVNT3,529.0,Decent,Traditional Laptops,Black,Intel,Windows 11 Home,,16GB,DDR4,128GB,SSD,Normal,Dell,Heavy
B09R4RRSWV,1599.99,Decent,Traditional Laptops,Black,NVIDIA,RTX 3060,,16GB,DDR4,512GB,SSD,Normal,Alienware,Heavy
B09R81SM7B,980.99,Decent,Traditional Laptops,Natural Silver,Intel,Windows 11 Home,,32GB,DDR4,1TB,SSD,Normal,HP,Heavy
B09RDQGTT8,199.0,Highly,Traditional Laptops,Silver,MediaTek,Chrome OS,15 Hours,4GB,DDR4,32GB,SSD,Compact,Acer,Light
B09RGCD26Z,465.0,Decent,Traditional Laptops,Silver,Intel,Windows 11,,16GB,DDR4,512GB,SSD,Compact,HP,Light
B09RSNW3LR,569.0,Decent,Traditional Laptops,Grey,Intel,Windows 10 Home,,12GB,DDR4,256GB,SSD,Normal,Lenovo,Heavy
B09S5DQMF3,1049.0,Decent,Traditional Laptops,,Intel,Windows 11,,24GB,,1TB,SSD,Normal,ASUS,Light
B09S5H5J4R,594.0,Highly,Traditional Laptops,Spruce Blue,AMD,Windows 11,9 Hours,16GB,DDR4,1TB,SSD,Normal,HP,Light
B09S5X4RZM,179.99,Highly,Traditional Laptops,Dark Blue,Intel,Chrome OS,,4GB,DDR4,32GB,HDD,Compact,ASUS,Light
B09S61NFW9,1095.25,Well,Traditional Laptops,AI Blue,Intel,Chrome OS,10 Hours,16GB,DDR4,512GB,SSD,Compact,ASUS,Light
B09SBR18YS,549.0,Decent,Traditional Laptops,Black,Intel,Windows 11 Home,,12GB,DDR4,1TB,SSD,Normal,Dell,Heavy
B09SDP2Y6V,399.0,Well,2 in 1 Laptops,Silver,Intel,Chrome OS,,8GB,DDR4,128GB,SSD,Normal,ASUS,Heavy
B09SGSJV3K,668.0,Highly,Traditional Laptops,Silver,Intel,Windows 11,,8GB,,512GB,SSD,Huge,HP,Heavy
B09SQWJ27J,485.0,Well,Traditional Laptops,Abyss Blue,Intel,Windows 10,,8GB,DDR4,1000GB,HDD,Huge,Lenovo,Heavy
B09SVQG3ZZ,259.0,Highly,Traditional Laptops,Slate Grey,Intel,Windows 11 Home,,4GB,DDR4,128GB,SSD,,ASUS,Light
B09SVR7LGH,243.1,Highly,Traditional Laptops,Silver,Intel,Chrome OS,11 Hours,8GB,DDR4,64GB,eMMC,Normal,ASUS,Light
B09SZPSTN1,469.0,Highly,Traditional Laptops,Silver,Intel,Windows 11 Home,9 Hours,16GB,DDR4,1TB,SSD,Normal,HP,Light
B09TCH2C1S,223.58,Decent,Traditional Laptops,Black,Intel,Windows 10 Pro,,16GB,DDR4,256GB,SSD,Compact,Dell,Light
B09TD6SYG8,321.48,Highly,Traditional Laptops,Mineral Gray,MediaTek,Chrome OS,10 Hours,4GB,DDR4X,32GB,eMMC,Compact,ASUS,Light
B09TDSWLCM,599.0,Highly,Traditional Laptops,,Intel,Windows 10,6 Hours,8GB,DDR4,512GB,SSD,Huge,HP,Heavy
B09TG9G5JJ,632.0,Highly,Traditional Laptops,Nightfall black aluminum,AMD Radeon,Windows 11 Home,11.15 Hours,8GB,DDR4,512GB,SSD,Normal,HP,Heavy
B09TL9DGK6,1099.99,Decent,Traditional Laptops,Black,AMD,Windows 11 Home,,32GB,DDR4,1TB,SSD,Normal,HP,Heavy
B09WWM4H4W,399.0,Highly,Traditional Laptops,Gold,AMD,Windows 10,,16GB,DDR4,128GB,SSD,Normal,HP,Light
B09TQ2XQF7,779.0,Decent,Traditional Laptops,Black,Intel,Windows 10,,16GB,DDR4,1TB,SSD,Normal,Dell,Heavy
B09TQ4CPYK,584.84,Decent,Traditional Laptops,Silver,Intel,Windows 11,,16GB,DDR4,1TB,SSD,Huge,HP,Heavy
B09TSR6J6Z,1606.76,Decent,Traditional Laptops,Black,NVIDIA,Windows 11 Home,,16GB,DDR4,512GB,SSD,,Gigabyte,Heavy
B09TSTCLKW,1156.46,Well,Traditional Laptops,Black,NVIDIA,Windows 11 Pro,,16GB,DDR4,1TB,SSD,Normal,Gigabyte,Heavy
B09TV6LNB9,1642.99,Highly,Traditional Laptops,,NVIDIA,Windows 10 Home,,16GB,DDR4,1TB,SSD,Normal,ASUS,Heavy
B09TWMB37F,439.0,Highly,Traditional Laptops,Black,Intel,Windows 10,,16GB,DDR4,128GB,SSD,Normal,Dell,Heavy
B09TWRH21N,308.99,Highly,2 in 1 Laptops,Mineral Gray,MediaTek,Chrome OS,,4GB,DDR4,65GB,SSD,Compact,ASUS,Light
B09TY8SF5J,225.0,Decent,Traditional Laptops,Star Black,Intel,Windows 11 Home,,4GB,DDR4,128GB,SSD,Compact,ASUS,Light
B09V27VDSS,539.0,Highly,Traditional Laptops,Abyss Blue,Intel,Windows 11 Home,7 Hours,20GB,DDR4,256GB,SSD,Normal,Lenovo,Light
B09V4F4V51,749.99,Decent,Traditional Laptops,Silver,Intel,Windows 10 Home,6 Hours,12GB,DDR4,256GB,SSD,Huge,HP,Heavy
B09V5PM2J6,551.45,Highly,Traditional Laptops,Silver,Intel,Windows 11 Home,,32GB,DDR4,1TB,SSD,Huge,HP,Heavy
B09VY8YWCD,739.0,Decent,Traditional Laptops,Silver,Intel,Windows 11 Home,,8GB,DDR4,256GB,SSD,Huge,HP,Heavy
B09W99XF27,679.0,Decent,Traditional Laptops,Black,Intel,Windows 11 Pro,,16GB,DDR4,1TB,HDD,Normal,Dell,Light
B09W9HDSMM,529.99,Highly,Traditional Laptops,Gray,Intel,Windows 11 Home,,8GB,DDR4,512GB,SSD,Normal,Lenovo,Light
B09WFZXLCR,1005.0,Highly,Traditional Laptops,Graphite,Intel,Windows 11 Home,,8GB,,512GB,SSD,Compact,Samsung,Light
B09WJDLWXV,399.0,Highly,Traditional Laptops,Silver,AMD,Windows 10,,16GB,DDR4,1TB,SSD,Huge,HP,Heavy
B09WNJVGBZ,219.0,Highly,Traditional Laptops,Black,AMD,Chrome OS,,4GB,DDR4,32GB,SSD,,Hp Tuners,Light
B09WSCDR3B,679.0,Decent,Traditional Laptops,Natural Silver,AMD,Windows 11,,16GB,DDR4,512GB,SSD,Normal,HP,Light
B09WV9P229,368.0,Highly,Traditional Laptops,Blue,Intel,Chrome OS,10 Hours,8GB,DDR4,128GB,SSD,Compact,Lenovo,Heavy
B09WX3YWVS,769.0,Highly,Traditional Laptops,Grey,Intel,Windows 11,10 Hours,12GB,DDR4,1TB,SSD,Huge,Lenovo,Heavy
B09WX6R9F3,127.98,Highly,Traditional Laptops,Black,Intel,Windows 10,1 Hours,8GB,DDR4,256GB,SSD,Compact,Dell,Light
B09WXC9BWR,138.5,Decent,Traditional Laptops,Black,AMD,Chrome OS,10 Hours,32GB,,32GB,eMMC,Compact,Basrdis,Light
B09ZT7WQR4,769.0,Highly,Traditional Laptops,Natural Silver,Intel,Windows 10 Pro,8 Hours,16GB,DDR4,512GB,SSD,Normal,HP,Light
B09X1WQLKR,500.0,Highly,Traditional Laptops,Silver,Intel,Mac OS,20 Hours,16GB,,512GB,SSD,Normal,Apple,Heavy
B09X26YSHV,749.99,Decent,Traditional Laptops,Silver,Intel,Windows 10,,16GB,DDR4,512GB,SSD,Huge,HP,Heavy
B09X63KN8B,1039.99,Highly,Traditional Laptops,Silver,Intel,Windows 11 Home,,64GB,DDR4,1TB,SSD,Huge,HP,Heavy
B09X67D72F,739.0,Decent,Traditional Laptops,Black,AMD,Windows 11 Home,,16GB,,1TB,SSD,Huge,HP,Heavy
B09X8LTNZH,569.51,Well,Traditional Laptops,,Intel,Windows 11 Home,5 Hours,16GB,DDR4,512GB,SSD,Huge,HP,Light
B09X9QCBCR,349.99,Decent,Traditional Laptops,Black,Intel,Windows 11,,12GB,DDR4,256GB,SSD,Normal,Vgke,Light
B09XJJNCXZ,449.0,Highly,Traditional Laptops,,Intel,Windows 10 Home,,32GB,DDR4,128GB,SSD,Compact,HP,Heavy
B09XN8JX25,1026.0,Highly,Traditional Laptops,,Intel,Windows 11 Home,,64GB,DDR4,256GB,SSD,Huge,HP,Heavy
B09XQZMS64,409.99,Decent,Traditional Laptops,,Intel,Windows 11,"8.0, 12.0 Hours",12GB,DDR4,512GB,SSD,Normal,Sgin,
B09XXZWDSV,549.99,Decent,Traditional Laptops,Gray,MediaTek,Chrome OS,11 Hours,8GB,DDR4X,128GB,SSD,Compact,Acer,Light
B09Y2C8LVT,204.0,Highly,Traditional Laptops,Rose Pink,Intel,Windows 10 Home,11 Hours,4GB,DDR4,64GB,SSD,Compact,HP,Light
B09Y2FZBKG,449.99,Decent,Traditional Laptops,Silver,AMD,Windows 10 Home,7 Hours,8GB,DDR4,128GB,SSD,Normal,HP,Light
B09Y5TLKGC,359.99,Highly,Traditional Laptops,Silver,Intel,Windows 11 Pro,,12GB,DDR4,256GB,SSD,Normal,Vgke,Light
B09Y89ZGL5,1385.99,Highly,Traditional Laptops,Black,AMD,Windows 11 Pro,,16GB,DDR4,512GB,SSD,Compact,Lenovo,Light
B09YBS4TVK,929.97,Highly,Traditional Laptops,Atlantic Green (Win 11 Pro + Office 365),Intel,Windows 11 Pro,,16GB,DDR5,1TB,SSD,Compact,Dell,Light
B09YCFQGLX,199.99,Decent,Traditional Laptops,Black-3350,Intel,Windows 10,,2GB,DDR3,64GB,eMMC,Compact,Hbestore,Light
B09YGJGB34,379.99,Decent,2 in 1 Laptops,Silver,Intel,Windows 11,,8GB,,256GB,SSD,,Vgke,Light
B09YKZH5WH,186.99,Highly,2 in 1 Laptops,Silver,Qualcomm,Chrome OS,,4GB,DDR4,64GB,SSD,Compact,Acer,Light
B09YNG3KWK,243.23,Decent,Traditional Laptops,Silver,Intel,,,4GB,DDR3,128GB,HDD,Compact,ASUS,Light
B09YRY6QCX,195.0,Highly,Traditional Laptops,Black,Intel,Windows 10,10 Hours,4GB,,64GB,eMMC,Compact,ASUS,Light
B09YVSV6PK,734.99,Decent,Traditional Laptops,Silver,AMD,Windows 10,,16GB,DDR4,512GB,SSD,Huge,HP,Heavy
B09YVTK8LN,999.0,Highly,Traditional Laptops,Phantom Blue,NVIDIA,Windows 10 Home,6 Hours,,DDR4,512GB,SSD,Normal,Lenovo,Heavy
B09YWN484G,749.99,Highly,Traditional Laptops,Matte Black,Intel,Windows 10 Home,11.5 Hours,8GB,DDR4,512GB,SSD,Compact,Microsoft,Light
B09YXNWWMV,799.22,Decent,Traditional Laptops,Pine Grey,AMD,Windows 10,13 Hours,8GB,DDR4X,512GB,SSD,Compact,ASUS,Light
B09YYHKWPH,274.99,Highly,Traditional Laptops,Pale rose gold,Intel,Windows 11 S,10 Hours,4GB,DDR4,64GB,eMMC,Compact,HP,Light
B09YYKWCY8,221.99,Highly,Traditional Laptops,Jet Black,AMD,Windows 10 Home,9 Hours,4GB,DDR4,64GB,HDD,Compact,HP,Light
B09Z74LGN9,658.98,Highly,Traditional Laptops,Shadow Black,NVIDIA,Windows 10 Home,8 Hours,,DDR4,,SSD,Normal,Lenovo,Heavy
B09Z7P9614,569.99,Highly,Traditional Laptops,Space Gray,Apple,macOS 10.14 Mojave,12 Hours,8GB,DDR3,256GB,SSD,Compact,Apple,Heavy
B09Z9RSXP5,699.0,Decent,Traditional Laptops,Black,Intel,Windows 10 Home,,16GB,,512GB,SSD,Normal,HP,Light
B09ZHCRSJL,249.99,Highly,Traditional Laptops,Natural Silver,Intel,Chrome OS,,4GB,DDR4,64GB,SSD,Huge,Acer,Heavy
B09ZSV2K2X,799.0,Highly,Traditional Laptops,Mineral Silver,Integrated,Windows 10 Pro,10 Hours,16GB,,512GB,SSD,Normal,HP,Heavy
B09ZTB6D86,458.0,Highly,Traditional Laptops,Natural Silver,Intel,Windows 10 Home,10.25 Hours,8GB,,256GB,SSD,Normal,HP,Light
B09ZTB9LDW,619.0,Highly,2 in 1 Laptops,Natural Silver,Integrated,Windows 10 Home,9.25 Hours,8GB,DDR4,512GB,SSD,Compact,HP,Light
B09ZY8FW9V,369.99,Highly,2 in 1 Laptops,Graphite Grey-a,AMD,Windows 10 S,,4GB,DDR4,128GB,SSD,Compact,Lenovo,Light
B09ZZF8Z5G,589.99,Highly,Traditional Laptops,Fiesta Red,Intel,Chrome OS,13 Hours,8GB,DDR3,128GB,HDD,Compact,Samsung,Light
B0B1788DSZ,749.99,Decent,Traditional Laptops,Gray,Intel,Chrome OS,,,,128GB,SSD,Normal,Acer,Light
B0B17SD56J,459.99,Decent,Traditional Laptops,Silver,Intel,Chrome OS,15 Hours,8GB,DDR4X,64GB,SSD,Compact,Acer,Light
B0B1LVFX2X,1499.99,Well,Traditional Laptops,Obsidian Black,NVIDIA,Windows 10 Home,6 Hours,16GB,DDR4,512GB,SSD,Normal,Acer,Heavy
B0B285L53R,399.99,Highly,2 in 1 Laptops,Indie Black,Intel,Windows 10 S,,4GB,DDR4,128GB,SSD,Compact,ASUS,Light
B0B1P7K9W1,459.88,Highly,Traditional Laptops,Almond,Intel,Windows 10 Home,7 Hours,8GB,DDR4,256GB,SSD,Normal,Lenovo,Light
B0B1VW8N8M,699.0,Decent,Traditional Laptops,Silver,Intel,Windows 10 Home,7.5 Hours,8GB,DDR3,1TB,HDD,Normal,HP,Heavy
B0B1XND7PX,506.49,Highly,Traditional Laptops,Gray,Intel,Windows 10,8 Hours,12GB,DDR4,256GB,SSD,Normal,Lenovo,Light
B0B27KS9SK,499.98,Decent,2 in 1 Laptops,Silver,Intel,Windows 10,,12GB,,128GB,SSD,Compact,Lenovo,Light
B0BBYQVCQ9,219.0,Highly,2 in 1 Laptops,N4020,Intel,Chrome OS,10 Hours,64GB,DDR4,64GB,SSD,Compact,Lenovo,Light
B0B2BLH1ZB,242.95,Highly,Traditional Laptops,Natural Silver Aluminum & Night Teal,Qualcomm,Chrome OS,11 Hours,8GB,,64GB,SSD,Compact,HP,Heavy
B0B2ZXZ1YC,499.0,Highly,Traditional Laptops,Platinum,Intel,Windows 11 Home,13.5 Hours,8GB,DDR4X,128GB,SSD,Compact,Microsoft,Light
B0B3375FSY,647.55,Decent,Traditional Laptops,Black,Intel,Windows 11,60 minutes,32GB,DDR4,2TB,SSD,Normal,Dell,Light
B0B36YYHKM,247.99,Highly,Traditional Laptops,Platinum Grey,Intel,Windows 10 S,7.5 Hours,128GB,DDR4,,SSD,Compact,Lenovo,Heavy
B0B373LQ5V,545.0,Highly,Traditional Laptops,Abyss Blue,AMD,Windows 11,,8GB,DDR4,512GB,SSD,Normal,Lenovo,Heavy
B0B3CL33Y1,218.98,Highly,Traditional Laptops,Silver,Intel,Chrome OS,12 Hours,8GB,DDR3L,64GB,eMMC,Compact,ASUS,Light
B0B3GHTDN2,129.94,Decent,Traditional Laptops,Gray,Intel,Windows 10 Pro,8 Hours,4GB,DDR4,64GB,SSD,Compact,Evolve,Light
B0B3GJZK7F,219.0,Highly,Traditional Laptops,Silver,Intel,Chrome OS,12 Hours,4GB,DDR4,32GB,SSD,Normal,Acer,Heavy
B0B3SZRPC8,1369.0,Decent,Traditional Laptops,Silver,Intel,Windows 10 Professional 64-bit,,16GB,DDR4,1TB,SSD,Normal,Lenovo,Heavy
B0B43VNR3G,1199.22,Highly,2 in 1 Laptops,Pine Grey,Intel,Windows 10 Pro | Laptop Only,8.5 Hours,16GB,DDR4,1TB,HDD,,ASUS,Light
B0B45M1X2Y,579.0,Decent,Traditional Laptops,,Intel,Windows 11 Pro,,12GB,DDR4,512GB,SSD,Compact,Lenovo,Light
B0B48N5RMK,389.99,Highly,Traditional Laptops,,Intel,Windows 10 S,,8GB,DDR4,128GB,SSD,Normal,HP,Light
B0B4BH2P61,94.0,Highly,Traditional Laptops,Black,Intel,Chrome OS,5 Hours,4GB,,32GB,eMMC,Compact,Lenovo,Light
B0B4BJ8YQ6,299.0,Highly,Traditional Laptops,Arctic Grey,MediaTek,Chrome OS,10 Hours,4GB,DDR4,320GB,HDD,Compact,Lenovo,Heavy
B0B4BNKTWD,499.99,Well,Traditional Laptops,Blue,Intel,Windows 10 Pro,,8GB,DDR4,256GB,SSD,Normal,Lenovo,Heavy
B0B4CCBP5Y,1299.99,Highly,Traditional Laptops,Celestial Blue,NVIDIA,Windows 11 Pro,5 Hours,16GB,DDR4,1TB,SSD,,ASUS,Light
B0B4SC87HS,699.0,Highly,Laptops,Silver,Intel,Windows 10 Home,8 Hours,8GB,DDR4,512GB,SSD,Huge,Acer,Heavy
B0B4SG98S2,579.99,Decent,2 in 1 Laptops,Gray,AMD,Chrome OS,10 Hours,8GB,DDR4,128GB,SSD,Compact,Acer,Light
B0B4SH5NM6,509.95,Highly,Traditional Laptops,Pure Silver,Intel®,Windows 10 Home,,8GB,DDR4,256GB,SSD,Normal,Acer,Heavy
B0B4SJLTKL,309.99,Highly,Traditional Laptops,Silver,Intel,Windows,,4GB,DDR4,128GB,SSD,Normal,Acer,Light
B0B59KTKJX,1487.9,Highly,Traditional Laptops,Black,NVIDIA,Windows 10 Home,8 Hours,16GB,DDR4,512GB,SSD,Normal,Acer,Heavy
B0B59SM5D6,1701.97,Highly,Traditional Laptops,Black,NVIDIA,Windows 11 Home,,16GB,DDR5,512GB,SSD,Huge,Acer,Heavy
B0B5DFFJ6S,214.0,Highly,Traditional Laptops,Mineral Silver,Intel,Chrome OS,14 Hours,4GB,DDR4,,SSD,Compact,HP,Light
B0B5HVSQ2L,179.0,Highly,Traditional Laptops,Black,AMD,Chrome OS,10 Hours,4GB,DDR4,32GB,SSD,Compact,Lenovo,Light
B0B5YN4B5J,399.0,Decent,Traditional Laptops,Almond,Intel,Windows 11,,8GB,DDR4,512GB,SSD,Normal,Lenovo,Heavy
B0B6CV7N7C,1050.0,Highly,Traditional Laptops,Space Gray,Intel,MacOS 10.15 Catalina,,,DDR4,1TB,SSD,Normal,Apple,
B0B6D1RBW3,469.0,Decent,Traditional Laptops,Black,Intel,Windows 10,,16GB,DDR4,128GB,HDD,Normal,Dell,Light
B0B6GM55H7,769.0,Decent,Traditional Laptops,,Intel,Windows 11,7 Hours,16GB,DDR4,1TB,SSD,Huge,HP,Heavy
B0B6QFPPZK,493.99,Highly,Traditional Laptops,Black,Intel,Windows 10,9 Hours,16GB,DDR4,1TB,SSD,Normal,Dell,Heavy
B0B6RKZWS2,703.51,Decent,Traditional Laptops,Silver,Intel,Windows 10,19.5 Hours,16GB,DDR4,2TB,SSD,Huge,Lg,Light
B0B6RM1PQJ,1159.0,Highly,Traditional Laptops,Black,Intel,Windows 10,19 Hours,16GB,DDR4,1TB,SSD,Huge,Lg,Light
B0B6WRGDPL,527.0,Highly,Traditional Laptops,Black,,Windows 11 Home,,,,,,Normal,Dell,
B0B72PYMGX,225.0,Highly,Traditional Laptops,Onyx Black,Intel,Chrome OS,10 Hours,4GB,DDR4,64GB,SSD,Compact,Lenovo,Light
B0B75QVFC7,309.0,Decent,Traditional Laptops,,Intel,Windows 11,,4GB,DDR4,1TB,SSD,Compact,ASUS,
B0B7KFVT31,399.0,Highly,Traditional Laptops,Grey,Intel,Chrome OS,10 Hours,4GB,DDR4,320GB,HDD,Normal,Lenovo,Heavy
B0B7ZFFJ66,759.0,Highly,Traditional Laptops,Grey,Intel,Windows 11,,20GB,DDR4,2TB,SSD,Normal,Lenovo,Light
B0B82Z43MC,469.0,Highly,Traditional Laptops,,Intel,Windows 11,,16GB,DDR4,1TB,SSD,Normal,HP,Heavy
B0B84CTP9V,627.83,Well,Traditional Laptops,Graphite Gray,Intel,Windows 10 Home,11 Hours,,,512GB,SSD,Compact,Lenovo,Light
B0B86R7Z2Z,349.0,Decent,Traditional Laptops,,Intel,Windows 8,,4GB,DDR3,500GB,HDD,Normal,HP,Heavy
B0B87FS77M,899.0,Highly,Traditional Laptops,Midnight,Apple,Mac OS,,8GB,DDR4X,256GB,SSD,Compact,Apple,Heavy
B0B8MGDHWV,982.95,Decent,Traditional Laptops,Ice Blue,Intel,Windows 10 Home,11.5 Hours,8GB,DDR4,512GB,SSD,Compact,Microsoft,Light
B0B8MRLD4P,1173.59,Decent,Traditional Laptops,Matte Black,AMD,Windows 10 Home,11.5 Hours,8GB,DDR4,512GB,SSD,,Microsoft,Light
B0B91857KM,339.0,Highly,2 in 1 Laptops,Graphite Grey,Intel,Windows 11,,4GB,DDR4,128GB,SSD,Compact,Lenovo,Light
B0B92YVHK3,749.0,Decent,Traditional Laptops,Silver,Intel,Windows 11,,20GB,DDR4,25TB,SSD,Huge,HP,Heavy
B0B936LKZP,1499.95,Decent,Traditional Laptops,Matte Black,Intel,Windows 10 Home,5 Hours,16GB,DDR4,512GB,SSD,Normal,Microsoft,Light
B0B938C59K,1198.94,Highly,Traditional Laptops,Platinum,Intel,Windows 10 Home,5 Hours,8GB,DDR4,256GB,SSD,Normal,Microsoft,Light
B0B93F77VR,704.88,Highly,Traditional Laptops,Platinum,Intel,Windows 10 Home,11.5 Hours,8GB,DDR4,128GB,SSD,Compact,Microsoft,Light
B0B96DPX4L,329.34,Highly,Traditional Laptops,Platinum,Intel,Windows 10,,8GB,DDR3,128GB,SSD,Compact,Microsoft,Light
B0B98YYLVR,999.0,Highly,Traditional Laptops,Black,NVIDIA,"Windows 10 Home,Windows 10",,8GB,DDR4,512GB,SSD,Huge,Hp Tuners,Heavy
B0B9HPKB2V,737.9,Decent,2 in 1 Laptops,Black,AMD,Windows 11 Home,,32GB,DDR4,512GB,SSD,Normal,HP,Heavy
B0B9JFCNF2,632.0,Highly,Traditional Laptops,Bespoke Black,AMD,Windows 10 Home,,8GB,DDR4,512GB,SSD,Compact,ASUS,Light
B0B9JGHGDW,1199.0,Highly,Traditional Laptops,"Pine Grey,",NVIDIA,Windows 11 Pro,8 Hours,16GB,DDR4X,512GB,SSD,Compact,ASUS,Light
B0B9JJ1D8Y,185.0,Decent,Traditional Laptops,Star Black,Intel,Windows 11 S,,4GB,DDR4,64GB,eMMC,Compact,ASUS,Light
B0B9JJQZRG,1649.99,Decent,Traditional Laptops,Star Black,,Windows 11 Home,,,,,,Normal,ASUS,
B0B9JJR1XR,1699.99,Highly,Traditional Laptops,,NVIDIA,,,16GB,,1TB,SSD,Normal,ASUS,Light
B0B9KF1J22,1669.99,Decent,2 in 1 Laptops,Nocturne Blue,Intel,Windows 10,10 Hours,16GB,DDR4,1TB,SSD,Normal,HP,Heavy
B0BB44M4F3,890.0,Highly,Traditional Laptops,Natural silver aluminum,,Windows 11 Home,,,,,,Normal,HP,
B0BBKDCPGY,723.0,Highly,Traditional Laptops,Black,NVIDIA,Windows 10 Home,9 Hours,8GB,DDR4,512GB,SSD,Huge,Acer,Heavy
B0BBKNHDRH,689.0,Highly,Traditional Laptops,Black,NVIDIA,Windows 10 Home,8 Hours,8GB,DDR4,256GB,SSD,Normal,Acer,Heavy
B0BBLPS1QX,339.0,Highly,Traditional Laptops,Cobalt Blue,Intel,Windows 10,5 Hours,8GB,DDR4,256GB,SSD,Compact,Microsoft,Light
B0BBML5CT1,579.0,Highly,Traditional Laptops,Natural Silver,Intel,Windows 10 Home,8 Hours,8GB,DDR4,256GB,SSD,Huge,HP,Heavy
B0BBMMFLNQ,238.29,Highly,2 in 1 Laptops,White,Intel,Chrome OS,12 Hours,4GB,DDR4,1GB,SSD,Compact,HP,Light
B0BBND8C1F,718.99,Highly,Traditional Laptops,Silver,Intel,Windows 11 Home,,16GB,DDR4,1TB,HDD,Huge,HP,Heavy
B0BBTNH7Y2,310.0,Highly,Traditional Laptops,Platinum,Intel,Windows 10 Home,14.5 Hours,8GB,DDR3,,SSD,Compact,Microsoft,Light
B0BBTRCVPW,299.0,Decent,Traditional Laptops,,Intel,Windows 11 Pro,,12GB,DDR4,256GB,SSD,Normal,Coolby,Light
B0BC6L7XKB,204.99,Decent,Traditional Laptops,Dale Silver,AMD,Chrome OS,,4GB,DDR4,64GB,SSD,Compact,Acer,Heavy
B0BC8N9KFG,1259.0,Decent,Traditional Laptops,Natural Silver,Intel,Windows 10 Home,8 Hours,12GB,DDR4,,HDD,Huge,HP,Heavy
B0BCF4JJ6R,733.95,Highly,Traditional Laptops,Dreamy White,AMD,Windows 10,,16GB,DDR4,512GB,SSD,,ASUS,Light
B0BCJ5YDFZ,1479.99,Decent,Traditional Laptops,Black,,Windows 11 Home,,,,,,Normal,Alienware,
B0BCN8G9B2,729.99,Highly,Traditional Laptops,Dreamy White,Intel,Windows 10,10 Hours,8GB,DDR4,512GB,SSD,Compact,ASUS,Light
B0BCNLFJ3Z,1689.99,Decent,Traditional Laptops,Eclipse Gray,NVIDIA,Windows 10 Home,,16GB,DDR4,,SSD,Huge,ASUS,Heavy
B0BDGK88KW,419.0,Highly,Traditional Laptops,Silver,AMD,Windows 11,8 Hours,8GB,DDR4,128GB,SSD,Normal,Acer,Light
B0BDKP2Z36,289.99,Decent,2 in 1 Laptops,Purple,Intel,Windows 11,6 Hours,6GB,DDR4,256GB,SSD,Compact,Awow,Light
B0BDMP17R3,274.95,Decent,Traditional Laptops,Grey,Intel,Windows 10 Pro,,4GB,,64GB,eMMC,Normal,Fusion5,Light
B0BDT4VWKC,1239.0,Decent,Traditional Laptops,Silver,Intel,Windows 11 Pro,,64GB,DDR4,2TB,SSD,Huge,HP,Heavy
B0BDVM14WW,182.99,Highly,Traditional Laptops,Silver,Intel,Chrome OS,,4GB,DDR4,64GB,SSD,Compact,HP,Heavy
B0BFCNKPCB,348.0,Decent,Traditional Laptops,Scarlet Red,Intel,Windows 10,10 Hours,4GB,DDR4,32GB,SSD,Normal,HP,Light
B0BFDJL4GZ,259.99,Decent,Traditional Laptops,Silver,Intel,Windows 10 Pro,,8GB,DDR3,256GB,SSD,Compact,HP,Heavy
B0BFFZH9LN,419.99,Highly,2 in 1 Laptops,Black,Intel,Chrome OS,8 Hours,8GB,DDR4X,,,Compact,Lenovo,Heavy
B0BFWV7Q1S,799.0,Highly,Traditional Laptops,Black,Intel,Windows 10 S,6 Hours,8GB,DDR4,128GB,SSD,Compact,Lenovo,Light
B0BG224VLF,119.0,Highly,Traditional Laptops,11 IN NON-TOUCH 32GB,Intel,Chrome OS,15 Hours,4GB,DDR4,32GB,eMMC,Compact,Aimcare,Light
B0BG4BK8H6,494.0,Highly,Traditional Laptops,Black,Intel,Windows 10,8 Hours,8GB,DDR4,256GB,SSD,Normal,Acer,Heavy
B0BG4SNFSD,299.0,Highly,Traditional Laptops,,Intel,Windows 11 Pro,,12GB,DDR3,512GB,SSD,Normal,Ecohero,Heavy
B0BG8YSXDK,519.99,Highly,Traditional Laptops,Silver,Intel,Windows 11 Home,,20GB,DDR4,512GB,SSD,Huge,ASUS,Heavy
B0BG99SVS2,2125.16,Well,Traditional Laptops,Silver,NVIDIA,Windows 11 Pro,,16GB,DDR5,512GB,SSD,Huge,Dell,Heavy
B0BGJXSNKM,314.99,Highly,2 in 1 Laptops,Light Grey,Intel,Windows 10 S,,4GB,DDR4,128GB,eMMC,Compact,ASUS,Light
B0BGJYNFKY,350.88,Well,2 in 1 Laptops,Black,Intel,Windows 11 S,,4GB,DDR4,128GB,SSD,Compact,ASUS,Light
B0BGK13L2H,1820.0,Well,Traditional Laptops,Black,Intel,Windows 11 Home,,32GB,,1TB,SSD,Normal,ASUS,Light
B0BGK141KY,1349.0,Decent,Traditional Laptops,Gray,NVIDIA,Windows 11 Home,,32GB,,1TB,HDD,Normal,ASUS,Heavy
B0BGK3FKNW,1741.97,Highly,Traditional Laptops,Black,NVIDIA,Windows 10 Home,,16GB,DDR4,1TB,SSD,Normal,ASUS,Heavy
B0BGMPJSQJ,899.0,Decent,Traditional Laptops,Black,NVIDIA,Windows 10 Home,48 Watt Hours,16GB,DDR4,512GB,SSD,Normal,ASUS,Heavy
B0BGK4WWRM,308.0,Highly,2 in 1 Laptops,,Intel,,10 Hours,8GB,DDR4,64GB,eMMC,Compact,ASUS,Light
B0BGM56T4K,853.0,Highly,Traditional Laptops,,NVIDIA,Windows 10 Home,,8GB,DDR4,512GB,SSD,Normal,ASUS,Heavy
B0BGMSYMTC,394.0,Highly,Traditional Laptops,Blue,Intel,Windows 10,,4GB,DDR3,64GB,eMMC,Compact,Lenovo,Light
B0BGNLX5MZ,348.0,Highly,Traditional Laptops,Aluminum Silver,Intel,Mac OS,9 Hours,8GB,DDR3,128GB,SSD,Compact,Apple,Light
B0BGQF8CV5,349.0,Highly,Traditional Laptops,platinum,Intel,Windows 10 Home,13 Hours,4GB,DDR4X,64GB,HDD,Compact,Microsoft,Light
B0BL35XNF5,229.99,Well,Traditional Laptops,Silver,Intel,Windows 11 S,,4GB,DDR4,,eMMC,Normal,Acer,Light
B0BH43RN2P,656.88,Highly,Traditional Laptops,Natural Silver,Intel,Windows 10 Home,8 Hours,8GB,DDR4,512GB,SSD,Compact,HP,Light
B0BH87ZD9W,1399.99,Highly,Traditional Laptops,,Intel,Windows 10 Pro,,,DDR4,1TB,SSD,Huge,HP,
B0BHNCJFRP,1363.93,Highly,Traditional Laptops,Space Gray,Apple,Mac OS,18 Hours,16GB,,512GB,SSD,Compact,Apple,Heavy
B0BHW1859X,1099.98,Decent,Traditional Laptops,Dual-tone Mineral Grey,Intel,Windows 11 Pro,6 Hours,32GB,DDR4,1TB,HDD,Normal,Ist Computers,Light
B0BJ37GH18,298.0,Highly,Traditional Laptops,Ceramic White,Intel,Chrome OS,11 Hours,4GB,DDR4,32GB,eMMC,Compact,HP,Light
B0BJHD8YLV,1259.95,Highly,Traditional Laptops,Black,Intel,Windows 10 Pro,0.01 quarters,32GB,DDR4,1TB,SSD,Normal,Oemgenuine,Heavy
B0BJL7XQ1D,299.0,Highly,Traditional Laptops,Silver,AMD,Windows 10 Home,7.5 Hours,4GB,DDR4,128GB,SSD,Normal,Acer,Heavy
B0BJLBDDKK,819.0,Decent,Traditional Laptops,Silver,Intel,Windows 11 Home,30 minutes,8GB,,256GB,SSD,Compact,Samsung,Light
B0BJLBLRVW,312.0,Highly,Traditional Laptops,Silver,Intel,Mac OS,,8GB,DDR3,128GB,SSD,Compact,Apple,Light
B0BJPJ4N1L,179.0,Highly,Traditional Laptops,Black,Intel,Chrome OS,12 Hours,4GB,DDR4,32GB,SSD,Compact,Acer,Light
B0BJWCBN3F,1049.0,Decent,Traditional Laptops,Quiet Blue,NVIDIA,Windows 11 Pro,6 Hours,16GB,DDR4,1TB,SSD,Compact,ASUS,Light
B0BJXVHHQ1,655.0,Highly,Traditional Laptops,Silver or Matte Gray,Intel,Windows 10,5 Hours,8GB,,1TB,SSD,Normal,Dell,Heavy
B0BJZF96RR,299.0,Highly,Traditional Laptops,Silver,Intel,Mac OS,,4GB,DDR3,256GB,SSD,Compact,Apple,Light
B0BK88ZVT3,349.99,Highly,Traditional Laptops,Black,AMD,Windows 10,,8GB,DDR4,,eMMC,Compact,HP,Light
B0BKFSVVLC,732.99,Highly,Traditional Laptops,Dreamy White,Intel,Windows 10,,8GB,DDR4,512GB,SSD,Normal,ASUS,Light
B0BKM1GLKQ,1799.99,Well,Traditional Laptops,Black,Intel,Windows 10 Pro,24 Hours,32GB,DDR4,1TB,SSD,Compact,ASUS,Light
B0BKQVGNRV,649.0,Decent,Traditional Laptops,Silver,AMD,Windows 11 Home,,12GB,DDR4,512GB,SSD,Huge,HP,Heavy
B0BKRMDCBF,589.88,Highly,Traditional Laptops,Gray,Intel,Windows 11 Home,,8GB,DDR4,256GB,HDD,Normal,ASUS,Light
B0BKRN2XHN,629.0,Highly,Traditional Laptops,Black,Intel,Windows 11 Home,,32GB,DDR4,1TB,SSD,Normal,Dell,Light
B0BKSMXKTS,839.0,Highly,Traditional Laptops,Gray,AMD,Windows 11,,16GB,DDR4,1TB,SSD,Normal,Lenovo,Heavy
B0BKSTCT5T,2499.99,Highly,Traditional Laptops,Eclipse Grey,NVIDIA,Windows 10 Home,,32GB,DDR4,1TB,SSD,Normal,ASUS,Heavy
B0BKTBD37R,340.0,Highly,Traditional Laptops,Silver,Intel,Chrome OS,10 Hours,4GB,DDR4,128GB,SSD,Compact,Acer,Light
B0BKTBJ7JL,490.78,Highly,Traditional Laptops,Gray,Intel,Windows,,8GB,DDR4,256GB,SSD,Normal,Acer,Light
B0BKTNNCFN,1969.94,Decent,Traditional Laptops,,NVIDIA,Windows 11 Home,,16GB,DDR5,,SSD,Huge,Alienware,Heavy
B0BKTNVC1Q,1699.99,Highly,Traditional Laptops,Obsidian Black,NVIDIA,Windows 11 Home,,32GB,DDR5,1280GB,SSD,Normal,Dell,Heavy
B0BKZGRC3H,158.5,Highly,Traditional Laptops,Silver,Intel,Chrome OS,12 Hours,4GB,,64GB,eMMC,Compact,HP,Heavy
B0BL44GJ5Y,192.0,Decent,Traditional Laptops,Platinum Gray,AMD,Windows 10,,4GB,DDR4,64GB,SSD,Compact,Lenovo,Heavy
B0BL58J2ND,499.0,Highly,Traditional Laptops,,Intel,Windows 11,8 Hours,20GB,DDR4,512GB,SSD,Normal,ASUS,Light
B0BL5J7R61,609.0,Highly,Traditional Laptops,Silver,AMD,Windows 11 Home,,32GB,DDR4,1TB,SSD,Huge,HP,Heavy
B0BL5WBRNS,1099.0,Well,2 in 1 Laptops,Ink Black,Intel,Windows 10,,16GB,DDR4,512GB,SSD,Compact,MSI,Light
B0BLBY439T,345.0,Highly,Traditional Laptops,Silver,AMD,Windows 10 Home,10 Hours,4GB,DDR4,128GB,SSD,Normal,Acer,Light
B0BLG5ZKY4,799.99,Highly,2 in 1 Laptops,Platinum,Intel,Windows 10 Home,,16GB,DDR4,256GB,SSD,Compact,Microsoft,Light
B0BLGTMM81,959.85,Highly,Traditional Laptops,Mystic Blue,Intel,Windows 10 Home,20 Hours,16GB,DDR4X,512GB,SSD,Normal,Samsung,Light
B0BLGWV1CZ,1201.13,Decent,2 in 1 Laptops,Platinum,Intel,Windows 11 Home,13.5 Hours,8GB,DDR4X,256GB,SSD,Compact,Microsoft,Heavy
B0BLH5LBKM,373.98,Highly,Traditional Laptops,Black,Intel,Windows 11 Home,,16GB,DDR4,256GB,SSD,Normal,Dell,Light
B0BLPZF3D4,598.0,Highly,Traditional Laptops,Graphite Grey,AMD,Windows 11,12 Hours,16GB,DDR4,256GB,SSD,Compact,Lenovo,Heavy
B0BLT4H6CV,489.95,Highly,Traditional Laptops,Platinum Grey,Intel,Windows 11 Home,,12GB,DDR4,256GB,SSD,Normal,Lenovo,Light
B0BLTNYHV8,179.98,Highly,Traditional Laptops,Transparent Silver,Intel,Chrome OS,12 Hours,4GB,DDR4,32GB,eMMC,Compact,ASUS,Light
B0BLTY82F6,1349.99,Decent,Traditional Laptops,RTX 3060-16GB RAM | 512GB PCIe SSD,AMD,Windows 11,8 Hours,16GB,DDR4,512GB,SSD,Normal,Lenovo,Heavy
B0BLW5RBLX,161.0,Highly,Traditional Laptops,Dale Silver,Intel,Chrome OS,,4GB,DDR4,32GB,SSD,Normal,Acer,Heavy
B0BWXLK8K2,299.0,Highly,Traditional Laptops,Silver,Intel,Windows 10 S,5 Hours,4GB,DDR4,128GB,SSD,Normal,Acer,Light
B0BM233SN2,774.0,Highly,Traditional Laptops,Gray,MediaTek,Windows 11 Home,9 Hours,8GB,DDR4,,SSD,Normal,Lenovo,Heavy
B0BM289GTH,505.99,Highly,Traditional Laptops,,AMD,Windows 11 Pro,,8GB,DDR4,1TB,SSD,Compact,Lenovo,Light
B0BM3D4YGL,475.0,Decent,Traditional Laptops,Natural Silver,AMD,Windows 11 Home,8 Hours,8GB,DDR4,256GB,SSD,Huge,HP,Heavy
B0BM3JL7K4,479.0,Highly,Traditional Laptops,,,Windows 11,,,,,,Normal,HP,Light
B0BM6R4JFC,1179.0,Decent,2 in 1 Laptops,Green,Intel,Windows 11 Home,24.5 Hours,16GB,DDR4,512GB,SSD,Normal,Lg,Light
B0BM6RGJ1H,1699.99,Decent,Traditional Laptops,Green,Intel,Windows 11 Home,24.5 Hours,16GB,DDR4,1TB,SSD,Compact,Lg,Light
B0BM6TJVRL,1206.88,Decent,Traditional Laptops,Gray,Intel,Windows 11 Home,,16GB,DDR4X,512GB,SSD,Normal,Lg,Light
B0BM9HCD9W,1099.99,Decent,Traditional Laptops,Celestial Blue,Intel,Windows 11 Home,,8GB,DDR4,512GB,SSD,Compact,ASUS,Light
B0BMTS8DM4,349.99,Well,Traditional Laptops,Grey,,Windows 11 S,,,,,,Normal,Lenovo,
B0BMYB28V3,295.62,Decent,Traditional Laptops,F15 Pro,Intel,Windows 10,"9.0, 6.0 Hours",12GB,DDR4,256GB,SSD,Normal,Teclast,Heavy
B0BN1PD4PF,1099.0,Highly,Traditional Laptops,Eclipse Gray,NVIDIA,Windows 10 Home,,16GB,DDR4,1TB,SSD,Normal,ASUS,Heavy
B0BN3D2MX4,229.0,Decent,Traditional Laptops,,Intel,Windows 11 Pro,,,DDR4,256GB,SSD,Normal,Coolby,Heavy
B0BN5JQD2N,134.95,Highly,Traditional Laptops,Ash Gray,Intel,Chrome OS,10 Hours,4GB,DDR4,16GB,SSD,Compact,HP,Light
B0BN5YZ2K6,1799.0,Highly,Traditional Laptops,White,NVIDIA,Windows 10 Home,8 Hours,16GB,DDR4,1TB,SSD,Compact,ASUS,Light
B0BN5ZLKX3,1699.0,Highly,Traditional Laptops,R9 4900HS-RTX 2060-16GB |1TB,NVIDIA,Windows 11,10 Hours,16GB,DDR4,1TB,SSD,Compact,ASUS,Light
B0BN6XXZV8,449.0,Highly,Traditional Laptops,Silver,Intel,Windows 11 Home,,16GB,DDR4,1TB,SSD,Normal,HP,Light
B0BN7PCGX1,304.9,Highly,Traditional Laptops,Black,Intel,Windows 10 Home,,4GB,DDR4,500GB,HDD,,Dell,Heavy
B0BN9D5HQ2,719.98,Highly,Traditional Laptops,Black,Intel,Windows 11 Home,,16GB,DDR4,512GB,SSD,Normal,Dell,Light
B0BN9QVJXB,219.99,Highly,Traditional Laptops,,,Windows 10 Pro,,4GB,DDR4,128GB,SSD,Compact,ASUS,Heavy
B0BNC6PQ9T,569.0,Decent,Traditional Laptops,Silver,Intel,Windows 11 Home,,8GB,DDR4,256GB,SSD,Normal,HP,Light
B0BNM51KT3,1316.99,Decent,Traditional Laptops,Gray,NVIDIA,Windows 11 Home,,16GB,DDR5,1TB,HDD,,Lg,Light
B0BNW1QQTM,194.9,Highly,Traditional Laptops,Ice Blue,Intel,Windows 10,12 Hours,,DDR4,,eMMC,Compact,Lenovo,Light
B0BWYP16Q4,449.0,Decent,Traditional Laptops,Silver,AMD,Windows 11 S,10 Hours,8GB,DDR4,256GB,SSD,Normal,Acer,Heavy
B0BNXX6P2J,234.99,Highly,Traditional Laptops,Red,Intel,Windows 10 Home,,4GB,DDR4,128GB,SSD,Normal,HP,Heavy
B0BP88KVS6,248.88,Highly,Traditional Laptops,Cloud Grey,Intel,Windows 11 S,10 Hours,4GB,DDR4,,SSD,,Lenovo,Light
B0BPQ3PW52,369.0,Highly,Traditional Laptops,15.6-Silver,Intel,Chrome OS,12 Hours,4GB,DDR4,64GB,eMMC,Normal,ASUS,Light
B0BPTKPCSY,729.0,Highly,Traditional Laptops,,Intel,Windows 11,,,DDR4,512GB,SSD,Compact,Lenovo,
B0BPTQ2X5Q,1089.0,Highly,Traditional Laptops,Black,NVIDIA,Windows 10,4 Hours,16GB,DDR4,512GB,SSD,Normal,ASUS,Heavy
B0BQP96HCN,359.0,Highly,Traditional Laptops,14-Convertible | Backlit-KYB | 128GB eMMC,Intel,Chrome OS,12 Hours,,DDR4,128GB,SSD,Compact,ASUS,Heavy
B0BQWT3ZNQ,347.67,Highly,Traditional Laptops,Gray,Intel,Windows 11 Home,8 Hours,,DDR4,512GB,SSD,Normal,Chicbuy,Light
B0BRBX6Y9W,128.6,Decent,2 in 1 Laptops,Blue,Intel,Windows 10 S,,4GB,DDR4,64GB,SSD,Compact,Gateway,Heavy
B0BRN5NFD7,1165.0,Highly,Traditional Laptops,Raven Black,NVIDIA,Windows 10,5 Hours,24GB,DDR4,512GB,SSD,Normal,Lenovo,Heavy
B0BRPRMRYP,229.99,Decent,Traditional Laptops,Dark Grey,Intel,Windows 11 Home,,,DDR4,128GB,SSD,Compact,Jumper,Light
B0BRQ6Q2FX,199.0,Decent,Traditional Laptops,Gray,Intel,Windows 11,,6GB,DDR4,256GB,SSD,Compact,Bitecool,Light
B0BSMRH9W2,264.0,Highly,Traditional Laptops,Silver,Intel,Chrome OS,,8GB,,128GB,SSD,Compact,Apple,Heavy
B0BRZW761C,299.99,Decent,Traditional Laptops,Gray,Intel,Windows 11,8 Hours,12GB,DDR4,256GB,SSD,Compact,Alldocube,Light
B0BS2CZQ2G,449.0,Decent,Traditional Laptops,,Intel,Windows 11,,12GB,DDR4,256GB,SSD,Normal,ASUS,
B0BSP1Y6V6,83.99,Decent,Traditional Laptops,Black,MediaTek,Chrome OS,10 Hours,4GB,DDR3,32GB,eMMC,Compact,Lenovo,Light
B0BS5ZR1M7,739.99,Highly,Traditional Laptops,Silver,Intel,Windows 11 S,,,DDR4,1TB,SSD,Normal,HP,Light
B0BS6ZW1BP,245.0,Highly,Traditional Laptops,Grey,Intel,Windows 11,,12GB,DDR4,256GB,SSD,Normal,Lenovo,Heavy
B0BSB1GD2X,379.99,Decent,Traditional Laptops,Silver,Intel,Windows 11 Pro,,,DDR4,512GB,SSD,Compact,Microsoft,Light
B0BSGNNJY6,549.0,Highly,Traditional Laptops,Silver,Intel,Windows 11,"9.0, 7.0 Hours",8GB,,512GB,SSD,Normal,HP,Light
B0BV9T7YJT,479.0,Highly,Traditional Laptops,Abyss Blue,Qualcomm,Chrome OS,15 Hours,4GB,DDR4X,,HDD,Compact,Lenovo,Heavy
B0BSP3X6JV,365.97,Highly,Traditional Laptops,,AMD,Windows 11,,20GB,DDR4,1TB,SSD,Normal,Lenovo,Light
B0BSP4MH4Y,669.0,Highly,Traditional Laptops,Black,Intel,Windows 11 Home,,12GB,DDR4,1TB,SSD,Normal,Acer,Light
B0BSXC6SRC,1679.0,Highly,Traditional Laptops,Mecha Gray,NVIDIA,Windows 11 Home,,16GB,DDR5,1TB,SSD,Normal,ASUS,Heavy
B0BSXSYFS5,199.0,Decent,Traditional Laptops,,Intel,Windows 11,10 Hours,4GB,DDR4,320GB,SSD,Compact,Lenovo,Light
B0BVH3NCCM,609.0,Highly,Traditional Laptops,Blue,AMD,Windows 10 Home,73 Hours,12GB,DDR4,512GB,SSD,Normal,Lenovo,Light
B0BSXW639V,879.99,Decent,Traditional Laptops,,AMD,Windows 11 Home,,16GB,,2TB,SSD,Huge,ASUS,Heavy
B0BT16W2WK,228.0,Highly,Traditional Laptops,,Intel,Windows 11 S,10 Hours,4GB,DDR4,256GB,SSD,Compact,Lenovo,Light
B0BT2NNWJ1,201.99,Highly,Traditional Laptops,snowflake white,Intel,Windows 10 S,,4GB,DDR4,,SSD,Compact,HP,Light
B0BT88LP77,1099.0,Highly,Traditional Laptops,Black,NVIDIA,Windows 11 Home,,16GB,DDR4,512GB,SSD,Huge,Lenovo,Heavy
B0BTFMF93C,268.4,Highly,Traditional Laptops,Rose Gold,Intel,Windows 11,12 Hours,4GB,DDR4,128GB,SSD,Compact,ASUS,Light
B0BW85W1YX,1799.99,Highly,Traditional Laptops,Silver,Intel,Windows 11 Home,9 Hours,64GB,DDR5,1TB,SSD,Normal,Acer,Heavy
B0BTPS1JQC,1032.88,Well,Traditional Laptops,Black,,Windows 11 Home,,,,,,,HP,
B0BTTZFKYF,1199.0,Highly,Traditional Laptops,Phantom Blue,NVIDIA,Windows 11,7 Hours,16GB,DDR4,512GB,SSD,Normal,Lenovo,Heavy
B0BTWSTQC6,1294.98,Highly,Traditional Laptops,Black,NVIDIA,Windows 11 Home,20 Hours,16GB,DDR4,512GB,SSD,Normal,MSI,Heavy
B0BVRR12VV,134.63,Highly,Traditional Laptops,Silver,Qualcomm,Windows 11 Home,13 Hours,,,128GB,HDD,Compact,Samsung,Light
B0BVZH49VZ,498.0,Highly,Traditional Laptops,Horizon Blue,AMD,Windows 10,7.25 Hours,8GB,DDR4,512GB,SSD,Normal,HP,Light
B0BVZLDCV8,659.0,Decent,Traditional Laptops,,Intel,Windows 11 Pro,,8GB,DDR4,1TB,SSD,Compact,Lenovo,Light
B0BW61XVX8,189.69,Decent,Traditional Laptops,Space Gray,Intel,Windows 11,9 Hours,6GB,DDR4,256GB,SSD,Normal,Chuwi,Light
B0BW6C18X1,179.99,Highly,Traditional Laptops,,Qualcomm,Windows 11,,4GB,DDR4,64GB,SSD,Compact,Samsung,Light
B0BWD3W87Z,1129.0,Decent,Traditional Laptops,,NVIDIA,Windows 11,,16GB,DDR4,1TB,SSD,Normal,ASUS,Light
B0BWKR4DCQ,379.99,Decent,Traditional Laptops,Rose Gold,AMD,Windows 10,,8GB,DDR4,192GB,SSD,Compact,HP,Light
B0BWNVQR8R,485.0,Decent,Traditional Laptops,Silver,Intel,Windows 10,8 Hours,12GB,DDR4,1TB,HDD,Huge,HP,Heavy
B0BX3VK1Z6,344.97,Highly,2 in 1 Laptops,Graphite Grey,Intel,Chrome OS,10 Hours,4GB,DDR4,64GB,SSD,Compact,Lenovo,Light
B0BX85LFW8,299.99,Highly,Traditional Laptops,Silver,Intel,Windows 11 S,,8GB,DDR4,128GB,SSD,Normal,Acer,Light
B0BXDB87KJ,339.0,Highly,Traditional Laptops,Gray,Intel,Windows 11,5 Hours,12GB,DDR4,256GB,SSD,Normal,Alldocube,Light
B0BY2Z27LC,899.0,Highly,Traditional Laptops,Greyblack,NVIDIA,Windows 10,,8GB,DDR4,,SSD,Normal,MSI,Heavy
B0BXLKRCZY,305.0,Highly,Traditional Laptops,Black,Intel,Windows 10 Pro,3 Hours,16GB,DDR4,256GB,SSD,Compact,Dell,Light
B0BXM2276Q,379.0,Highly,Traditional Laptops,Jet Black,AMD,Windows 10,,8GB,DDR4,128GB,SSD,Compact,HP,Light
B0BY2THQ7W,2799.0,Highly,Traditional Laptops,,NVIDIA,Windows 11 Home,,32GB,DDR5,1TB,HDD,Huge,MSI,Heavy
B0BY2XGBCZ,1619.49,Highly,Traditional Laptops,Off Black,NVIDIA,Windows 11 Home,,16GB,DDR5,1TB,SSD,Normal,ASUS,Heavy
B0BY2XKFT8,1130.0,Highly,Traditional Laptops,Black,NVIDIA,Windows 11,,16GB,DDR4,512GB,SSD,Normal,MSI,Heavy
B0BY3Z75C8,169.0,Highly,Traditional Laptops,Black,Intel,Chrome OS,10 Hours,4GB,DDR4,16GB,SSD,Compact,Lenovo,Light
B0BY4GL8TC,438.77,Decent,Traditional Laptops,,AMD,Windows 11 S,,12GB,DDR4,512GB,SSD,Normal,Acer,Light
B0BYSLQ78L,1239.88,Decent,Traditional Laptops,Onyx Grey,Intel,Windows 11 Home,,,DDR4,1TB,SSD,Normal,Lenovo,Heavy
B0BZYV897D,929.99,Highly,Traditional Laptops,Gray,Intel,Windows 11 Pro,,32GB,DDR4,1TB,SSD,Normal,Lenovo,Light
B0BYVZYK4N,112.11,Highly,Traditional Laptops,Black,Intel,Chrome OS,12 Hours,4GB,DDR4,32GB,SSD,Compact,Acer,Light
B0BYZ8N57S,361.99,Highly,Traditional Laptops,Black,Intel,Windows 10 Pro,14.5 Hours,24GB,,512GB,SSD,Compact,Lenovo,Light
B0BZ3Z3BKY,229.99,Highly,Traditional Laptops,Gray,Intel,Windows 10,5 	years,6GB,DDR4,64GB,SSD,Compact,Ruzava,Light
B0BZ6SSTFG,558.0,Highly,Traditional Laptops,Silver,AMD,Windows 10 Home,4 Hours,8GB,DDR4,64GB,SSD,Compact,Acer,Light
B0BZCP882Q,1954.15,Decent,Traditional Laptops,Off Black,NVIDIA,Windows 11 Home,,16GB,DDR5,1TB,SSD,Huge,ASUS,Heavy
B0BZDRZWPL,199.0,Highly,Traditional Laptops,Black,Intel,Windows 10 Pro,,16GB,,256GB,SSD,Normal,Dell,Light
B0BZGSVTBX,629.0,Highly,Traditional Laptops,Abyss Blue,AMD,Windows 10 Home,13 Hours,8GB,DDR4,,SSD,Huge,Lenovo,Heavy
B0BZKRBFP5,528.99,Highly,Traditional Laptops,Graphite Grey,Intel,Windows 10 Home,10 Hours,8GB,DDR4,128GB,SSD,Compact,Lenovo,Light
B0BZYYCD2J,829.99,Highly,Traditional Laptops,Black,NVIDIA,Windows 10,9 Hours,8GB,DDR4,512GB,SSD,Normal,Lenovo,Heavy
B0C13QWJLM,199.0,Highly,Traditional Laptops,Silver,Intel,Chrome OS,5 Hours,4GB,DDR4,128GB,HDD,Compact,Acer,Light
B0C16W3RRP,145.93,Highly,Traditional Laptops,Silver,Intel,Windows 10 Pro,2 Hours,8GB,DDR4,256GB,SSD,Compact,HP,Light
B0C16WWJGG,329.99,Decent,Traditional Laptops,Black,NVIDIA,Windows 10 Pro,4 Hours,16GB,DDR3L,512GB,SSD,Normal,HP,Light
B0C18D24G9,229.0,Highly,Traditional Laptops,Gray,Intel,Windows 11 Pro,,12GB,DDR4,256GB,SSD,Normal,Ecohero,Heavy
B0C1CSQGTJ,610.0,Highly,Traditional Laptops,,,,,,,,,,Unknown,
B0C1GPRVCQ,319.0,Highly,Traditional Laptops,,Intel,Windows 11 Pro,,12GB,DDR4,256GB,SSD,Normal,Coolby,Light
B0C1HTTT8K,599.88,Highly,Traditional Laptops,,Intel,Windows 10 Home,5 Hours,8GB,DDR4,1000GB,HDD,Normal,ASUS,Light
B0C1TC72DP,1359.99,Highly,Traditional Laptops,16GB RAM | 1TB NVMe,NVIDIA,Windows 11 Home,8.1 Hours,16GB,DDR4,1TB,SSD,Normal,Lenovo,Heavy
B0C1ZH55X5,439.99,Highly,Traditional Laptops,Black,Intel,Windows 11,9 Hours,8GB,DDR4,512GB,SSD,Normal,Chuwi,Light
B0C1ZTSFK4,409.0,Highly,Traditional Laptops,Natural silver,AMD,Windows 11 Home,9.3 Hours,8GB,DDR4,256GB,SSD,Normal,HP,Light
B0C1ZW55FF,171.0,Highly,2 in 1 Laptops,Blue,AMD,Windows 10 Pro,10 Hours,4GB,DDR4,,,Compact,Lenovo,Light
B0C2973THS,319.99,Highly,Traditional Laptops,Blue,Intel,Windows 10,8 Hours,4GB,DDR4,512GB,SSD,Normal,ASUS,Light
B0C2BTJKK5,338.0,Decent,Traditional Laptops,,AMD,Windows 11,,,DDR4,256GB,SSD,Normal,Ecohero,Heavy
B0C2GN5N8Q,239.0,Highly,2 in 1 Laptops,Silver,MediaTek,Chrome OS,16 Hours,4GB,DDR4,32GB,SSD,Compact,Acer,Light
B0C2HKR7LM,946.99,Decent,Traditional Laptops,Black,Intel,Windows 11,,16GB,DDR4,1TB,SSD,Huge,Lg,Light
B0C2JL93VJ,449.99,Decent,Traditional Laptops,Gray,AMD,Windows 11 S,9.5 Hours,,DDR4,1TB,SSD,Normal,Lenovo,Light
B0C2ZSL7HP,510.0,Highly,Traditional Laptops,Arctic Grey,Intel,Windows,7.5 Hours,12GB,DDR4,256GB,SSD,,Lenovo,Light
B0C2K4T5LJ,1118.95,Decent,Traditional Laptops,Gray,NVIDIA,Windows 11,,16GB,DDR4,512GB,SSD,Normal,Lenovo,Heavy
B0C2KKYW5G,299.99,Decent,2 in 1 Laptops,Gray,Intel,Windows 11,6 Hours,,DDR4,,SSD,Compact,Alldocube,Light
B0C2QZHQM2,414.02,Decent,Traditional Laptops,Silver,AMD,Windows 11 Home,5 Hours,12GB,DDR4,1000GB,HDD,Huge,HP,Heavy
B0C2SVKFH7,187.97,Highly,Traditional Laptops,Silver,Intel,Windows 10 Pro,2 Hours,16GB,,500GB,SSD,Compact,HP,Light
B0C2YKLG3Y,1599.99,Decent,Traditional Laptops,I7-12700H,NVIDIA,Windows 11 Home,,32GB,DDR5,1TB,SSD,Huge,Ist Computers,
B0C2ZMJW53,439.99,Highly,Traditional Laptops,Silver,AMD,Windows 11 Home,,8GB,,512GB,SSD,Compact,Acer,Light
B0C3161V41,892.21,Highly,Traditional Laptops,Graphite Black,NVIDIA,Windows 11 Home,,8GB,DDR4,512GB,SSD,Huge,ASUS,Heavy
B0C31R6WT1,1460.96,Highly,Traditional Laptops,Black,NVIDIA,Windows 11 Home,,16GB,,512GB,SSD,Compact,ASUS,Light
B0C32G4Y2G,809.0,Highly,Traditional Laptops,Black,,Windows 11 S,,,,,,Normal,ASUS,
B0C33WJBDP,269.99,Highly,Traditional Laptops,Gray,Intel,Windows 10 Pro,5 	years,,DDR4,128GB,SSD,Normal,Ruzava,Light
B0C39ZP78N,799.0,Decent,Traditional Laptops,Natural Silver,Intel,Windows 10 Pro,"9.0, 7.0 Hours",12GB,DDR4,256GB,SSD,Normal,HP,Heavy
B0C3G9GZH1,812.0,Highly,Traditional Laptops,Mica,Intel,Windows 10 Home,,8GB,DDR4,256GB,SSD,Compact,Lenovo,Light
B0C3HYGYWY,207.99,Decent,Traditional Laptops,,Intel,Windows 10 Pro,,8GB,DDR3,256GB,SSD,Compact,Lenovo,Light
B0C3L7ZNBG,372.96,Well,Traditional Laptops,,,Windows 10 Pro,,16GB,,1000GB,SSD,Compact,HP,Heavy
B0C3R4W749,152.98,Decent,Traditional Laptops,Black,Intel,Windows 10 Pro,1.5 Hours,8GB,,256GB,SSD,Compact,Dell,Light
B0C3VF6CFN,349.99,Decent,2 in 1 Laptops,Y11 Plus,Intel,Windows 10,,,DDR4,256GB,SSD,Compact,Bmax,Light
B0C3ZKPCPP,699.99,Decent,Traditional Laptops,Silver,Intel,Windows 11 Home,,16GB,DDR4X,512GB,SSD,Compact,Acer,Light
B0C41662JB,1227.0,Decent,Traditional Laptops,,Intel,Windows 11 Pro,,64GB,,1TB,HDD,Huge,HP,Heavy
B0C46S9F7X,249.99,Highly,Traditional Laptops,Black,Intel,Windows 11 Home,10 Hours,4GB,DDR4,128GB,eMMC,Normal,ASUS,Light
B0C4FJND7D,949.99,Decent,Traditional Laptops,Black,Intel,Windows 11 Home,,16GB,DDR4,1TB,SSD,Normal,Dell,Light
B0C4FW9MWM,439.99,Highly,Traditional Laptops,Black,Intel,Windows 11 Pro,"6.0, 4.0 Hours",8GB,DDR4,128GB,SSD,Compact,Zwying,Light
B0C4J62PWR,198.94,Well,Traditional Laptops,,Intel,"Windows 10 Professional 64 Bit, Multi-Language Support English/Spanish",,12GB,DDR4,256GB,SSD,Compact,Lenovo,Light
B0C4L3416H,1920.82,Decent,Traditional Laptops,Black,NVIDIA,Windows 11 Home,,32GB,DDR4,2TB,SSD,Normal,Dell,Light
B0C4L3QW7X,419.0,Highly,Traditional Laptops,,Intel,Windows 11,8 Hours,8GB,DDR4,,,Normal,Acer,Heavy
B0C4LHBLKC,193.9,Highly,Traditional Laptops,Gray,MediaTek,Chrome OS,9 Hours,4GB,DDR3,32GB,SSD,Compact,Lenovo,Light
B0C4LWTYST,218.99,Decent,Traditional Laptops,,Intel,"Windows, Windows 11",6 Hours,8GB,DDR4,128GB,SSD,Normal,Tulasi,Light
B0C4YYVFVQ,999.99,Highly,Traditional Laptops,Off Black,NVIDIA,Windows 11 Home,,16GB,DDR5,512GB,SSD,Normal,ASUS,Heavy
B0C53KQ12D,1150.54,Highly,Traditional Laptops,Black,NVIDIA,Windows 10,6 Hours,16GB,DDR4,512GB,SSD,Normal,Acer,Heavy
B0C53NW3YY,1334.99,Highly,Traditional Laptops,Black,NVIDIA,Windows 10 Home,9 Hours,16GB,DDR4,1TB,SSD,Huge,Acer,Heavy
B0C53WLLVW,1888.88,Highly,Traditional Laptops,Black,Intel,Windows 11 Home,,64GB,DDR5,2TB,SSD,Normal,ASUS,Heavy
B0C55RQBGJ,599.99,Highly,Traditional Laptops,Silver,Intel,Windows 11 Home,7 Hours,,DDR4,512GB,HDD,Huge,HP,Heavy
B0C58RYFHW,400.0,Highly,Traditional Laptops,Abyss Blue,Intel,Windows 10 Home,8 Hours,8GB,,256GB,SSD,Normal,Lenovo,Light
B0C59QDQXF,539.0,Decent,Traditional Laptops,,Intel,Windows 10 Pro,,8GB,DDR4,256GB,SSD,Compact,Toughbook,Heavy
B0C59WG9B9,939.95,Highly,Traditional Laptops,,NVIDIA,Windows 11 Home,,32GB,DDR4,1TB,SSD,Normal,Lenovo,Heavy
B0C5DHYPD7,884.03,Highly,Traditional Laptops,"Gold, Black",NVIDIA,Windows 10 Pro,,16GB,DDR4,512GB,SSD,Huge,MSI,Heavy
B0C5K1GDL5,409.0,Decent,Traditional Laptops,Grey,Intel,Windows 11,,12GB,,256GB,SSD,Compact,ASUS,Light
B0C5LGLR3L,819.99,Highly,Traditional Laptops,Black,NVIDIA,Windows 10,,8GB,DDR4,256GB,SSD,Normal,ASUS,Heavy
B0C5LSW44L,264.99,Well,Traditional Laptops,Silver,Intel,Windows 10 Home,8 Hours,4GB,DDR4,128GB,SSD,Normal,Ricilar,Light
B0C5S191L7,215.0,Highly,Traditional Laptops,Rose Pink,Intel,Windows 10 S,,4GB,DDR4,32GB,SSD,Compact,HP,Heavy
B0C5S6V68R,379.99,Highly,Traditional Laptops,,AMD,Windows 11,9.5 Hours,8GB,DDR4,256GB,SSD,Normal,Lenovo,Light
B0C5V5VN9Y,137.89,Decent,Traditional Laptops,,Intel,Windows 10 Pro,,8GB,DDR4,500GB,SSD,Compact,HP,Heavy
B0C5WW15N9,219.0,Highly,Traditional Laptops,Black,Intel,Windows 10 Pro,,16GB,DDR4,256GB,SSD,Compact,Dell,Light
B0C5X8S42F,1329.99,Highly,Traditional Laptops,Eclipse Gray,NVIDIA,Windows 11 Home,,16GB,DDR5,512GB,SSD,Normal,ASUS,Heavy
B0C5ZRCWRH,669.99,Highly,Traditional Laptops,Onyx Grey,NVIDIA,Windows 11 Home,8 Hours,8GB,DDR5,256GB,SSD,Normal,Lenovo,Heavy
B0C614LXL4,649.0,Highly,Traditional Laptops,Black,NVIDIA,Windows 10,7 Hours,8GB,DDR4,256GB,SSD,Normal,MSI,Heavy
B0C61DTT2R,194.99,Decent,Traditional Laptops,Black,Intel,Win 10 Pro 64 Bit Multi-Language Support English/French/Spanish(Renewed),,16GB,DDR4,512GB,SSD,Compact,Dell,Light
B0C63PWKMW,309.0,Decent,Traditional Laptops,Abyss Blue,Intel,Chrome OS,10 Hours,4GB,DDR4,64GB,eMMC,,Lenovo,Heavy
B0C65MM5X1,1039.0,Highly,Traditional Laptops,,Intel,Windows 10 Pro,,,DDR4,1TB,SSD,Normal,Lenovo,Heavy
B0C65QDYFM,359.99,Highly,Traditional Laptops,,Intel,,,,,512GB,SSD,Normal,Sgin,Heavy
B0C6DPGSLD,150.0,Well,Traditional Laptops,Black,Intel,Win 10 Pro 64 Bit Multi-Language Support English/French/Spanish(Renewed),3 Hours,8GB,DDR4,256GB,SSD,Compact,HP,Heavy
B0C6GJ4F6G,1105.0,Highly,Traditional Laptops,Abyss Black,NVIDIA,Windows 10 Home,6 Hours,16GB,DDR6,512GB,SSD,Normal,Acer,Heavy
B0C6J6H6QT,429.0,Highly,Traditional Laptops,Silver,Intel,Windows 11 Home,,16GB,DDR4,256GB,SSD,Normal,HP,Light
B0C6JXQCF5,259.98,Highly,Traditional Laptops,Gray,Intel,Windows 11,12 Hours,4GB,DDR4,128GB,SSD,Normal,Sgin,Heavy
B0C6KVD2TT,160.99,Highly,Traditional Laptops,Black,Intel,Windows 10 Pro,,8GB,,256GB,SSD,Compact,Dell,Light
B0C6L7RDH5,403.0,Highly,Traditional Laptops,Almond,Intel,Windows 11,7 Hours,8GB,DDR4,256GB,SSD,Normal,Lenovo,Heavy
B0C6LCK1QJ,389.95,Highly,Traditional Laptops,Abyss Blue,Intel,Chrome OS,10 Hours,8GB,DDR4X,128GB,SSD,Compact,Lenovo,Heavy
B0C6MTQKLW,269.0,Highly,Traditional Laptops,Blue,Intel,Windows 11 S,11 Hours,4GB,DDR4,64GB,SSD,Compact,HP,Light
B0C6MY7JT9,449.0,Decent,Traditional Laptops,Silver,Intel,Windows 11 Home,,8GB,DDR4,256GB,SSD,Compact,HP,Light
B0C6QYPNYR,494.0,Highly,Traditional Laptops,Abyss Blue,AMD,Windows 10 Home,9 Hours,,DDR4,,SSD,Compact,Lenovo,Light
B0C6QZRDQZ,549.97,Highly,Traditional Laptops,Platinum Silver,AMD,Windows 11 Home,,8GB,DDR4,256GB,SSD,Compact,Dell,Light
B0C6XCRRCN,269.89,Highly,Traditional Laptops,Grey,Intel,Windows 11,8 Hours,8GB,,256GB,SSD,Compact,Chuwi,Light
B0C6XHTL4Q,1124.97,Decent,Traditional Laptops,Gray,NVIDIA,Windows 11 Home,,16GB,,512GB,SSD,Huge,Lg,Light
B0C6XLR7SK,259.0,Highly,Traditional Laptops,Black,Intel,Windows 10 S,9 Hours,4GB,DDR4,64GB,SSD,Compact,HP,Light
B0C73QHZSM,329.99,Decent,Traditional Laptops,Gray,Intel,Windows 11 Home,8 Hours,12GB,DDR3,256GB,SSD,Compact,Jumper,Light
B0C74VCKDS,519.0,Highly,Traditional Laptops,,Intel,Windows 11 Home,,12GB,DDR4,512GB,SSD,Normal,ASUS,Heavy
B0C784JGBG,398.0,Highly,Traditional Laptops,Gold,Intel,Windows 11,,8GB,DDR4,256GB,SSD,Normal,Lenovo,Light
B0C79D5VJ6,204.0,Highly,Traditional Laptops,Dale Pink,Intel,Windows 11 S,,4GB,,64GB,SSD,Compact,HP,Heavy
B0C7B34876,154.23,Highly,Traditional Laptops,Black,Intel,Windows 10 Pro,,8GB,,256GB,SSD,Compact,Dell,Light
B0C7FF4K4T,157.99,Decent,Traditional Laptops,,Intel,Windows 10 Pro,,8GB,,256GB,SSD,Compact,Lenovo,Light
B0C7H1XD7V,612.0,Highly,2 in 1 Laptops,Graphite Grey,AMD,Windows 10,10 Hours,16GB,DDR4,256GB,SSD,Compact,Lenovo,Light
B0CCN9VDB4,799.9,Highly,Traditional Laptops,Gold,NVIDIA,Windows 10 Home,12 Hours,16GB,DDR4,512GB,SSD,Compact,Acer,Light
B0C7HWF87D,835.0,Highly,Traditional Laptops,Platinum Silver,AMD,Windows 11 Pro,4 Hours,16GB,DDR4,512GB,SSD,Normal,Dell,Heavy
B0C7JVXF7Z,621.62,Highly,Traditional Laptops,Graphite Grey,Intel,Windows 10 Home,,16GB,DDR4,512GB,SSD,Compact,Lenovo,Light
B0C7KG65Z9,410.0,Highly,Traditional Laptops,Natural silver,AMD,Windows 11 S,9.25 Hours,8GB,,256GB,SSD,Normal,HP,Light
B0C7L6YG34,1199.99,Highly,Traditional Laptops,16 DDR5 RAM | 1TB SSD,NVIDIA,Windows 11 Home,,,DDR5,1TB,SSD,Normal,Acer,Heavy
B0C7LX1CQ8,269.84,Well,Traditional Laptops,,Intel,Windows 10 Pro,,16GB,,512GB,SSD,Compact,Dell,Light
B0C7MBL56N,539.0,Highly,2 in 1 Laptops,Iron Grey,Intel,Windows 10,9 Hours,12GB,DDR4,256GB,SSD,Normal,Lenovo,Heavy
B0C7NG34M3,299.99,Highly,Traditional Laptops,Silver,Intel,Chrome OS,12 Hours,4GB,DDR4,32GB,HDD,Compact,Samsung,Light
B0C7P4FKP4,1284.95,Decent,Traditional Laptops,Grey,NVIDIA,Windows 10 Home,,16GB,DDR4,512GB,SSD,Normal,Dell,Heavy
B0C7QKB7R1,209.87,Decent,Traditional Laptops,,Intel,Windows 10 Pro,,16GB,DDR4,512GB,SSD,Compact,Dell,Light
B0C7Z4XNKV,197.0,Highly,Traditional Laptops,Silver,Intel,Chrome OS,12 Hours,2GB,DDR3,16GB,SSD,Normal,Acer,Heavy
B0C7ZHLQMN,299.99,Highly,Traditional Laptops,Silver,Intel,Chrome OS,12 Hours,4GB,DDR4,64GB,SSD,Compact,Acer,Light
B0C826K2ZW,489.0,Highly,Traditional Laptops,Abyss Blue,AMD,Windows 11,9.5 Hours,8GB,DDR4,256GB,SSD,Compact,Lenovo,Heavy
B0C897ZFRW,484.97,Decent,Traditional Laptops,Silver,Intel,Windows 11 Home,,12GB,DDR4,1TB,HDD,Huge,HP,Heavy
B0C8BWG4CZ,1008.98,Decent,Traditional Laptops,Silver,Intel,Windows 11 Home,,16GB,DDR4,512GB,SSD,Huge,HP,Heavy
B0C8CK2XV6,129.99,Decent,Traditional Laptops,Blue,Intel,Windows 10,10.45 Hours,4GB,DDR4,32GB,eMMC,Compact,HP,Light
B0C8FP3QBN,200.0,Highly,Traditional Laptops,Pale rose gold,Intel,Windows 11 S,11 Hours,4GB,DDR4,64GB,eMMC,Compact,HP,Light
B0C8J5C5CH,829.98,Highly,Traditional Laptops,Black,Intel,Windows 11 Home,8 Hours,16GB,DDR4,1TB,SSD,Normal,ASUS,Light
B0C8SVFJ4Z,540.0,Highly,Traditional Laptops,Natural silver,Intel,Windows 11 Home,8.15 Hours,256GB,DDR4,256GB,SSD,Huge,HP,Heavy
B0C8TKRRJB,749.0,Highly,Traditional Laptops,Black,NVIDIA,Windows 10 Home,9 Hours,8GB,DDR4,256GB,SSD,Normal,Acer,Light
B0C8VFLMXF,220.78,Highly,Traditional Laptops,Royal Blue,Intel,Windows 10 Home,10 Hours,4GB,,64GB,HDD,Compact,HP,Light
B0C91QKV7V,329.0,Decent,Traditional Laptops,,AMD,Windows 11,9 Hours,12GB,DDR4,256GB,SSD,Normal,Lenovo,Light
B0C99CJ88N,299.0,Decent,Traditional Laptops,Gray,Intel,Windows 11,8 Hours,12GB,DDR4,256GB,SSD,Normal,Bitecool,Heavy
B0C9G97QG2,409.0,Decent,Traditional Laptops,,AMD,Windows 11,9.5 Hours,,DDR4,512GB,SSD,Normal,Lenovo,Light
B0C9Q2K8WJ,929.99,Highly,Traditional Laptops,Gold,NVIDIA,Windows 11 Home,,8GB,DDR4,512GB,SSD,Compact,Acer,Light
B0C9Q3D23D,399.0,Highly,Traditional Laptops,Black,Intel,Windows 11 Pro,,,DDR4X,256GB,SSD,Normal,Tulasi,Heavy
B0C9QQHY6R,185.0,Decent,Traditional Laptops,Black,Intel,Windows 10,,8GB,DDR4,256GB,SSD,Normal,Dell,Heavy
B0C9R22JCL,899.99,Highly,Traditional Laptops,Black,Intel,Windows 11 Home,,,DDR4,1TB,SSD,Normal,Dell,Light
B0C9T5ZPSB,359.0,Highly,Traditional Laptops,Black,Intel,Windows 10 Pro,5 Hours,16GB,DDR4,512GB,SSD,Compact,Dell,Light
B0C9TV6PTD,199.0,Decent,Traditional Laptops,Silver,AMD,Windows 10 Pro,,8GB,DDR3L,256060GB,SSD,Compact,HP,Light
B0C9WQJ26D,899.0,Highly,Traditional Laptops,Shadow Black,NVIDIA,Windows 10 Home,12.5 Hours,8GB,DDR4,2TB,SSD,Normal,HP,Heavy
B0C9ZWCZ99,499.99,Highly,Traditional Laptops,Silver,AMD,Windows 11,,,DDR4,8GB,HDD,Normal,HP,
B0CDCS9VN9,1049.99,Highly,Traditional Laptops,Platinum Silver,NVIDIA,Windows 11 Home,,,DDR4,1TB,SSD,Normal,Dell,Heavy
B0C9ZWZ9DX,201.0,Decent,Traditional Laptops,Dale Blue,Intel,Windows 11,,4GB,DDR4,64GB,SSD,Compact,HP,Heavy
B0CB1K6GYT,1504.66,Highly,Traditional Laptops,Black,Intel,Windows 11 Home,,32GB,DDR4,1TB,SSD,Normal,Alienware,Heavy
B0CB3S481V,499.99,Highly,Traditional Laptops,Silver,,Chrome OS,,,,,,Normal,HP,
B0CB4R468X,499.99,Highly,Traditional Laptops,Quiet Blue,AMD,Windows 11 Home,24 Hours,8GB,DDR4,512GB,SSD,Compact,ASUS,Heavy
B0CBM9SP5K,474.0,Highly,Traditional Laptops,Mineral silver,,Chrome OS,,8GB,,64GB,SSD,Compact,HP,Light
B0CBPCBSJD,150.0,Highly,Traditional Laptops,Ash Gray,Intel,Chrome OS,12 Hours,4GB,,32GB,HDD,Compact,HP,Light
B0CBQ45L77,968.94,Highly,Traditional Laptops,Black,NVIDIA,Windows 10 Home,8 Hours,16GB,DDR4,256GB,SSD,Normal,Acer,Heavy
B0CBQ7V7JT,359.99,Highly,Traditional Laptops,,,Windows 11 Home,,,,,,Compact,HP,
B0CBV6BP44,147.99,Decent,Traditional Laptops,Black,Intel,Windows 10 Pro,1 Hours,8GB,DDR3L,256GB,SSD,Compact,Dell,Light
B0CBVVQVWN,298.21,Highly,Traditional Laptops,Jet Black,AMD,Windows 10 Home,9 Hours,4GB,DDR4,64GB,HDD,Compact,HP,Light
B0CBWM26PP,295.0,Highly,Traditional Laptops,Slate Grey,Intel,Windows 10 Home,,4GB,DDR4,128GB,SSD,Normal,ASUS,Light
B0CBX21MX6,569.0,Highly,Traditional Laptops,Gray,AMD,Windows 10 Home,,8GB,DDR4,256GB,SSD,Normal,ASUS,Heavy
B0CC36PL41,724.97,Highly,Traditional Laptops,Indie Black,Intel,Windows 10 Home,,12GB,DDR4,512GB,SSD,Normal,ASUS,Light
B0CDH6CY63,487.0,Highly,Traditional Laptops,Arctic Grey,Intel,Windows 11 Pro,,8GB,DDR4,512GB,SSD,Normal,Lenovo,Heavy
B0CC69WBQW,579.99,Decent,Traditional Laptops,Silver,Intel,Windows 11 S,,,DDR4,256GB,SSD,Huge,HP,Heavy
B0CC9BQ23L,136.98,Decent,Traditional Laptops,,Intel,Windows 10 Pro,,8GB,DDR4,256GB,SSD,Compact,Lenovo,Light
B0CC9Y8M2J,1699.0,Highly,Traditional Laptops,Black,,Windows 10,,,,,,Huge,ASUS,
B0CCD8VC46,247.98,Highly,Traditional Laptops,,Intel,Windows 10 Pro,3 	years,16GB,DDR4,512GB,SSD,Compact,Dell,Light
B0CCGTKMZB,373.0,Decent,Traditional Laptops,Gray,Intel,Windows 11 Home,10 Hours,8GB,DDR4,128GB,SSD,Normal,HP,Heavy
B0CCPKH7PX,902.67,Highly,Traditional Laptops,Silver,NVIDIA,Windows 11 Home,,16GB,DDR4,4GB,SSD,Normal,HP,Heavy
B0CCSVCH2B,749.99,Highly,Traditional Laptops,Silver,AMD,Windows 11,,32GB,DDR4,1TB,SSD,Normal,HP,Light
B0CCXN3DPJ,269.99,Highly,2 in 1 Laptops,Pure Silver,ARM,Chrome OS,13 Hours,4GB,,64GB,eMMC,Compact,Acer,Light
B0CD4F5W5T,699.99,Highly,Traditional Laptops,Silver,AMD,Windows 11 Home,,,DDR4,1TB,SSD,Huge,HP,Heavy
B0CD58C3VC,808.0,Highly,Traditional Laptops,Gray,AMD,Windows 11 Home,13 Hours,16GB,DDR4X,512GB,SSD,Compact,Acer,Light
B0CD77887T,299.99,Highly,Traditional Laptops,,AMD,Chrome OS,,,DDR4,128GB,SSD,Compact,Lenovo,Heavy
B0CDC6SXG1,450.6,Highly,Traditional Laptops,Abyss Blue,Intel,Windows 11,10.1 Hours,8GB,DDR4,256GB,SSD,Compact,Lenovo,Light
B0CDXVZD8M,1899.99,Decent,Traditional Laptops,Black,NVIDIA,Windows 11 Home,,,DDR5,1TB,SSD,Normal,ASUS,Heavy
B0CF27VT5J,849.0,Decent,Traditional Laptops,Gray,,Windows 10 Home,,8GB,DDR4,512GB,SSD,Normal,Lenovo,Heavy
B0CF281C5L,395.0,Well,Traditional Laptops,Black,Intel,Windows 10 Pro,,16GB,DDR3,,SSD,Compact,Lenovo,Light
B0CF2KXBH6,1589.99,Highly,Traditional Laptops,Eclipse Gray,,Windows 11,,,,,,Normal,ASUS,
B0CF2PHH32,492.0,Highly,Traditional Laptops,,Intel,Windows 11 S,,,DDR4,256GB,SSD,,HP,Light
B0CF56VH7Z,133.0,Decent,Traditional Laptops,,Intel,Windows 10 Pro,4 Hours,8GB,DDR3,256GB,SSD,Compact,Dell,Light
B0CFGGCSDX,1359.99,Highly,Traditional Laptops,,NVIDIA,Windows 11 Home,,,DDR4,1TB,SSD,Compact,ASUS,Light
B0CFHB8W25,180.0,Decent,Traditional Laptops,,Intel,Windows 10 Pro,,16GB,DDR4,512GB,SSD,Compact,Lenovo,Heavy
B0CFKFW9MM,1499.0,Highly,Traditional Laptops,Black,NVIDIA,Windows 10 Home,,16GB,DDR4,512GB,HDD,Huge,MSI,Heavy
B0CFLKR51Z,1559.99,Highly,Traditional Laptops,Silver,NVIDIA,Windows 11 Home,,,DDR5,1TB,SSD,Normal,Acer,Heavy
B0CFLNNB4V,839.99,Highly,Traditional Laptops,Gold,NVIDIA,Windows 11 Home,,,DDR4,1TB,SSD,Compact,Acer,Light
B0CFQ48YVZ,413.66,Highly,Traditional Laptops,Natural Silver,Intel,Windows 11 Home,8 Hours,4GB,DDR4,256GB,SSD,Huge,HP,Heavy
B0CFWVZKRD,339.99,Highly,Traditional Laptops,,Intel,Windows 11 Home,,12GB,DDR4,128GB,eMMC,Normal,Acer,Light
B0CFXRP65R,798.0,Highly,Traditional Laptops,Black,NVIDIA,Windows 10 Home,,8GB,DDR4,512GB,SSD,Normal,ASUS,Heavy
B0CFZWXMR1,107.99,Highly,Traditional Laptops,Chalkboard Gray,AMD,Chrome OS,,4GB,DDR4,32GB,SSD,Normal,HP,Heavy
B0CG2K3BSB,169.0,Highly,Traditional Laptops,White,Intel,Chrome OS,11 Hours,4GB,,16GB,SSD,Compact,HP,Light
B0CG78WDL2,612.48,Decent,Traditional Laptops,Natural Silver,Intel,Windows 10 Home,8.5 Hours,8GB,DDR4,512GB,SSD,Huge,HP,Heavy
B0CGLLXL6G,523.56,Highly,Traditional Laptops,Silver,Intel,Windows 10 Home,41 Watt Hours,16GB,DDR4,512GB,SSD,,HP,Light
B0CGLTRN5S,754.99,Highly,Traditional Laptops,Graphite Gray,AMD,"Windows 10 Home 64-bit,Windows 10 Home",12 Hours,16GB,DDR4,512GB,SSD,Normal,Lenovo,Light
B0CH3CD3XH,119.99,Highly,2 in 1 Laptops,Black,Intel,Windows 10 Pro 64-bit,,4GB,DDR3,128GB,SSD,Compact,Dell,Light
B0CH8BHDR3,329.0,Decent,Traditional Laptops,Gray,Intel,Windows 11,,,,256GB,SSD,Normal,Chuwi,Light
B0CHB37Y85,879.0,Highly,Traditional Laptops,Black,NVIDIA,Windows 11 Home,,,DDR5,1TB,SSD,Normal,Lenovo,Heavy
B0CHMP7DXN,312.0,Highly,Traditional Laptops,Silver,Intel UHD Graphics 620,Windows 10 Pro,14 Hours,16GB,DDR4,512GB,SSD,Compact,HP,Light
